⚠ [8924/9264] Built SafeLearning.CompleteAppliedStopping (3.4s)
warning: SafeLearning/CompleteAppliedStopping.lean:154:55: Variable name `hc` is not explicitly referenced.

Hint: The binding can be removed (if unused) or named `_` (if used implicitly). Alternatively, prefix the name with `_` to silence this warning:
  [apply] _hc

Note: This linter can be disabled with `set_option linter.unusedVariables false`
✔ [8925/9264] Built SafeLearning.CompleteModulesQuadraticDual (4.7s)
✔ [8926/9264] Built SafeLearning.CompleteModulesScalarFrequency (14s)
✔ [8927/9264] Built SafeLearning.CompleteStudyGuideModels (15s)
⚠ [8928/9264] Built SafeLearning.CompleteModulesThreeTapConvolution (15s)
warning: SafeLearning/CompleteModulesThreeTapConvolution.lean:53:0: automatically included section variable(s) unused in theorem `SafeLearning.CompleteModulesThreeTapConvolution.actual_three_tap_output_matrix_action`:
  [Fintype O]
  [DecidableEq I]
consider restructuring your `variable` declarations so that the variables are not in scope or explicitly omit them:
  omit [Fintype O] [DecidableEq I] in theorem ...

Note: This linter can be disabled with `set_option linter.unusedSectionVars false`
⚠ [8929/9264] Built SafeLearning.CompleteModulesKernelMetric (15s)
warning: SafeLearning/CompleteModulesKernelMetric.lean:12:0: automatically included section variable(s) unused in theorem `SafeLearning.CompleteModulesKernelMetric.kernel_distance_nonnegative`:
  [InnerProductSpace ℝ H]
consider restructuring your `variable` declarations so that the variables are not in scope or explicitly omit them:
  omit [InnerProductSpace ℝ H] in theorem ...

Note: This linter can be disabled with `set_option linter.unusedSectionVars false`
warning: SafeLearning/CompleteModulesKernelMetric.lean:15:0: automatically included section variable(s) unused in theorem `SafeLearning.CompleteModulesKernelMetric.kernel_distance_self`:
  [InnerProductSpace ℝ H]
consider restructuring your `variable` declarations so that the variables are not in scope or explicitly omit them:
  omit [InnerProductSpace ℝ H] in theorem ...

Note: This linter can be disabled with `set_option linter.unusedSectionVars false`
warning: SafeLearning/CompleteModulesKernelMetric.lean:18:0: automatically included section variable(s) unused in theorem `SafeLearning.CompleteModulesKernelMetric.kernel_distance_symmetric`:
  [InnerProductSpace ℝ H]
consider restructuring your `variable` declarations so that the variables are not in scope or explicitly omit them:
  omit [InnerProductSpace ℝ H] in theorem ...

Note: This linter can be disabled with `set_option linter.unusedSectionVars false`
warning: SafeLearning/CompleteModulesKernelMetric.lean:21:0: automatically included section variable(s) unused in theorem `SafeLearning.CompleteModulesKernelMetric.kernel_distance_triangle`:
  [InnerProductSpace ℝ H]
consider restructuring your `variable` declarations so that the variables are not in scope or explicitly omit them:
  omit [InnerProductSpace ℝ H] in theorem ...

Note: This linter can be disabled with `set_option linter.unusedSectionVars false`
warning: SafeLearning/CompleteModulesKernelMetric.lean:25:0: automatically included section variable(s) unused in theorem `SafeLearning.CompleteModulesKernelMetric.kernel_distance_zero_iff`:
  [InnerProductSpace ℝ H]
consider restructuring your `variable` declarations so that the variables are not in scope or explicitly omit them:
  omit [InnerProductSpace ℝ H] in theorem ...

Note: This linter can be disabled with `set_option linter.unusedSectionVars false`
warning: SafeLearning/CompleteModulesKernelMetric.lean:74:0: automatically included section variable(s) unused in theorem `SafeLearning.CompleteModulesKernelMetric.norm_zero_is_zero_function`:
  [CompleteSpace H]
consider restructuring your `variable` declarations so that the variables are not in scope or explicitly omit them:
  omit [CompleteSpace H] in theorem ...

Note: This linter can be disabled with `set_option linter.unusedSectionVars false`
⚠ [8930/9264] Built SafeLearning.CompleteModulesMatrixError (15s)
warning: SafeLearning/CompleteModulesMatrixError.lean:37:58: This simp argument is unused:
  mul_assoc

Hint: Omit it from the simp argument list.
  [apply] simp [actualQuadratic, Matrix.sub_mulVec, Matrix.smul_mulVec, dotProduct, hnorm, Finset.sum_sub_distrib,
    Finset.mul_sum, pow_two, mul_sub, mul_comm, mul_left_comm]

Note: This linter can be disabled with `set_option linter.unusedSimpArgs false`
warning: SafeLearning/CompleteModulesMatrixError.lean:37:68: This simp argument is unused:
  mul_comm

Hint: Omit it from the simp argument list.
  [apply] simp [actualQuadratic, Matrix.sub_mulVec, Matrix.smul_mulVec, dotProduct, hnorm, Finset.sum_sub_distrib,
    Finset.mul_sum, pow_two, mul_sub, mul_assoc, mul_left_comm]

Note: This linter can be disabled with `set_option linter.unusedSimpArgs false`
warning: SafeLearning/CompleteModulesMatrixError.lean:88:25: This simp argument is unused:
  Real.norm_eq_abs

Hint: Omit it from the simp argument list.
  [apply] simp only [Pi.norm_def]

Note: This linter can be disabled with `set_option linter.unusedSimpArgs false`
✔ [8931/9264] Built SafeLearning.CompleteModulesKernelConstruction (16s)
⚠ [8932/9264] Built SafeLearning.CompletePolicyChecks (16s)
warning: SafeLearning/CompletePolicyChecks.lean:65:5: Variable name `hm` is not explicitly referenced.

Hint: The binding can be removed (if unused) or named `_` (if used implicitly). Alternatively, prefix the name with `_` to silence this warning:
  [apply] _hm

Note: This linter can be disabled with `set_option linter.unusedVariables false`
✔ [8933/9264] Built SafeLearning.CompleteModulesRepresenter (16s)
✔ [8934/9264] Built SafeLearning.CompleteModulesScalarLyapunov (16s)
✔ [8935/9264] Built SafeLearning.CompletePolicyConfidence (17s)
⚠ [8936/9264] Built SafeLearning.CompleteWeightedProjection (17s)
warning: SafeLearning/CompleteWeightedProjection.lean:128:2: Try this: 
  letI̵

The goal is a proposition, so `let` is preferred over `letI`.
The difference between `let` and `letI` is that `letI` inlines the value.
But this is not relevant for proofs because of proof irrelevance.

Note: This linter can be disabled with `set_option linter.style.haveILetI false`
⚠ [8937/9264] Built SafeLearning.CompletePolicyTrustStep (17s)
warning: SafeLearning/CompletePolicyTrustStep.lean:40:30: This simp argument is unused:
  Real.sqrt_div

Hint: Omit it from the simp argument list.
  [apply] simp [step]

Note: This linter can be disabled with `set_option linter.unusedSimpArgs false`
warning: SafeLearning/CompletePolicyTrustStep.lean:40:49: this tactic is never executed

Note: This linter can be disabled with `set_option linter.unreachableTactic false`
warning: SafeLearning/CompletePolicyTrustStep.lean:40:49: Unused tactic linter: `ring` does nothing

Note: This linter can be disabled with `set_option linter.unusedTactic false`
✔ [8938/9264] Built SafeLearning.CompleteModulesFIRRoundingCounterexample (14s)
⚠ [8939/9264] Built SafeLearning.CompleteModulesGPNumerics (18s)
info: SafeLearning/CompleteModulesGPNumerics.lean:11:51: Try this:
  [apply] ring_nf
  
  The `ring` tactic failed to close the goal. Use `ring_nf` to obtain a normal form.
    
  Note that `ring` works primarily in *commutative* rings. If you have a noncommutative ring, abelian group or module, consider using `noncomm_ring`, `abel` or `module` instead.
warning: SafeLearning/CompleteModulesGPNumerics.lean:11:47: Used `tac1 <;> tac2` where `(tac1; tac2)` would suffice

Note: This linter can be disabled with `set_option linter.unnecessarySeqFocus false`
warning: SafeLearning/CompleteModulesGPNumerics.lean:30:37: Used `tac1 <;> tac2` where `(tac1; tac2)` would suffice

Note: This linter can be disabled with `set_option linter.unnecessarySeqFocus false`
warning: SafeLearning/CompleteModulesGPNumerics.lean:36:37: Used `tac1 <;> tac2` where `(tac1; tac2)` would suffice

Note: This linter can be disabled with `set_option linter.unnecessarySeqFocus false`
warning: SafeLearning/CompleteModulesGPNumerics.lean:55:37: Used `tac1 <;> tac2` where `(tac1; tac2)` would suffice

Note: This linter can be disabled with `set_option linter.unnecessarySeqFocus false`
warning: SafeLearning/CompleteModulesGPNumerics.lean:60:37: Used `tac1 <;> tac2` where `(tac1; tac2)` would suffice

Note: This linter can be disabled with `set_option linter.unnecessarySeqFocus false`
⚠ [8940/9264] Built SafeLearning.CompleteModulesRKHSStructure (18s)
warning: SafeLearning/CompleteModulesRKHSStructure.lean:14:0: automatically included section variable(s) unused in theorem `SafeLearning.CompleteModulesRKHSStructure.evaluation_functional_evaluates`:
  [CompleteSpace H]
consider restructuring your `variable` declarations so that the variables are not in scope or explicitly omit them:
  omit [CompleteSpace H] in theorem ...

Note: This linter can be disabled with `set_option linter.unusedSectionVars false`
warning: SafeLearning/CompleteModulesRKHSStructure.lean:17:0: automatically included section variable(s) unused in theorem `SafeLearning.CompleteModulesRKHSStructure.evaluation_functional_is_linear`:
  [CompleteSpace H]
consider restructuring your `variable` declarations so that the variables are not in scope or explicitly omit them:
  omit [CompleteSpace H] in theorem ...

Note: This linter can be disabled with `set_option linter.unusedSectionVars false`
warning: SafeLearning/CompleteModulesRKHSStructure.lean:78:54: This simp argument is unused:
  conj_trivial

Hint: Omit it from the simp argument list.
  [apply] simp [linear_function_evaluation, RCLike.inner_apply, mul_comm]

Note: This linter can be disabled with `set_option linter.unusedSimpArgs false`
✔ [8941/9264] Built SafeLearning.CompletePolicyBoundary (18s)
⚠ [8942/9264] Built SafeLearning.CompletePredictiveSafety (19s)
warning: SafeLearning/CompletePredictiveSafety.lean:89:51: `if_pos` has been deprecated: Use `ite_eq_left` instead
warning: SafeLearning/CompletePredictiveSafety.lean:91:51: `if_neg` has been deprecated: Use `ite_eq_right` instead
warning: SafeLearning/CompletePredictiveSafety.lean:91:51: This simp argument is unused:
  if_neg

Hint: Omit it from the simp argument list.
  [apply] simp only [replannedState, replannedInput, hn] at hp ⊢

Note: This linter can be disabled with `set_option linter.unusedSimpArgs false`
warning: SafeLearning/CompletePredictiveSafety.lean:177:52: Variable name `hh` is not explicitly referenced.

Hint: The binding can be removed (if unused) or named `_` (if used implicitly). Alternatively, prefix the name with `_` to silence this warning:
  [apply] _hh

Note: This linter can be disabled with `set_option linter.unusedVariables false`
warning: SafeLearning/CompletePredictiveSafety.lean:182:59: Variable name `hh` is not explicitly referenced.

Hint: The binding can be removed (if unused) or named `_` (if used implicitly). Alternatively, prefix the name with `_` to silence this warning:
  [apply] _hh

Note: This linter can be disabled with `set_option linter.unusedVariables false`
✔ [8943/9264] Built SafeLearning.CompletePolicyDiskStep (20s)
⚠ [8944/9264] Built SafeLearning.CompleteTwoInputProjection (20s)
warning: SafeLearning/CompleteTwoInputProjection.lean:21:44: this tactic is never executed

Note: This linter can be disabled with `set_option linter.unreachableTactic false`
warning: SafeLearning/CompleteTwoInputProjection.lean:22:17: Used `tac1 <;> tac2` where `(tac1; tac2)` would suffice

Note: This linter can be disabled with `set_option linter.unnecessarySeqFocus false`
warning: SafeLearning/CompleteTwoInputProjection.lean:21:44: Unused tactic linter: `ring` does nothing

Note: This linter can be disabled with `set_option linter.unusedTactic false`
warning: SafeLearning/CompleteTwoInputProjection.lean:30:44: this tactic is never executed

Note: This linter can be disabled with `set_option linter.unreachableTactic false`
warning: SafeLearning/CompleteTwoInputProjection.lean:31:17: Used `tac1 <;> tac2` where `(tac1; tac2)` would suffice

Note: This linter can be disabled with `set_option linter.unnecessarySeqFocus false`
warning: SafeLearning/CompleteTwoInputProjection.lean:30:44: Unused tactic linter: `ring` does nothing

Note: This linter can be disabled with `set_option linter.unusedTactic false`
⚠ [8945/9264] Built SafeLearning.CompleteSafetyBellman (21s)
warning: SafeLearning/CompleteSafetyBellman.lean:58:16: try 'simp' instead of 'simpa'

Note: This linter can be disabled with `set_option linter.unnecessarySimpa false`
warning: SafeLearning/CompleteSafetyBellman.lean:103:50: Used `tac1 <;> tac2` where `(tac1; tac2)` would suffice

Note: This linter can be disabled with `set_option linter.unnecessarySeqFocus false`
warning: SafeLearning/CompleteSafetyBellman.lean:127:18: Used `tac1 <;> tac2` where `(tac1; tac2)` would suffice

Note: This linter can be disabled with `set_option linter.unnecessarySeqFocus false`
⚠ [8946/9264] Built SafeLearning.CompleteModulesGPExamples (21s)
warning: SafeLearning/CompleteModulesGPExamples.lean:15:72: This simp argument is unused:
  Fin.sum_univ_two

Hint: Omit it from the simp argument list.
  [apply] simp [twoGram, Matrix.mulVec]

Note: This linter can be disabled with `set_option linter.unusedSimpArgs false`
warning: SafeLearning/CompleteModulesGPExamples.lean:75:29: Used `tac1 <;> tac2` where `(tac1; tac2)` would suffice

Note: This linter can be disabled with `set_option linter.unnecessarySeqFocus false`
warning: SafeLearning/CompleteModulesGPExamples.lean:85:6: this tactic is never executed

Note: This linter can be disabled with `set_option linter.unreachableTactic false`
warning: SafeLearning/CompleteModulesGPExamples.lean:85:6: Unused tactic linter: `ring` does nothing

Note: This linter can be disabled with `set_option linter.unusedTactic false`
warning: SafeLearning/CompleteModulesGPExamples.lean:160:7: Variable name `i` is not explicitly referenced.

Hint: The binding can be removed (if unused) or named `_` (if used implicitly). Alternatively, prefix the name with `_` to silence this warning:
  [apply] _i

Note: This linter can be disabled with `set_option linter.unusedVariables false`
warning: SafeLearning/CompleteModulesGPExamples.lean:167:8: this tactic is never executed

Note: This linter can be disabled with `set_option linter.unreachableTactic false`
warning: SafeLearning/CompleteModulesGPExamples.lean:170:4: Used `tac1 <;> tac2` where `(tac1; tac2)` would suffice

Note: This linter can be disabled with `set_option linter.unnecessarySeqFocus false`
warning: SafeLearning/CompleteModulesGPExamples.lean:167:8: Unused tactic linter: `ring` does nothing

Note: This linter can be disabled with `set_option linter.unusedTactic false`
✔ [8947/9264] Built SafeLearning.CompletePolicyGeometry (22s)
✔ [8948/9264] Built SafeLearning.CompleteModulesMatrixPractice (22s)
✔ [8949/9264] Built SafeLearning.CompleteModulesGPDesign (21s)
✔ [8950/9264] Built SafeLearning.CompleteModulesDeterminantTaylor (14s)
⚠ [8951/9264] Built SafeLearning.CompleteModulesInverseSpectrum (15s)
warning: SafeLearning/CompleteModulesInverseSpectrum.lean:12:0: automatically included section variable(s) unused in theorem `SafeLearning.CompleteModulesInverseSpectrum.actual_inverse_eigen_diagonalization`:
  [Nonempty N]
consider restructuring your `variable` declarations so that the variables are not in scope or explicitly omit them:
  omit [Nonempty N] in theorem ...

Note: This linter can be disabled with `set_option linter.unusedSectionVars false`
✔ [8952/9264] Built SafeLearning.CompleteModulesComplexBasics (13s)
⚠ [8953/9264] Built SafeLearning.CompleteModulesDissipation (14s)
warning: SafeLearning/CompleteModulesDissipation.lean:69:47: Used `tac1 <;> tac2` where `(tac1; tac2)` would suffice

Note: This linter can be disabled with `set_option linter.unnecessarySeqFocus false`
⚠ [8954/9264] Built SafeLearning.CompleteModulesComplexCayleyCounterexample (14s)
warning: SafeLearning/CompleteModulesComplexCayleyCounterexample.lean:29:45: This simp argument is unused:
  Fin.sum_univ_one

Hint: Omit it from the simp argument list.
  [apply] simp [actualImaginarySkew, Matrix.mul_apply, Matrix.add_apply]

Note: This linter can be disabled with `set_option linter.unusedSimpArgs false`
warning: SafeLearning/CompleteModulesComplexCayleyCounterexample.lean:31:39: this tactic is never executed

Note: This linter can be disabled with `set_option linter.unreachableTactic false`
warning: SafeLearning/CompleteModulesComplexCayleyCounterexample.lean:31:22: Used `tac1 <;> tac2` where `(tac1; tac2)` would suffice

Note: This linter can be disabled with `set_option linter.unnecessarySeqFocus false`
warning: SafeLearning/CompleteModulesComplexCayleyCounterexample.lean:31:39: Unused tactic linter: `ring` does nothing

Note: This linter can be disabled with `set_option linter.unusedTactic false`
warning: SafeLearning/CompleteModulesComplexCayleyCounterexample.lean:41:45: This simp argument is unused:
  Fin.sum_univ_one

Hint: Omit it from the simp argument list.
  [apply] simp [actualImaginarySkew, Matrix.mul_apply, Matrix.sub_apply]

Note: This linter can be disabled with `set_option linter.unusedSimpArgs false`
warning: SafeLearning/CompleteModulesComplexCayleyCounterexample.lean:43:22: Used `tac1 <;> tac2` where `(tac1; tac2)` would suffice

Note: This linter can be disabled with `set_option linter.unnecessarySeqFocus false`
warning: SafeLearning/CompleteModulesComplexCayleyCounterexample.lean:52:25: This simp argument is unused:
  Fin.sum_univ_one

Hint: Omit it from the simp argument list.
  [apply] simp [Matrix.mul_apply, Complex.I_sq]

Note: This linter can be disabled with `set_option linter.unusedSimpArgs false`
warning: SafeLearning/CompleteModulesComplexCayleyCounterexample.lean:52:42: This simp argument is unused:
  Complex.I_sq

Hint: Omit it from the simp argument list.
  [apply] simp [Matrix.mul_apply, Fin.sum_univ_one]

Note: This linter can be disabled with `set_option linter.unusedSimpArgs false`
⚠ [8955/9264] Built SafeLearning.CompleteModulesEigenProduct (15s)
warning: SafeLearning/CompleteModulesEigenProduct.lean:18:34: This simp argument is unused:
  ih

Hint: Omit it from the simp argument list.
  [apply] simp [pow_succ, mul_comm]

Note: This linter can be disabled with `set_option linter.unusedSimpArgs false`
⚠ [8956/9264] Built SafeLearning.CompleteModulesMatrixGP (16s)
warning: SafeLearning/CompleteModulesMatrixGP.lean:42:8: `tendsto_finset_sum` has been deprecated: Use `tendsto_finsetSum` instead
warning: SafeLearning/CompleteModulesMatrixGP.lean:34:0: automatically included section variable(s) unused in theorem `SafeLearning.CompleteModulesMatrixGP.mulVec_of_matrix_limit`:
  [DecidableEq I]
consider restructuring your `variable` declarations so that the variables are not in scope or explicitly omit them:
  omit [DecidableEq I] in theorem ...

Note: This linter can be disabled with `set_option linter.unusedSectionVars false`
warning: SafeLearning/CompleteModulesMatrixGP.lean:51:8: `tendsto_finset_sum` has been deprecated: Use `tendsto_finsetSum` instead
warning: SafeLearning/CompleteModulesMatrixGP.lean:46:0: automatically included section variable(s) unused in theorem `SafeLearning.CompleteModulesMatrixGP.dotProduct_of_vector_limit`:
  [DecidableEq I]
consider restructuring your `variable` declarations so that the variables are not in scope or explicitly omit them:
  omit [DecidableEq I] in theorem ...

Note: This linter can be disabled with `set_option linter.unusedSectionVars false`
⚠ [8957/9264] Built SafeLearning.CompleteModulesFIRNumbers (17s)
warning: SafeLearning/CompleteModulesFIRNumbers.lean:80:23: This simp argument is unused:
  Fin.sum_univ_one

Hint: Omit it from the simp argument list.
  [apply] simp [actualExactCertificate, actualSourceKernelRow, actualDelayedKernel, actualCurrentKernel,
    Matrix.mul_apply]

Note: This linter can be disabled with `set_option linter.unusedSimpArgs false`
⚠ [8958/9264] Built SafeLearning.CompleteModulesFIRBase (16s)
warning: SafeLearning/CompleteModulesFIRBase.lean:51:46: This simp argument is unused:
  Matrix.smul_mul

Hint: Omit it from the simp argument list.
  [apply] simp [actualFIRGramian, actualFIRStateMatrix, Matrix.mul_smul]

Note: This linter can be disabled with `set_option linter.unusedSimpArgs false`
warning: SafeLearning/CompleteModulesFIRBase.lean:51:62: This simp argument is unused:
  Matrix.mul_smul

Hint: Omit it from the simp argument list.
  [apply] simp [actualFIRGramian, actualFIRStateMatrix, Matrix.smul_mul]

Note: This linter can be disabled with `set_option linter.unusedSimpArgs false`
warning: SafeLearning/CompleteModulesFIRBase.lean:66:2: Used `tac1 <;> tac2` where `(tac1; tac2)` would suffice

Note: This linter can be disabled with `set_option linter.unnecessarySeqFocus false`
warning: SafeLearning/CompleteModulesFIRBase.lean:76:25: This simp argument is unused:
  Matrix.smul_mul

Hint: Omit it from the simp argument list.
  [apply] simp [actualFIRStorage, Matrix.mul_smul, smul_smul, hn]

Note: This linter can be disabled with `set_option linter.unusedSimpArgs false`
warning: SafeLearning/CompleteModulesFIRBase.lean:76:41: This simp argument is unused:
  Matrix.mul_smul

Hint: Omit it from the simp argument list.
  [apply] simp [actualFIRStorage, Matrix.smul_mul, smul_smul, hn]

Note: This linter can be disabled with `set_option linter.unusedSimpArgs false`
warning: SafeLearning/CompleteModulesFIRBase.lean:99:54: This simp argument is unused:
  Fin.sum_univ_one

Hint: Omit it from the simp argument list.
  [apply] simp [actualFIRDissipationMatrix, Matrix.mul_apply]

Note: This linter can be disabled with `set_option linter.unusedSimpArgs false`
⚠ [8959/9264] Built SafeLearning.CompleteModulesCayley (14s)
warning: SafeLearning/CompleteModulesCayley.lean:34:0: automatically included section variable(s) unused in theorem `SafeLearning.CompleteModulesCayley.actual_skew_cayley_numerator_is_transposed_denominator`:
  [Fintype N]
consider restructuring your `variable` declarations so that the variables are not in scope or explicitly omit them:
  omit [Fintype N] in theorem ...

Note: This linter can be disabled with `set_option linter.unusedSectionVars false`
warning: SafeLearning/CompleteModulesCayley.lean:47:2: Try this: 
  letI̵

The goal is a proposition, so `let` is preferred over `letI`.
The difference between `let` and `letI` is that `letI` inlines the value.
But this is not relevant for proofs because of proof irrelevance.

Note: This linter can be disabled with `set_option linter.style.haveILetI false`
warning: SafeLearning/CompleteModulesCayley.lean:48:2: Try this: 
  letI̵

The goal is a proposition, so `let` is preferred over `letI`.
The difference between `let` and `letI` is that `letI` inlines the value.
But this is not relevant for proofs because of proof irrelevance.

Note: This linter can be disabled with `set_option linter.style.haveILetI false`
warning: SafeLearning/CompleteModulesCayley.lean:74:2: Try this: 
  letI̵

The goal is a proposition, so `let` is preferred over `letI`.
The difference between `let` and `letI` is that `letI` inlines the value.
But this is not relevant for proofs because of proof irrelevance.

Note: This linter can be disabled with `set_option linter.style.haveILetI false`
⚠ [8960/9264] Built SafeLearning.CompleteModulesComplexCayley (15s)
warning: SafeLearning/CompleteModulesComplexCayley.lean:35:0: automatically included section variable(s) unused in theorem `SafeLearning.CompleteModulesComplexCayley.actual_complex_skew_numerator_is_adjoint_denominator`:
  [Fintype N]
consider restructuring your `variable` declarations so that the variables are not in scope or explicitly omit them:
  omit [Fintype N] in theorem ...

Note: This linter can be disabled with `set_option linter.unusedSectionVars false`
warning: SafeLearning/CompleteModulesComplexCayley.lean:48:2: Try this: 
  letI̵

The goal is a proposition, so `let` is preferred over `letI`.
The difference between `let` and `letI` is that `letI` inlines the value.
But this is not relevant for proofs because of proof irrelevance.

Note: This linter can be disabled with `set_option linter.style.haveILetI false`
warning: SafeLearning/CompleteModulesComplexCayley.lean:49:2: Try this: 
  letI̵

The goal is a proposition, so `let` is preferred over `letI`.
The difference between `let` and `letI` is that `letI` inlines the value.
But this is not relevant for proofs because of proof irrelevance.

Note: This linter can be disabled with `set_option linter.style.haveILetI false`
warning: SafeLearning/CompleteModulesComplexCayley.lean:74:2: Try this: 
  letI̵

The goal is a proposition, so `let` is preferred over `letI`.
The difference between `let` and `letI` is that `letI` inlines the value.
But this is not relevant for proofs because of proof irrelevance.

Note: This linter can be disabled with `set_option linter.style.haveILetI false`
✔ [8961/9264] Built SafeLearning.CompleteModulesFIRGain (17s)
✔ [8962/9264] Built SafeLearning.CompleteModulesBarrierBoundary (15s)
⚠ [8963/9264] Built SafeLearning.CompleteModulesScaledGram (15s)
warning: SafeLearning/CompleteModulesScaledGram.lean:48:0: automatically included section variable(s) unused in theorem `SafeLearning.CompleteModulesScaledGram.actual_symmetric_quadratic_is_bounded_by_scaled_majorizer`:
  [DecidableEq N]
consider restructuring your `variable` declarations so that the variables are not in scope or explicitly omit them:
  omit [DecidableEq N] in theorem ...

Note: This linter can be disabled with `set_option linter.unusedSectionVars false`
✔ [8964/9264] Built SafeLearning.CompleteModulesClassificationNumbers (17s)
⚠ [8965/9264] Built SafeLearning.CompleteModulesLogDet (17s)
warning: SafeLearning/CompleteModulesLogDet.lean:18:44: This simp argument is unused:
  Matrix.mul_smul

Hint: Omit it from the simp argument list.
  [apply] simp [Matrix.trace_smul]

Note: This linter can be disabled with `set_option linter.unusedSimpArgs false`
✔ [8966/9264] Built SafeLearning.CompleteLyapunovMargins (14s)
✔ [8967/9264] Built SafeLearning.CompleteLyapunovInterpolation (17s)
⚠ [8968/9264] Built SafeLearning.CompletePolicyDivergence (18s)
warning: SafeLearning/CompletePolicyDivergence.lean:36:4: this tactic is never executed

Note: This linter can be disabled with `set_option linter.unreachableTactic false`
warning: SafeLearning/CompletePolicyDivergence.lean:36:28: this tactic is never executed

Note: This linter can be disabled with `set_option linter.unreachableTactic false`
warning: SafeLearning/CompletePolicyDivergence.lean:36:4: Unused tactic linter: `simp [Real.log_div]` does nothing

Note: This linter can be disabled with `set_option linter.unusedTactic false`
warning: SafeLearning/CompletePolicyDivergence.lean:36:28: Unused tactic linter: `ring` does nothing

Note: This linter can be disabled with `set_option linter.unusedTactic false`
⚠ [8969/9264] Built SafeLearning.CompleteModulesLipSDP (19s)
warning: SafeLearning/CompleteModulesLipSDP.lean:73:8: This simp argument is unused:
  RCLike.inner_apply

Hint: Omit it from the simp argument list.
  [apply] simp [conj_trivial, pow_two]

Note: This linter can be disabled with `set_option linter.unusedSimpArgs false`
warning: SafeLearning/CompleteModulesLipSDP.lean:73:27: This simp argument is unused:
  conj_trivial

Hint: Omit it from the simp argument list.
  [apply] simp [RCLike.inner_apply, pow_two]

Note: This linter can be disabled with `set_option linter.unusedSimpArgs false`
warning: SafeLearning/CompleteModulesLipSDP.lean:118:44: This simp argument is unused:
  Finset.sum_mul

Hint: Omit it from the simp argument list.
  [apply] simp only [mul_add, mul_sub, Finset.mul_sum, Finset.sum_add_distrib, Finset.sum_sub_distrib, pow_two]

Note: This linter can be disabled with `set_option linter.unusedSimpArgs false`
✔ [8970/9264] Built SafeLearning.CompleteLyapunovBoundComparison (19s)
⚠ [8971/9264] Built SafeLearning.CompleteFoundationsRegretRates (19s)
warning: SafeLearning/CompleteFoundationsRegretRates.lean:74:4: try 'simp' instead of 'simpa'

Note: This linter can be disabled with `set_option linter.unnecessarySimpa false`
warning: SafeLearning/CompleteFoundationsRegretRates.lean:135:23: This simp argument is unused:
  Real.norm_eq_abs

Hint: Omit it from the simp argument list.
  [apply] simp [trialRegret, abs_pow]

Note: This linter can be disabled with `set_option linter.unusedSimpArgs false`
warning: SafeLearning/CompleteFoundationsRegretRates.lean:135:41: This simp argument is unused:
  abs_pow

Hint: Omit it from the simp argument list.
  [apply] simp [trialRegret, Real.norm_eq_abs]

Note: This linter can be disabled with `set_option linter.unusedSimpArgs false`
⚠ [8972/9264] Built SafeLearning.CompleteFoundationsShiftedQuadratic (20s)
warning: SafeLearning/CompleteFoundationsShiftedQuadratic.lean:154:4: `push_neg` has been deprecated. Prefer using `push Not` instead.
If you'd rather continue using `push_neg` in your project, you can implement it as follows:
```
open Lean.Parser.Tactic in
macro "push_neg" cfg:optConfig loc:(location)? : tactic =>
  `(tactic| push $cfg:optConfig Not $[$loc]?)
```
⚠ [8973/9264] Built SafeLearning.Modules (26s)
warning: SafeLearning/Modules.lean:30:2: Used `tac1 <;> tac2` where `(tac1; tac2)` would suffice

Note: This linter can be disabled with `set_option linter.unnecessarySeqFocus false`
warning: SafeLearning/Modules.lean:35:32: Used `tac1 <;> tac2` where `(tac1; tac2)` would suffice

Note: This linter can be disabled with `set_option linter.unnecessarySeqFocus false`
warning: SafeLearning/Modules.lean:65:2: Used `tac1 <;> tac2` where `(tac1; tac2)` would suffice

Note: This linter can be disabled with `set_option linter.unnecessarySeqFocus false`
warning: SafeLearning/Modules.lean:162:2: Used `tac1 <;> tac2` where `(tac1; tac2)` would suffice

Note: This linter can be disabled with `set_option linter.unnecessarySeqFocus false`
warning: SafeLearning/Modules.lean:505:2: Used `tac1 <;> tac2` where `(tac1; tac2)` would suffice

Note: This linter can be disabled with `set_option linter.unnecessarySeqFocus false`
✔ [8974/9264] Built SafeLearning.CompleteFoundationsPowerDegeneracy (15s)
✔ [8975/9264] Built SafeLearning.CompleteFoundationsFinite (14s)
⚠ [8976/9264] Built SafeLearning.CompleteFoundationsMinimaModels (16s)
warning: SafeLearning/CompleteFoundationsMinimaModels.lean:36:51: try 'simp' instead of 'simpa'

Note: This linter can be disabled with `set_option linter.unnecessarySimpa false`
warning: SafeLearning/CompleteFoundationsMinimaModels.lean:46:30: this tactic is never executed

Note: This linter can be disabled with `set_option linter.unreachableTactic false`
warning: SafeLearning/CompleteFoundationsMinimaModels.lean:46:30: Unused tactic linter: `(simp only [id_eq]; ring)` does nothing

Note: This linter can be disabled with `set_option linter.unusedTactic false`
warning: SafeLearning/CompleteFoundationsMinimaModels.lean:111:22: `Set.mem_setOf_eq` has been deprecated: Use `Set.mem_ofPred_eq` instead
warning: SafeLearning/CompleteFoundationsMinimaModels.lean:123:22: `Set.mem_setOf_eq` has been deprecated: Use `Set.mem_ofPred_eq` instead
warning: SafeLearning/CompleteFoundationsMinimaModels.lean:128:22: `Set.mem_setOf_eq` has been deprecated: Use `Set.mem_ofPred_eq` instead
⚠ [8977/9264] Built SafeLearning.CompleteFoundationsGenericPenalty (16s)
warning: SafeLearning/CompleteFoundationsGenericPenalty.lean:111:4: `push_neg` has been deprecated. Prefer using `push Not` instead.
If you'd rather continue using `push_neg` in your project, you can implement it as follows:
```
open Lean.Parser.Tactic in
macro "push_neg" cfg:optConfig loc:(location)? : tactic =>
  `(tactic| push $cfg:optConfig Not $[$loc]?)
```
✔ [8978/9264] Built SafeLearning.CompleteFoundationsSeries (16s)
✔ [8979/9264] Built SafeLearning.CompleteFoundationsConvergence (16s)
✔ [8980/9264] Built SafeLearning.CompleteFoundationsExtrema (18s)
⚠ [8981/9264] Built SafeLearning.CompleteFoundationsFeatures (19s)
warning: SafeLearning/CompleteFoundationsFeatures.lean:31:70: This simp argument is unused:
  mul_assoc

Hint: Omit it from the simp argument list.
  [apply] simp only [featureSum, featureGram, sum_inner, inner_sum, real_inner_smul_left, real_inner_smul_right,
    Matrix.mulVec, dotProduct, Finset.mul_sum]

Note: This linter can be disabled with `set_option linter.unusedSimpArgs false`
⚠ [8982/9264] Built SafeLearning.CompleteFoundationsLogBacktracking (20s)
warning: SafeLearning/CompleteFoundationsLogBacktracking.lean:116:49: Used `tac1 <;> tac2` where `(tac1; tac2)` would suffice

Note: This linter can be disabled with `set_option linter.unnecessarySeqFocus false`
warning: SafeLearning/CompleteFoundationsLogBacktracking.lean:196:44: Used `tac1 <;> tac2` where `(tac1; tac2)` would suffice

Note: This linter can be disabled with `set_option linter.unnecessarySeqFocus false`
✔ [8983/9264] Built SafeLearning.CompleteFoundationsBackupGames (17s)
✔ [8984/9264] Built SafeLearning.CompleteFoundationsMatrixSensitivity (21s)
⚠ [8985/9264] Built SafeLearning.CompleteModulesCholesky (18s)
warning: SafeLearning/CompleteModulesCholesky.lean:33:0: automatically included section variable(s) unused in theorem `SafeLearning.CompleteModulesCholesky.actual_gram_schmidt_diagonal_is_norm`:
  [FiniteDimensional ℝ E]
consider restructuring your `variable` declarations so that the variables are not in scope or explicitly omit them:
  omit [FiniteDimensional ℝ E] in theorem ...

Note: This linter can be disabled with `set_option linter.unusedSectionVars false`
warning: SafeLearning/CompleteModulesCholesky.lean:76:35: This simp argument is unused:
  Matrix.conjTranspose_apply

Hint: Omit it from the simp argument list.
  [apply] simp [Matrix.gram_apply, vectors, EuclideanSpace.inner_toLp_toLp, Matrix.mul_apply,
    Matrix.star_eq_conjTranspose, dotProduct, mul_comm]

Note: This linter can be disabled with `set_option linter.unusedSimpArgs false`
warning: SafeLearning/CompleteModulesCholesky.lean:80:10: This simp argument is unused:
  finrank_euclideanSpace_fin

Hint: Omit it from the simp argument list.
  [apply] simp

Note: This linter can be disabled with `set_option linter.unusedSimpArgs false`
⚠ [8986/9264] Built SafeLearning.CompleteFoundationsFunctionExamples (18s)
warning: SafeLearning/CompleteFoundationsFunctionExamples.lean:32:14: this tactic is never executed

Note: This linter can be disabled with `set_option linter.unreachableTactic false`
warning: SafeLearning/CompleteFoundationsFunctionExamples.lean:32:4: Unused tactic linter: `all_goals fun_prop` does nothing

Note: This linter can be disabled with `set_option linter.unusedTactic false`
warning: SafeLearning/CompleteFoundationsFunctionExamples.lean:66:6: `push_neg` has been deprecated. Prefer using `push Not` instead.
If you'd rather continue using `push_neg` in your project, you can implement it as follows:
```
open Lean.Parser.Tactic in
macro "push_neg" cfg:optConfig loc:(location)? : tactic =>
  `(tactic| push $cfg:optConfig Not $[$loc]?)
```
✔ [8987/9264] Built SafeLearning.CompleteExponentialBarrierClassK (14s)
⚠ [8988/9264] Built SafeLearning.CompleteFoundationsPenaltyModels (21s)
warning: SafeLearning/CompleteFoundationsPenaltyModels.lean:89:2: Used `tac1 <;> tac2` where `(tac1; tac2)` would suffice

Note: This linter can be disabled with `set_option linter.unnecessarySeqFocus false`
warning: SafeLearning/CompleteFoundationsPenaltyModels.lean:124:35: Used `tac1 <;> tac2` where `(tac1; tac2)` would suffice

Note: This linter can be disabled with `set_option linter.unnecessarySeqFocus false`
warning: SafeLearning/CompleteFoundationsPenaltyModels.lean:143:2: Used `tac1 <;> tac2` where `(tac1; tac2)` would suffice

Note: This linter can be disabled with `set_option linter.unnecessarySeqFocus false`
✔ [8989/9264] Built SafeLearning.CompleteDiscountedFlow (17s)
✔ [8990/9264] Built SafeLearning.CompleteCompactLyapunov (14s)
⚠ [8991/9264] Built SafeLearning.CompleteLyapunovCounterexample (17s)
warning: SafeLearning/CompleteLyapunovCounterexample.lean:45:14: `if_neg` has been deprecated: Use `ite_eq_right` instead
warning: SafeLearning/CompleteLyapunovCounterexample.lean:75:6: `Set.mem_setOf_eq` has been deprecated: Use `Set.mem_ofPred_eq` instead
⚠ [8992/9264] Built SafeLearning.CompleteConformal (17s)
warning: SafeLearning/CompleteConformal.lean:96:63: `if_true` has been deprecated: Use `ite_true` instead
warning: SafeLearning/CompleteConformal.lean:96:71: `if_false` has been deprecated: Use `ite_false` instead
warning: SafeLearning/CompleteConformal.lean:96:63: `if_true` has been deprecated: Use `ite_true` instead
warning: SafeLearning/CompleteConformal.lean:96:71: `if_false` has been deprecated: Use `ite_false` instead
⚠ [8993/9264] Built SafeLearning.CompleteBarrierTrajectories (14s)
warning: SafeLearning/CompleteBarrierTrajectories.lean:18:74: Used `tac1 <;> tac2` where `(tac1; tac2)` would suffice

Note: This linter can be disabled with `set_option linter.unnecessarySeqFocus false`
warning: SafeLearning/CompleteBarrierTrajectories.lean:67:25: Used `tac1 <;> tac2` where `(tac1; tac2)` would suffice

Note: This linter can be disabled with `set_option linter.unnecessarySeqFocus false`
warning: SafeLearning/CompleteBarrierTrajectories.lean:73:25: Used `tac1 <;> tac2` where `(tac1; tac2)` would suffice

Note: This linter can be disabled with `set_option linter.unnecessarySeqFocus false`
✔ [8994/9264] Built SafeLearning.CompleteBarrierNonuniqueSolutions (14s)
✔ [8995/9264] Built SafeLearning.CompleteBarrierFallback (14s)
⚠ [8996/9264] Built SafeLearning.CompleteBarrierFiniteEscape (15s)
warning: SafeLearning/CompleteBarrierFiniteEscape.lean:24:44: Used `tac1 <;> tac2` where `(tac1; tac2)` would suffice

Note: This linter can be disabled with `set_option linter.unnecessarySeqFocus false`
✔ [8997/9264] Built SafeLearning.CompleteBarrierFilippovHalfspaces (17s)
⚠ [8998/9264] Built SafeLearning.CompleteBarrierAbsolutelyContinuous (15s)
warning: SafeLearning/CompleteBarrierAbsolutelyContinuous.lean:28:18: Used `tac1 <;> tac2` where `(tac1; tac2)` would suffice

Note: This linter can be disabled with `set_option linter.unnecessarySeqFocus false`
warning: SafeLearning/CompleteBarrierAbsolutelyContinuous.lean:28:32: Used `tac1 <;> tac2` where `(tac1; tac2)` would suffice

Note: This linter can be disabled with `set_option linter.unnecessarySeqFocus false`
⚠ [8999/9264] Built SafeLearning.CompleteBarrierAEComparison (15s)
warning: SafeLearning/CompleteBarrierAEComparison.lean:52:18: Used `tac1 <;> tac2` where `(tac1; tac2)` would suffice

Note: This linter can be disabled with `set_option linter.unnecessarySeqFocus false`
warning: SafeLearning/CompleteBarrierAEComparison.lean:52:32: Used `tac1 <;> tac2` where `(tac1; tac2)` would suffice

Note: This linter can be disabled with `set_option linter.unnecessarySeqFocus false`
⚠ [9000/9264] Built SafeLearning.CompleteFoundationsSpectralModels (28s)
warning: SafeLearning/CompleteFoundationsSpectralModels.lean:67:45: This simp argument is unused:
  Matrix.cons_val_zero

Hint: Omit it from the simp argument list.
  [apply] simp only [Matrix.cons_val_one]

Note: This linter can be disabled with `set_option linter.unusedSimpArgs false`
warning: SafeLearning/CompleteFoundationsSpectralModels.lean:67:66: This simp argument is unused:
  Matrix.cons_val_one

Hint: Omit it from the simp argument list.
  [apply] simp only [Matrix.cons_val_zero]

Note: This linter can be disabled with `set_option linter.unusedSimpArgs false`
warning: SafeLearning/CompleteFoundationsSpectralModels.lean:310:2: try 'simp' instead of 'simpa'

Note: This linter can be disabled with `set_option linter.unnecessarySimpa false`
✔ [9001/9264] Built SafeLearning.CompleteAppliedMixtures (16s)
✔ [9002/9264] Built SafeLearning.CompleteAppliedNetwork (18s)
⚠ [9003/9264] Built SafeLearning.CompleteFoundationsParsevalModels (39s)
warning: SafeLearning/CompleteFoundationsParsevalModels.lean:29:0: automatically included section variable(s) unused in theorem `SafeLearning.CompleteFoundationsParsevalModels.actual_frobenius_squared`:
  [DecidableEq M]
  [DecidableEq N]
consider restructuring your `variable` declarations so that the variables are not in scope or explicitly omit them:
  omit [DecidableEq M] [DecidableEq N] in theorem ...

Note: This linter can be disabled with `set_option linter.unusedSectionVars false`
warning: SafeLearning/CompleteFoundationsParsevalModels.lean:32:10: This simp argument is unused:
  Real.rpow_two

Hint: Omit it from the simp argument list.
  [apply] simp [Real.norm_eq_abs, sq_abs]

Note: This linter can be disabled with `set_option linter.unusedSimpArgs false`
warning: SafeLearning/CompleteFoundationsParsevalModels.lean:35:0: automatically included section variable(s) unused in theorem `SafeLearning.CompleteFoundationsParsevalModels.actual_error_entries`:
  [DecidableEq N]
consider restructuring your `variable` declarations so that the variables are not in scope or explicitly omit them:
  omit [DecidableEq N] in theorem ...

Note: This linter can be disabled with `set_option linter.unusedSectionVars false`
warning: SafeLearning/CompleteFoundationsParsevalModels.lean:44:0: automatically included section variable(s) unused in theorem `SafeLearning.CompleteFoundationsParsevalModels.actual_error_is_symmetric`:
  [DecidableEq N]
consider restructuring your `variable` declarations so that the variables are not in scope or explicitly omit them:
  omit [DecidableEq N] in theorem ...

Note: This linter can be disabled with `set_option linter.unusedSectionVars false`
warning: SafeLearning/CompleteFoundationsParsevalModels.lean:47:0: automatically included section variable(s) unused in theorem `SafeLearning.CompleteFoundationsParsevalModels.actual_entry_differential`:
  [DecidableEq N]
consider restructuring your `variable` declarations so that the variables are not in scope or explicitly omit them:
  omit [DecidableEq N] in theorem ...

Note: This linter can be disabled with `set_option linter.unusedSectionVars false`
warning: SafeLearning/CompleteFoundationsParsevalModels.lean:56:0: automatically included section variable(s) unused in theorem `SafeLearning.CompleteFoundationsParsevalModels.actual_symmetric_trace_identity`:
  [DecidableEq M]
  [DecidableEq N]
consider restructuring your `variable` declarations so that the variables are not in scope or explicitly omit them:
  omit [DecidableEq M] [DecidableEq N] in theorem ...

Note: This linter can be disabled with `set_option linter.unusedSectionVars false`
warning: SafeLearning/CompleteFoundationsParsevalModels.lean:86:0: automatically included section variable(s) unused in theorem `SafeLearning.CompleteFoundationsParsevalModels.actual_inner_coordinates`:
  [DecidableEq M]
  [DecidableEq N]
consider restructuring your `variable` declarations so that the variables are not in scope or explicitly omit them:
  omit [DecidableEq M] [DecidableEq N] in theorem ...

Note: This linter can be disabled with `set_option linter.unusedSectionVars false`
warning: SafeLearning/CompleteFoundationsParsevalModels.lean:107:13: `ContinuousLinearMap.smul_apply` has been deprecated: Use `_root_.smul_apply` instead

Note: The updated constant is in a different namespace. Dot notation may need to be changed (e.g., from `x.smul_apply` to `_root_.smul_apply x`).
warning: SafeLearning/CompleteFoundationsParsevalModels.lean:107:44: `ContinuousLinearMap.sum_apply` has been deprecated: Use `_root_.sum_apply` instead

Note: The updated constant is in a different namespace. Dot notation may need to be changed (e.g., from `x.sum_apply` to `_root_.sum_apply x`).
✔ [9004/9264] Built SafeLearning.CompleteAppliedCovariance (18s)
✔ [9005/9264] Built SafeLearning.CompleteAppliedBellman (18s)
⚠ [9006/9264] Built SafeLearning.CompleteAppliedBackprop (16s)
warning: SafeLearning/CompleteAppliedBackprop.lean:25:64: Used `tac1 <;> tac2` where `(tac1; tac2)` would suffice

Note: This linter can be disabled with `set_option linter.unnecessarySeqFocus false`
⚠ [9007/9264] Built SafeLearning.CompleteAppliedPolicy (21s)
warning: SafeLearning/CompleteAppliedPolicy.lean:46:5: Variable name `hw1` is not explicitly referenced.

Hint: The binding can be removed (if unused) or named `_` (if used implicitly). Alternatively, prefix the name with `_` to silence this warning:
  [apply] _hw1

Note: This linter can be disabled with `set_option linter.unusedVariables false`
warning: SafeLearning/CompleteAppliedPolicy.lean:137:10: Used `tac1 <;> tac2` where `(tac1; tac2)` would suffice

Note: This linter can be disabled with `set_option linter.unnecessarySeqFocus false`
warning: SafeLearning/CompleteAppliedPolicy.lean:181:50: Used `tac1 <;> tac2` where `(tac1; tac2)` would suffice

Note: This linter can be disabled with `set_option linter.unnecessarySeqFocus false`
warning: SafeLearning/CompleteAppliedPolicy.lean:181:65: Used `tac1 <;> tac2` where `(tac1; tac2)` would suffice

Note: This linter can be disabled with `set_option linter.unnecessarySeqFocus false`
warning: SafeLearning/CompleteAppliedPolicy.lean:190:48: Used `tac1 <;> tac2` where `(tac1; tac2)` would suffice

Note: This linter can be disabled with `set_option linter.unnecessarySeqFocus false`
warning: SafeLearning/CompleteAppliedPolicy.lean:190:63: Used `tac1 <;> tac2` where `(tac1; tac2)` would suffice

Note: This linter can be disabled with `set_option linter.unnecessarySeqFocus false`
✔ [9008/9264] Built SafeLearning.CompleteAppliedMartingale (16s)
⚠ [9009/9264] Built SafeLearning.CompleteAppliedConcentration (20s)
warning: SafeLearning/CompleteAppliedConcentration.lean:20:53: Used `tac1 <;> tac2` where `(tac1; tac2)` would suffice

Note: This linter can be disabled with `set_option linter.unnecessarySeqFocus false`
warning: SafeLearning/CompleteAppliedConcentration.lean:29:15: `Set.mem_setOf_eq` has been deprecated: Use `Set.mem_ofPred_eq` instead
warning: SafeLearning/CompleteAppliedConcentration.lean:71:15: `Set.mem_setOf_eq` has been deprecated: Use `Set.mem_ofPred_eq` instead
warning: SafeLearning/CompleteAppliedConcentration.lean:99:54: Used `tac1 <;> tac2` where `(tac1; tac2)` would suffice

Note: This linter can be disabled with `set_option linter.unnecessarySeqFocus false`
✔ [9010/9264] Built SafeLearning.CompletePolicyAdvantages (18s)
✔ [9011/9264] Built SafeLearning.CompleteAppliedReturns (19s)
✔ [9012/9264] Built SafeLearning.BookApplications (16s)
✔ [9013/9264] Built SafeLearning.CompleteModulesScalarTransfer (17s)
⚠ [9014/9264] Built SafeLearning.CompleteAppliedSystems (28s)
warning: SafeLearning/CompleteAppliedSystems.lean:48:53: This simp argument is unused:
  Pi.neg_apply

Hint: Omit it from the simp argument list.
  [apply] simp only [heldThermal, Pi.add_apply, Pi.sub_apply, id_eq]

Note: This linter can be disabled with `set_option linter.unusedSimpArgs false`
warning: SafeLearning/CompleteAppliedSystems.lean:48:66: This simp argument is unused:
  id_eq

Hint: Omit it from the simp argument list.
  [apply] simp only [heldThermal, Pi.add_apply, Pi.sub_apply, Pi.neg_apply]

Note: This linter can be disabled with `set_option linter.unusedSimpArgs false`
warning: SafeLearning/CompleteAppliedSystems.lean:45:53: Used `tac1 <;> tac2` where `(tac1; tac2)` would suffice

Note: This linter can be disabled with `set_option linter.unnecessarySeqFocus false`
warning: SafeLearning/CompleteAppliedSystems.lean:140:40: try 'simp' instead of 'simpa'

Note: This linter can be disabled with `set_option linter.unnecessarySimpa false`
warning: SafeLearning/CompleteAppliedSystems.lean:141:10: try 'simp' instead of 'simpa'

Note: This linter can be disabled with `set_option linter.unnecessarySimpa false`
warning: SafeLearning/CompleteAppliedSystems.lean:201:136: Used `tac1 <;> tac2` where `(tac1; tac2)` would suffice

Note: This linter can be disabled with `set_option linter.unnecessarySeqFocus false`
warning: SafeLearning/CompleteAppliedSystems.lean:205:79: Used `tac1 <;> tac2` where `(tac1; tac2)` would suffice

Note: This linter can be disabled with `set_option linter.unnecessarySeqFocus false`
⚠ [9015/9264] Built SafeLearning.CompleteModulesThreeTapTransfer (16s)
warning: SafeLearning/CompleteModulesThreeTapTransfer.lean:20:105: This simp argument is unused:
  smul_smul

Hint: Omit it from the simp argument list.
  [apply] simp only [Matrix.sub_mul, Matrix.mul_add, Matrix.smul_mul, Matrix.mul_smul, Matrix.one_mul, Matrix.mul_one,
    hzero, smul_zero]

Note: This linter can be disabled with `set_option linter.unusedSimpArgs false`
warning: SafeLearning/CompleteModulesThreeTapTransfer.lean:20:121: This simp argument is unused:
  smul_zero

Hint: Omit it from the simp argument list.
  [apply] simp only [Matrix.sub_mul, Matrix.mul_add, Matrix.smul_mul, Matrix.mul_smul, Matrix.one_mul, Matrix.mul_one,
    smul_smul, hzero]

Note: This linter can be disabled with `set_option linter.unusedSimpArgs false`
warning: SafeLearning/CompleteModulesThreeTapTransfer.lean:25:0: automatically included section variable(s) unused in theorem `SafeLearning.CompleteModulesThreeTapTransfer.actual_three_tap_current_delay_matrix_product`:
  [Fintype O]
consider restructuring your `variable` declarations so that the variables are not in scope or explicitly omit them:
  omit [Fintype O] in theorem ...

Note: This linter can be disabled with `set_option linter.unusedSectionVars false`
warning: SafeLearning/CompleteModulesThreeTapTransfer.lean:29:0: automatically included section variable(s) unused in theorem `SafeLearning.CompleteModulesThreeTapTransfer.actual_three_tap_second_delay_matrix_product`:
  [Fintype O]
consider restructuring your `variable` declarations so that the variables are not in scope or explicitly omit them:
  omit [Fintype O] in theorem ...

Note: This linter can be disabled with `set_option linter.unusedSectionVars false`
warning: SafeLearning/CompleteModulesThreeTapTransfer.lean:47:0: automatically included section variable(s) unused in theorem `SafeLearning.CompleteModulesThreeTapTransfer.actual_three_tap_state_and_layer_lmi_index_dimensions`:
  [DecidableEq I]
consider restructuring your `variable` declarations so that the variables are not in scope or explicitly omit them:
  omit [DecidableEq I] in theorem ...

Note: This linter can be disabled with `set_option linter.unusedSectionVars false`
✔ [9016/9264] Built SafeLearning.PrimersApplied (28s)
✔ [9017/9264] Built SafeLearning.CompleteAppliedProbability (25s)
✔ [9018/9264] Built SafeLearning.CompleteProjectionCharacterization (16s)
✔ [9019/9264] Built SafeLearning.CompleteSafetyBellmanConsequences (14s)
⚠ [9020/9264] Built SafeLearning.CompleteModulesRoesserThreeByThree (18s)
warning: SafeLearning/CompleteModulesRoesserThreeByThree.lean:52:0: automatically included section variable(s) unused in theorem `SafeLearning.CompleteModulesRoesserThreeByThree.actual_roesser_vertical_zero_boundary`:
  [Fintype O]
  [DecidableEq I]
  [DecidableEq O]
consider restructuring your `variable` declarations so that the variables are not in scope or explicitly omit them:
  omit [Fintype O] [DecidableEq I] [DecidableEq O] in theorem ...

Note: This linter can be disabled with `set_option linter.unusedSectionVars false`
warning: SafeLearning/CompleteModulesRoesserThreeByThree.lean:58:0: automatically included section variable(s) unused in theorem `SafeLearning.CompleteModulesRoesserThreeByThree.actual_roesser_horizontal_zero_boundary`:
  [Fintype I]
  [DecidableEq I]
consider restructuring your `variable` declarations so that the variables are not in scope or explicitly omit them:
  omit [Fintype I] [DecidableEq I] in theorem ...

Note: This linter can be disabled with `set_option linter.unusedSectionVars false`
warning: SafeLearning/CompleteModulesRoesserThreeByThree.lean:63:0: automatically included section variable(s) unused in theorem `SafeLearning.CompleteModulesRoesserThreeByThree.actual_roesser_vertical_state_space_recursion`:
  [DecidableEq I]
consider restructuring your `variable` declarations so that the variables are not in scope or explicitly omit them:
  omit [DecidableEq I] in theorem ...

Note: This linter can be disabled with `set_option linter.unusedSectionVars false`
warning: SafeLearning/CompleteModulesRoesserThreeByThree.lean:82:0: automatically included section variable(s) unused in theorem `SafeLearning.CompleteModulesRoesserThreeByThree.actual_roesser_output_is_zero_padded_three_by_three_convolution`:
  [DecidableEq I]
consider restructuring your `variable` declarations so that the variables are not in scope or explicitly omit them:
  omit [DecidableEq I] in theorem ...

Note: This linter can be disabled with `set_option linter.unusedSectionVars false`
warning: SafeLearning/CompleteModulesRoesserThreeByThree.lean:95:0: automatically included section variable(s) unused in theorem `SafeLearning.CompleteModulesRoesserThreeByThree.actual_roesser_three_by_three_state_dimensions`:
  [DecidableEq I]
  [DecidableEq O]
consider restructuring your `variable` declarations so that the variables are not in scope or explicitly omit them:
  omit [DecidableEq I] [DecidableEq O] in theorem ...

Note: This linter can be disabled with `set_option linter.unusedSectionVars false`
⚠ [9021/9264] Built SafeLearning.CompletePredictiveSafetyConsequences (18s)
warning: SafeLearning/CompletePredictiveSafetyConsequences.lean:22:45: Variable name `n` is not explicitly referenced.

Hint: The binding can be removed (if unused) or named `_` (if used implicitly). Alternatively, prefix the name with `_` to silence this warning:
  [apply] _n

Note: This linter can be disabled with `set_option linter.unusedVariables false`
warning: SafeLearning/CompletePredictiveSafetyConsequences.lean:41:30: `dif_pos` has been deprecated: Use `dite_eq_left` instead
⚠ [9022/9264] Built SafeLearning.CompleteModulesKernelFunctional (16s)
warning: SafeLearning/CompleteModulesKernelFunctional.lean:15:2: Try this: 
  letI̵

The goal is a proposition, so `let` is preferred over `letI`.
The difference between `let` and `letI` is that `letI` inlines the value.
But this is not relevant for proofs because of proof irrelevance.

Note: This linter can be disabled with `set_option linter.style.haveILetI false`
warning: SafeLearning/CompleteModulesKernelFunctional.lean:26:2: Try this: 
  letI̵

The goal is a proposition, so `let` is preferred over `letI`.
The difference between `let` and `letI` is that `letI` inlines the value.
But this is not relevant for proofs because of proof irrelevance.

Note: This linter can be disabled with `set_option linter.style.haveILetI false`
warning: SafeLearning/CompleteModulesKernelFunctional.lean:42:0: automatically included section variable(s) unused in theorem `SafeLearning.CompleteModulesKernelFunctional.posterior_functional_evaluates`:
  [DecidableEq I]
consider restructuring your `variable` declarations so that the variables are not in scope or explicitly omit them:
  omit [DecidableEq I] in theorem ...

Note: This linter can be disabled with `set_option linter.unusedSectionVars false`
⚠ [9023/9264] Built SafeLearning.CompleteModulesCayleyInverse (15s)
warning: SafeLearning/CompleteModulesCayleyInverse.lean:17:2: Try this: 
  letI̵

The goal is a proposition, so `let` is preferred over `letI`.
The difference between `let` and `letI` is that `letI` inlines the value.
But this is not relevant for proofs because of proof irrelevance.

Note: This linter can be disabled with `set_option linter.style.haveILetI false`
warning: SafeLearning/CompleteModulesCayleyInverse.lean:23:2: Try this: 
  letI̵

The goal is a proposition, so `let` is preferred over `letI`.
The difference between `let` and `letI` is that `letI` inlines the value.
But this is not relevant for proofs because of proof irrelevance.

Note: This linter can be disabled with `set_option linter.style.haveILetI false`
warning: SafeLearning/CompleteModulesCayleyInverse.lean:32:2: Try this: 
  letI̵

The goal is a proposition, so `let` is preferred over `letI`.
The difference between `let` and `letI` is that `letI` inlines the value.
But this is not relevant for proofs because of proof irrelevance.

Note: This linter can be disabled with `set_option linter.style.haveILetI false`
warning: SafeLearning/CompleteModulesCayleyInverse.lean:40:2: Try this: 
  letI̵

The goal is a proposition, so `let` is preferred over `letI`.
The difference between `let` and `letI` is that `letI` inlines the value.
But this is not relevant for proofs because of proof irrelevance.

Note: This linter can be disabled with `set_option linter.style.haveILetI false`
warning: SafeLearning/CompleteModulesCayleyInverse.lean:41:2: Try this: 
  letI̵

The goal is a proposition, so `let` is preferred over `letI`.
The difference between `let` and `letI` is that `letI` inlines the value.
But this is not relevant for proofs because of proof irrelevance.

Note: This linter can be disabled with `set_option linter.style.haveILetI false`
warning: SafeLearning/CompleteModulesCayleyInverse.lean:69:2: Try this: 
  letI̵

The goal is a proposition, so `let` is preferred over `letI`.
The difference between `let` and `letI` is that `letI` inlines the value.
But this is not relevant for proofs because of proof irrelevance.

Note: This linter can be disabled with `set_option linter.style.haveILetI false`
warning: SafeLearning/CompleteModulesCayleyInverse.lean:71:2: Try this: 
  letI̵

The goal is a proposition, so `let` is preferred over `letI`.
The difference between `let` and `letI` is that `letI` inlines the value.
But this is not relevant for proofs because of proof irrelevance.

Note: This linter can be disabled with `set_option linter.style.haveILetI false`
warning: SafeLearning/CompleteModulesCayleyInverse.lean:90:2: Try this: 
  letI̵

The goal is a proposition, so `let` is preferred over `letI`.
The difference between `let` and `letI` is that `letI` inlines the value.
But this is not relevant for proofs because of proof irrelevance.

Note: This linter can be disabled with `set_option linter.style.haveILetI false`
warning: SafeLearning/CompleteModulesCayleyInverse.lean:91:2: Try this: 
  letI̵

The goal is a proposition, so `let` is preferred over `letI`.
The difference between `let` and `letI` is that `letI` inlines the value.
But this is not relevant for proofs because of proof irrelevance.

Note: This linter can be disabled with `set_option linter.style.haveILetI false`
✔ [9024/9264] Built SafeLearning.CompleteModulesFIRTightness (15s)
✔ [9025/9264] Built SafeLearning.CoreModules (28s)
✔ [9026/9264] Built SafeLearning.CompleteModulesSLLExamples (14s)
⚠ [9027/9264] Built SafeLearning.CompleteModulesSLLGershgorin (14s)
warning: SafeLearning/CompleteModulesSLLGershgorin.lean:24:10: This simp argument is unused:
  Matrix.diagonal_apply

Hint: Omit it from the simp argument list.
  [apply] simp [(hscale row).ne']

Note: This linter can be disabled with `set_option linter.unusedSimpArgs false`
warning: SafeLearning/CompleteModulesSLLGershgorin.lean:25:10: This simp argument is unused:
  Matrix.diagonal_apply

Hint: Omit it from the simp argument list.
  [apply] simp [he]

Note: This linter can be disabled with `set_option linter.unusedSimpArgs false`
warning: SafeLearning/CompleteModulesSLLGershgorin.lean:89:45: `if_neg` has been deprecated: Use `ite_eq_right` instead
warning: SafeLearning/CompleteModulesSLLGershgorin.lean:93:43: `if_pos` has been deprecated: Use `ite_eq_left` instead
warning: SafeLearning/CompleteModulesSLLGershgorin.lean:93:43: This simp argument is unused:
  if_pos rfl

Hint: Omit it from the simp argument list.
  [apply] simp only [SafeLearning.CompleteModulesScaledGram.actualScaledMajorizer, Matrix.sub_apply,
    Matrix.diagonal_apply]

Note: This linter can be disabled with `set_option linter.unusedSimpArgs false`
⚠ [9028/9264] Built SafeLearning.CompleteModulesComplexCayleyInverse (16s)
warning: SafeLearning/CompleteModulesComplexCayleyInverse.lean:17:2: Try this: 
  letI̵

The goal is a proposition, so `let` is preferred over `letI`.
The difference between `let` and `letI` is that `letI` inlines the value.
But this is not relevant for proofs because of proof irrelevance.

Note: This linter can be disabled with `set_option linter.style.haveILetI false`
warning: SafeLearning/CompleteModulesComplexCayleyInverse.lean:23:2: Try this: 
  letI̵

The goal is a proposition, so `let` is preferred over `letI`.
The difference between `let` and `letI` is that `letI` inlines the value.
But this is not relevant for proofs because of proof irrelevance.

Note: This linter can be disabled with `set_option linter.style.haveILetI false`
warning: SafeLearning/CompleteModulesComplexCayleyInverse.lean:32:2: Try this: 
  letI̵

The goal is a proposition, so `let` is preferred over `letI`.
The difference between `let` and `letI` is that `letI` inlines the value.
But this is not relevant for proofs because of proof irrelevance.

Note: This linter can be disabled with `set_option linter.style.haveILetI false`
warning: SafeLearning/CompleteModulesComplexCayleyInverse.lean:40:2: Try this: 
  letI̵

The goal is a proposition, so `let` is preferred over `letI`.
The difference between `let` and `letI` is that `letI` inlines the value.
But this is not relevant for proofs because of proof irrelevance.

Note: This linter can be disabled with `set_option linter.style.haveILetI false`
warning: SafeLearning/CompleteModulesComplexCayleyInverse.lean:41:2: Try this: 
  letI̵

The goal is a proposition, so `let` is preferred over `letI`.
The difference between `let` and `letI` is that `letI` inlines the value.
But this is not relevant for proofs because of proof irrelevance.

Note: This linter can be disabled with `set_option linter.style.haveILetI false`
warning: SafeLearning/CompleteModulesComplexCayleyInverse.lean:69:2: Try this: 
  letI̵

The goal is a proposition, so `let` is preferred over `letI`.
The difference between `let` and `letI` is that `letI` inlines the value.
But this is not relevant for proofs because of proof irrelevance.

Note: This linter can be disabled with `set_option linter.style.haveILetI false`
warning: SafeLearning/CompleteModulesComplexCayleyInverse.lean:71:2: Try this: 
  letI̵

The goal is a proposition, so `let` is preferred over `letI`.
The difference between `let` and `letI` is that `letI` inlines the value.
But this is not relevant for proofs because of proof irrelevance.

Note: This linter can be disabled with `set_option linter.style.haveILetI false`
warning: SafeLearning/CompleteModulesComplexCayleyInverse.lean:90:2: Try this: 
  letI̵

The goal is a proposition, so `let` is preferred over `letI`.
The difference between `let` and `letI` is that `letI` inlines the value.
But this is not relevant for proofs because of proof irrelevance.

Note: This linter can be disabled with `set_option linter.style.haveILetI false`
warning: SafeLearning/CompleteModulesComplexCayleyInverse.lean:91:2: Try this: 
  letI̵

The goal is a proposition, so `let` is preferred over `letI`.
The difference between `let` and `letI` is that `letI` inlines the value.
But this is not relevant for proofs because of proof irrelevance.

Note: This linter can be disabled with `set_option linter.style.haveILetI false`
⚠ [9029/9264] Built SafeLearning.CompleteModulesCayleyPlane (19s)
warning: SafeLearning/CompleteModulesCayleyPlane.lean:31:6: This simp argument is unused:
  Matrix.smul_apply

Hint: Omit it from the simp argument list.
  [apply] simp [actualPlaneSkew, Matrix.mul_apply, Fin.sum_univ_two, Matrix.add_apply, Matrix.one_apply]

Note: This linter can be disabled with `set_option linter.unusedSimpArgs false`
✔ [9030/9264] Built SafeLearning.CompleteModulesClassificationRoundingCounterexample (12s)
✔ [9031/9264] Built SafeLearning.CompleteModulesMatrixPracticeCorollaries (12s)
⚠ [9032/9264] Built SafeLearning.CompleteModulesFIROperator (14s)
warning: SafeLearning/CompleteModulesFIROperator.lean:33:0: automatically included section variable(s) unused in theorem `SafeLearning.CompleteModulesFIROperator.actual_unit_row_cholesky_certificate_identity`:
  [Fintype N]
  [DecidableEq N]
consider restructuring your `variable` declarations so that the variables are not in scope or explicitly omit them:
  omit [Fintype N] [DecidableEq N] in theorem ...

Note: This linter can be disabled with `set_option linter.unusedSectionVars false`
warning: SafeLearning/CompleteModulesFIROperator.lean:54:67: This simp argument is unused:
  Matrix.mul_apply

Hint: Omit it from the simp argument list.
  [apply] simp [quadratic, actualFIRKernelRow, actualFIROutput, Matrix.mulVec, Fin.sum_univ_two, Fin.sum_univ_one,
    dotProduct]

Note: This linter can be disabled with `set_option linter.unusedSimpArgs false`
warning: SafeLearning/CompleteModulesFIROperator.lean:55:21: This simp argument is unused:
  Fin.sum_univ_one

Hint: Omit it from the simp argument list.
  [apply] simp [quadratic, actualFIRKernelRow, actualFIROutput, Matrix.mulVec, Matrix.mul_apply, Fin.sum_univ_two,
    dotProduct]

Note: This linter can be disabled with `set_option linter.unusedSimpArgs false`
warning: SafeLearning/CompleteModulesFIROperator.lean:70:48: Variable name `hstorage` is not explicitly referenced.

Hint: The binding can be removed (if unused) or named `_` (if used implicitly). Alternatively, prefix the name with `_` to silence this warning:
  [apply] _hstorage

Note: This linter can be disabled with `set_option linter.unusedVariables false`
⚠ [9033/9264] Built SafeLearning.CompleteModulesWeightedSeminorm (12s)
warning: SafeLearning/CompleteModulesWeightedSeminorm.lean:22:10: This simp argument is unused:
  Matrix.star_eq_conjTranspose

Hint: Omit it from the simp argument list.
  [apply] simp [Matrix.conjTranspose_apply]

Note: This linter can be disabled with `set_option linter.unusedSimpArgs false`
warning: SafeLearning/CompleteModulesWeightedSeminorm.lean:22:39: This simp argument is unused:
  Matrix.conjTranspose_apply

Hint: Omit it from the simp argument list.
  [apply] simp [Matrix.star_eq_conjTranspose]

Note: This linter can be disabled with `set_option linter.unusedSimpArgs false`
warning: SafeLearning/CompleteModulesWeightedSeminorm.lean:26:0: automatically included section variable(s) unused in theorem `SafeLearning.CompleteModulesWeightedSeminorm.actual_weighted_magnitude_is_norm_of_gram_image`:
  [DecidableEq I]
consider restructuring your `variable` declarations so that the variables are not in scope or explicitly omit them:
  omit [DecidableEq I] in theorem ...

Note: This linter can be disabled with `set_option linter.unusedSectionVars false`
warning: SafeLearning/CompleteModulesWeightedSeminorm.lean:60:0: automatically included section variable(s) unused in theorem `SafeLearning.CompleteModulesWeightedSeminorm.actual_weighted_magnitude_vanishes_iff_in_matrix_kernel`:
  [DecidableEq I]
consider restructuring your `variable` declarations so that the variables are not in scope or explicitly omit them:
  omit [DecidableEq I] in theorem ...

Note: This linter can be disabled with `set_option linter.unusedSectionVars false`
✔ [9034/9264] Built SafeLearning.CompleteLyapunovSmallStep (15s)
⚠ [9035/9264] Built SafeLearning.CompleteModulesLipSDPNetwork (15s)
warning: SafeLearning/CompleteModulesLipSDPNetwork.lean:46:59: This simp argument is unused:
  Matrix.fromRows_mul_fromCols

Hint: Omit it from the simp argument list.
  [apply] simp only [Matrix.transpose_fromCols, Matrix.fromRows_mul, Matrix.transpose_zero, Matrix.transpose_one,
    Matrix.zero_mul, Matrix.mul_zero, Matrix.mul_one, Matrix.one_mul]

Note: This linter can be disabled with `set_option linter.unusedSimpArgs false`
warning: SafeLearning/CompleteModulesLipSDPNetwork.lean:47:63: This simp argument is unused:
  Matrix.mul_zero

Hint: Omit it from the simp argument list.
  [apply] simp only [Matrix.transpose_fromCols, Matrix.fromRows_mul, Matrix.fromRows_mul_fromCols,
    Matrix.transpose_zero, Matrix.transpose_one, Matrix.zero_mul, Matrix.mul_one, Matrix.one_mul]

Note: This linter can be disabled with `set_option linter.unusedSimpArgs false`
warning: SafeLearning/CompleteModulesLipSDPNetwork.lean:48:4: This simp argument is unused:
  Matrix.mul_one

Hint: Omit it from the simp argument list.
  [apply] simp only [Matrix.transpose_fromCols, Matrix.fromRows_mul, Matrix.fromRows_mul_fromCols,
    Matrix.transpose_zero, Matrix.transpose_one, Matrix.zero_mul, Matrix.mul_zero, Matrix.one_mul]

Note: This linter can be disabled with `set_option linter.unusedSimpArgs false`
warning: SafeLearning/CompleteModulesLipSDPNetwork.lean:66:22: This simp argument is unused:
  Matrix.fromCols_mulVec_sumElim

Hint: Omit it from the simp argument list.
  [apply] simp [liftedState]

Note: This linter can be disabled with `set_option linter.unusedSimpArgs false`
warning: SafeLearning/CompleteModulesLipSDPNetwork.lean:71:40: This simp argument is unused:
  Matrix.fromCols_mulVec_sumElim

Hint: Omit it from the simp argument list.
  [apply] simp [Matrix.mulVec_sub, liftedState]

Note: This linter can be disabled with `set_option linter.unusedSimpArgs false`
warning: SafeLearning/CompleteModulesLipSDPNetwork.lean:75:40: This simp argument is unused:
  Matrix.fromCols_mulVec_sumElim

Hint: Omit it from the simp argument list.
  [apply] simp [Matrix.mulVec_sub, liftedState]

Note: This linter can be disabled with `set_option linter.unusedSimpArgs false`
warning: SafeLearning/CompleteModulesLipSDPNetwork.lean:81:40: This simp argument is unused:
  Matrix.fromCols_mulVec_sumElim

Hint: Omit it from the simp argument list.
  [apply] simp [Matrix.mulVec_sub, liftedState, oneHiddenNetwork]

Note: This linter can be disabled with `set_option linter.unusedSimpArgs false`
⚠ [9036/9264] Built SafeLearning.CompleteModulesDynamicLayer (16s)
warning: SafeLearning/CompleteModulesDynamicLayer.lean:68:13: This simp argument is unused:
  actual_bilinear_matrix_pullback

Hint: Omit it from the simp argument list.
  [apply] simp only [← Matrix.mulVec_mulVec, Matrix.dotProduct_transpose_mulVec, Matrix.mulVec_add, add_dotProduct,
    dotProduct_add]

Note: This linter can be disabled with `set_option linter.unusedSimpArgs false`
warning: SafeLearning/CompleteModulesDynamicLayer.lean:69:57: This simp argument is unused:
  add_dotProduct

Hint: Omit it from the simp argument list.
  [apply] simp only [actual_bilinear_matrix_pullback, ← Matrix.mulVec_mulVec, Matrix.dotProduct_transpose_mulVec,
    Matrix.mulVec_add, dotProduct_add]

Note: This linter can be disabled with `set_option linter.unusedSimpArgs false`
warning: SafeLearning/CompleteModulesDynamicLayer.lean:70:47: This simp argument is unused:
  Pi.mul_apply

Hint: Omit it from the simp argument list.
  [apply] simp only [Matrix.mulVec_diagonal, dotProduct, Pi.add_apply, Finset.sum_add_distrib, Finset.sum_sub_distrib,
    Finset.mul_sum, Finset.sum_mul]

Note: This linter can be disabled with `set_option linter.unusedSimpArgs false`
warning: SafeLearning/CompleteModulesDynamicLayer.lean:70:60: This simp argument is unused:
  Pi.add_apply

Hint: Omit it from the simp argument list.
  [apply] simp only [Matrix.mulVec_diagonal, dotProduct, Pi.mul_apply, Finset.sum_add_distrib, Finset.sum_sub_distrib,
    Finset.mul_sum, Finset.sum_mul]

Note: This linter can be disabled with `set_option linter.unusedSimpArgs false`
warning: SafeLearning/CompleteModulesDynamicLayer.lean:70:73: This simp argument is unused:
  Finset.sum_add_distrib

Hint: Omit it from the simp argument list.
  [apply] simp only [Matrix.mulVec_diagonal, dotProduct, Pi.mul_apply, Pi.add_apply, Finset.sum_sub_distrib,
    Finset.mul_sum, Finset.sum_mul]

Note: This linter can be disabled with `set_option linter.unusedSimpArgs false`
warning: SafeLearning/CompleteModulesDynamicLayer.lean:71:4: This simp argument is unused:
  Finset.sum_sub_distrib

Hint: Omit it from the simp argument list.
  [apply] simp only [Matrix.mulVec_diagonal, dotProduct, Pi.mul_apply, Pi.add_apply, Finset.sum_add_distrib,
    Finset.mul_sum, Finset.sum_mul]

Note: This linter can be disabled with `set_option linter.unusedSimpArgs false`
warning: SafeLearning/CompleteModulesDynamicLayer.lean:71:42: This simp argument is unused:
  Finset.sum_mul

Hint: Omit it from the simp argument list.
  [apply] simp only [Matrix.mulVec_diagonal, dotProduct, Pi.mul_apply, Pi.add_apply, Finset.sum_add_distrib,
    Finset.sum_sub_distrib, Finset.mul_sum]

Note: This linter can be disabled with `set_option linter.unusedSimpArgs false`
✔ [9037/9264] Built SafeLearning.CompleteFoundationsSparseRegret (15s)
⚠ [9038/9264] Built SafeLearning.CompleteModulesSylvester (12s)
warning: SafeLearning/CompleteModulesSylvester.lean:28:2: Try this: 
  letI̵

The goal is a proposition, so `let` is preferred over `letI`.
The difference between `let` and `letI` is that `letI` inlines the value.
But this is not relevant for proofs because of proof irrelevance.

Note: This linter can be disabled with `set_option linter.style.haveILetI false`
⚠ [9039/9264] Built SafeLearning.CompleteModulesSLL (16s)
warning: SafeLearning/CompleteModulesSLL.lean:26:10: This simp argument is unused:
  Matrix.diagonal_apply

Hint: Omit it from the simp argument list.
  [apply] simp [Matrix.one_apply, (hpositive row).ne']

Note: This linter can be disabled with `set_option linter.unusedSimpArgs false`
warning: SafeLearning/CompleteModulesSLL.lean:26:32: This simp argument is unused:
  Matrix.one_apply

Hint: Omit it from the simp argument list.
  [apply] simp [Matrix.diagonal_apply, (hpositive row).ne']

Note: This linter can be disabled with `set_option linter.unusedSimpArgs false`
warning: SafeLearning/CompleteModulesSLL.lean:27:10: This simp argument is unused:
  Matrix.diagonal_apply

Hint: Omit it from the simp argument list.
  [apply] simp [Matrix.one_apply, he]

Note: This linter can be disabled with `set_option linter.unusedSimpArgs false`
warning: SafeLearning/CompleteModulesSLL.lean:27:32: This simp argument is unused:
  Matrix.one_apply

Hint: Omit it from the simp argument list.
  [apply] simp [Matrix.diagonal_apply, he]

Note: This linter can be disabled with `set_option linter.unusedSimpArgs false`
warning: SafeLearning/CompleteModulesSLL.lean:51:50: This simp argument is unused:
  Finset.mul_sum

Hint: Omit it from the simp argument list.
  [apply] simp only [Pi.sub_apply, Pi.smul_apply, smul_eq_mul, hcoordinate, Finset.sum_sub_distrib,
    Finset.sum_add_distrib, dotProduct, pow_two]

Note: This linter can be disabled with `set_option linter.unusedSimpArgs false`
warning: SafeLearning/CompleteModulesSLL.lean:81:4: Try this: 
  letI̵

The goal is a proposition, so `let` is preferred over `letI`.
The difference between `let` and `letI` is that `letI` inlines the value.
But this is not relevant for proofs because of proof irrelevance.

Note: This linter can be disabled with `set_option linter.style.haveILetI false`
warning: SafeLearning/CompleteModulesSLL.lean:106:47: This simp argument is unused:
  Pi.mul_apply

Hint: Omit it from the simp argument list.
  [apply] simp only [Matrix.mulVec_diagonal, dotProduct, Pi.sub_apply]

Note: This linter can be disabled with `set_option linter.unusedSimpArgs false`
warning: SafeLearning/CompleteModulesSLL.lean:112:40: This simp argument is unused:
  add_zero

Hint: Omit it from the simp argument list.
  [apply] simp only [zero_mul, mul_zero, zero_add, one_mul, add_sub_add_right_eq_sub, Matrix.mulVec_sub,
    Pi.sub_apply] at hq ⊢

Note: This linter can be disabled with `set_option linter.unusedSimpArgs false`
warning: SafeLearning/CompleteModulesSLL.lean:112:49: This simp argument is unused:
  one_mul

Hint: Omit it from the simp argument list.
  [apply] simp only [zero_mul, mul_zero, zero_add, add_zero, add_sub_add_right_eq_sub, Matrix.mulVec_sub,
    Pi.sub_apply] at hq ⊢

Note: This linter can be disabled with `set_option linter.unusedSimpArgs false`
⚠ [9040/9264] Built SafeLearning.CompleteModulesScalarSDP (16s)
warning: SafeLearning/CompleteModulesScalarSDP.lean:88:5: Variable name `hL` is not explicitly referenced.

Hint: The binding can be removed (if unused) or named `_` (if used implicitly). Alternatively, prefix the name with `_` to silence this warning:
  [apply] _hL

Note: This linter can be disabled with `set_option linter.unusedVariables false`
⚠ [9041/9264] Built SafeLearning.CompleteModulesBarrierGradient (21s)
warning: SafeLearning/CompleteModulesBarrierGradient.lean:94:0: automatically included section variable(s) unused in theorem `SafeLearning.CompleteModulesBarrierGradient.actual_variation_trace_splits_into_weight_blocks`:
  [DecidableEq I]
  [DecidableEq O]
consider restructuring your `variable` declarations so that the variables are not in scope or explicitly omit them:
  omit [DecidableEq I] [DecidableEq O] in theorem ...

Note: This linter can be disabled with `set_option linter.unusedSectionVars false`
✔ [9042/9264] Built SafeLearning.CompleteFoundationsMinimaConsequences (16s)
✔ [9043/9264] Built SafeLearning.CompleteFoundationsCholeskyRecursion (16s)
✔ [9044/9264] Built SafeLearning.CompleteModulesConformal (14s)
✔ [9045/9264] Built SafeLearning.CompleteFoundationsL2Models (16s)
⚠ [9046/9264] Built SafeLearning.CompleteLyapunovNonlinearModels (15s)
warning: SafeLearning/CompleteLyapunovNonlinearModels.lean:56:19: try 'simp' instead of 'simpa'

Note: This linter can be disabled with `set_option linter.unnecessarySimpa false`
warning: SafeLearning/CompleteLyapunovNonlinearModels.lean:68:4: Try `simp at hd` instead of `simpa using hd`

Note: This linter can be disabled with `set_option linter.unnecessarySimpa false`
warning: SafeLearning/CompleteLyapunovNonlinearModels.lean:58:55: Variable name `hc` is not explicitly referenced.

Hint: The binding can be removed (if unused) or named `_` (if used implicitly). Alternatively, prefix the name with `_` to silence this warning:
  [apply] _hc

Note: This linter can be disabled with `set_option linter.unusedVariables false`
warning: SafeLearning/CompleteLyapunovNonlinearModels.lean:149:7: Variable name `x` is not explicitly referenced.

Hint: The binding can be removed (if unused) or named `_` (if used implicitly). Alternatively, prefix the name with `_` to silence this warning:
  [apply] _x

Note: This linter can be disabled with `set_option linter.unusedVariables false`
warning: SafeLearning/CompleteLyapunovNonlinearModels.lean:150:7: Variable name `n` is not explicitly referenced.

Hint: The binding can be removed (if unused) or named `_` (if used implicitly). Alternatively, prefix the name with `_` to silence this warning:
  [apply] _n

Note: This linter can be disabled with `set_option linter.unusedVariables false`
✔ [9047/9264] Built SafeLearning.CompleteConformalCounterexample (16s)
✔ [9048/9264] Built SafeLearning.CompleteBarrierNonlinearComparison (13s)
✔ [9049/9264] Built SafeLearning.CompleteBarrierDiscontinuousSign (14s)
⚠ [9050/9264] Built SafeLearning.CompleteBarrierNonlinearDomainComparison (14s)
warning: SafeLearning/CompleteBarrierNonlinearDomainComparison.lean:91:2: `push_neg` has been deprecated. Prefer using `push Not` instead.
If you'd rather continue using `push_neg` in your project, you can implement it as follows:
```
open Lean.Parser.Tactic in
macro "push_neg" cfg:optConfig loc:(location)? : tactic =>
  `(tactic| push $cfg:optConfig Not $[$loc]?)
```
⚠ [9051/9264] Built SafeLearning.CompleteLyapunovExerciseModels (19s)
warning: SafeLearning/CompleteLyapunovExerciseModels.lean:63:39: `Set.mem_setOf_eq` has been deprecated: Use `Set.mem_ofPred_eq` instead
warning: SafeLearning/CompleteLyapunovExerciseModels.lean:63:39: `Set.mem_setOf_eq` has been deprecated: Use `Set.mem_ofPred_eq` instead
warning: SafeLearning/CompleteLyapunovExerciseModels.lean:116:7: Variable name `n` is not explicitly referenced.

Hint: The binding can be removed (if unused) or named `_` (if used implicitly). Alternatively, prefix the name with `_` to silence this warning:
  [apply] _n

Note: This linter can be disabled with `set_option linter.unusedVariables false`
warning: SafeLearning/CompleteLyapunovExerciseModels.lean:211:46: Used `tac1 <;> tac2` where `(tac1; tac2)` would suffice

Note: This linter can be disabled with `set_option linter.unnecessarySeqFocus false`
✔ [9052/9264] Built SafeLearning.CompleteBarrierLocalISSf (16s)
⚠ [9053/9264] Built SafeLearning.CompleteFoundationsExactPenaltyModels (21s)
warning: SafeLearning/CompleteFoundationsExactPenaltyModels.lean:41:5: Variable name `hrho` is not explicitly referenced.

Hint: The binding can be removed (if unused) or named `_` (if used implicitly). Alternatively, prefix the name with `_` to silence this warning:
  [apply] _hrho

Note: This linter can be disabled with `set_option linter.unusedVariables false`
warning: SafeLearning/CompleteFoundationsExactPenaltyModels.lean:93:93: Used `tac1 <;> tac2` where `(tac1; tac2)` would suffice

Note: This linter can be disabled with `set_option linter.unnecessarySeqFocus false`
warning: SafeLearning/CompleteFoundationsExactPenaltyModels.lean:99:66: Used `tac1 <;> tac2` where `(tac1; tac2)` would suffice

Note: This linter can be disabled with `set_option linter.unnecessarySeqFocus false`
⚠ [9054/9264] Built SafeLearning.CompleteModulesNetworks (26s)
info: SafeLearning/CompleteModulesNetworks.lean:49:29: Try this:
  [apply] ring_nf
  
  The `ring` tactic failed to close the goal. Use `ring_nf` to obtain a normal form.
    
  Note that `ring` works primarily in *commutative* rings. If you have a noncommutative ring, abelian group or module, consider using `noncomm_ring`, `abel` or `module` instead.
info: SafeLearning/CompleteModulesNetworks.lean:52:29: Try this:
  [apply] ring_nf
  
  The `ring` tactic failed to close the goal. Use `ring_nf` to obtain a normal form.
    
  Note that `ring` works primarily in *commutative* rings. If you have a noncommutative ring, abelian group or module, consider using `noncomm_ring`, `abel` or `module` instead.
warning: SafeLearning/CompleteModulesNetworks.lean:49:25: Used `tac1 <;> tac2` where `(tac1; tac2)` would suffice

Note: This linter can be disabled with `set_option linter.unnecessarySeqFocus false`
warning: SafeLearning/CompleteModulesNetworks.lean:52:25: Used `tac1 <;> tac2` where `(tac1; tac2)` would suffice

Note: This linter can be disabled with `set_option linter.unnecessarySeqFocus false`
info: SafeLearning/CompleteModulesNetworks.lean:72:29: Try this:
  [apply] ring_nf
  
  The `ring` tactic failed to close the goal. Use `ring_nf` to obtain a normal form.
    
  Note that `ring` works primarily in *commutative* rings. If you have a noncommutative ring, abelian group or module, consider using `noncomm_ring`, `abel` or `module` instead.
info: SafeLearning/CompleteModulesNetworks.lean:75:29: Try this:
  [apply] ring_nf
  
  The `ring` tactic failed to close the goal. Use `ring_nf` to obtain a normal form.
    
  Note that `ring` works primarily in *commutative* rings. If you have a noncommutative ring, abelian group or module, consider using `noncomm_ring`, `abel` or `module` instead.
warning: SafeLearning/CompleteModulesNetworks.lean:72:25: Used `tac1 <;> tac2` where `(tac1; tac2)` would suffice

Note: This linter can be disabled with `set_option linter.unnecessarySeqFocus false`
warning: SafeLearning/CompleteModulesNetworks.lean:75:25: Used `tac1 <;> tac2` where `(tac1; tac2)` would suffice

Note: This linter can be disabled with `set_option linter.unnecessarySeqFocus false`
warning: SafeLearning/CompleteModulesNetworks.lean:124:20: Used `tac1 <;> tac2` where `(tac1; tac2)` would suffice

Note: This linter can be disabled with `set_option linter.unnecessarySeqFocus false`
warning: SafeLearning/CompleteModulesNetworks.lean:140:29: `if_true` has been deprecated: Use `ite_true` instead
warning: SafeLearning/CompleteModulesNetworks.lean:140:37: `if_false` has been deprecated: Use `ite_false` instead
warning: SafeLearning/CompleteModulesNetworks.lean:140:29: `if_true` has been deprecated: Use `ite_true` instead
warning: SafeLearning/CompleteModulesNetworks.lean:140:37: `if_false` has been deprecated: Use `ite_false` instead
warning: SafeLearning/CompleteModulesNetworks.lean:140:29: `if_true` has been deprecated: Use `ite_true` instead
warning: SafeLearning/CompleteModulesNetworks.lean:140:37: `if_false` has been deprecated: Use `ite_false` instead
warning: SafeLearning/CompleteModulesNetworks.lean:140:29: `if_true` has been deprecated: Use `ite_true` instead
warning: SafeLearning/CompleteModulesNetworks.lean:140:37: `if_false` has been deprecated: Use `ite_false` instead
warning: SafeLearning/CompleteModulesNetworks.lean:127:5: Variable name `ha` is not explicitly referenced.

Hint: The binding can be removed (if unused) or named `_` (if used implicitly). Alternatively, prefix the name with `_` to silence this warning:
  [apply] _ha

Note: This linter can be disabled with `set_option linter.unusedVariables false`
✔ [9055/9264] Built SafeLearning.CompleteFoundationsAugmentedModels (22s)
⚠ [9056/9264] Built SafeLearning.CompleteFoundationsUniversalMatrices (14s)
warning: SafeLearning/CompleteFoundationsUniversalMatrices.lean:41:27: This simp argument is unused:
  Fin.sum_univ_succ

Hint: Omit it from the simp argument list.
  [apply] simp [Matrix.mul_apply, Matrix.vecMulVec]

Note: This linter can be disabled with `set_option linter.unusedSimpArgs false`
warning: SafeLearning/CompleteFoundationsUniversalMatrices.lean:43:65: This simp argument is unused:
  Fin.sum_univ_succ

Hint: Omit it from the simp argument list.
  [apply] simp [Matrix.mul_apply, Matrix.replicateRow, Matrix.replicateCol, Finset.sum_mul] at h

Note: This linter can be disabled with `set_option linter.unusedSimpArgs false`
⚠ [9057/9264] Built SafeLearning.CompleteFoundationsQuadraticForms (15s)
warning: SafeLearning/CompleteFoundationsQuadraticForms.lean:136:39: This simp argument is unused:
  Pi.star_apply

Hint: Omit it from the simp argument list.
  [apply] simp only [hH, true_and, realQuadratic, star_trivial]

Note: This linter can be disabled with `set_option linter.unusedSimpArgs false`
warning: SafeLearning/CompleteFoundationsQuadraticForms.lean:144:39: This simp argument is unused:
  Pi.star_apply

Hint: Omit it from the simp argument list.
  [apply] simp only [hH, true_and, realQuadratic, star_trivial]

Note: This linter can be disabled with `set_option linter.unusedSimpArgs false`
⚠ [9058/9264] Built SafeLearning.PrimersFoundations (66s)
warning: SafeLearning/PrimersFoundations.lean:35:46: This simp argument is unused:
  not_imp

Hint: Omit it from the simp argument list.
  [apply] simp only [not_forall, not_exists, not_and, exists_prop]

Note: This linter can be disabled with `set_option linter.unusedSimpArgs false`
warning: SafeLearning/PrimersFoundations.lean:152:2: Used `tac1 <;> tac2` where `(tac1; tac2)` would suffice

Note: This linter can be disabled with `set_option linter.unnecessarySeqFocus false`
warning: SafeLearning/PrimersFoundations.lean:248:35: Variable name `y` is not explicitly referenced.

Hint: The binding can be removed (if unused) or named `_` (if used implicitly). Alternatively, prefix the name with `_` to silence this warning:
  [apply] _y

Note: This linter can be disabled with `set_option linter.unusedVariables false`
warning: SafeLearning/PrimersFoundations.lean:399:142: This simp argument is unused:
  Pi.sub_apply

Hint: Omit it from the simp argument list.
  [apply] simp [Pi.add_apply, Pi.mul_apply, Pi.pow_apply, id_eq]

Note: This linter can be disabled with `set_option linter.unusedSimpArgs false`
warning: SafeLearning/PrimersFoundations.lean:399:155: This simp argument is unused:
  Pi.mul_apply

Hint: Omit it from the simp argument list.
  [apply] simp [Pi.add_apply, Pi.sub_apply, Pi.pow_apply, id_eq]

Note: This linter can be disabled with `set_option linter.unusedSimpArgs false`
warning: SafeLearning/PrimersFoundations.lean:399:192: this tactic is never executed

Note: This linter can be disabled with `set_option linter.unreachableTactic false`
warning: SafeLearning/PrimersFoundations.lean:399:192: Unused tactic linter: `ring` does nothing

Note: This linter can be disabled with `set_option linter.unusedTactic false`
warning: SafeLearning/PrimersFoundations.lean:404:133: This simp argument is unused:
  Pi.sub_apply

Hint: Omit it from the simp argument list.
  [apply] simp [Pi.add_apply, Pi.mul_apply, Pi.pow_apply, id_eq]

Note: This linter can be disabled with `set_option linter.unusedSimpArgs false`
warning: SafeLearning/PrimersFoundations.lean:404:146: This simp argument is unused:
  Pi.mul_apply

Hint: Omit it from the simp argument list.
  [apply] simp [Pi.add_apply, Pi.sub_apply, Pi.pow_apply, id_eq]

Note: This linter can be disabled with `set_option linter.unusedSimpArgs false`
warning: SafeLearning/PrimersFoundations.lean:409:67: This simp argument is unused:
  Pi.add_apply

Hint: Omit it from the simp argument list.
  [apply] simp [Pi.sub_apply, Pi.mul_apply, Pi.pow_apply, id_eq]

Note: This linter can be disabled with `set_option linter.unusedSimpArgs false`
warning: SafeLearning/PrimersFoundations.lean:409:93: This simp argument is unused:
  Pi.mul_apply

Hint: Omit it from the simp argument list.
  [apply] simp [Pi.add_apply, Pi.sub_apply, Pi.pow_apply, id_eq]

Note: This linter can be disabled with `set_option linter.unusedSimpArgs false`
warning: SafeLearning/PrimersFoundations.lean:409:130: this tactic is never executed

Note: This linter can be disabled with `set_option linter.unreachableTactic false`
warning: SafeLearning/PrimersFoundations.lean:409:130: Unused tactic linter: `ring` does nothing

Note: This linter can be disabled with `set_option linter.unusedTactic false`
warning: SafeLearning/PrimersFoundations.lean:487:52: Variable name `hy` is not explicitly referenced.

Hint: The binding can be removed (if unused) or named `_` (if used implicitly). Alternatively, prefix the name with `_` to silence this warning:
  [apply] _hy

Note: This linter can be disabled with `set_option linter.unusedVariables false`
warning: SafeLearning/PrimersFoundations.lean:602:9: Variable name `y` is not explicitly referenced.

Hint: The binding can be removed (if unused) or named `_` (if used implicitly). Alternatively, prefix the name with `_` to silence this warning:
  [apply] _y

Note: This linter can be disabled with `set_option linter.unusedVariables false`
warning: SafeLearning/PrimersFoundations.lean:719:5: Variable name `hfeasible` is not explicitly referenced.

Hint: The binding can be removed (if unused) or named `_` (if used implicitly). Alternatively, prefix the name with `_` to silence this warning:
  [apply] _hfeasible

Note: This linter can be disabled with `set_option linter.unusedVariables false`
⚠ [9059/9264] Built SafeLearning.CompleteFoundationsAffineRKHS (17s)
warning: SafeLearning/CompleteFoundationsAffineRKHS.lean:55:2: Try this: 
  letI̵

The goal is a proposition, so `let` is preferred over `letI`.
The difference between `let` and `letI` is that `letI` inlines the value.
But this is not relevant for proofs because of proof irrelevance.

Note: This linter can be disabled with `set_option linter.style.haveILetI false`
warning: SafeLearning/CompleteFoundationsAffineRKHS.lean:68:2: Try this: 
  letI̵

The goal is a proposition, so `let` is preferred over `letI`.
The difference between `let` and `letI` is that `letI` inlines the value.
But this is not relevant for proofs because of proof irrelevance.

Note: This linter can be disabled with `set_option linter.style.haveILetI false`
warning: SafeLearning/CompleteFoundationsAffineRKHS.lean:124:2: Try this: 
  letI̵

The goal is a proposition, so `let` is preferred over `letI`.
The difference between `let` and `letI` is that `letI` inlines the value.
But this is not relevant for proofs because of proof irrelevance.

Note: This linter can be disabled with `set_option linter.style.haveILetI false`
⚠ [9060/9264] Built SafeLearning.CompleteFoundationsDefinitenessModels (17s)
warning: SafeLearning/CompleteFoundationsDefinitenessModels.lean:152:61: Used `tac1 <;> tac2` where `(tac1; tac2)` would suffice

Note: This linter can be disabled with `set_option linter.unnecessarySeqFocus false`
warning: SafeLearning/CompleteFoundationsDefinitenessModels.lean:195:76: This simp argument is unused:
  zero_pow

Hint: Omit it from the simp argument list.
  [apply] simp only [point, PiLp.toLp_apply, Matrix.cons_val_zero, Matrix.cons_val_one, mul_zero, add_zero, zero_add,
    abs_le]

Note: This linter can be disabled with `set_option linter.unusedSimpArgs false`
warning: SafeLearning/CompleteFoundationsDefinitenessModels.lean:196:4: This simp argument is unused:
  mul_zero

Hint: Omit it from the simp argument list.
  [apply] simp only [point, PiLp.toLp_apply, Matrix.cons_val_zero, Matrix.cons_val_one, zero_pow, add_zero, zero_add,
    abs_le]

Note: This linter can be disabled with `set_option linter.unusedSimpArgs false`
warning: SafeLearning/CompleteFoundationsDefinitenessModels.lean:196:13: This simp argument is unused:
  add_zero

Hint: Omit it from the simp argument list.
  [apply] simp only [point, PiLp.toLp_apply, Matrix.cons_val_zero, Matrix.cons_val_one, zero_pow, mul_zero, zero_add,
    abs_le]

Note: This linter can be disabled with `set_option linter.unusedSimpArgs false`
warning: SafeLearning/CompleteFoundationsDefinitenessModels.lean:196:22: This simp argument is unused:
  zero_add

Hint: Omit it from the simp argument list.
  [apply] simp only [point, PiLp.toLp_apply, Matrix.cons_val_zero, Matrix.cons_val_one, zero_pow, mul_zero, add_zero,
    abs_le]

Note: This linter can be disabled with `set_option linter.unusedSimpArgs false`
⚠ [9061/9264] Built SafeLearning.CompleteAppliedLookahead (13s)
warning: SafeLearning/CompleteAppliedLookahead.lean:22:2: Try this: 
  letI̵

The goal is a proposition, so `let` is preferred over `letI`.
The difference between `let` and `letI` is that `letI` inlines the value.
But this is not relevant for proofs because of proof irrelevance.

Note: This linter can be disabled with `set_option linter.style.haveILetI false`
✔ [9062/9264] Built SafeLearning.CompleteAppliedCorrelation (15s)
⚠ [9063/9264] Built SafeLearning.CompleteFoundationsPseudoinverse (19s)
warning: SafeLearning/CompleteFoundationsPseudoinverse.lean:37:33: This simp argument is unused:
  Fin.sum_univ_succ

Hint: Omit it from the simp argument list.
  [apply] simp [sourceA, Matrix.mul_apply] at h0 h1

Note: This linter can be disabled with `set_option linter.unusedSimpArgs false`
warning: SafeLearning/CompleteFoundationsPseudoinverse.lean:44:14: Used `tac1 <;> tac2` where `(tac1; tac2)` would suffice

Note: This linter can be disabled with `set_option linter.unnecessarySeqFocus false`
warning: SafeLearning/CompleteFoundationsPseudoinverse.lean:44:30: Used `tac1 <;> tac2` where `(tac1; tac2)` would suffice

Note: This linter can be disabled with `set_option linter.unnecessarySeqFocus false`
warning: SafeLearning/CompleteFoundationsPseudoinverse.lean:73:60: Used `tac1 <;> tac2` where `(tac1; tac2)` would suffice

Note: This linter can be disabled with `set_option linter.unnecessarySeqFocus false`
warning: SafeLearning/CompleteFoundationsPseudoinverse.lean:82:33: Used `tac1 <;> tac2` where `(tac1; tac2)` would suffice

Note: This linter can be disabled with `set_option linter.unnecessarySeqFocus false`
warning: SafeLearning/CompleteFoundationsPseudoinverse.lean:152:14: Used `tac1 <;> tac2` where `(tac1; tac2)` would suffice

Note: This linter can be disabled with `set_option linter.unnecessarySeqFocus false`
warning: SafeLearning/CompleteFoundationsPseudoinverse.lean:167:45: This simp argument is unused:
  Fin.sum_univ_succ

Hint: Omit it from the simp argument list.
  [apply] simp [rowMatrix, rowPlus, Matrix.mul_apply]

Note: This linter can be disabled with `set_option linter.unusedSimpArgs false`
warning: SafeLearning/CompleteFoundationsPseudoinverse.lean:175:16: Used `tac1 <;> tac2` where `(tac1; tac2)` would suffice

Note: This linter can be disabled with `set_option linter.unnecessarySeqFocus false`
⚠ [9064/9264] Built SafeLearning.CompleteAppliedAdaptiveSigns (13s)
warning: SafeLearning/CompleteAppliedAdaptiveSigns.lean:44:56: Used `tac1 <;> tac2` where `(tac1; tac2)` would suffice

Note: This linter can be disabled with `set_option linter.unnecessarySeqFocus false`
⚠ [9065/9264] Built SafeLearning.CompleteAppliedConditionalLaw (15s)
warning: SafeLearning/CompleteAppliedConditionalLaw.lean:18:2: Try this: 
  letI̵

The goal is a proposition, so `let` is preferred over `letI`.
The difference between `let` and `letI` is that `letI` inlines the value.
But this is not relevant for proofs because of proof irrelevance.

Note: This linter can be disabled with `set_option linter.style.haveILetI false`
⚠ [9066/9264] Built SafeLearning.CompleteAppliedConditionalBounds (15s)
warning: SafeLearning/CompleteAppliedConditionalBounds.lean:13:2: Try this: 
  letI̵

The goal is a proposition, so `let` is preferred over `letI`.
The difference between `let` and `letI` is that `letI` inlines the value.
But this is not relevant for proofs because of proof irrelevance.

Note: This linter can be disabled with `set_option linter.style.haveILetI false`
⚠ [9067/9264] Built SafeLearning.CompleteModulesTheory (16s)
warning: SafeLearning/CompleteModulesTheory.lean:157:21: Used `tac1 <;> tac2` where `(tac1; tac2)` would suffice

Note: This linter can be disabled with `set_option linter.unnecessarySeqFocus false`
⚠ [9068/9264] Built SafeLearning.CompleteAppliedPolicyModel (18s)
warning: SafeLearning/CompleteAppliedPolicyModel.lean:68:102: This simp argument is unused:
  ENNReal.toReal_inv

Hint: Omit it from the simp argument list.
  [apply] simp (disch := finiteness) only [ENNReal.toReal_add, ENNReal.toReal_mul, ENNReal.toReal_div]

Note: This linter can be disabled with `set_option linter.unusedSimpArgs false`
✔ [9069/9264] Built SafeLearning.CompleteFoundationsDiscountHorizons (92s)
⚠ [9070/9264] Built SafeLearning.CompleteModulesValues (15s)
warning: SafeLearning/CompleteModulesValues.lean:89:48: `if_false` has been deprecated: Use `ite_false` instead
warning: SafeLearning/CompleteModulesValues.lean:89:57: `if_true` has been deprecated: Use `ite_true` instead
warning: SafeLearning/CompleteModulesValues.lean:82:41: Used `tac1 <;> tac2` where `(tac1; tac2)` would suffice

Note: This linter can be disabled with `set_option linter.unnecessarySeqFocus false`
✔ [9071/9264] Built SafeLearning.CompleteModulesDynamics (18s)
✔ [9072/9264] Built SafeLearning.CompleteModulesSafeExploration (18s)
⚠ [9073/9264] Built SafeLearning.CompleteFoundationsParsevalTrace (29s)
warning: SafeLearning/CompleteFoundationsParsevalTrace.lean:17:0: automatically included section variable(s) unused in theorem `SafeLearning.CompleteFoundationsParsevalTrace.actual_trace_pair_coordinates`:
  [DecidableEq M]
  [DecidableEq N]
consider restructuring your `variable` declarations so that the variables are not in scope or explicitly omit them:
  omit [DecidableEq M] [DecidableEq N] in theorem ...

Note: This linter can be disabled with `set_option linter.unusedSectionVars false`
warning: SafeLearning/CompleteFoundationsParsevalTrace.lean:27:0: automatically included section variable(s) unused in theorem `SafeLearning.CompleteFoundationsParsevalTrace.actual_symmetric_source_trace_equalities`:
  [DecidableEq M]
  [DecidableEq N]
consider restructuring your `variable` declarations so that the variables are not in scope or explicitly omit them:
  omit [DecidableEq M] [DecidableEq N] in theorem ...

Note: This linter can be disabled with `set_option linter.unusedSectionVars false`
⚠ [9074/9264] Built SafeLearning.CompleteFoundationsCalculusModels (30s)
warning: SafeLearning/CompleteFoundationsCalculusModels.lean:151:47: This simp argument is unused:
  real_inner_smul_left

Hint: Omit it from the simp argument list.
  [apply] simp [InnerProductSpace.toDual_apply_apply, ContinuousLinearMap.adjoint_inner_left, innerSL_apply_apply]

Note: This linter can be disabled with `set_option linter.unusedSimpArgs false`
warning: SafeLearning/CompleteFoundationsCalculusModels.lean:196:68: Used `tac1 <;> tac2` where `(tac1; tac2)` would suffice

Note: This linter can be disabled with `set_option linter.unnecessarySeqFocus false`
✔ [9075/9264] Built SafeLearning.CompleteAppliedTailBounds (14s)
⚠ [9076/9264] Built SafeLearning.CompleteModulesFinite (21s)
warning: SafeLearning/CompleteModulesFinite.lean:28:32: This simp argument is unused:
  Bool.true_eq

Hint: Omit it from the simp argument list.
  [apply] simp only [thermalSuccessor, ite_true]

Note: This linter can be disabled with `set_option linter.unusedSimpArgs false`
warning: SafeLearning/CompleteModulesFinite.lean:36:32: `Set.mem_setOf_eq` has been deprecated: Use `Set.mem_ofPred_eq` instead
warning: SafeLearning/CompleteModulesFinite.lean:46:32: `Set.mem_setOf_eq` has been deprecated: Use `Set.mem_ofPred_eq` instead
warning: SafeLearning/CompleteModulesFinite.lean:56:32: `Set.mem_setOf_eq` has been deprecated: Use `Set.mem_ofPred_eq` instead
warning: SafeLearning/CompleteModulesFinite.lean:67:32: `Set.mem_setOf_eq` has been deprecated: Use `Set.mem_ofPred_eq` instead
warning: SafeLearning/CompleteModulesFinite.lean:77:32: `Set.mem_setOf_eq` has been deprecated: Use `Set.mem_ofPred_eq` instead
warning: SafeLearning/CompleteModulesFinite.lean:94:52: Used `tac1 <;> tac2` where `(tac1; tac2)` would suffice

Note: This linter can be disabled with `set_option linter.unnecessarySeqFocus false`
warning: SafeLearning/CompleteModulesFinite.lean:135:60: Used `tac1 <;> tac2` where `(tac1; tac2)` would suffice

Note: This linter can be disabled with `set_option linter.unnecessarySeqFocus false`
warning: SafeLearning/CompleteModulesFinite.lean:138:60: Used `tac1 <;> tac2` where `(tac1; tac2)` would suffice

Note: This linter can be disabled with `set_option linter.unnecessarySeqFocus false`
✔ [9077/9264] Built SafeLearning.CompleteProjectionDifferential (16s)
⚠ [9078/9264] Built SafeLearning.CompleteModulesKernel (24s)
warning: SafeLearning/CompleteModulesKernel.lean:315:8: this tactic is never executed

Note: This linter can be disabled with `set_option linter.unreachableTactic false`
warning: SafeLearning/CompleteModulesKernel.lean:315:8: Unused tactic linter: `ring` does nothing

Note: This linter can be disabled with `set_option linter.unusedTactic false`
✔ [9079/9264] Built SafeLearning.CompleteAppliedSampling (17s)
✔ [9080/9264] Built SafeLearning.CompleteProjectionGeometry (17s)
⚠ [9081/9264] Built SafeLearning.CompleteAppliedElementary (22s)
warning: SafeLearning/CompleteAppliedElementary.lean:12:38: Used `tac1 <;> tac2` where `(tac1; tac2)` would suffice

Note: This linter can be disabled with `set_option linter.unnecessarySeqFocus false`
warning: SafeLearning/CompleteAppliedElementary.lean:85:62: Used `tac1 <;> tac2` where `(tac1; tac2)` would suffice

Note: This linter can be disabled with `set_option linter.unnecessarySeqFocus false`
warning: SafeLearning/CompleteAppliedElementary.lean:158:66: Used `tac1 <;> tac2` where `(tac1; tac2)` would suffice

Note: This linter can be disabled with `set_option linter.unnecessarySeqFocus false`
⚠ [9082/9264] Built SafeLearning.CompleteModulesBook (26s)
warning: SafeLearning/CompleteModulesBook.lean:119:29: Used `tac1 <;> tac2` where `(tac1; tac2)` would suffice

Note: This linter can be disabled with `set_option linter.unnecessarySeqFocus false`
⚠ [9083/9264] Built SafeLearning.CompleteAppliedExercises (20s)
warning: SafeLearning/CompleteAppliedExercises.lean:69:5: Variable name `h1` is not explicitly referenced.

Hint: The binding can be removed (if unused) or named `_` (if used implicitly). Alternatively, prefix the name with `_` to silence this warning:
  [apply] _h1

Note: This linter can be disabled with `set_option linter.unusedVariables false`
warning: SafeLearning/CompleteAppliedExercises.lean:96:15: This simp argument is unused:
  hn1

Hint: Omit it from the simp argument list.
  [apply] simp [hn, finiteTrajectoryReward]

Note: This linter can be disabled with `set_option linter.unusedSimpArgs false`
warning: SafeLearning/CompleteAppliedExercises.lean:128:43: Variable name `i` is not explicitly referenced.

Hint: The binding can be removed (if unused) or named `_` (if used implicitly). Alternatively, prefix the name with `_` to silence this warning:
  [apply] _i

Note: This linter can be disabled with `set_option linter.unusedVariables false`
✔ [9084/9264] Built SafeLearning.CompleteFoundationsFiniteReachability (104s)
✔ [9085/9264] Built SafeLearning.CompleteModulesGeneralRoesserSignals (19s)
✔ [9086/9264] Built SafeLearning.CompleteModulesFIRBoundaryTightness (18s)
✔ [9087/9264] Built SafeLearning.CompleteModulesSLLExampleDetails (13s)
✔ [9088/9264] Built SafeLearning.CompleteAppliedProbabilityModel (24s)
⚠ [9089/9264] Built SafeLearning.CompleteCoreMaterialLimits (16s)
warning: SafeLearning/CompleteCoreMaterialLimits.lean:36:56: `if_neg` has been deprecated: Use `ite_eq_right` instead
warning: SafeLearning/CompleteCoreMaterialLimits.lean:31:60: Used `tac1 <;> tac2` where `(tac1; tac2)` would suffice

Note: This linter can be disabled with `set_option linter.unnecessarySeqFocus false`
✔ [9090/9264] Built SafeLearning.CompleteAlternatingCMDP (16s)
⚠ [9091/9264] Built SafeLearning.CompleteAppliedDynamics (31s)
info: SafeLearning/CompleteAppliedDynamics.lean:148:59: Try this:
  [apply] ring_nf
  
  The `ring` tactic failed to close the goal. Use `ring_nf` to obtain a normal form.
    
  Note that `ring` works primarily in *commutative* rings. If you have a noncommutative ring, abelian group or module, consider using `noncomm_ring`, `abel` or `module` instead.
warning: SafeLearning/CompleteAppliedDynamics.lean:137:32: This simp argument is unused:
  Pi.sub_apply

Hint: Omit it from the simp argument list.
  [apply] simp only [g, Pi.mul_apply, Pi.div_apply, id_eq]

Note: This linter can be disabled with `set_option linter.unusedSimpArgs false`
warning: SafeLearning/CompleteAppliedDynamics.lean:137:45: This simp argument is unused:
  Pi.div_apply

Hint: Omit it from the simp argument list.
  [apply] simp only [g, Pi.mul_apply, Pi.sub_apply, id_eq]

Note: This linter can be disabled with `set_option linter.unusedSimpArgs false`
warning: SafeLearning/CompleteAppliedDynamics.lean:137:65: Used `tac1 <;> tac2` where `(tac1; tac2)` would suffice

Note: This linter can be disabled with `set_option linter.unnecessarySeqFocus false`
warning: SafeLearning/CompleteAppliedDynamics.lean:148:55: Used `tac1 <;> tac2` where `(tac1; tac2)` would suffice

Note: This linter can be disabled with `set_option linter.unnecessarySeqFocus false`
warning: SafeLearning/CompleteAppliedDynamics.lean:236:61: Used `tac1 <;> tac2` where `(tac1; tac2)` would suffice

Note: This linter can be disabled with `set_option linter.unnecessarySeqFocus false`
warning: SafeLearning/CompleteAppliedDynamics.lean:246:61: Used `tac1 <;> tac2` where `(tac1; tac2)` would suffice

Note: This linter can be disabled with `set_option linter.unnecessarySeqFocus false`
info: SafeLearning/CompleteAppliedDynamics.lean:307:65: Try this:
  [apply] ring_nf
  
  The `ring` tactic failed to close the goal. Use `ring_nf` to obtain a normal form.
    
  Note that `ring` works primarily in *commutative* rings. If you have a noncommutative ring, abelian group or module, consider using `noncomm_ring`, `abel` or `module` instead.
warning: SafeLearning/CompleteAppliedDynamics.lean:307:61: Used `tac1 <;> tac2` where `(tac1; tac2)` would suffice

Note: This linter can be disabled with `set_option linter.unnecessarySeqFocus false`
⚠ [9092/9264] Built SafeLearning.CompleteModulesRoesserPadding (25s)
warning: SafeLearning/CompleteModulesRoesserPadding.lean:17:0: automatically included section variable(s) unused in theorem `SafeLearning.CompleteModulesRoesserPadding.actual_roesser_output_equals_literal_double_convolution`:
  [Fintype O]
  [DecidableEq I]
  [DecidableEq O]
consider restructuring your `variable` declarations so that the variables are not in scope or explicitly omit them:
  omit [Fintype O] [DecidableEq I] [DecidableEq O] in theorem ...

Note: This linter can be disabled with `set_option linter.unusedSectionVars false`
warning: SafeLearning/CompleteModulesRoesserPadding.lean:29:0: automatically included section variable(s) unused in theorem `SafeLearning.CompleteModulesRoesserPadding.actual_previous_zero_signal_is_zero`:
  [Fintype O]
  [DecidableEq O]
consider restructuring your `variable` declarations so that the variables are not in scope or explicitly omit them:
  omit [Fintype O] [DecidableEq O] in theorem ...

Note: This linter can be disabled with `set_option linter.unusedSectionVars false`
✔ [9093/9264] Built SafeLearning.CompleteModulesFIRInfinite (13s)
⚠ [9094/9264] Built SafeLearning.CompleteDuality (17s)
warning: SafeLearning/CompleteDuality.lean:208:2: Try this: 
  letI̵

The goal is a proposition, so `let` is preferred over `letI`.
The difference between `let` and `letI` is that `letI` inlines the value.
But this is not relevant for proofs because of proof irrelevance.

Note: This linter can be disabled with `set_option linter.style.haveILetI false`
warning: SafeLearning/CompleteDuality.lean:232:2: Try this: 
  letI̵

The goal is a proposition, so `let` is preferred over `letI`.
The difference between `let` and `letI` is that `letI` inlines the value.
But this is not relevant for proofs because of proof irrelevance.

Note: This linter can be disabled with `set_option linter.style.haveILetI false`
warning: SafeLearning/CompleteDuality.lean:320:8: This simp argument is unused:
  Function.comp_def

Hint: Omit it from the simp argument list.
  [apply] simp [walk_dual_abs_form]

Note: This linter can be disabled with `set_option linter.unusedSimpArgs false`
warning: SafeLearning/CompleteDuality.lean:351:39: this tactic is never executed

Note: This linter can be disabled with `set_option linter.unreachableTactic false`
warning: SafeLearning/CompleteDuality.lean:351:39: Unused tactic linter: `ring` does nothing

Note: This linter can be disabled with `set_option linter.unusedTactic false`
⚠ [9095/9264] Built SafeLearning.CompleteModulesCayleyRange (15s)
warning: SafeLearning/CompleteModulesCayleyRange.lean:39:42: This simp argument is unused:
  Matrix.one_apply

Hint: Omit it from the simp argument list.
  [apply] simp [ha, hb, hc, hd]

Note: This linter can be disabled with `set_option linter.unusedSimpArgs false`
⚠ [9096/9264] Built SafeLearning.CompleteModulesFIRParameterization (14s)
warning: SafeLearning/CompleteModulesFIRParameterization.lean:22:2: try 'simp' instead of 'simpa'

Note: This linter can be disabled with `set_option linter.unnecessarySimpa false`
warning: SafeLearning/CompleteModulesFIRParameterization.lean:44:38: This simp argument is unused:
  Matrix.replicateRow_apply

Hint: Omit it from the simp argument list.
  [apply] simp [actualUnitRow, actualParameterUnitVector, actualParameterFactor, actualFIRKernelRow,
    actualParameterizedCurrentKernel, actualParameterizedDelayedKernel, Matrix.mul_apply, Fin.sum_univ_two]

Note: This linter can be disabled with `set_option linter.unusedSimpArgs false`
✔ [9097/9264] Built SafeLearning.CoreAnalysis (19s)
✔ [9098/9264] Built SafeLearning.CompleteLyapunovNormBridges (15s)
✔ [9099/9264] Built SafeLearning.CompletePolicyPracticeConsequences (25s)
⚠ [9100/9264] Built SafeLearning.CompleteModulesDynamicLayerSoundness (13s)
warning: SafeLearning/CompleteModulesDynamicLayerSoundness.lean:23:0: automatically included section variable(s) unused in theorem `SafeLearning.CompleteModulesDynamicLayerSoundness.actual_dynamic_preactivation_difference_cancels_bias`:
  [Fintype O]
  [DecidableEq O]
consider restructuring your `variable` declarations so that the variables are not in scope or explicitly omit them:
  omit [Fintype O] [DecidableEq O] in theorem ...

Note: This linter can be disabled with `set_option linter.unusedSectionVars false`
⚠ [9101/9264] Built SafeLearning.CompleteModulesTwoByTwoNSD (14s)
warning: SafeLearning/CompleteModulesTwoByTwoNSD.lean:23:67: this tactic is never executed

Note: This linter can be disabled with `set_option linter.unreachableTactic false`
warning: SafeLearning/CompleteModulesTwoByTwoNSD.lean:39:69: this tactic is never executed

Note: This linter can be disabled with `set_option linter.unreachableTactic false`
warning: SafeLearning/CompleteModulesTwoByTwoNSD.lean:22:44: Used `tac1 <;> tac2` where `(tac1; tac2)` would suffice

Note: This linter can be disabled with `set_option linter.unnecessarySeqFocus false`
warning: SafeLearning/CompleteModulesTwoByTwoNSD.lean:44:28: Used `tac1 <;> tac2` where `(tac1; tac2)` would suffice

Note: This linter can be disabled with `set_option linter.unnecessarySeqFocus false`
warning: SafeLearning/CompleteModulesTwoByTwoNSD.lean:23:67: Unused tactic linter: `ring` does nothing

Note: This linter can be disabled with `set_option linter.unusedTactic false`
warning: SafeLearning/CompleteModulesTwoByTwoNSD.lean:39:69: Unused tactic linter: `ring` does nothing

Note: This linter can be disabled with `set_option linter.unusedTactic false`
⚠ [9102/9264] Built SafeLearning.CompleteModulesLipSDPConvex (18s)
warning: SafeLearning/CompleteModulesLipSDPConvex.lean:14:0: automatically included section variable(s) unused in theorem `SafeLearning.CompleteModulesLipSDPConvex.actual_block_certificate_is_affine`:
  [Fintype I]
consider restructuring your `variable` declarations so that the variables are not in scope or explicitly omit them:
  omit [Fintype I] in theorem ...

Note: This linter can be disabled with `set_option linter.unusedSectionVars false`
warning: SafeLearning/CompleteModulesLipSDPConvex.lean:35:74: This simp argument is unused:
  Matrix.sub_apply

Hint: Omit it from the simp argument list.
  [apply] simp [Matrix.fromBlocks, Matrix.smul_apply, Matrix.add_apply]

Note: This linter can be disabled with `set_option linter.unusedSimpArgs false`
warning: SafeLearning/CompleteModulesLipSDPConvex.lean:37:65: This simp argument is unused:
  Matrix.sub_apply

Hint: Omit it from the simp argument list.
  [apply] simp [Matrix.fromBlocks, Matrix.smul_apply, Matrix.add_apply]

Note: This linter can be disabled with `set_option linter.unusedSimpArgs false`
warning: SafeLearning/CompleteModulesLipSDPConvex.lean:78:0: automatically included section variable(s) unused in theorem `SafeLearning.CompleteModulesLipSDPConvex.diagonal_multiplier_cone_is_convex`:
  [Fintype K]
  [DecidableEq K]
consider restructuring your `variable` declarations so that the variables are not in scope or explicitly omit them:
  omit [Fintype K] [DecidableEq K] in theorem ...

Note: This linter can be disabled with `set_option linter.unusedSectionVars false`
⚠ [9103/9264] Built SafeLearning.CompleteModulesDiagonalQC (16s)
warning: SafeLearning/CompleteModulesDiagonalQC.lean:58:0: automatically included section variable(s) unused in theorem `SafeLearning.CompleteModulesDiagonalQC.diagonal_qc_from_actual_activations`:
  [DecidableEq K]
consider restructuring your `variable` declarations so that the variables are not in scope or explicitly omit them:
  omit [DecidableEq K] in theorem ...

Note: This linter can be disabled with `set_option linter.unusedSectionVars false`
warning: SafeLearning/CompleteModulesDiagonalQC.lean:115:28: This simp argument is unused:
  Matrix.fromCols_mulVec_sumElim

Hint: Omit it from the simp argument list.
  [apply] simp [diagonalQC, scalarQC]

Note: This linter can be disabled with `set_option linter.unusedSimpArgs false`
⚠ [9104/9264] Built SafeLearning.CompleteModulesLipSDPProduct (16s)
warning: SafeLearning/CompleteModulesLipSDPProduct.lean:15:0: automatically included section variable(s) unused in theorem `SafeLearning.CompleteModulesLipSDPProduct.actual_spectral_matrix_gain`:
  [DecidableEq K]
consider restructuring your `variable` declarations so that the variables are not in scope or explicitly omit them:
  omit [DecidableEq K] in theorem ...

Note: This linter can be disabled with `set_option linter.unusedSectionVars false`
warning: SafeLearning/CompleteModulesLipSDPProduct.lean:19:0: automatically included section variable(s) unused in theorem `SafeLearning.CompleteModulesLipSDPProduct.slope_restricted_hidden_nonexpansive`:
  [DecidableEq K]
consider restructuring your `variable` declarations so that the variables are not in scope or explicitly omit them:
  omit [DecidableEq K] in theorem ...

Note: This linter can be disabled with `set_option linter.unusedSectionVars false`
warning: SafeLearning/CompleteModulesLipSDPProduct.lean:70:0: automatically included section variable(s) unused in theorem `SafeLearning.CompleteModulesLipSDPProduct.layer_certificate_is_product_matrix`:
  [Fintype I]
  [DecidableEq O]
consider restructuring your `variable` declarations so that the variables are not in scope or explicitly omit them:
  omit [Fintype I] [DecidableEq O] in theorem ...

Note: This linter can be disabled with `set_option linter.unusedSectionVars false`
warning: SafeLearning/CompleteModulesLipSDPProduct.lean:82:69: Used `tac1 <;> tac2` where `(tac1; tac2)` would suffice

Note: This linter can be disabled with `set_option linter.unnecessarySeqFocus false`
warning: SafeLearning/CompleteModulesLipSDPProduct.lean:84:0: automatically included section variable(s) unused in theorem `SafeLearning.CompleteModulesLipSDPProduct.product_certificate_is_hermitian`:
  [Fintype I]
  [Fintype K]
  [DecidableEq O]
consider restructuring your `variable` declarations so that the variables are not in scope or explicitly omit them:
  omit [Fintype I] [Fintype K] [DecidableEq O] in theorem ...

Note: This linter can be disabled with `set_option linter.unusedSectionVars false`
warning: SafeLearning/CompleteModulesLipSDPProduct.lean:105:49: This simp argument is unused:
  zero_sub

Hint: Omit it from the simp argument list.
  [apply] simp only [Matrix.fromCols_mulVec_sumElim, Matrix.zero_mulVec, Matrix.one_mulVec, zero_add, add_zero,
    mul_zero, zero_mul, zero_add, zero_add, zero_mul]

Note: This linter can be disabled with `set_option linter.unusedSimpArgs false`
warning: SafeLearning/CompleteModulesLipSDPProduct.lean:107:13: This simp argument is unused:
  mul_add

Hint: Omit it from the simp argument list.
  [apply] simp only [mul_sub, Finset.mul_sum, Finset.sum_add_distrib, Finset.sum_sub_distrib]

Note: This linter can be disabled with `set_option linter.unusedSimpArgs false`
warning: SafeLearning/CompleteModulesLipSDPProduct.lean:107:44: This simp argument is unused:
  Finset.sum_add_distrib

Hint: Omit it from the simp argument list.
  [apply] simp only [mul_add, mul_sub, Finset.mul_sum, Finset.sum_sub_distrib]

Note: This linter can be disabled with `set_option linter.unusedSimpArgs false`
⚠ [9105/9264] Built SafeLearning.CompleteModulesSLLConsequences (15s)
warning: SafeLearning/CompleteModulesSLLConsequences.lean:81:0: automatically included section variable(s) unused in theorem `SafeLearning.CompleteModulesSLLConsequences.actual_majorizer_diagonal_is_nonnegative`:
  [DecidableEq N]
consider restructuring your `variable` declarations so that the variables are not in scope or explicitly omit them:
  omit [DecidableEq N] in theorem ...

Note: This linter can be disabled with `set_option linter.unusedSectionVars false`
warning: SafeLearning/CompleteModulesSLLConsequences.lean:89:0: automatically included section variable(s) unused in theorem `SafeLearning.CompleteModulesSLLConsequences.actual_majorizer_diagonal_is_positive_for_nonzero_column`:
  [DecidableEq N]
consider restructuring your `variable` declarations so that the variables are not in scope or explicitly omit them:
  omit [DecidableEq N] in theorem ...

Note: This linter can be disabled with `set_option linter.unusedSectionVars false`
⚠ [9106/9264] Built SafeLearning.CompleteModulesBarrierSoundness (15s)
warning: SafeLearning/CompleteModulesBarrierSoundness.lean:23:0: automatically included section variable(s) unused in theorem `SafeLearning.CompleteModulesBarrierSoundness.actual_barrier_reassociates_to_output_schur_block`:
  [Fintype I]
  [Fintype O]
consider restructuring your `variable` declarations so that the variables are not in scope or explicitly omit them:
  omit [Fintype I] [Fintype O] in theorem ...

Note: This linter can be disabled with `set_option linter.unusedSectionVars false`
warning: SafeLearning/CompleteModulesBarrierSoundness.lean:34:21: This simp argument is unused:
  Matrix.conjTranspose_apply

Hint: Omit it from the simp argument list.
  [apply] simp [barrierMatrix, leadingBarrierBlock, outputBarrierCross, Matrix.submatrix_apply, Equiv.sumAssoc]

Note: This linter can be disabled with `set_option linter.unusedSimpArgs false`
warning: SafeLearning/CompleteModulesBarrierSoundness.lean:36:0: automatically included section variable(s) unused in theorem `SafeLearning.CompleteModulesBarrierSoundness.actual_barrier_schur_complement_is_negative_lipsdp_certificate`:
  [Fintype I]
consider restructuring your `variable` declarations so that the variables are not in scope or explicitly omit them:
  omit [Fintype I] in theorem ...

Note: This linter can be disabled with `set_option linter.unusedSectionVars false`
warning: SafeLearning/CompleteModulesBarrierSoundness.lean:43:53: This simp argument is unused:
  Matrix.inv_def

Hint: Omit it from the simp argument list.
  [apply] simp

Note: This linter can be disabled with `set_option linter.unusedSimpArgs false`
warning: SafeLearning/CompleteModulesBarrierSoundness.lean:47:55: This simp argument is unused:
  Matrix.conjTranspose_conjTranspose

Hint: Omit it from the simp argument list.
  [apply] simp only [Matrix.conjTranspose_fromRows_eq_fromCols_conjTranspose, Matrix.fromRows_mul_fromCols,
    Matrix.conjTranspose_zero, Matrix.conjTranspose_neg, Matrix.zero_mul, Matrix.mul_zero, neg_mul_neg, mul_zero,
    zero_mul, zero_smul, zero_sub, zero_add, one_smul]

Note: This linter can be disabled with `set_option linter.unusedSimpArgs false`
warning: SafeLearning/CompleteModulesBarrierSoundness.lean:48:36: This simp argument is unused:
  neg_mul_neg

Hint: Omit it from the simp argument list.
  [apply] simp only [Matrix.conjTranspose_fromRows_eq_fromCols_conjTranspose, Matrix.fromRows_mul_fromCols,
    Matrix.conjTranspose_zero, Matrix.conjTranspose_neg, Matrix.conjTranspose_conjTranspose, Matrix.zero_mul,
    Matrix.mul_zero, mul_zero, zero_mul, zero_smul, zero_sub, zero_add, one_smul]

Note: This linter can be disabled with `set_option linter.unusedSimpArgs false`
warning: SafeLearning/CompleteModulesBarrierSoundness.lean:51:31: Used `tac1 <;> tac2` where `(tac1; tac2)` would suffice

Note: This linter can be disabled with `set_option linter.unnecessarySeqFocus false`
warning: SafeLearning/CompleteModulesBarrierSoundness.lean:58:2: Try this: 
  letI̵

The goal is a proposition, so `let` is preferred over `letI`.
The difference between `let` and `letI` is that `letI` inlines the value.
But this is not relevant for proofs because of proof irrelevance.

Note: This linter can be disabled with `set_option linter.style.haveILetI false`
warning: SafeLearning/CompleteModulesBarrierSoundness.lean:65:0: automatically included section variable(s) unused in theorem `SafeLearning.CompleteModulesBarrierSoundness.actual_positive_barrier_has_positive_diagonal_multiplier`:
  [Fintype I]
  [Fintype O]
consider restructuring your `variable` declarations so that the variables are not in scope or explicitly omit them:
  omit [Fintype I] [Fintype O] in theorem ...

Note: This linter can be disabled with `set_option linter.unusedSectionVars false`
warning: SafeLearning/CompleteModulesBarrierSoundness.lean:72:22: This simp argument is unused:
  Matrix.diagonal_apply

Hint: Omit it from the simp argument list.
  [apply] simp [barrierMatrix] at h

Note: This linter can be disabled with `set_option linter.unusedSimpArgs false`
⚠ [9107/9264] Built SafeLearning.CompleteModulesScalarBoundedReal (16s)
warning: SafeLearning/CompleteModulesScalarBoundedReal.lean:101:36: Used `tac1 <;> tac2` where `(tac1; tac2)` would suffice

Note: This linter can be disabled with `set_option linter.unnecessarySeqFocus false`
warning: SafeLearning/CompleteModulesScalarBoundedReal.lean:102:36: Used `tac1 <;> tac2` where `(tac1; tac2)` would suffice

Note: This linter can be disabled with `set_option linter.unnecessarySeqFocus false`
⚠ [9108/9264] Built SafeLearning.CompleteModulesBarrierTraining (16s)
warning: SafeLearning/CompleteModulesBarrierTraining.lean:29:6: This simp argument is unused:
  Matrix.diagonal_mul

Hint: Omit it from the simp argument list.
  [apply] simp [actualTrainingMatrix, barrierMatrix, Matrix.mul_apply, Matrix.diagonal_apply, Matrix.mul_diagonal,
    Matrix.transpose_apply]

Note: This linter can be disabled with `set_option linter.unusedSimpArgs false`
warning: SafeLearning/CompleteModulesBarrierTraining.lean:29:26: This simp argument is unused:
  Matrix.mul_diagonal

Hint: Omit it from the simp argument list.
  [apply] simp [actualTrainingMatrix, barrierMatrix, Matrix.mul_apply, Matrix.diagonal_apply, Matrix.diagonal_mul,
    Matrix.transpose_apply]

Note: This linter can be disabled with `set_option linter.unusedSimpArgs false`
warning: SafeLearning/CompleteModulesBarrierTraining.lean:30:23: This simp argument is unused:
  Matrix.transpose

Hint: Omit it from the simp argument list.
  [apply] simp [scalarWeight, Matrix.mul_apply, Matrix.diagonal_apply, Pi.mul_apply]

Note: This linter can be disabled with `set_option linter.unusedSimpArgs false`
warning: SafeLearning/CompleteModulesBarrierTraining.lean:30:40: This simp argument is unused:
  Matrix.mul_apply

Hint: Omit it from the simp argument list.
  [apply] simp [scalarWeight, Matrix.transpose, Matrix.diagonal_apply, Pi.mul_apply]

Note: This linter can be disabled with `set_option linter.unusedSimpArgs false`
warning: SafeLearning/CompleteModulesBarrierTraining.lean:30:57: This simp argument is unused:
  Matrix.diagonal_apply

Hint: Omit it from the simp argument list.
  [apply] simp [scalarWeight, Matrix.transpose, Matrix.mul_apply, Pi.mul_apply]

Note: This linter can be disabled with `set_option linter.unusedSimpArgs false`
warning: SafeLearning/CompleteModulesBarrierTraining.lean:30:79: This simp argument is unused:
  Pi.mul_apply

Hint: Omit it from the simp argument list.
  [apply] simp [scalarWeight, Matrix.transpose, Matrix.mul_apply, Matrix.diagonal_apply]

Note: This linter can be disabled with `set_option linter.unusedSimpArgs false`
warning: SafeLearning/CompleteModulesBarrierTraining.lean:39:47: This simp argument is unused:
  Fin.sum_univ_one

Hint: Omit it from the simp argument list.
  [apply] simp [actualTrainingMatrix, barrierMatrix, dotProduct, Matrix.mulVec, Matrix.mul_apply, Fintype.sum_sum_type,
    Matrix.diagonal_apply, Matrix.diagonal_mul, Matrix.mul_diagonal, Matrix.transpose_apply]

Note: This linter can be disabled with `set_option linter.unusedSimpArgs false`
warning: SafeLearning/CompleteModulesBarrierTraining.lean:40:4: This simp argument is unused:
  Matrix.diagonal_mul

Hint: Omit it from the simp argument list.
  [apply] simp [actualTrainingMatrix, barrierMatrix, dotProduct, Matrix.mulVec, Matrix.mul_apply, Fintype.sum_sum_type,
    Matrix.diagonal_apply, Fin.sum_univ_one, Matrix.mul_diagonal, Matrix.transpose_apply]

Note: This linter can be disabled with `set_option linter.unusedSimpArgs false`
warning: SafeLearning/CompleteModulesBarrierTraining.lean:40:24: This simp argument is unused:
  Matrix.mul_diagonal

Hint: Omit it from the simp argument list.
  [apply] simp [actualTrainingMatrix, barrierMatrix, dotProduct, Matrix.mulVec, Matrix.mul_apply, Fintype.sum_sum_type,
    Matrix.diagonal_apply, Fin.sum_univ_one, Matrix.diagonal_mul, Matrix.transpose_apply]

Note: This linter can be disabled with `set_option linter.unusedSimpArgs false`
warning: SafeLearning/CompleteModulesBarrierTraining.lean:41:21: This simp argument is unused:
  Matrix.transpose

Hint: Omit it from the simp argument list.
  [apply] simp [scalarWeight, Matrix.mul_apply, Matrix.diagonal_apply, Pi.mul_apply]

Note: This linter can be disabled with `set_option linter.unusedSimpArgs false`
warning: SafeLearning/CompleteModulesBarrierTraining.lean:41:38: This simp argument is unused:
  Matrix.mul_apply

Hint: Omit it from the simp argument list.
  [apply] simp [scalarWeight, Matrix.transpose, Matrix.diagonal_apply, Pi.mul_apply]

Note: This linter can be disabled with `set_option linter.unusedSimpArgs false`
warning: SafeLearning/CompleteModulesBarrierTraining.lean:41:55: This simp argument is unused:
  Matrix.diagonal_apply

Hint: Omit it from the simp argument list.
  [apply] simp [scalarWeight, Matrix.transpose, Matrix.mul_apply, Pi.mul_apply]

Note: This linter can be disabled with `set_option linter.unusedSimpArgs false`
warning: SafeLearning/CompleteModulesBarrierTraining.lean:41:77: This simp argument is unused:
  Pi.mul_apply

Hint: Omit it from the simp argument list.
  [apply] simp [scalarWeight, Matrix.transpose, Matrix.mul_apply, Matrix.diagonal_apply]

Note: This linter can be disabled with `set_option linter.unusedSimpArgs false`
✔ [9109/9264] Built SafeLearning.CompleteFoundationsRates (12s)
✔ [9110/9264] Built SafeLearning.CompleteBarrierVectorChainRule (15s)
⚠ [9111/9264] Built SafeLearning.CompleteFoundationsCholeskyCost (18s)
warning: SafeLearning/CompleteFoundationsCholeskyCost.lean:64:26: `if_neg` has been deprecated: Use `ite_eq_right` instead
warning: SafeLearning/CompleteFoundationsCholeskyCost.lean:74:8: `if_neg` has been deprecated: Use `ite_eq_right` instead
warning: SafeLearning/CompleteFoundationsCholeskyCost.lean:76:15: `if_pos` has been deprecated: Use `ite_eq_left` instead
warning: SafeLearning/CompleteFoundationsCholeskyCost.lean:76:15: This simp argument is unused:
  if_pos rfl

Hint: Omit it from the simp argument list.
  [apply] simp only

Note: This linter can be disabled with `set_option linter.unusedSimpArgs false`
warning: SafeLearning/CompleteFoundationsCholeskyCost.lean:101:59: `Fin.coe_castLE` has been deprecated: Use `Fin.val_castLE` instead
warning: SafeLearning/CompleteFoundationsCholeskyCost.lean:140:2: Used `tac1 <;> tac2` where `(tac1; tac2)` would suffice

Note: This linter can be disabled with `set_option linter.unnecessarySeqFocus false`
✔ [9112/9264] Built SafeLearning.CompleteFoundationsVectorModels (15s)
⚠ [9113/9264] Built SafeLearning.CompleteFoundationsCongruence (17s)
warning: SafeLearning/CompleteFoundationsCongruence.lean:168:16: Used `tac1 <;> tac2` where `(tac1; tac2)` would suffice

Note: This linter can be disabled with `set_option linter.unnecessarySeqFocus false`
⚠ [9114/9264] Built SafeLearning.CompleteFoundationsSequences (16s)
warning: SafeLearning/CompleteFoundationsSequences.lean:141:6: This simp argument is unused:
  one_mul

Hint: Omit it from the simp argument list.
  [apply] simp only [multiplicativeAlternation, pow_succ, pow_mul, neg_one_sq, one_pow, mul_neg_one]

Note: This linter can be disabled with `set_option linter.unusedSimpArgs false`
⚠ [9115/9264] Built SafeLearning.CompleteFoundationsModelErrors (17s)
warning: SafeLearning/CompleteFoundationsModelErrors.lean:62:2: try 'simp' instead of 'simpa'

Note: This linter can be disabled with `set_option linter.unnecessarySimpa false`
✔ [9116/9264] Built SafeLearning.CompleteFoundationsBlockModels (19s)
✔ [9117/9264] Built SafeLearning.CompleteFoundationsLimits (18s)
⚠ [9118/9264] Built SafeLearning.CompleteFoundationsTeaching (19s)
warning: SafeLearning/CompleteFoundationsTeaching.lean:70:34: `Set.mem_setOf_eq` has been deprecated: Use `Set.mem_ofPred_eq` instead
warning: SafeLearning/CompleteFoundationsTeaching.lean:70:77: This simp argument is unused:
  not_imp

Hint: Omit it from the simp argument list.
  [apply] simp only [mem_compl_iff, mem_setOf_eq, not_exists, not_and, not_forall, not_not, exists_prop]

Note: This linter can be disabled with `set_option linter.unusedSimpArgs false`
✔ [9119/9264] Built SafeLearning.CompleteFoundationsLessonSeries (15s)
⚠ [9120/9264] Built SafeLearning.CompleteFoundationsLogic (20s)
warning: SafeLearning/CompleteFoundationsLogic.lean:15:70: This simp argument is unused:
  not_imp

Hint: Omit it from the simp argument list.
  [apply] simp only [not_forall, not_le, not_exists, not_and, not_lt, exists_prop]

Note: This linter can be disabled with `set_option linter.unusedSimpArgs false`
warning: SafeLearning/CompleteFoundationsLogic.lean:250:5: Variable name `ha` is not explicitly referenced.

Hint: The binding can be removed (if unused) or named `_` (if used implicitly). Alternatively, prefix the name with `_` to silence this warning:
  [apply] _ha

Note: This linter can be disabled with `set_option linter.unusedVariables false`
⚠ [9121/9264] Built SafeLearning.CompleteFoundationsGeometry (23s)
warning: SafeLearning/CompleteFoundationsGeometry.lean:48:21: this tactic is never executed

Note: This linter can be disabled with `set_option linter.unreachableTactic false`
warning: SafeLearning/CompleteFoundationsGeometry.lean:48:21: Unused tactic linter: `ring` does nothing

Note: This linter can be disabled with `set_option linter.unusedTactic false`
warning: SafeLearning/CompleteFoundationsGeometry.lean:87:0: automatically included section variable(s) unused in theorem `SafeLearning.CompleteFoundationsGeometry.reverse_triangle_general`:
  [NormedSpace ℝ E]
consider restructuring your `variable` declarations so that the variables are not in scope or explicitly omit them:
  omit [NormedSpace ℝ E] in theorem ...

Note: This linter can be disabled with `set_option linter.unusedSectionVars false`
warning: SafeLearning/CompleteFoundationsGeometry.lean:88:0: automatically included section variable(s) unused in theorem `SafeLearning.CompleteFoundationsGeometry.norm_vanishes_iff`:
  [NormedSpace ℝ E]
consider restructuring your `variable` declarations so that the variables are not in scope or explicitly omit them:
  omit [NormedSpace ℝ E] in theorem ...

Note: This linter can be disabled with `set_option linter.unusedSectionVars false`
warning: SafeLearning/CompleteFoundationsGeometry.lean:90:0: automatically included section variable(s) unused in theorem `SafeLearning.CompleteFoundationsGeometry.norm_triangle`:
  [NormedSpace ℝ E]
consider restructuring your `variable` declarations so that the variables are not in scope or explicitly omit them:
  omit [NormedSpace ℝ E] in theorem ...

Note: This linter can be disabled with `set_option linter.unusedSectionVars false`
⚠ [9122/9264] Built SafeLearning.CompleteFoundationsOptimization (26s)
warning: SafeLearning/CompleteFoundationsOptimization.lean:20:8: `ext` did not consume the patterns `z`

Note: This linter can be disabled with `set_option linter.unusedRCasesPattern false`
warning: SafeLearning/CompleteFoundationsOptimization.lean:19:76: Used `tac1 <;> tac2` where `(tac1; tac2)` would suffice

Note: This linter can be disabled with `set_option linter.unnecessarySeqFocus false`
warning: SafeLearning/CompleteFoundationsOptimization.lean:20:26: Used `tac1 <;> tac2` where `(tac1; tac2)` would suffice

Note: This linter can be disabled with `set_option linter.unnecessarySeqFocus false`
warning: SafeLearning/CompleteFoundationsOptimization.lean:27:48: `ext` did not consume the patterns `z`

Note: This linter can be disabled with `set_option linter.unusedRCasesPattern false`
warning: SafeLearning/CompleteFoundationsOptimization.lean:27:70: this tactic is never executed

Note: This linter can be disabled with `set_option linter.unreachableTactic false`
warning: SafeLearning/CompleteFoundationsOptimization.lean:27:40: Used `tac1 <;> tac2` where `(tac1; tac2)` would suffice

Note: This linter can be disabled with `set_option linter.unnecessarySeqFocus false`
warning: SafeLearning/CompleteFoundationsOptimization.lean:27:70: Unused tactic linter: `ring` does nothing

Note: This linter can be disabled with `set_option linter.unusedTactic false`
warning: SafeLearning/CompleteFoundationsOptimization.lean:34:57: `ext` did not consume the patterns `z`

Note: This linter can be disabled with `set_option linter.unusedRCasesPattern false`
warning: SafeLearning/CompleteFoundationsOptimization.lean:34:49: Used `tac1 <;> tac2` where `(tac1; tac2)` would suffice

Note: This linter can be disabled with `set_option linter.unnecessarySeqFocus false`
warning: SafeLearning/CompleteFoundationsOptimization.lean:34:75: Used `tac1 <;> tac2` where `(tac1; tac2)` would suffice

Note: This linter can be disabled with `set_option linter.unnecessarySeqFocus false`
warning: SafeLearning/CompleteFoundationsOptimization.lean:42:8: `ext` did not consume the patterns `z`

Note: This linter can be disabled with `set_option linter.unusedRCasesPattern false`
warning: SafeLearning/CompleteFoundationsOptimization.lean:41:86: Used `tac1 <;> tac2` where `(tac1; tac2)` would suffice

Note: This linter can be disabled with `set_option linter.unnecessarySeqFocus false`
warning: SafeLearning/CompleteFoundationsOptimization.lean:42:26: Used `tac1 <;> tac2` where `(tac1; tac2)` would suffice

Note: This linter can be disabled with `set_option linter.unnecessarySeqFocus false`
warning: SafeLearning/CompleteFoundationsOptimization.lean:120:15: `if_pos` has been deprecated: Use `ite_eq_left` instead
warning: SafeLearning/CompleteFoundationsOptimization.lean:127:15: `if_neg` has been deprecated: Use `ite_eq_right` instead
warning: SafeLearning/CompleteFoundationsOptimization.lean:140:15: `if_pos` has been deprecated: Use `ite_eq_left` instead
warning: SafeLearning/CompleteFoundationsOptimization.lean:147:15: `if_neg` has been deprecated: Use `ite_eq_right` instead
✔ [9123/9264] Built SafeLearning.CompleteFoundationsCubicGrids (23s)
⚠ [9124/9264] Built SafeLearning.CompleteAppliedAzuma (20s)
warning: SafeLearning/CompleteAppliedAzuma.lean:29:2: Try this: 
  letI̵

The goal is a proposition, so `let` is preferred over `letI`.
The difference between `let` and `letI` is that `letI` inlines the value.
But this is not relevant for proofs because of proof irrelevance.

Note: This linter can be disabled with `set_option linter.style.haveILetI false`
warning: SafeLearning/CompleteAppliedAzuma.lean:39:2: Try this: 
  letI̵

The goal is a proposition, so `let` is preferred over `letI`.
The difference between `let` and `letI` is that `letI` inlines the value.
But this is not relevant for proofs because of proof irrelevance.

Note: This linter can be disabled with `set_option linter.style.haveILetI false`
warning: SafeLearning/CompleteAppliedAzuma.lean:85:2: Try this: 
  letI̵

The goal is a proposition, so `let` is preferred over `letI`.
The difference between `let` and `letI` is that `letI` inlines the value.
But this is not relevant for proofs because of proof irrelevance.

Note: This linter can be disabled with `set_option linter.style.haveILetI false`
warning: SafeLearning/CompleteAppliedAzuma.lean:138:12: try 'simp' instead of 'simpa'

Note: This linter can be disabled with `set_option linter.unnecessarySimpa false`
⚠ [9125/9264] Built SafeLearning.CompleteFoundationsAlgorithms (21s)
warning: SafeLearning/CompleteFoundationsAlgorithms.lean:135:41: this tactic is never executed

Note: This linter can be disabled with `set_option linter.unreachableTactic false`
warning: SafeLearning/CompleteFoundationsAlgorithms.lean:137:37: Used `tac1 <;> tac2` where `(tac1; tac2)` would suffice

Note: This linter can be disabled with `set_option linter.unnecessarySeqFocus false`
warning: SafeLearning/CompleteFoundationsAlgorithms.lean:135:41: Unused tactic linter: `ring` does nothing

Note: This linter can be disabled with `set_option linter.unusedTactic false`
✔ [9126/9264] Built SafeLearning.CompleteModulesPosterior (20s)
✔ [9127/9264] Built SafeLearning.CompleteFoundationsGridExamples (26s)
⚠ [9128/9264] Built SafeLearning.CompleteFoundationsMatrixNormModels (29s)
warning: SafeLearning/CompleteFoundationsMatrixNormModels.lean:20:80: Used `tac1 <;> tac2` where `(tac1; tac2)` would suffice

Note: This linter can be disabled with `set_option linter.unnecessarySeqFocus false`
warning: SafeLearning/CompleteFoundationsMatrixNormModels.lean:28:51: This simp argument is unused:
  PiLp.toLp_apply

Hint: Omit it from the simp argument list.
  [apply] simp only [PiLp.norm_eq_of_L1, Fin.sum_univ_two, Matrix.cons_val_zero, Matrix.cons_val_one, Real.norm_eq_abs]

Note: This linter can be disabled with `set_option linter.unusedSimpArgs false`
warning: SafeLearning/CompleteFoundationsMatrixNormModels.lean:61:6: try 'simp' instead of 'simpa'

Note: This linter can be disabled with `set_option linter.unnecessarySimpa false`
warning: SafeLearning/CompleteFoundationsMatrixNormModels.lean:62:6: try 'simp' instead of 'simpa'

Note: This linter can be disabled with `set_option linter.unnecessarySimpa false`
warning: SafeLearning/CompleteFoundationsMatrixNormModels.lean:136:89: This simp argument is unused:
  Pi.pow_apply

Hint: Omit it from the simp argument list.
  [apply] simp only [Matrix.sub_apply, partialSum, Matrix.sum_apply, tailMatrix, Matrix.diagonal_pow]

Note: This linter can be disabled with `set_option linter.unusedSimpArgs false`
warning: SafeLearning/CompleteFoundationsMatrixNormModels.lean:140:21: Used `tac1 <;> tac2` where `(tac1; tac2)` would suffice

Note: This linter can be disabled with `set_option linter.unnecessarySeqFocus false`
warning: SafeLearning/CompleteFoundationsMatrixNormModels.lean:158:8: This simp argument is unused:
  one_div

Hint: Omit it from the simp argument list.
  [apply] simp [inv_pow, div_eq_mul_inv]

Note: This linter can be disabled with `set_option linter.unusedSimpArgs false`
warning: SafeLearning/CompleteFoundationsMatrixNormModels.lean:205:6: This simp argument is unused:
  abs_of_nonneg (by positivity : (0 : ℝ) ≤ 2 * (1 / 2 : ℝ) ^ T)

Hint: Omit it from the simp argument list.
  [apply] simp [EuclideanSpace.norm_eq, Fin.sum_univ_succ, Real.norm_eq_abs]

Note: This linter can be disabled with `set_option linter.unusedSimpArgs false`
✔ [9129/9264] Built SafeLearning.CompleteFoundationsTaylorModels (24s)
⚠ [9130/9264] Built SafeLearning.CompleteModulesGramBridge (20s)
warning: SafeLearning/CompleteModulesGramBridge.lean:17:0: automatically included section variable(s) unused in theorem `SafeLearning.CompleteModulesGramBridge.feature_gram_positive_semidefinite`:
  [DecidableEq I]
consider restructuring your `variable` declarations so that the variables are not in scope or explicitly omit them:
  omit [DecidableEq I] in theorem ...

Note: This linter can be disabled with `set_option linter.unusedSectionVars false`
warning: SafeLearning/CompleteModulesGramBridge.lean:44:2: Try this: 
  letI̵

The goal is a proposition, so `let` is preferred over `letI`.
The difference between `let` and `letI` is that `letI` inlines the value.
But this is not relevant for proofs because of proof irrelevance.

Note: This linter can be disabled with `set_option linter.style.haveILetI false`
warning: SafeLearning/CompleteModulesGramBridge.lean:53:0: automatically included section variable(s) unused in theorem `SafeLearning.CompleteModulesGramBridge.feature_gram_positive_definite_iff_independent`:
  [DecidableEq I]
consider restructuring your `variable` declarations so that the variables are not in scope or explicitly omit them:
  omit [DecidableEq I] in theorem ...

Note: This linter can be disabled with `set_option linter.unusedSectionVars false`
warning: SafeLearning/CompleteModulesGramBridge.lean:67:0: automatically included section variable(s) unused in theorem `SafeLearning.CompleteModulesGramBridge.actual_gram_entry`:
  [Fintype I]
  [DecidableEq I]
consider restructuring your `variable` declarations so that the variables are not in scope or explicitly omit them:
  omit [Fintype I] [DecidableEq I] in theorem ...

Note: This linter can be disabled with `set_option linter.unusedSectionVars false`
warning: SafeLearning/CompleteModulesGramBridge.lean:160:10: `tendsto_finset_sum` has been deprecated: Use `tendsto_finsetSum` instead
⚠ [9131/9264] Built SafeLearning.CompleteModulesKernelCorollaries (21s)
warning: SafeLearning/CompleteModulesKernelCorollaries.lean:69:8: this tactic is never executed

Note: This linter can be disabled with `set_option linter.unreachableTactic false`
warning: SafeLearning/CompleteModulesKernelCorollaries.lean:69:8: Unused tactic linter: `ring` does nothing

Note: This linter can be disabled with `set_option linter.unusedTactic false`
warning: SafeLearning/CompleteModulesKernelCorollaries.lean:110:0: automatically included section variable(s) unused in theorem `SafeLearning.CompleteModulesKernelCorollaries.equal_evaluations_equal_functions`:
  [CompleteSpace H]
consider restructuring your `variable` declarations so that the variables are not in scope or explicitly omit them:
  omit [CompleteSpace H] in theorem ...

Note: This linter can be disabled with `set_option linter.unusedSectionVars false`
✔ [9132/9264] Built SafeLearning.CompleteModulesGeneralRoesserMatrices (21s)
✔ [9133/9264] Built SafeLearning.CompleteAppliedConfidence (23s)
✔ [9134/9264] Built SafeLearning.CompleteAppliedFiniteClaims (23s)
⚠ [9135/9264] Built SafeLearning.CompleteAppliedFailureCounts (21s)
warning: SafeLearning/CompleteAppliedFailureCounts.lean:46:30: `Set.mem_setOf_eq` has been deprecated: Use `Set.mem_ofPred_eq` instead
warning: SafeLearning/CompleteAppliedFailureCounts.lean:94:15: `Set.mem_setOf_eq` has been deprecated: Use `Set.mem_ofPred_eq` instead
warning: SafeLearning/CompleteAppliedFailureCounts.lean:129:15: `Set.mem_setOf_eq` has been deprecated: Use `Set.mem_ofPred_eq` instead
warning: SafeLearning/CompleteAppliedFailureCounts.lean:135:15: `Set.mem_setOf_eq` has been deprecated: Use `Set.mem_ofPred_eq` instead
✔ [9136/9264] Built SafeLearning.CompleteAlternatingCMDPReturns (21s)
⚠ [9137/9264] Built SafeLearning.CompleteModulesFIRCorollaries (19s)
warning: SafeLearning/CompleteModulesFIRCorollaries.lean:18:31: This simp argument is unused:
  Matrix.one_apply

Hint: Omit it from the simp argument list.
  [apply] simp [actualSourceCholesky, ne_of_lt h]

Note: This linter can be disabled with `set_option linter.unusedSimpArgs false`
warning: SafeLearning/CompleteModulesFIRCorollaries.lean:21:31: This simp argument is unused:
  Matrix.one_apply

Hint: Omit it from the simp argument list.
  [apply] simp [actualSourceCholesky, (ne_of_lt h).symm]

Note: This linter can be disabled with `set_option linter.unusedSimpArgs false`
⚠ [9138/9264] Built SafeLearning.CompleteFoundationsConstrainedModels (34s)
warning: SafeLearning/CompleteFoundationsConstrainedModels.lean:56:4: `push_neg` has been deprecated. Prefer using `push Not` instead.
If you'd rather continue using `push_neg` in your project, you can implement it as follows:
```
open Lean.Parser.Tactic in
macro "push_neg" cfg:optConfig loc:(location)? : tactic =>
  `(tactic| push $cfg:optConfig Not $[$loc]?)
```
warning: SafeLearning/CompleteFoundationsConstrainedModels.lean:262:20: this tactic is never executed

Note: This linter can be disabled with `set_option linter.unreachableTactic false`
warning: SafeLearning/CompleteFoundationsConstrainedModels.lean:262:20: Unused tactic linter: `simp [point]` does nothing

Note: This linter can be disabled with `set_option linter.unusedTactic false`
warning: SafeLearning/CompleteFoundationsConstrainedModels.lean:281:33: Used `tac1 <;> tac2` where `(tac1; tac2)` would suffice

Note: This linter can be disabled with `set_option linter.unnecessarySeqFocus false`
✔ [9139/9264] Built SafeLearning.CompleteLyapunovMetricModels (18s)
✔ [9140/9264] Built SafeLearning.CompleteAlternatingCMDPGeometry (26s)
⚠ [9141/9264] Built SafeLearning.CompleteModulesDynamicLayerTrajectory (18s)
warning: SafeLearning/CompleteModulesDynamicLayerTrajectory.lean:13:0: automatically included section variable(s) unused in theorem `SafeLearning.CompleteModulesDynamicLayerTrajectory.actual_layer_lmi_bounds_every_finite_trajectory_weighted_energy`:
  [DecidableEq S]
  [DecidableEq I]
consider restructuring your `variable` declarations so that the variables are not in scope or explicitly omit them:
  omit [DecidableEq S] [DecidableEq I] in theorem ...

Note: This linter can be disabled with `set_option linter.unusedSectionVars false`
warning: SafeLearning/CompleteModulesDynamicLayerTrajectory.lean:91:0: automatically included section variable(s) unused in theorem `SafeLearning.CompleteModulesDynamicLayerTrajectory.actual_dynamic_layer_certificate_dimension_is_state_plus_input_plus_output`:
  [DecidableEq S]
  [DecidableEq I]
  [DecidableEq O]
consider restructuring your `variable` declarations so that the variables are not in scope or explicitly omit them:
  omit [DecidableEq S] [DecidableEq I] [DecidableEq O] in theorem ...

Note: This linter can be disabled with `set_option linter.unusedSectionVars false`
warning: SafeLearning/CompleteModulesDynamicLayerTrajectory.lean:95:0: automatically included section variable(s) unused in theorem `SafeLearning.CompleteModulesDynamicLayerTrajectory.actual_three_tap_dynamic_certificate_has_signal_length_independent_dimension`:
  [DecidableEq I]
  [DecidableEq O]
consider restructuring your `variable` declarations so that the variables are not in scope or explicitly omit them:
  omit [DecidableEq I] [DecidableEq O] in theorem ...

Note: This linter can be disabled with `set_option linter.unusedSectionVars false`
✔ [9142/9264] Built SafeLearning.CompleteModulesSectorExamples (18s)
⚠ [9143/9264] Built SafeLearning.CompleteModulesInvalidQC (18s)
warning: SafeLearning/CompleteModulesInvalidQC.lean:92:34: Used `tac1 <;> tac2` where `(tac1; tac2)` would suffice

Note: This linter can be disabled with `set_option linter.unnecessarySeqFocus false`
⚠ [9144/9264] Built SafeLearning.CompleteFoundationsSolutionSensitivity (38s)
warning: SafeLearning/CompleteFoundationsSolutionSensitivity.lean:94:64: Used `tac1 <;> tac2` where `(tac1; tac2)` would suffice

Note: This linter can be disabled with `set_option linter.unnecessarySeqFocus false`
warning: SafeLearning/CompleteFoundationsSolutionSensitivity.lean:148:69: Used `tac1 <;> tac2` where `(tac1; tac2)` would suffice

Note: This linter can be disabled with `set_option linter.unnecessarySeqFocus false`
✔ [9145/9264] Built SafeLearning.CompleteModulesFullyConnectedLayer (19s)
✔ [9146/9264] Built SafeLearning.CompleteModulesChords (15s)
✔ [9147/9264] Built SafeLearning.CompleteBookProjects (24s)
⚠ [9148/9264] Built SafeLearning.CompleteModulesGeneralNormalization (15s)
warning: SafeLearning/CompleteModulesGeneralNormalization.lean:20:0: automatically included section variable(s) unused in theorem `SafeLearning.CompleteModulesGeneralNormalization.actual_per_channel_normalization_gain_is_positive`:
  [DecidableEq I]
consider restructuring your `variable` declarations so that the variables are not in scope or explicitly omit them:
  omit [DecidableEq I] in theorem ...

Note: This linter can be disabled with `set_option linter.unusedSectionVars false`
warning: SafeLearning/CompleteModulesGeneralNormalization.lean:48:0: automatically included section variable(s) unused in theorem `SafeLearning.CompleteModulesGeneralNormalization.actual_per_channel_normalizer_increment_is_diagonal_action`:
  [Nonempty I]
consider restructuring your `variable` declarations so that the variables are not in scope or explicitly omit them:
  omit [Nonempty I] in theorem ...

Note: This linter can be disabled with `set_option linter.unusedSectionVars false`
warning: SafeLearning/CompleteModulesGeneralNormalization.lean:56:49: This simp argument is unused:
  Pi.mul_apply

Hint: Omit it from the simp argument list.
  [apply] simp only [Pi.sub_apply, Matrix.mulVec_diagonal]

Note: This linter can be disabled with `set_option linter.unusedSimpArgs false`
⚠ [9149/9264] Built SafeLearning.CompleteFoundationsBook (42s)
warning: SafeLearning/CompleteFoundationsBook.lean:96:5: Variable name `hd₀` is not explicitly referenced.

Hint: The binding can be removed (if unused) or named `_` (if used implicitly). Alternatively, prefix the name with `_` to silence this warning:
  [apply] _hd₀

Note: This linter can be disabled with `set_option linter.unusedVariables false`
warning: SafeLearning/CompleteFoundationsBook.lean:128:21: Used `tac1 <;> tac2` where `(tac1; tac2)` would suffice

Note: This linter can be disabled with `set_option linter.unnecessarySeqFocus false`
warning: SafeLearning/CompleteFoundationsBook.lean:445:27: `push_neg` has been deprecated. Prefer using `push Not` instead.
If you'd rather continue using `push_neg` in your project, you can implement it as follows:
```
open Lean.Parser.Tactic in
macro "push_neg" cfg:optConfig loc:(location)? : tactic =>
  `(tactic| push $cfg:optConfig Not $[$loc]?)
```
warning: SafeLearning/CompleteFoundationsBook.lean:463:60: this tactic is never executed

Note: This linter can be disabled with `set_option linter.unreachableTactic false`
warning: SafeLearning/CompleteFoundationsBook.lean:463:43: Used `tac1 <;> tac2` where `(tac1; tac2)` would suffice

Note: This linter can be disabled with `set_option linter.unnecessarySeqFocus false`
warning: SafeLearning/CompleteFoundationsBook.lean:463:60: Unused tactic linter: `ring` does nothing

Note: This linter can be disabled with `set_option linter.unusedTactic false`
warning: SafeLearning/CompleteFoundationsBook.lean:534:77: Used `tac1 <;> tac2` where `(tac1; tac2)` would suffice

Note: This linter can be disabled with `set_option linter.unnecessarySeqFocus false`
⚠ [9150/9264] Built SafeLearning.CompleteModulesClassificationCertificate (15s)
warning: SafeLearning/CompleteModulesClassificationCertificate.lean:18:0: automatically included section variable(s) unused in theorem `SafeLearning.CompleteModulesClassificationCertificate.actual_class_pair_gap_increment_is_weighted_feature_increment`:
  [Fintype O]
  [DecidableEq I]
  [DecidableEq O]
consider restructuring your `variable` declarations so that the variables are not in scope or explicitly omit them:
  omit [Fintype O] [DecidableEq I] [DecidableEq O] in theorem ...

Note: This linter can be disabled with `set_option linter.unusedSectionVars false`
✔ [9151/9264] Built SafeLearning.CompleteModulesPooling (18s)
⚠ [9152/9264] Built SafeLearning.CompleteModulesClassificationNorm (17s)
warning: SafeLearning/CompleteModulesClassificationNorm.lean:22:14: This simp argument is unused:
  Pi.single_apply

Hint: Omit it from the simp argument list.
  [apply] simp [hf, hs, hdistinct, hdistinct.symm]

Note: This linter can be disabled with `set_option linter.unusedSimpArgs false`
warning: SafeLearning/CompleteModulesClassificationNorm.lean:22:33: This simp argument is unused:
  hs

Hint: Omit it from the simp argument list.
  [apply] simp [Pi.single_apply, hf, hdistinct, hdistinct.symm]

Note: This linter can be disabled with `set_option linter.unusedSimpArgs false`
warning: SafeLearning/CompleteModulesClassificationNorm.lean:22:46: This simp argument is unused:
  hdistinct.symm

Hint: Omit it from the simp argument list.
  [apply] simp [Pi.single_apply, hf, hs, hdistinct]

Note: This linter can be disabled with `set_option linter.unusedSimpArgs false`
warning: SafeLearning/CompleteModulesClassificationNorm.lean:23:14: This simp argument is unused:
  Pi.single_apply

Hint: Omit it from the simp argument list.
  [apply] simp [hf, hs, hdistinct, hdistinct.symm]

Note: This linter can be disabled with `set_option linter.unusedSimpArgs false`
warning: SafeLearning/CompleteModulesClassificationNorm.lean:23:30: This simp argument is unused:
  hf

Hint: Omit it from the simp argument list.
  [apply] simp [Pi.single_apply, hs, hdistinct, hdistinct.symm]

Note: This linter can be disabled with `set_option linter.unusedSimpArgs false`
warning: SafeLearning/CompleteModulesClassificationNorm.lean:23:36: This simp argument is unused:
  hdistinct

Hint: Omit it from the simp argument list.
  [apply] simp [Pi.single_apply, hf, hs, hdistinct.symm]

Note: This linter can be disabled with `set_option linter.unusedSimpArgs false`
warning: SafeLearning/CompleteModulesClassificationNorm.lean:24:14: This simp argument is unused:
  Pi.single_apply

Hint: Omit it from the simp argument list.
  [apply] simp [hf, hs, hdistinct, hdistinct.symm]

Note: This linter can be disabled with `set_option linter.unusedSimpArgs false`
warning: SafeLearning/CompleteModulesClassificationNorm.lean:24:36: This simp argument is unused:
  hdistinct

Hint: Omit it from the simp argument list.
  [apply] simp [Pi.single_apply, hf, hs, hdistinct.symm]

Note: This linter can be disabled with `set_option linter.unusedSimpArgs false`
warning: SafeLearning/CompleteModulesClassificationNorm.lean:24:46: This simp argument is unused:
  hdistinct.symm

Hint: Omit it from the simp argument list.
  [apply] simp [Pi.single_apply, hf, hs, hdistinct]

Note: This linter can be disabled with `set_option linter.unusedSimpArgs false`
warning: SafeLearning/CompleteModulesClassificationNorm.lean:31:0: automatically included section variable(s) unused in theorem `SafeLearning.CompleteModulesClassificationNorm.actual_class_row_difference_is_adjoint_basis_difference`:
  [Fintype I]
  [DecidableEq I]
consider restructuring your `variable` declarations so that the variables are not in scope or explicitly omit them:
  omit [Fintype I] [DecidableEq I] in theorem ...

Note: This linter can be disabled with `set_option linter.unusedSectionVars false`
warning: SafeLearning/CompleteModulesClassificationNorm.lean:36:47: This simp argument is unused:
  Matrix.transpose_apply

Hint: Omit it from the simp argument list.
  [apply] simp [Matrix.mulVec_sub, Matrix.mulVec_single]

Note: This linter can be disabled with `set_option linter.unusedSimpArgs false`
warning: SafeLearning/CompleteModulesClassificationNorm.lean:51:26: Variable name `hglobal` is not explicitly referenced.

Hint: The binding can be removed (if unused) or named `_` (if used implicitly). Alternatively, prefix the name with `_` to silence this warning:
  [apply] _hglobal

Note: This linter can be disabled with `set_option linter.unusedVariables false`
warning: SafeLearning/CompleteModulesClassificationNorm.lean:59:0: automatically included section variable(s) unused in theorem `SafeLearning.CompleteModulesClassificationNorm.actual_quarter_scale_normalizer_increment`:
  [Fintype I]
  [DecidableEq I]
consider restructuring your `variable` declarations so that the variables are not in scope or explicitly omit them:
  omit [Fintype I] [DecidableEq I] in theorem ...

Note: This linter can be disabled with `set_option linter.unusedSectionVars false`
⚠ [9153/9264] Built SafeLearning.CompleteModulesSLLRegularization (16s)
warning: SafeLearning/CompleteModulesSLLRegularization.lean:30:60: This simp argument is unused:
  Matrix.diagonal_apply

Hint: Omit it from the simp argument list.
  [apply] simp [actualRegularizedDiagonal, actualScaledMajorizer]

Note: This linter can be disabled with `set_option linter.unusedSimpArgs false`
warning: SafeLearning/CompleteModulesSLLRegularization.lean:32:12: This simp argument is unused:
  actualRegularizedDiagonal

Hint: Omit it from the simp argument list.
  [apply] simp [actualScaledMajorizer, Matrix.diagonal_apply, he]

Note: This linter can be disabled with `set_option linter.unusedSimpArgs false`
warning: SafeLearning/CompleteModulesSLLRegularization.lean:32:60: This simp argument is unused:
  Matrix.diagonal_apply

Hint: Omit it from the simp argument list.
  [apply] simp [actualRegularizedDiagonal, actualScaledMajorizer, he]

Note: This linter can be disabled with `set_option linter.unusedSimpArgs false`
✔ [9154/9264] Built SafeLearning.CompleteModulesLipSDPWalkthrough (20s)
⚠ [9155/9264] Built SafeLearning.CompleteModulesSandwich (15s)
warning: SafeLearning/CompleteModulesSandwich.lean:30:10: This simp argument is unused:
  actualSandwichMultiplier

Hint: Omit it from the simp argument list.
  [apply] simp [he]

Note: This linter can be disabled with `set_option linter.unusedSimpArgs false`
warning: SafeLearning/CompleteModulesSandwich.lean:32:0: automatically included section variable(s) unused in theorem `SafeLearning.CompleteModulesSandwich.actual_sandwich_output_gram`:
  [DecidableEq O]
consider restructuring your `variable` declarations so that the variables are not in scope or explicitly omit them:
  omit [DecidableEq O] in theorem ...

Note: This linter can be disabled with `set_option linter.unusedSectionVars false`
warning: SafeLearning/CompleteModulesSandwich.lean:43:0: automatically included section variable(s) unused in theorem `SafeLearning.CompleteModulesSandwich.actual_sandwich_multiplier_input_gram`:
  [DecidableEq I]
consider restructuring your `variable` declarations so that the variables are not in scope or explicitly omit them:
  omit [DecidableEq I] in theorem ...

Note: This linter can be disabled with `set_option linter.unusedSectionVars false`
✔ [9156/9264] Built SafeLearning.CompleteModulesScalarGainCorollaries (13s)
✔ [9157/9264] Built SafeLearning.CompleteModulesScalarGainDetails (15s)
⚠ [9158/9264] Built SafeLearning.CompleteCoreBook (31s)
warning: SafeLearning/CompleteCoreBook.lean:186:38: try 'simp' instead of 'simpa'

Note: This linter can be disabled with `set_option linter.unnecessarySimpa false`
warning: SafeLearning/CompleteCoreBook.lean:186:68: try 'simp' instead of 'simpa'

Note: This linter can be disabled with `set_option linter.unnecessarySimpa false`
warning: SafeLearning/CompleteCoreBook.lean:217:28: Used `tac1 <;> tac2` where `(tac1; tac2)` would suffice

Note: This linter can be disabled with `set_option linter.unnecessarySeqFocus false`
warning: SafeLearning/CompleteCoreBook.lean:217:37: Used `tac1 <;> tac2` where `(tac1; tac2)` would suffice

Note: This linter can be disabled with `set_option linter.unnecessarySeqFocus false`
⚠ [9159/9264] Built SafeLearning.CompleteModulesGammaLMI (17s)
warning: SafeLearning/CompleteModulesGammaLMI.lean:30:8: This simp argument is unused:
  Matrix.smul_mul

Hint: Omit it from the simp argument list.
  [apply] simp [Matrix.mul_smul, smul_smul, hgain.ne']

Note: This linter can be disabled with `set_option linter.unusedSimpArgs false`
warning: SafeLearning/CompleteModulesGammaLMI.lean:30:24: This simp argument is unused:
  Matrix.mul_smul

Hint: Omit it from the simp argument list.
  [apply] simp [Matrix.smul_mul, smul_smul, hgain.ne']

Note: This linter can be disabled with `set_option linter.unusedSimpArgs false`
warning: SafeLearning/CompleteModulesGammaLMI.lean:32:0: automatically included section variable(s) unused in theorem `SafeLearning.CompleteModulesGammaLMI.actual_gamma_matrix_output_reassociation`:
  [Fintype I]
  [Fintype O]
consider restructuring your `variable` declarations so that the variables are not in scope or explicitly omit them:
  omit [Fintype I] [Fintype O] in theorem ...

Note: This linter can be disabled with `set_option linter.unusedSectionVars false`
warning: SafeLearning/CompleteModulesGammaLMI.lean:42:21: This simp argument is unused:
  Matrix.conjTranspose_apply

Hint: Omit it from the simp argument list.
  [apply] simp [actualGammaCertificate, actualGammaLeading, outputBarrierCross, Matrix.submatrix_apply, Equiv.sumAssoc]

Note: This linter can be disabled with `set_option linter.unusedSimpArgs false`
warning: SafeLearning/CompleteModulesGammaLMI.lean:55:0: automatically included section variable(s) unused in theorem `SafeLearning.CompleteModulesGammaLMI.actual_gamma_output_schur_is_literal_source_block`:
  [Fintype I]
consider restructuring your `variable` declarations so that the variables are not in scope or explicitly omit them:
  omit [Fintype I] in theorem ...

Note: This linter can be disabled with `set_option linter.unusedSectionVars false`
warning: SafeLearning/CompleteModulesGammaLMI.lean:68:55: This simp argument is unused:
  Matrix.conjTranspose_conjTranspose

Hint: Omit it from the simp argument list.
  [apply] simp only [Matrix.mul_smul, Matrix.smul_mul, Matrix.mul_one,
    Matrix.conjTranspose_fromRows_eq_fromCols_conjTranspose, Matrix.fromRows_mul_fromCols, Matrix.conjTranspose_zero,
    Matrix.conjTranspose_neg, Matrix.zero_mul, Matrix.mul_zero, Matrix.neg_mul, Matrix.mul_neg, neg_neg]

Note: This linter can be disabled with `set_option linter.unusedSimpArgs false`
warning: SafeLearning/CompleteModulesGammaLMI.lean:71:42: this tactic is never executed

Note: This linter can be disabled with `set_option linter.unreachableTactic false`
warning: SafeLearning/CompleteModulesGammaLMI.lean:71:42: Unused tactic linter: `ring` does nothing

Note: This linter can be disabled with `set_option linter.unusedTactic false`
warning: SafeLearning/CompleteModulesGammaLMI.lean:73:0: automatically included section variable(s) unused in theorem `SafeLearning.CompleteModulesGammaLMI.actual_gamma_scaled_schur_is_negative_lipsdp`:
  [Fintype I]
  [DecidableEq O]
consider restructuring your `variable` declarations so that the variables are not in scope or explicitly omit them:
  omit [Fintype I] [DecidableEq O] in theorem ...

Note: This linter can be disabled with `set_option linter.unusedSectionVars false`
warning: SafeLearning/CompleteModulesGammaLMI.lean:83:62: Used `tac1 <;> tac2` where `(tac1; tac2)` would suffice

Note: This linter can be disabled with `set_option linter.unnecessarySeqFocus false`
warning: SafeLearning/CompleteModulesGammaLMI.lean:91:2: Try this: 
  letI̵

The goal is a proposition, so `let` is preferred over `letI`.
The difference between `let` and `letI` is that `letI` inlines the value.
But this is not relevant for proofs because of proof irrelevance.

Note: This linter can be disabled with `set_option linter.style.haveILetI false`
⚠ [9160/9264] Built SafeLearning.CompleteModulesBarrierObjective (14s)
warning: SafeLearning/CompleteModulesBarrierObjective.lean:14:2: Try this: 
  letI̵

The goal is a proposition, so `let` is preferred over `letI`.
The difference between `let` and `letI` is that `letI` inlines the value.
But this is not relevant for proofs because of proof irrelevance.

Note: This linter can be disabled with `set_option linter.style.haveILetI false`
warning: SafeLearning/CompleteModulesBarrierObjective.lean:27:12: This simp argument is unused:
  Matrix.fromRows_mul_fromCols

Hint: Omit it from the simp argument list.
  [apply] simp [Matrix.mul_apply, Matrix.diagonal_apply]

Note: This linter can be disabled with `set_option linter.unusedSimpArgs false`
warning: SafeLearning/CompleteModulesBarrierObjective.lean:28:25: This simp argument is unused:
  Matrix.transpose

Hint: Omit it from the simp argument list.
  [apply] simp [scalarWeight]

Note: This linter can be disabled with `set_option linter.unusedSimpArgs false`
warning: SafeLearning/CompleteModulesBarrierObjective.lean:27:81: Used `tac1 <;> tac2` where `(tac1; tac2)` would suffice

Note: This linter can be disabled with `set_option linter.unnecessarySeqFocus false`
warning: SafeLearning/CompleteModulesBarrierObjective.lean:28:43: Used `tac1 <;> tac2` where `(tac1; tac2)` would suffice

Note: This linter can be disabled with `set_option linter.unnecessarySeqFocus false`
✔ [9161/9264] Built SafeLearning.CompleteModulesScalarTrajectory (15s)
✔ [9162/9264] Built SafeLearning.CompleteBarrierFilippovC1 (14s)
⚠ [9163/9264] Built SafeLearning.CompleteAppliedExponentialMartingale (13s)
warning: SafeLearning/CompleteAppliedExponentialMartingale.lean:17:2: Try this: 
  letI̵

The goal is a proposition, so `let` is preferred over `letI`.
The difference between `let` and `letI` is that `letI` inlines the value.
But this is not relevant for proofs because of proof irrelevance.

Note: This linter can be disabled with `set_option linter.style.haveILetI false`
✔ [9164/9264] Built SafeLearning.CompleteModulesScalarGainCalculus (18s)
✔ [9165/9264] Built SafeLearning.CompleteBarrierControlAffine (14s)
✔ [9166/9264] Built SafeLearning.CompleteFoundationsGramRegularization (15s)
⚠ [9167/9264] Built SafeLearning.CompleteFoundationsQuadraticExercises (15s)
warning: SafeLearning/CompleteFoundationsQuadraticExercises.lean:17:69: Used `tac1 <;> tac2` where `(tac1; tac2)` would suffice

Note: This linter can be disabled with `set_option linter.unnecessarySeqFocus false`
warning: SafeLearning/CompleteFoundationsQuadraticExercises.lean:134:21: Used `tac1 <;> tac2` where `(tac1; tac2)` would suffice

Note: This linter can be disabled with `set_option linter.unnecessarySeqFocus false`
⚠ [9168/9264] Built SafeLearning.CompleteFoundationsExerciseBridges (17s)
warning: SafeLearning/CompleteFoundationsExerciseBridges.lean:120:15: `Set.mem_setOf_eq` has been deprecated: Use `Set.mem_ofPred_eq` instead
⚠ [9169/9264] Built SafeLearning.CompleteFoundationsReachabilityJump (51s)
warning: SafeLearning/CompleteFoundationsReachabilityJump.lean:26:2: Unused tactic linter: `all_goals try push Not` does nothing

Note: This linter can be disabled with `set_option linter.unusedTactic false`
⚠ [9170/9264] Built SafeLearning.CompleteFoundationsLipschitzCalculus (19s)
warning: SafeLearning/CompleteFoundationsLipschitzCalculus.lean:38:48: Variable name `hR` is not explicitly referenced.

Hint: The binding can be removed (if unused) or named `_` (if used implicitly). Alternatively, prefix the name with `_` to silence this warning:
  [apply] _hR

Note: This linter can be disabled with `set_option linter.unusedVariables false`
warning: SafeLearning/CompleteFoundationsLipschitzCalculus.lean:102:28: `if_pos` has been deprecated: Use `ite_eq_left` instead
warning: SafeLearning/CompleteFoundationsLipschitzCalculus.lean:241:69: This simp argument is unused:
  one_mul

Hint: Omit it from the simp argument list.
  [apply] simp only [Real.dist_eq, mul_one, mul_zero, sub_zero, NNReal.coe_one, abs_one] at ht

Note: This linter can be disabled with `set_option linter.unusedSimpArgs false`
warning: SafeLearning/CompleteFoundationsLipschitzCalculus.lean:269:77: Used `tac1 <;> tac2` where `(tac1; tac2)` would suffice

Note: This linter can be disabled with `set_option linter.unnecessarySeqFocus false`
✔ [9171/9264] Built SafeLearning.CompleteAppliedUniformBias (19s)
✔ [9172/9264] Built SafeLearning.CompleteModulesInterpolantPower (16s)
⚠ [9173/9264] Built SafeLearning.CompleteFoundationsStructuredModels (18s)
warning: SafeLearning/CompleteFoundationsStructuredModels.lean:218:4: Unused tactic linter: `change (-(1 : Matrix n n ℝ)) *ᵥ v = -v` does nothing

Note: This linter can be disabled with `set_option linter.unusedTactic false`
✔ [9174/9264] Built SafeLearning.CompleteModulesGeneralRoesserRealization (16s)
⚠ [9175/9264] Built SafeLearning.CompleteFoundationsSVDModels (19s)
warning: SafeLearning/CompleteFoundationsSVDModels.lean:121:8: `Set.mem_setOf_eq` has been deprecated: Use `Set.mem_ofPred_eq` instead
warning: SafeLearning/CompleteFoundationsSVDModels.lean:123:15: `Set.mem_setOf_eq` has been deprecated: Use `Set.mem_ofPred_eq` instead
warning: SafeLearning/CompleteFoundationsSVDModels.lean:128:10: `Set.mem_setOf_eq` has been deprecated: Use `Set.mem_ofPred_eq` instead
warning: SafeLearning/CompleteFoundationsSVDModels.lean:123:63: This simp argument is unused:
  PiLp.toLp_apply

Hint: Omit it from the simp argument list.
  [apply] simp only [Set.mem_setOf_eq, actual_coordinate_action, point, Matrix.cons_val_zero, Matrix.cons_val_one]

Note: This linter can be disabled with `set_option linter.unusedSimpArgs false`
warning: SafeLearning/CompleteFoundationsSVDModels.lean:134:27: Used `tac1 <;> tac2` where `(tac1; tac2)` would suffice

Note: This linter can be disabled with `set_option linter.unnecessarySeqFocus false`
warning: SafeLearning/CompleteFoundationsSVDModels.lean:138:35: Used `tac1 <;> tac2` where `(tac1; tac2)` would suffice

Note: This linter can be disabled with `set_option linter.unnecessarySeqFocus false`
warning: SafeLearning/CompleteFoundationsSVDModels.lean:145:44: This simp argument is unused:
  PiLp.toLp_apply

Hint: Omit it from the simp argument list.
  [apply] simp only [actual_coordinate_action, point, Matrix.cons_val_zero, Matrix.cons_val_one]

Note: This linter can be disabled with `set_option linter.unusedSimpArgs false`
⚠ [9176/9264] Built SafeLearning.CompleteAppliedBandit (15s)
warning: SafeLearning/CompleteAppliedBandit.lean:12:56: This simp argument is unused:
  Matrix.cons_val_one

Hint: Omit it from the simp argument list.
  [apply] simp only [Fin.sum_univ_succ, Matrix.cons_val_zero, Fin.sum_univ_zero, add_zero]

Note: This linter can be disabled with `set_option linter.unusedSimpArgs false`
warning: SafeLearning/CompleteAppliedBandit.lean:20:15: Variable name `theta` is not explicitly referenced.

Hint: The binding can be removed (if unused) or named `_` (if used implicitly). Alternatively, prefix the name with `_` to silence this warning:
  [apply] _theta

Note: This linter can be disabled with `set_option linter.unusedVariables false`
warning: SafeLearning/CompleteAppliedBandit.lean:31:26: This simp argument is unused:
  Matrix.cons_val_one

Hint: Omit it from the simp argument list.
  [apply] simp only [finiteExpectation, policy, PMF.ofFintype_apply, Fin.sum_univ_succ, Matrix.cons_val_zero,
    Fin.sum_univ_zero, add_zero]

Note: This linter can be disabled with `set_option linter.unusedSimpArgs false`
⚠ [9177/9264] Built SafeLearning.CompleteAppliedCoverageTransfer (17s)
warning: SafeLearning/CompleteAppliedCoverageTransfer.lean:91:15: `Set.mem_setOf_eq` has been deprecated: Use `Set.mem_ofPred_eq` instead
✔ [9178/9264] Built SafeLearning.CompleteAppliedConfidenceIdentities (17s)
⚠ [9179/9264] Built SafeLearning.CompleteAppliedBinomialModel (17s)
warning: SafeLearning/CompleteAppliedBinomialModel.lean:27:13: `Set.mem_setOf_eq` has been deprecated: Use `Set.mem_ofPred_eq` instead
warning: SafeLearning/CompleteAppliedBinomialModel.lean:94:2: Try this: 
  letI̵

The goal is a proposition, so `let` is preferred over `letI`.
The difference between `let` and `letI` is that `letI` inlines the value.
But this is not relevant for proofs because of proof irrelevance.

Note: This linter can be disabled with `set_option linter.style.haveILetI false`
⚠ [9180/9264] Built SafeLearning.CompleteAppliedExerciseModels (19s)
warning: SafeLearning/CompleteAppliedExerciseModels.lean:63:22: `Set.mem_setOf_eq` has been deprecated: Use `Set.mem_ofPred_eq` instead
✔ [9181/9264] Built SafeLearning.CompleteAppliedGridConfidence (22s)
✔ [9182/9264] Built SafeLearning.CompleteModulesDynamicCascade (17s)
⚠ [9183/9264] Built SafeLearning.CompleteFoundationsConditionedQuadratic (27s)
warning: SafeLearning/CompleteFoundationsConditionedQuadratic.lean:126:76: This simp argument is unused:
  Fin.sum_univ_succ

Hint: Omit it from the simp argument list.
  [apply] simp [curvatureMatrix, inverseCurvature, Matrix.mul_apply, Matrix.diagonal, ha, hb]

Note: This linter can be disabled with `set_option linter.unusedSimpArgs false`
warning: SafeLearning/CompleteFoundationsConditionedQuadratic.lean:203:28: This simp argument is unused:
  Matrix.one_apply

Hint: Omit it from the simp argument list.
  [apply] simp [Matrix.diagonal, hij]

Note: This linter can be disabled with `set_option linter.unusedSimpArgs false`
warning: SafeLearning/CompleteFoundationsConditionedQuadratic.lean:246:74: This simp argument is unused:
  Matrix.one_apply

Hint: Omit it from the simp argument list.
  [apply] simp [curvatureMatrix, Matrix.diagonal]

Note: This linter can be disabled with `set_option linter.unusedSimpArgs false`
✔ [9184/9264] Built SafeLearning.CompleteModulesScalarActivation (18s)
✔ [9185/9264] Built SafeLearning.CompleteProjectOptima (16s)
⚠ [9186/9264] Built SafeLearning.CompleteCoreProbability (18s)
warning: SafeLearning/CompleteCoreProbability.lean:36:77: Used `tac1 <;> tac2` where `(tac1; tac2)` would suffice

Note: This linter can be disabled with `set_option linter.unnecessarySeqFocus false`
warning: SafeLearning/CompleteCoreProbability.lean:49:83: this tactic is never executed

Note: This linter can be disabled with `set_option linter.unreachableTactic false`
warning: SafeLearning/CompleteCoreProbability.lean:49:83: Unused tactic linter: `norm_num` does nothing

Note: This linter can be disabled with `set_option linter.unusedTactic false`
warning: SafeLearning/CompleteCoreProbability.lean:136:2: Unused tactic linter: `norm_num at hr` does nothing

Note: This linter can be disabled with `set_option linter.unusedTactic false`
✔ [9187/9264] Built SafeLearning.CompleteProjectDomains (17s)
⚠ [9188/9264] Built SafeLearning.CompleteModulesNormalizationStatistics (16s)
warning: SafeLearning/CompleteModulesNormalizationStatistics.lean:43:69: This simp argument is unused:
  ← WithLp.toLp_sub

Hint: Omit it from the simp argument list.
  [apply] simp [actualEuclideanFinalLayer, actualHalfLastLayer, dist_eq_norm, Matrix.smul_mulVec, WithLp.toLp_smul,
    ← smul_sub, norm_smul, Real.norm_eq_abs]

Note: Simp arguments with `←` have the additional effect of removing the other direction from the simp set, even if the simp argument itself is unused. If the hint above does not work, try replacing `←` with `-` to only get that effect and silence this warning.

Note: This linter can be disabled with `set_option linter.unusedSimpArgs false`
warning: SafeLearning/CompleteModulesNormalizationStatistics.lean:44:63: This simp argument is unused:
  Real.norm_eq_abs

Hint: Omit it from the simp argument list.
  [apply] simp [actualEuclideanFinalLayer, actualHalfLastLayer, dist_eq_norm, ← WithLp.toLp_sub, Matrix.smul_mulVec,
    WithLp.toLp_smul, ← smul_sub, norm_smul]

Note: This linter can be disabled with `set_option linter.unusedSimpArgs false`
✔ [9189/9264] Built SafeLearning.CompleteModulesPoolingQC (16s)
✔ [9190/9264] Built SafeLearning.CompleteModulesSourceClassification (14s)
✔ [9191/9264] Built SafeLearning.CompleteModulesPoolingCorollaries (16s)
⚠ [9192/9264] Built SafeLearning.CompleteModulesSLLCorollaries (14s)
warning: SafeLearning/CompleteModulesSLLCorollaries.lean:40:15: `if_true` has been deprecated: Use `ite_true` instead
⚠ [9193/9264] Built SafeLearning.CompleteCoreControl (21s)
warning: SafeLearning/CompleteCoreControl.lean:24:28: Used `tac1 <;> tac2` where `(tac1; tac2)` would suffice

Note: This linter can be disabled with `set_option linter.unnecessarySeqFocus false`
warning: SafeLearning/CompleteCoreControl.lean:192:40: Used `tac1 <;> tac2` where `(tac1; tac2)` would suffice

Note: This linter can be disabled with `set_option linter.unnecessarySeqFocus false`
warning: SafeLearning/CompleteCoreControl.lean:192:56: Used `tac1 <;> tac2` where `(tac1; tac2)` would suffice

Note: This linter can be disabled with `set_option linter.unnecessarySeqFocus false`
⚠ [9194/9264] Built SafeLearning.CompleteModulesAOL (14s)
warning: SafeLearning/CompleteModulesAOL.lean:19:0: automatically included section variable(s) unused in theorem `SafeLearning.CompleteModulesAOL.actual_inverse_square_root_diagonal_is_symmetric`:
  [Fintype N]
consider restructuring your `variable` declarations so that the variables are not in scope or explicitly omit them:
  omit [Fintype N] in theorem ...

Note: This linter can be disabled with `set_option linter.unusedSectionVars false`
warning: SafeLearning/CompleteModulesAOL.lean:34:37: `if_true` has been deprecated: Use `ite_true` instead
warning: SafeLearning/CompleteModulesAOL.lean:37:10: This simp argument is unused:
  Matrix.diagonal_apply

Hint: Omit it from the simp argument list.
  [apply] simp [Matrix.one_apply, he]

Note: This linter can be disabled with `set_option linter.unusedSimpArgs false`
warning: SafeLearning/CompleteModulesAOL.lean:37:32: This simp argument is unused:
  Matrix.one_apply

Hint: Omit it from the simp argument list.
  [apply] simp [Matrix.diagonal_apply, he]

Note: This linter can be disabled with `set_option linter.unusedSimpArgs false`
⚠ [9195/9264] Built SafeLearning.CompleteFoundationsPowerNormalization (32s)
warning: SafeLearning/CompleteFoundationsPowerNormalization.lean:96:61: Used `tac1 <;> tac2` where `(tac1; tac2)` would suffice

Note: This linter can be disabled with `set_option linter.unnecessarySeqFocus false`
warning: SafeLearning/CompleteFoundationsPowerNormalization.lean:112:53: Used `tac1 <;> tac2` where `(tac1; tac2)` would suffice

Note: This linter can be disabled with `set_option linter.unnecessarySeqFocus false`
warning: SafeLearning/CompleteFoundationsPowerNormalization.lean:148:55: Used `tac1 <;> tac2` where `(tac1; tac2)` would suffice

Note: This linter can be disabled with `set_option linter.unnecessarySeqFocus false`
⚠ [9196/9264] Built SafeLearning.CompleteModulesGeneralMargin (16s)
warning: SafeLearning/CompleteModulesGeneralMargin.lean:37:0: automatically included section variable(s) unused in theorem `SafeLearning.CompleteModulesGeneralMargin.actual_arbitrary_gap_radius_preserves_class_pair_order`:
  [Fintype O]
  [DecidableEq O]
consider restructuring your `variable` declarations so that the variables are not in scope or explicitly omit them:
  omit [Fintype O] [DecidableEq O] in theorem ...

Note: This linter can be disabled with `set_option linter.unusedSectionVars false`
warning: SafeLearning/CompleteModulesGeneralMargin.lean:101:0: automatically included section variable(s) unused in theorem `SafeLearning.CompleteModulesGeneralMargin.actual_zero_gap_gain_preserves_class_pair_everywhere`:
  [Fintype O]
  [DecidableEq O]
  [PseudoMetricSpace X]
consider restructuring your `variable` declarations so that the variables are not in scope or explicitly omit them:
  omit [Fintype O] [DecidableEq O] [PseudoMetricSpace X] in theorem ...

Note: This linter can be disabled with `set_option linter.unusedSectionVars false`
⚠ [9197/9264] Built SafeLearning.CompleteModulesSandwichHalf (14s)
warning: SafeLearning/CompleteModulesSandwichHalf.lean:22:0: automatically included section variable(s) unused in theorem `SafeLearning.CompleteModulesSandwichHalf.actual_half_multiplier_is_half_of_full_multiplier`:
  [Fintype K]
consider restructuring your `variable` declarations so that the variables are not in scope or explicitly omit them:
  omit [Fintype K] in theorem ...

Note: This linter can be disabled with `set_option linter.unusedSectionVars false`
warning: SafeLearning/CompleteModulesSandwichHalf.lean:29:10: This simp argument is unused:
  actualHalfMultiplier

Hint: Omit it from the simp argument list.
  [apply] simp [actualSandwichMultiplier, he]

Note: This linter can be disabled with `set_option linter.unusedSimpArgs false`
warning: SafeLearning/CompleteModulesSandwichHalf.lean:29:31: This simp argument is unused:
  actualSandwichMultiplier

Hint: Omit it from the simp argument list.
  [apply] simp [actualHalfMultiplier, he]

Note: This linter can be disabled with `set_option linter.unusedSimpArgs false`
warning: SafeLearning/CompleteModulesSandwichHalf.lean:84:25: This simp argument is unused:
  Matrix.sub_mul

Hint: Omit it from the simp argument list.
  [apply] simp [Matrix.mul_sub, Matrix.mul_smul, Matrix.smul_mul, actualSandwichMultiplier, pow_two]

Note: This linter can be disabled with `set_option linter.unusedSimpArgs false`
warning: SafeLearning/CompleteModulesSandwichHalf.lean:84:40: This simp argument is unused:
  Matrix.mul_smul

Hint: Omit it from the simp argument list.
  [apply] simp [Matrix.mul_sub, Matrix.sub_mul, Matrix.smul_mul, actualSandwichMultiplier, pow_two]

Note: This linter can be disabled with `set_option linter.unusedSimpArgs false`
warning: SafeLearning/CompleteModulesSandwichHalf.lean:84:56: This simp argument is unused:
  Matrix.smul_mul

Hint: Omit it from the simp argument list.
  [apply] simp [Matrix.mul_sub, Matrix.sub_mul, Matrix.mul_smul, actualSandwichMultiplier, pow_two]

Note: This linter can be disabled with `set_option linter.unusedSimpArgs false`
warning: SafeLearning/CompleteModulesSandwichHalf.lean:84:72: This simp argument is unused:
  actualSandwichMultiplier

Hint: Omit it from the simp argument list.
  [apply] simp [Matrix.mul_sub, Matrix.sub_mul, Matrix.mul_smul, Matrix.smul_mul, pow_two]

Note: This linter can be disabled with `set_option linter.unusedSimpArgs false`
warning: SafeLearning/CompleteModulesSandwichHalf.lean:84:97: This simp argument is unused:
  pow_two

Hint: Omit it from the simp argument list.
  [apply] simp [Matrix.mul_sub, Matrix.sub_mul, Matrix.mul_smul, Matrix.smul_mul, actualSandwichMultiplier]

Note: This linter can be disabled with `set_option linter.unusedSimpArgs false`
warning: SafeLearning/CompleteModulesSandwichHalf.lean:86:25: This simp argument is unused:
  Matrix.sub_mul

Hint: Omit it from the simp argument list.
  [apply] simp [Matrix.mul_sub, Matrix.mul_smul, Matrix.smul_mul, actualSandwichMultiplier, he]

Note: This linter can be disabled with `set_option linter.unusedSimpArgs false`
warning: SafeLearning/CompleteModulesSandwichHalf.lean:86:40: This simp argument is unused:
  Matrix.mul_smul

Hint: Omit it from the simp argument list.
  [apply] simp [Matrix.mul_sub, Matrix.sub_mul, Matrix.smul_mul, actualSandwichMultiplier, he]

Note: This linter can be disabled with `set_option linter.unusedSimpArgs false`
warning: SafeLearning/CompleteModulesSandwichHalf.lean:86:56: This simp argument is unused:
  Matrix.smul_mul

Hint: Omit it from the simp argument list.
  [apply] simp [Matrix.mul_sub, Matrix.sub_mul, Matrix.mul_smul, actualSandwichMultiplier, he]

Note: This linter can be disabled with `set_option linter.unusedSimpArgs false`
warning: SafeLearning/CompleteModulesSandwichHalf.lean:86:72: This simp argument is unused:
  actualSandwichMultiplier

Hint: Omit it from the simp argument list.
  [apply] simp [Matrix.mul_sub, Matrix.sub_mul, Matrix.mul_smul, Matrix.smul_mul, he]

Note: This linter can be disabled with `set_option linter.unusedSimpArgs false`
⚠ [9198/9264] Built SafeLearning.CompleteModulesSandwichLMI (15s)
warning: SafeLearning/CompleteModulesSandwichLMI.lean:19:2: Try this: 
  letI̵

The goal is a proposition, so `let` is preferred over `letI`.
The difference between `let` and `letI` is that `letI` inlines the value.
But this is not relevant for proofs because of proof irrelevance.

Note: This linter can be disabled with `set_option linter.style.haveILetI false`
warning: SafeLearning/CompleteModulesSandwichLMI.lean:31:2: Try this: 
  letI̵

The goal is a proposition, so `let` is preferred over `letI`.
The difference between `let` and `letI` is that `letI` inlines the value.
But this is not relevant for proofs because of proof irrelevance.

Note: This linter can be disabled with `set_option linter.style.haveILetI false`
warning: SafeLearning/CompleteModulesSandwichLMI.lean:26:0: automatically included section variable(s) unused in theorem `SafeLearning.CompleteModulesSandwichLMI.actual_unit_gamma_lipsdp_iff_source_schur`:
  [DecidableEq O]
consider restructuring your `variable` declarations so that the variables are not in scope or explicitly omit them:
  omit [DecidableEq O] in theorem ...

Note: This linter can be disabled with `set_option linter.unusedSectionVars false`
warning: SafeLearning/CompleteModulesSandwichLMI.lean:46:53: This simp argument is unused:
  Matrix.inv_def

Hint: Omit it from the simp argument list.
  [apply] simp

Note: This linter can be disabled with `set_option linter.unusedSimpArgs false`
warning: SafeLearning/CompleteModulesSandwichLMI.lean:41:59: Used `tac1 <;> tac2` where `(tac1; tac2)` would suffice

Note: This linter can be disabled with `set_option linter.unnecessarySeqFocus false`
✔ [9199/9264] Built SafeLearning.CompleteModulesOverlappingPool (19s)
✔ [9200/9264] Built SafeLearning.CompleteCoreEntryModel (14s)
⚠ [9201/9264] Built SafeLearning.CompleteCoreReturns (14s)
warning: SafeLearning/CompleteCoreReturns.lean:43:31: this tactic is never executed

Note: This linter can be disabled with `set_option linter.unreachableTactic false`
warning: SafeLearning/CompleteCoreReturns.lean:43:31: Unused tactic linter: `positivity` does nothing

Note: This linter can be disabled with `set_option linter.unusedTactic false`
warning: SafeLearning/CompleteCoreReturns.lean:56:5: Variable name `hg0` is not explicitly referenced.

Hint: The binding can be removed (if unused) or named `_` (if used implicitly). Alternatively, prefix the name with `_` to silence this warning:
  [apply] _hg0

Note: This linter can be disabled with `set_option linter.unusedVariables false`
✔ [9202/9264] Built SafeLearning.CompleteBarrierDomainControl (12s)
⚠ [9203/9264] Built SafeLearning.CompleteBudgetValue (18s)
warning: SafeLearning/CompleteBudgetValue.lean:108:24: Variable name `hlambda` is not explicitly referenced.

Hint: The binding can be removed (if unused) or named `_` (if used implicitly). Alternatively, prefix the name with `_` to silence this warning:
  [apply] _hlambda

Note: This linter can be disabled with `set_option linter.unusedVariables false`
✔ [9204/9264] Built SafeLearning.CompleteModulesGeneralFiniteKernel (13s)
✔ [9205/9264] Built SafeLearning.CompleteModulesScalarExactGain (14s)
⚠ [9206/9264] Built SafeLearning.CompleteModulesBarrierPath (16s)
warning: SafeLearning/CompleteModulesBarrierPath.lean:119:5: Variable name `hpositive` is not explicitly referenced.

Hint: The binding can be removed (if unused) or named `_` (if used implicitly). Alternatively, prefix the name with `_` to silence this warning:
  [apply] _hpositive

Note: This linter can be disabled with `set_option linter.unusedVariables false`
✔ [9207/9264] Built SafeLearning.CompleteModulesSLLSpectral (24s)
⚠ [9208/9264] Built SafeLearning.CompleteFoundationsBoxedQP (34s)
warning: SafeLearning/CompleteFoundationsBoxedQP.lean:132:18: this tactic is never executed

Note: This linter can be disabled with `set_option linter.unreachableTactic false`
warning: SafeLearning/CompleteFoundationsBoxedQP.lean:132:18: Unused tactic linter: `simp [point]` does nothing

Note: This linter can be disabled with `set_option linter.unusedTactic false`
warning: SafeLearning/CompleteFoundationsBoxedQP.lean:224:18: this tactic is never executed

Note: This linter can be disabled with `set_option linter.unreachableTactic false`
warning: SafeLearning/CompleteFoundationsBoxedQP.lean:224:18: Unused tactic linter: `simp [point]` does nothing

Note: This linter can be disabled with `set_option linter.unusedTactic false`
⚠ [9209/9264] Built SafeLearning.CompletePolicyImportance (14s)
warning: SafeLearning/CompletePolicyImportance.lean:15:6: This simp argument is unused:
  Fin.sum_univ_zero

Hint: Omit it from the simp argument list.
  [apply] simp only [Fin.sum_univ_two, Matrix.cons_val_zero, Matrix.cons_val_one, add_zero]

Note: This linter can be disabled with `set_option linter.unusedSimpArgs false`
warning: SafeLearning/CompletePolicyImportance.lean:15:25: This simp argument is unused:
  add_zero

Hint: Omit it from the simp argument list.
  [apply] simp only [Fin.sum_univ_two, Matrix.cons_val_zero, Matrix.cons_val_one, Fin.sum_univ_zero]

Note: This linter can be disabled with `set_option linter.unusedSimpArgs false`
warning: SafeLearning/CompletePolicyImportance.lean:28:25: This simp argument is unused:
  Fin.sum_univ_zero

Hint: Omit it from the simp argument list.
  [apply] simp only [binaryLaw, PMF.ofFintype_apply, Fin.sum_univ_two, Matrix.cons_val_zero, Matrix.cons_val_one,
    add_zero]

Note: This linter can be disabled with `set_option linter.unusedSimpArgs false`
warning: SafeLearning/CompletePolicyImportance.lean:28:44: This simp argument is unused:
  add_zero

Hint: Omit it from the simp argument list.
  [apply] simp only [binaryLaw, PMF.ofFintype_apply, Fin.sum_univ_two, Matrix.cons_val_zero, Matrix.cons_val_one,
    Fin.sum_univ_zero]

Note: This linter can be disabled with `set_option linter.unusedSimpArgs false`
⚠ [9210/9264] Built SafeLearning.CompleteAppliedIIDProducts (12s)
warning: SafeLearning/CompleteAppliedIIDProducts.lean:41:8: This simp argument is unused:
  bernoulliMeasure_real_apply

Hint: Omit it from the simp argument list.
  [apply] simp [unitInterval.coe_symm_eq]

Note: This linter can be disabled with `set_option linter.unusedSimpArgs false`
warning: SafeLearning/CompleteAppliedIIDProducts.lean:41:36: This simp argument is unused:
  unitInterval.coe_symm_eq

Hint: Omit it from the simp argument list.
  [apply] simp [bernoulliMeasure_real_apply]

Note: This linter can be disabled with `set_option linter.unusedSimpArgs false`
✔ [9211/9264] Built SafeLearning.CompletePolicyMetricPrices (19s)
✔ [9212/9264] Built SafeLearning.CompleteModulesDynamicNetwork (12s)
✔ [9213/9264] Built SafeLearning.CompleteModulesNormalizedClassification (12s)
⚠ [9214/9264] Built SafeLearning.CompleteAppliedBaselines (15s)
warning: SafeLearning/CompleteAppliedBaselines.lean:167:15: This simp argument is unused:
  Pi.add_apply

Hint: Omit it from the simp argument list.
  [apply] simp only [Pi.sub_apply, Pi.pow_apply, id_eq]

Note: This linter can be disabled with `set_option linter.unusedSimpArgs false`
warning: SafeLearning/CompleteAppliedBaselines.lean:167:43: This simp argument is unused:
  Pi.pow_apply

Hint: Omit it from the simp argument list.
  [apply] simp only [Pi.add_apply, Pi.sub_apply, id_eq]

Note: This linter can be disabled with `set_option linter.unusedSimpArgs false`
warning: SafeLearning/CompleteAppliedBaselines.lean:188:79: Used `tac1 <;> tac2` where `(tac1; tac2)` would suffice

Note: This linter can be disabled with `set_option linter.unnecessarySeqFocus false`
warning: SafeLearning/CompleteAppliedBaselines.lean:202:12: This simp argument is unused:
  sq_eq_zero_iff

Hint: Omit it from the simp argument list.
  [apply] simp [hp, sub_eq_zero]

Note: This linter can be disabled with `set_option linter.unusedSimpArgs false`
warning: SafeLearning/CompleteAppliedBaselines.lean:219:17: this tactic is never executed

Note: This linter can be disabled with `set_option linter.unreachableTactic false`
warning: SafeLearning/CompleteAppliedBaselines.lean:219:17: Unused tactic linter: `ring` does nothing

Note: This linter can be disabled with `set_option linter.unusedTactic false`
⚠ [9215/9264] Built SafeLearning.CompleteAppliedTwoAtomRisk (16s)
warning: SafeLearning/CompleteAppliedTwoAtomRisk.lean:13:6: This simp argument is unused:
  Fin.sum_univ_zero

Hint: Omit it from the simp argument list.
  [apply] simp only [Fin.sum_univ_two, Matrix.cons_val_zero, Matrix.cons_val_one, add_zero]

Note: This linter can be disabled with `set_option linter.unusedSimpArgs false`
warning: SafeLearning/CompleteAppliedTwoAtomRisk.lean:13:24: This simp argument is unused:
  add_zero

Hint: Omit it from the simp argument list.
  [apply] simp only [Fin.sum_univ_two, Matrix.cons_val_zero, Matrix.cons_val_one, Fin.sum_univ_zero]

Note: This linter can be disabled with `set_option linter.unusedSimpArgs false`
warning: SafeLearning/CompleteAppliedTwoAtomRisk.lean:25:24: This simp argument is unused:
  Fin.sum_univ_zero

Hint: Omit it from the simp argument list.
  [apply] simp only [costLaw, PMF.ofFintype_apply, Fin.sum_univ_two, Matrix.cons_val_zero, Matrix.cons_val_one,
    add_zero]

Note: This linter can be disabled with `set_option linter.unusedSimpArgs false`
warning: SafeLearning/CompleteAppliedTwoAtomRisk.lean:25:42: This simp argument is unused:
  add_zero

Hint: Omit it from the simp argument list.
  [apply] simp only [costLaw, PMF.ofFintype_apply, Fin.sum_univ_two, Matrix.cons_val_zero, Matrix.cons_val_one,
    Fin.sum_univ_zero]

Note: This linter can be disabled with `set_option linter.unusedSimpArgs false`
warning: SafeLearning/CompleteAppliedTwoAtomRisk.lean:50:49: `Set.mem_setOf_eq` has been deprecated: Use `Set.mem_ofPred_eq` instead
warning: SafeLearning/CompleteAppliedTwoAtomRisk.lean:51:40: `if_pos` has been deprecated: Use `ite_eq_left` instead
warning: SafeLearning/CompleteAppliedTwoAtomRisk.lean:51:47: `if_neg` has been deprecated: Use `ite_eq_right` instead
warning: SafeLearning/CompleteAppliedTwoAtomRisk.lean:42:10: This simp argument is unused:
  PMF.toOuterMeasure_ofFintype_apply

Hint: Omit it from the simp argument list.
  [apply] simp [tsum_fintype, costLaw, costValue, Fin.sum_univ_two, Set.indicator, hz, not_le.mpr hz, hc]

Note: This linter can be disabled with `set_option linter.unusedSimpArgs false`
warning: SafeLearning/CompleteAppliedTwoAtomRisk.lean:42:45: This simp argument is unused:
  tsum_fintype

Hint: Omit it from the simp argument list.
  [apply] simp [PMF.toOuterMeasure_ofFintype_apply, costLaw, costValue, Fin.sum_univ_two, Set.indicator, hz,
    not_le.mpr hz, hc]

Note: This linter can be disabled with `set_option linter.unusedSimpArgs false`
warning: SafeLearning/CompleteAppliedTwoAtomRisk.lean:45:12: This simp argument is unused:
  PMF.toOuterMeasure_ofFintype_apply

Hint: Omit it from the simp argument list.
  [apply] simp [tsum_fintype, costLaw, costValue, Fin.sum_univ_two, Set.indicator, hz, le_of_not_gt hz, hc,
    not_le.mpr hc, ENNReal.toReal_ofReal (sub_nonneg.mpr q.2.2)]

Note: This linter can be disabled with `set_option linter.unusedSimpArgs false`
warning: SafeLearning/CompleteAppliedTwoAtomRisk.lean:45:47: This simp argument is unused:
  tsum_fintype

Hint: Omit it from the simp argument list.
  [apply] simp [PMF.toOuterMeasure_ofFintype_apply, costLaw, costValue, Fin.sum_univ_two, Set.indicator, hz,
    le_of_not_gt hz, hc, not_le.mpr hc, ENNReal.toReal_ofReal (sub_nonneg.mpr q.2.2)]

Note: This linter can be disabled with `set_option linter.unusedSimpArgs false`
warning: SafeLearning/CompleteAppliedTwoAtomRisk.lean:48:73: This simp argument is unused:
  PMF.ofFintype_apply

Hint: Omit it from the simp argument list.
  [apply] simp only [PMF.toOuterMeasure_ofFintype_apply, tsum_fintype, costLaw, costValue, Fin.sum_univ_two,
    Matrix.cons_val_zero, Matrix.cons_val_one, Fin.sum_univ_zero, add_zero, Set.indicator, Set.mem_setOf_eq,
    le_of_not_gt hz, le_of_not_gt hc, if_pos, if_neg, hz, hc]

Note: This linter can be disabled with `set_option linter.unusedSimpArgs false`
warning: SafeLearning/CompleteAppliedTwoAtomRisk.lean:50:8: This simp argument is unused:
  Fin.sum_univ_zero

Hint: Omit it from the simp argument list.
  [apply] simp only [PMF.toOuterMeasure_ofFintype_apply, tsum_fintype, costLaw, PMF.ofFintype_apply, costValue,
    Fin.sum_univ_two, Matrix.cons_val_zero, Matrix.cons_val_one, add_zero, Set.indicator, Set.mem_setOf_eq,
    le_of_not_gt hz, le_of_not_gt hc, if_pos, if_neg, hz, hc]

Note: This linter can be disabled with `set_option linter.unusedSimpArgs false`
warning: SafeLearning/CompleteAppliedTwoAtomRisk.lean:50:26: This simp argument is unused:
  add_zero

Hint: Omit it from the simp argument list.
  [apply] simp only [PMF.toOuterMeasure_ofFintype_apply, tsum_fintype, costLaw, PMF.ofFintype_apply, costValue,
    Fin.sum_univ_two, Matrix.cons_val_zero, Matrix.cons_val_one, Fin.sum_univ_zero, Set.indicator, Set.mem_setOf_eq,
    le_of_not_gt hz, le_of_not_gt hc, if_pos, if_neg, hz, hc]

Note: This linter can be disabled with `set_option linter.unusedSimpArgs false`
warning: SafeLearning/CompleteAppliedTwoAtomRisk.lean:51:47: This simp argument is unused:
  if_neg

Hint: Omit it from the simp argument list.
  [apply] simp only [PMF.toOuterMeasure_ofFintype_apply, tsum_fintype, costLaw, PMF.ofFintype_apply, costValue,
    Fin.sum_univ_two, Matrix.cons_val_zero, Matrix.cons_val_one, Fin.sum_univ_zero, add_zero, Set.indicator,
    Set.mem_setOf_eq, le_of_not_gt hz, le_of_not_gt hc, if_pos, hz, hc]

Note: This linter can be disabled with `set_option linter.unusedSimpArgs false`
warning: SafeLearning/CompleteAppliedTwoAtomRisk.lean:59:15: `Set.mem_setOf_eq` has been deprecated: Use `Set.mem_ofPred_eq` instead
warning: SafeLearning/CompleteAppliedTwoAtomRisk.lean:67:15: `Set.mem_setOf_eq` has been deprecated: Use `Set.mem_ofPred_eq` instead
⚠ [9216/9264] Built SafeLearning.CompleteAppliedValidation (14s)
warning: SafeLearning/CompleteAppliedValidation.lean:47:15: `Set.mem_setOf_eq` has been deprecated: Use `Set.mem_ofPred_eq` instead
warning: SafeLearning/CompleteAppliedValidation.lean:108:25: this tactic is never executed

Note: This linter can be disabled with `set_option linter.unreachableTactic false`
warning: SafeLearning/CompleteAppliedValidation.lean:108:25: Unused tactic linter: `norm_num` does nothing

Note: This linter can be disabled with `set_option linter.unusedTactic false`
warning: SafeLearning/CompleteAppliedValidation.lean:173:29: `Set.mem_setOf_eq` has been deprecated: Use `Set.mem_ofPred_eq` instead
✔ [9217/9264] Built SafeLearning.CompleteAppliedAlarmModel (15s)
⚠ [9218/9264] Built SafeLearning.CompleteAppliedTailRisk (16s)
warning: SafeLearning/CompleteAppliedTailRisk.lean:31:10: This simp argument is unused:
  PMF.toOuterMeasure_ofFintype_apply

Hint: Omit it from the simp argument list.
  [apply] simp [tsum_fintype, lossLaw, lossValue, Fin.sum_univ_succ, Set.indicator, h0, not_le.mpr h0, h10, h100]

Note: This linter can be disabled with `set_option linter.unusedSimpArgs false`
warning: SafeLearning/CompleteAppliedTailRisk.lean:31:45: This simp argument is unused:
  tsum_fintype

Hint: Omit it from the simp argument list.
  [apply] simp [PMF.toOuterMeasure_ofFintype_apply, lossLaw, lossValue, Fin.sum_univ_succ, Set.indicator, h0,
    not_le.mpr h0, h10, h100]

Note: This linter can be disabled with `set_option linter.unusedSimpArgs false`
warning: SafeLearning/CompleteAppliedTailRisk.lean:35:12: This simp argument is unused:
  PMF.toOuterMeasure_ofFintype_apply

Hint: Omit it from the simp argument list.
  [apply] simp [tsum_fintype, lossLaw, lossValue, Fin.sum_univ_succ, Set.indicator, h0, le_of_not_gt h0, h10,
    not_le.mpr h10, h100]

Note: This linter can be disabled with `set_option linter.unusedSimpArgs false`
warning: SafeLearning/CompleteAppliedTailRisk.lean:35:47: This simp argument is unused:
  tsum_fintype

Hint: Omit it from the simp argument list.
  [apply] simp [PMF.toOuterMeasure_ofFintype_apply, lossLaw, lossValue, Fin.sum_univ_succ, Set.indicator, h0,
    le_of_not_gt h0, h10, not_le.mpr h10, h100]

Note: This linter can be disabled with `set_option linter.unusedSimpArgs false`
warning: SafeLearning/CompleteAppliedTailRisk.lean:55:15: `Set.mem_setOf_eq` has been deprecated: Use `Set.mem_ofPred_eq` instead
warning: SafeLearning/CompleteAppliedTailRisk.lean:59:15: `Set.mem_setOf_eq` has been deprecated: Use `Set.mem_ofPred_eq` instead
warning: SafeLearning/CompleteAppliedTailRisk.lean:63:15: `Set.mem_setOf_eq` has been deprecated: Use `Set.mem_ofPred_eq` instead
warning: SafeLearning/CompleteAppliedTailRisk.lean:56:65: this tactic is never executed

Note: This linter can be disabled with `set_option linter.unreachableTactic false`
warning: SafeLearning/CompleteAppliedTailRisk.lean:60:65: this tactic is never executed

Note: This linter can be disabled with `set_option linter.unreachableTactic false`
warning: SafeLearning/CompleteAppliedTailRisk.lean:64:65: this tactic is never executed

Note: This linter can be disabled with `set_option linter.unreachableTactic false`
warning: SafeLearning/CompleteAppliedTailRisk.lean:56:65: Unused tactic linter: `norm_num at h` does nothing

Note: This linter can be disabled with `set_option linter.unusedTactic false`
warning: SafeLearning/CompleteAppliedTailRisk.lean:60:65: Unused tactic linter: `norm_num at h` does nothing

Note: This linter can be disabled with `set_option linter.unusedTactic false`
warning: SafeLearning/CompleteAppliedTailRisk.lean:64:65: Unused tactic linter: `norm_num at h` does nothing

Note: This linter can be disabled with `set_option linter.unusedTactic false`
✔ [9219/9264] Built SafeLearning.CompleteAppliedValidationNumbers (15s)
⚠ [9220/9264] Built SafeLearning.CompleteBarrierExamples (11s)
warning: SafeLearning/CompleteBarrierExamples.lean:34:29: this tactic is never executed

Note: This linter can be disabled with `set_option linter.unreachableTactic false`
warning: SafeLearning/CompleteBarrierExamples.lean:34:29: Unused tactic linter: `ring` does nothing

Note: This linter can be disabled with `set_option linter.unusedTactic false`
warning: SafeLearning/CompleteBarrierExamples.lean:42:13: `Set.mem_setOf_eq` has been deprecated: Use `Set.mem_ofPred_eq` instead
warning: SafeLearning/CompleteBarrierExamples.lean:52:13: `Set.mem_setOf_eq` has been deprecated: Use `Set.mem_ofPred_eq` instead
warning: SafeLearning/CompleteBarrierExamples.lean:59:13: `Set.mem_setOf_eq` has been deprecated: Use `Set.mem_ofPred_eq` instead
warning: SafeLearning/CompleteBarrierExamples.lean:95:29: this tactic is never executed

Note: This linter can be disabled with `set_option linter.unreachableTactic false`
warning: SafeLearning/CompleteBarrierExamples.lean:95:29: Unused tactic linter: `ring` does nothing

Note: This linter can be disabled with `set_option linter.unusedTactic false`
✔ [9221/9264] Built SafeLearning.CompleteLyapunovValidationNumbers (15s)
⚠ [9222/9264] Built SafeLearning.CompleteBarrierISSf (11s)
warning: SafeLearning/CompleteBarrierISSf.lean:29:69: Used `tac1 <;> tac2` where `(tac1; tac2)` would suffice

Note: This linter can be disabled with `set_option linter.unnecessarySeqFocus false`
warning: SafeLearning/CompleteBarrierISSf.lean:30:16: Used `tac1 <;> tac2` where `(tac1; tac2)` would suffice

Note: This linter can be disabled with `set_option linter.unnecessarySeqFocus false`
warning: SafeLearning/CompleteBarrierISSf.lean:30:35: Used `tac1 <;> tac2` where `(tac1; tac2)` would suffice

Note: This linter can be disabled with `set_option linter.unnecessarySeqFocus false`
warning: SafeLearning/CompleteBarrierISSf.lean:30:6: Unused tactic linter: `(try rfl)` does nothing

Note: This linter can be disabled with `set_option linter.unusedTactic false`
⚠ [9223/9264] Built SafeLearning.CompleteModulesMarginCorollaries (9.3s)
warning: SafeLearning/CompleteModulesMarginCorollaries.lean:12:0: automatically included section variable(s) unused in theorem `SafeLearning.CompleteModulesMarginCorollaries.actual_uniform_pair_radius_equals_global_margin_radius`:
  [Fintype O]
  [DecidableEq O]
  [PseudoMetricSpace X]
consider restructuring your `variable` declarations so that the variables are not in scope or explicitly omit them:
  omit [Fintype O] [DecidableEq O] [PseudoMetricSpace X] in theorem ...

Note: This linter can be disabled with `set_option linter.unusedSectionVars false`
⚠ [9224/9264] Built SafeLearning.CompleteExponentialBarrier (10s)
warning: SafeLearning/CompleteExponentialBarrier.lean:30:53: This simp argument is unused:
  mulVec

Hint: Omit it from the simp argument list.
  [apply] simp [companion, eta, inputVector, dotProduct, Fin.sum_univ_two]

Note: This linter can be disabled with `set_option linter.unusedSimpArgs false`
warning: SafeLearning/CompleteExponentialBarrier.lean:30:61: This simp argument is unused:
  dotProduct

Hint: Omit it from the simp argument list.
  [apply] simp [companion, eta, inputVector, mulVec, Fin.sum_univ_two]

Note: This linter can be disabled with `set_option linter.unusedSimpArgs false`
warning: SafeLearning/CompleteExponentialBarrier.lean:30:73: This simp argument is unused:
  Fin.sum_univ_two

Hint: Omit it from the simp argument list.
  [apply] simp [companion, eta, inputVector, mulVec, dotProduct]

Note: This linter can be disabled with `set_option linter.unusedSimpArgs false`
⚠ [9225/9264] Built SafeLearning.CompleteModulesSandwichConsequences (9.6s)
warning: SafeLearning/CompleteModulesSandwichConsequences.lean:16:0: automatically included section variable(s) unused in theorem `SafeLearning.CompleteModulesSandwichConsequences.actual_negative_definite_matrix_is_not_positive_semidefinite`:
  [Fintype K]
  [DecidableEq K]
consider restructuring your `variable` declarations so that the variables are not in scope or explicitly omit them:
  omit [Fintype K] [DecidableEq K] in theorem ...

Note: This linter can be disabled with `set_option linter.unusedSectionVars false`
warning: SafeLearning/CompleteModulesSandwichConsequences.lean:54:0: automatically included section variable(s) unused in theorem `SafeLearning.CompleteModulesSandwichConsequences.actual_unit_block_quadratic_is_energy_plus_qc`:
  [DecidableEq O]
consider restructuring your `variable` declarations so that the variables are not in scope or explicitly omit them:
  omit [DecidableEq O] in theorem ...

Note: This linter can be disabled with `set_option linter.unusedSectionVars false`
warning: SafeLearning/CompleteModulesSandwichConsequences.lean:67:50: This simp argument is unused:
  zero_mul

Hint: Omit it from the simp argument list.
  [apply] simp only [Matrix.fromCols_mulVec_sumElim, Matrix.zero_mulVec, Matrix.one_mulVec, add_zero, zero_add,
    squared_norm_of_coordinates, one_mul, zero_add, Matrix.mulVec_diagonal, dotProduct, Pi.sub_apply]

Note: This linter can be disabled with `set_option linter.unusedSimpArgs false`
warning: SafeLearning/CompleteModulesSandwichConsequences.lean:76:0: automatically included section variable(s) unused in theorem `SafeLearning.CompleteModulesSandwichConsequences.actual_unit_slope_activation_incremental_qc`:
  [DecidableEq I]
consider restructuring your `variable` declarations so that the variables are not in scope or explicitly omit them:
  omit [DecidableEq I] in theorem ...

Note: This linter can be disabled with `set_option linter.unusedSectionVars false`
⚠ [9226/9264] Built SafeLearning.CompletePolicyMixing (9.2s)
warning: SafeLearning/CompletePolicyMixing.lean:135:54: Variable name `hp` is not explicitly referenced.

Hint: The binding can be removed (if unused) or named `_` (if used implicitly). Alternatively, prefix the name with `_` to silence this warning:
  [apply] _hp

Note: This linter can be disabled with `set_option linter.unusedVariables false`
✔ [9227/9264] Built SafeLearning.CompleteModulesFiniteDynamicNetwork (5.9s)
✔ [9228/9264] Built SafeLearning.CompleteModulesClassificationLevels (5.6s)
✔ [9229/9264] Built SafeLearning.CompleteAppliedBaselineDegenerate (5.8s)
⚠ [9230/9264] Built SafeLearning.CompletePolicyLagrangianPrices (7.1s)
warning: SafeLearning/CompletePolicyLagrangianPrices.lean:44:64: Used `tac1 <;> tac2` where `(tac1; tac2)` would suffice

Note: This linter can be disabled with `set_option linter.unnecessarySeqFocus false`
✔ [9231/9264] Built SafeLearning.CompleteAppliedFiniteKL (6.3s)
✔ [9232/9264] Built SafeLearning.CompleteAppliedAlarmBatches (6.2s)
✔ [9233/9264] Built SafeLearning.CompleteLyapunovValidationConfidence (6.5s)
⚠ [9234/9264] Built SafeLearning.CompleteAppliedValidationTests (6.1s)
warning: SafeLearning/CompleteAppliedValidationTests.lean:90:16: `Set.iInter_setOf` has been deprecated: Use `Set.iInter_ofPred` instead
warning: SafeLearning/CompleteAppliedValidationTests.lean:95:51: `Set.mem_setOf_eq` has been deprecated: Use `Set.mem_ofPred_eq` instead
warning: SafeLearning/CompleteAppliedValidationTests.lean:103:50: `Set.mem_setOf_eq` has been deprecated: Use `Set.mem_ofPred_eq` instead
⚠ [9235/9264] Built SafeLearning.CompleteAppliedTailRiskSlopes (6.9s)
warning: SafeLearning/CompleteAppliedTailRiskSlopes.lean:51:28: this tactic is never executed

Note: This linter can be disabled with `set_option linter.unreachableTactic false`
warning: SafeLearning/CompleteAppliedTailRiskSlopes.lean:51:39: this tactic is never executed

Note: This linter can be disabled with `set_option linter.unreachableTactic false`
warning: SafeLearning/CompleteAppliedTailRiskSlopes.lean:51:28: Unused tactic linter: `norm_num` does nothing

Note: This linter can be disabled with `set_option linter.unusedTactic false`
warning: SafeLearning/CompleteAppliedTailRiskSlopes.lean:51:39: Unused tactic linter: `(ext z; simp only [id_eq, Pi.neg_apply]; ring)` does nothing

Note: This linter can be disabled with `set_option linter.unusedTactic false`
warning: SafeLearning/CompleteAppliedTailRiskSlopes.lean:103:28: this tactic is never executed

Note: This linter can be disabled with `set_option linter.unreachableTactic false`
warning: SafeLearning/CompleteAppliedTailRiskSlopes.lean:103:39: this tactic is never executed

Note: This linter can be disabled with `set_option linter.unreachableTactic false`
warning: SafeLearning/CompleteAppliedTailRiskSlopes.lean:103:28: Unused tactic linter: `norm_num` does nothing

Note: This linter can be disabled with `set_option linter.unusedTactic false`
warning: SafeLearning/CompleteAppliedTailRiskSlopes.lean:103:39: Unused tactic linter: `(ext z; simp only [id_eq, Pi.neg_apply]; ring)` does nothing

Note: This linter can be disabled with `set_option linter.unusedTactic false`
⚠ [9236/9264] Built SafeLearning.CompleteModulesMarginDomain (5.9s)
warning: SafeLearning/CompleteModulesMarginDomain.lean:16:0: automatically included section variable(s) unused in theorem `SafeLearning.CompleteModulesMarginDomain.actual_nonnegative_logit_bound_can_be_replaced_by_positive_bound`:
  [DecidableEq O]
consider restructuring your `variable` declarations so that the variables are not in scope or explicitly omit them:
  omit [DecidableEq O] in theorem ...

Note: This linter can be disabled with `set_option linter.unusedSectionVars false`
warning: SafeLearning/CompleteModulesMarginDomain.lean:26:0: automatically included section variable(s) unused in theorem `SafeLearning.CompleteModulesMarginDomain.actual_nonnegative_pair_gap_bound_can_be_replaced_by_positive_bound`:
  [Fintype O]
  [DecidableEq O]
consider restructuring your `variable` declarations so that the variables are not in scope or explicitly omit them:
  omit [Fintype O] [DecidableEq O] in theorem ...

Note: This linter can be disabled with `set_option linter.unusedSectionVars false`
warning: SafeLearning/CompleteModulesMarginDomain.lean:38:0: automatically included section variable(s) unused in theorem `SafeLearning.CompleteModulesMarginDomain.actual_zero_pair_gap_bound_makes_gap_constant`:
  [Fintype O]
  [DecidableEq O]
  [PseudoMetricSpace X]
consider restructuring your `variable` declarations so that the variables are not in scope or explicitly omit them:
  omit [Fintype O] [DecidableEq O] [PseudoMetricSpace X] in theorem ...

Note: This linter can be disabled with `set_option linter.unusedSectionVars false`
⚠ [9237/9264] Built SafeLearning.CompleteExponentialBarrierConsequences (5.0s)
warning: SafeLearning/CompleteExponentialBarrierConsequences.lean:18:57: This simp argument is unused:
  Matrix.mul_apply

Hint: Omit it from the simp argument list.
  [apply] simp [companion, inputMatrix, gainRow, closedMatrix, Fin.sum_univ_succ]

Note: This linter can be disabled with `set_option linter.unusedSimpArgs false`
warning: SafeLearning/CompleteExponentialBarrierConsequences.lean:18:75: This simp argument is unused:
  Fin.sum_univ_succ

Hint: Omit it from the simp argument list.
  [apply] simp [companion, inputMatrix, gainRow, closedMatrix, Matrix.mul_apply]

Note: This linter can be disabled with `set_option linter.unusedSimpArgs false`
warning: SafeLearning/CompleteExponentialBarrierConsequences.lean:29:53: This simp argument is unused:
  mulVec

Hint: Omit it from the simp argument list.
  [apply] simp [companion, eta, inputMatrix, dotProduct, Fin.sum_univ_succ]

Note: This linter can be disabled with `set_option linter.unusedSimpArgs false`
warning: SafeLearning/CompleteExponentialBarrierConsequences.lean:29:61: This simp argument is unused:
  dotProduct

Hint: Omit it from the simp argument list.
  [apply] simp [companion, eta, inputMatrix, mulVec, Fin.sum_univ_succ]

Note: This linter can be disabled with `set_option linter.unusedSimpArgs false`
warning: SafeLearning/CompleteExponentialBarrierConsequences.lean:29:73: This simp argument is unused:
  Fin.sum_univ_succ

Hint: Omit it from the simp argument list.
  [apply] simp [companion, eta, inputMatrix, mulVec, dotProduct]

Note: This linter can be disabled with `set_option linter.unusedSimpArgs false`
warning: SafeLearning/CompleteExponentialBarrierConsequences.lean:36:22: `if_false` has been deprecated: Use `ite_false` instead
✔ [9238/9264] Built SafeLearning.CompleteExponentialBarrierSafety (6.1s)
✔ [9239/9264] Built SafeLearning.CompleteAppliedFiniteKLSupport (5.3s)
✔ [9240/9264] Built SafeLearning.CompleteAppliedAlarmPrecision (5.3s)
⚠ [9241/9264] Built SafeLearning.CompleteAppliedZeroConfidence (5.1s)
warning: SafeLearning/CompleteAppliedZeroConfidence.lean:83:16: `Set.iInter_setOf` has been deprecated: Use `Set.iInter_ofPred` instead
warning: SafeLearning/CompleteAppliedZeroConfidence.lean:97:17: `Set.mem_setOf_eq` has been deprecated: Use `Set.mem_ofPred_eq` instead
warning: SafeLearning/CompleteAppliedZeroConfidence.lean:107:18: `Set.iInter_setOf` has been deprecated: Use `Set.iInter_ofPred` instead
warning: SafeLearning/CompleteAppliedZeroConfidence.lean:111:17: `Set.mem_setOf_eq` has been deprecated: Use `Set.mem_ofPred_eq` instead
warning: SafeLearning/CompleteAppliedZeroConfidence.lean:161:39: Used `tac1 <;> tac2` where `(tac1; tac2)` would suffice

Note: This linter can be disabled with `set_option linter.unnecessarySeqFocus false`
✔ [9242/9264] Built SafeLearning.CompleteLyapunovTrajectoryValidation (5.5s)
✔ [9243/9264] Built SafeLearning.CompleteLyapunovAdaptiveValidation (5.6s)
⚠ [9244/9264] Built SafeLearning.CompleteAppliedInformation (6.7s)
warning: SafeLearning/CompleteAppliedInformation.lean:37:2: try 'simp' instead of 'simpa'

Note: This linter can be disabled with `set_option linter.unnecessarySimpa false`
warning: SafeLearning/CompleteAppliedInformation.lean:71:18: This simp argument is unused:
  PMF.toOuterMeasure_ofFintype_apply

Hint: Omit it from the simp argument list.
  [apply] simp [tsum_fintype, costLaw, Fin.sum_univ_two, Set.indicator, h0, h1,
    ENNReal.toReal_ofReal (sub_nonneg.mpr q.2.2), ENNReal.toReal_ofReal q.2.1]

Note: This linter can be disabled with `set_option linter.unusedSimpArgs false`
warning: SafeLearning/CompleteAppliedInformation.lean:71:53: This simp argument is unused:
  tsum_fintype

Hint: Omit it from the simp argument list.
  [apply] simp [PMF.toOuterMeasure_ofFintype_apply, costLaw, Fin.sum_univ_two, Set.indicator, h0, h1,
    ENNReal.toReal_ofReal (sub_nonneg.mpr q.2.2), ENNReal.toReal_ofReal q.2.1]

Note: This linter can be disabled with `set_option linter.unusedSimpArgs false`
⚠ [9245/9264] Built SafeLearning.CompleteAppliedTailRiskOptima (5.9s)
warning: SafeLearning/CompleteAppliedTailRiskOptima.lean:40:23: Used `tac1 <;> tac2` where `(tac1; tac2)` would suffice

Note: This linter can be disabled with `set_option linter.unnecessarySeqFocus false`
warning: SafeLearning/CompleteAppliedTailRiskOptima.lean:59:23: Used `tac1 <;> tac2` where `(tac1; tac2)` would suffice

Note: This linter can be disabled with `set_option linter.unnecessarySeqFocus false`
warning: SafeLearning/CompleteAppliedTailRiskOptima.lean:78:23: Used `tac1 <;> tac2` where `(tac1; tac2)` would suffice

Note: This linter can be disabled with `set_option linter.unnecessarySeqFocus false`
✔ [9246/9264] Built SafeLearning.CompleteAppliedInformationBridges (4.6s)
✔ [9247/9264] Built SafeLearning.CompleteAppliedFiniteEntropy (4.7s)
⚠ [9248/9264] Built SafeLearning.CompleteAppliedBinaryPinsker (5.2s)
warning: SafeLearning/CompleteAppliedBinaryPinsker.lean:112:24: This simp argument is unused:
  Fin.sum_univ_zero

Hint: Omit it from the simp argument list.
  [apply] simp only [costLaw, PMF.ofFintype_apply, Fin.sum_univ_two, Matrix.cons_val_zero, Matrix.cons_val_one,
    add_zero, ENNReal.toReal_ofReal (sub_nonneg.mpr p.2.2), ENNReal.toReal_ofReal p.2.1,
    ENNReal.toReal_ofReal (sub_nonneg.mpr q.2.2), ENNReal.toReal_ofReal q.2.1]

Note: This linter can be disabled with `set_option linter.unusedSimpArgs false`
warning: SafeLearning/CompleteAppliedBinaryPinsker.lean:112:42: This simp argument is unused:
  add_zero

Hint: Omit it from the simp argument list.
  [apply] simp only [costLaw, PMF.ofFintype_apply, Fin.sum_univ_two, Matrix.cons_val_zero, Matrix.cons_val_one,
    Fin.sum_univ_zero, ENNReal.toReal_ofReal (sub_nonneg.mpr p.2.2), ENNReal.toReal_ofReal p.2.1,
    ENNReal.toReal_ofReal (sub_nonneg.mpr q.2.2), ENNReal.toReal_ofReal q.2.1]

Note: This linter can be disabled with `set_option linter.unusedSimpArgs false`
⚠ [9249/9264] Built SafeLearning.CompleteAppliedRiskPrimer (5.8s)
warning: SafeLearning/CompleteAppliedRiskPrimer.lean:28:10: This simp argument is unused:
  PMF.toOuterMeasure_ofFintype_apply

Hint: Omit it from the simp argument list.
  [apply] simp [tsum_fintype, lossLaw, sourceCost, Fin.sum_univ_succ, Set.indicator, h0, not_le.mpr h0, h2, h10]

Note: This linter can be disabled with `set_option linter.unusedSimpArgs false`
warning: SafeLearning/CompleteAppliedRiskPrimer.lean:28:45: This simp argument is unused:
  tsum_fintype

Hint: Omit it from the simp argument list.
  [apply] simp [PMF.toOuterMeasure_ofFintype_apply, lossLaw, sourceCost, Fin.sum_univ_succ, Set.indicator, h0,
    not_le.mpr h0, h2, h10]

Note: This linter can be disabled with `set_option linter.unusedSimpArgs false`
warning: SafeLearning/CompleteAppliedRiskPrimer.lean:32:12: This simp argument is unused:
  PMF.toOuterMeasure_ofFintype_apply

Hint: Omit it from the simp argument list.
  [apply] simp [tsum_fintype, lossLaw, sourceCost, Fin.sum_univ_succ, Set.indicator, h0, le_of_not_gt h0, h2,
    not_le.mpr h2, h10]

Note: This linter can be disabled with `set_option linter.unusedSimpArgs false`
warning: SafeLearning/CompleteAppliedRiskPrimer.lean:32:47: This simp argument is unused:
  tsum_fintype

Hint: Omit it from the simp argument list.
  [apply] simp [PMF.toOuterMeasure_ofFintype_apply, lossLaw, sourceCost, Fin.sum_univ_succ, Set.indicator, h0,
    le_of_not_gt h0, h2, not_le.mpr h2, h10]

Note: This linter can be disabled with `set_option linter.unusedSimpArgs false`
warning: SafeLearning/CompleteAppliedRiskPrimer.lean:62:15: `Set.mem_setOf_eq` has been deprecated: Use `Set.mem_ofPred_eq` instead
warning: SafeLearning/CompleteAppliedRiskPrimer.lean:63:65: this tactic is never executed

Note: This linter can be disabled with `set_option linter.unreachableTactic false`
warning: SafeLearning/CompleteAppliedRiskPrimer.lean:63:65: Unused tactic linter: `norm_num at h` does nothing

Note: This linter can be disabled with `set_option linter.unusedTactic false`
warning: SafeLearning/CompleteAppliedRiskPrimer.lean:97:67: Used `tac1 <;> tac2` where `(tac1; tac2)` would suffice

Note: This linter can be disabled with `set_option linter.unnecessarySeqFocus false`
✔ [9250/9264] Built SafeLearning.CompleteAppliedFiniteBregman (4.7s)
✔ [9251/9264] Built SafeLearning.CompleteAppliedEntropyChain (5.1s)
⚠ [9252/9264] Built SafeLearning.CompleteAppliedFiniteVariation (5.2s)
warning: SafeLearning/CompleteAppliedFiniteVariation.lean:88:18: This simp argument is unused:
  max_eq_left (sub_nonneg.mpr h)

Hint: Omit it from the simp argument list.
  [apply] simp [A, h]

Note: This linter can be disabled with `set_option linter.unusedSimpArgs false`
✔ [9253/9264] Built SafeLearning.CompleteAppliedMeasurePinsker (5.1s)
✔ [9254/9264] Built SafeLearning.CompleteAppliedRiskPrecision (4.7s)
⚠ [9255/9264] Built SafeLearning.CompleteAppliedEntropyGeometry (4.7s)
warning: SafeLearning/CompleteAppliedEntropyGeometry.lean:32:43: `push_neg` has been deprecated. Prefer using `push Not` instead.
If you'd rather continue using `push_neg` in your project, you can implement it as follows:
```
open Lean.Parser.Tactic in
macro "push_neg" cfg:optConfig loc:(location)? : tactic =>
  `(tactic| push $cfg:optConfig Not $[$loc]?)
```
✔ [9256/9264] Built SafeLearning.CompleteAppliedEntropyConditionals (4.6s)
✔ [9257/9264] Built SafeLearning.CompleteAppliedVariationMetric (4.8s)
⚠ [9258/9264] Built SafeLearning.CompleteAppliedFinitePinsker (4.9s)
warning: SafeLearning/CompleteAppliedFinitePinsker.lean:44:15: `Set.mem_setOf_eq` has been deprecated: Use `Set.mem_ofPred_eq` instead
✔ [9259/9264] Built SafeLearning.CompleteAppliedVariationBridges (4.5s)
✔ [9260/9264] Built SafeLearning.CompleteAppliedEntropyDisintegration (4.5s)
✔ [9261/9264] Built SafeLearning.CompleteAppliedInformationExamples (8.2s)
✔ [9262/9264] Built SafeLearning.CompleteAppliedInformationPrecision (6.5s)
✔ [9263/9264] Built SafeLearning (3.0s)
Build completed successfully (9264 jobs).
