'SafeLearning.BookApplications.robust_tank_step' depends on axioms: [propext, Classical.choice, Quot.sound]
'SafeLearning.BookApplications.tank_original_step' depends on axioms: [propext, Classical.choice, Quot.sound]
'SafeLearning.BookApplications.tank_filter_feasible' depends on axioms: [propext, Classical.choice, Quot.sound]
'SafeLearning.BookApplications.tank_measurement_feedback' depends on axioms: [propext, Classical.choice, Quot.sound]
'SafeLearning.BookApplications.tank_sampled_invariance' depends on axioms: [propext, Classical.choice, Quot.sound]
'SafeLearning.BookApplications.tank_feedback_recursive_invariance' depends on axioms: [propext,
 Classical.choice,
 Quot.sound]
'SafeLearning.BookApplications.tank_no_shared_input' depends on axioms: [propext, Classical.choice, Quot.sound]
'SafeLearning.BookApplications.tank_large_disturbance_impossible' depends on axioms: [propext,
 Classical.choice,
 Quot.sound]
'SafeLearning.BookApplications.policy_mix_feasible' depends on axioms: [propext, Classical.choice, Quot.sound]
'SafeLearning.BookApplications.policy_mix_constrained_optimum' depends on axioms: [propext,
 Classical.choice,
 Quot.sound]
'SafeLearning.BookApplications.policy_mix_unique_optimum' depends on axioms: [propext, Classical.choice, Quot.sound]
'SafeLearning.BookApplications.policy_mix_optimum_attained' depends on axioms: [propext, Classical.choice, Quot.sound]
'SafeLearning.BookApplications.policy_mix_budget_optimum' depends on axioms: [propext, Classical.choice, Quot.sound]
'SafeLearning.BookApplications.policy_mix_flat_lagrangian' depends on axioms: [propext, Classical.choice, Quot.sound]
'SafeLearning.BookApplications.held_barrier_affine' depends on axioms: [propext, Classical.choice, Quot.sound]
'SafeLearning.BookApplications.held_barrier_clearance' depends on axioms: [propext, Classical.choice, Quot.sound]
'SafeLearning.BookApplications.held_barrier_half_second' depends on axioms: [propext, Classical.choice, Quot.sound]
'SafeLearning.BookApplications.held_barrier_late_counterexample' depends on axioms: [propext,
 Classical.choice,
 Quot.sound]
'SafeLearning.BookApplications.tube_invariant_step' depends on axioms: [propext, Classical.choice, Quot.sound]
'SafeLearning.BookApplications.tube_sampled_invariance' depends on axioms: [propext, Classical.choice, Quot.sound]
'SafeLearning.BookApplications.tube_thermal_errors' depends on axioms: [propext, Classical.choice, Quot.sound]
'SafeLearning.BookApplications.tube_thermal_radius' depends on axioms: [propext, Classical.choice, Quot.sound]
'SafeLearning.BookApplications.tube_error_envelope' depends on axioms: [propext, Classical.choice, Quot.sound]
'SafeLearning.BookApplications.lipschitz_observation_transfer' depends on axioms: [propext,
 Classical.choice,
 Quot.sound]
'SafeLearning.BookApplications.lipschitz_ball_safety' depends on axioms: [propext, Classical.choice, Quot.sound]
'SafeLearning.BookApplications.lipschitz_implemented_parameter' depends on axioms: [propext,
 Classical.choice,
 Quot.sound]
'SafeLearning.CompleteAppliedAdaptiveSigns.actual_fair_sign_subgaussian' depends on axioms: [propext,
 Classical.choice,
 Quot.sound]
'SafeLearning.CompleteAppliedAdaptiveSigns.adaptive_conditional_mgf' depends on axioms: [propext,
 Classical.choice,
 Quot.sound]
'SafeLearning.CompleteAppliedAdaptiveSigns.adaptive_uniform_parameter_two' depends on axioms: [propext,
 Classical.choice,
 Quot.sound]
'SafeLearning.CompleteAppliedAdaptiveSigns.adaptive_exact_magnitude' depends on axioms: [propext,
 Classical.choice,
 Quot.sound]
'SafeLearning.CompleteAppliedBellman.finite_weights_sum' depends on axioms: [propext, Classical.choice, Quot.sound]
'SafeLearning.CompleteAppliedBellman.finite_mean_difference_bound' depends on axioms: [propext,
 Classical.choice,
 Quot.sound]
'SafeLearning.CompleteAppliedBellman.value_norm_pointwise' depends on axioms: [propext, Classical.choice, Quot.sound]
'SafeLearning.CompleteAppliedBellman.value_norm_le' depends on axioms: [propext, Classical.choice, Quot.sound]
'SafeLearning.CompleteAppliedBellman.value_norm_nonnegative' depends on axioms: [propext, Classical.choice, Quot.sound]
'SafeLearning.CompleteAppliedBellman.bellman_pointwise_contraction' depends on axioms: [propext,
 Classical.choice,
 Quot.sound]
'SafeLearning.CompleteAppliedBellman.bellman_contraction' depends on axioms: [propext, Classical.choice, Quot.sound]
'SafeLearning.CompleteAppliedBellman.bellman_residual_error' depends on axioms: [propext, Classical.choice, Quot.sound]
'SafeLearning.CompleteAppliedBellman.source_residual_bound' depends on axioms: [propext, Classical.choice, Quot.sound]
'SafeLearning.CompleteAppliedBellman.source_tighter_residual_bound' depends on axioms: [propext,
 Classical.choice,
 Quot.sound]
'SafeLearning.CompleteAppliedBellman.value_norm_eq_sup_distance' depends on axioms: [propext,
 Classical.choice,
 Quot.sound]
'SafeLearning.CompleteAppliedBellman.bellman_contracting' depends on axioms: [propext, Classical.choice, Quot.sound]
'SafeLearning.CompleteAppliedBellman.bellman_fixed_point_exists_unique_and_iteration_converges' depends on axioms: [propext,
 Classical.choice,
 Quot.sound]
'SafeLearning.CompleteAppliedConcentration.hoeffding_lemma' depends on axioms: [propext, Classical.choice, Quot.sound]
'SafeLearning.CompleteAppliedConcentration.centered_unit_interval_subgaussian' depends on axioms: [propext,
 Classical.choice,
 Quot.sound]
'SafeLearning.CompleteAppliedConcentration.subgaussian_two_sided' depends on axioms: [propext,
 Classical.choice,
 Quot.sound]
'SafeLearning.CompleteAppliedConcentration.bounded_independent_average_hoeffding' depends on axioms: [propext,
 Classical.choice,
 Quot.sound]
'SafeLearning.CompleteAppliedConcentration.hoeffding_sample_inequality' depends on axioms: [propext,
 Classical.choice,
 Quot.sound]
'SafeLearning.CompleteAppliedConcentration.symmetric_bounded_subgaussian' depends on axioms: [propext,
 Classical.choice,
 Quot.sound]
'SafeLearning.CompleteAppliedConcentration.lookahead_sign_square' depends on axioms: [propext,
 Classical.choice,
 Quot.sound]
'SafeLearning.CompleteAppliedConditionalBounds.conditional_hoeffding' depends on axioms: [propext,
 Classical.choice,
 Quot.sound]
'SafeLearning.CompleteAppliedConfidence.finite_simultaneous_pass' depends on axioms: [propext,
 Classical.choice,
 Quot.sound]
'SafeLearning.CompleteAppliedConfidence.three_checks_pass' depends on axioms: [propext, Classical.choice, Quot.sound]
'SafeLearning.CompleteAppliedConfidence.time_budget_nonnegative' depends on axioms: [propext,
 Classical.choice,
 Quot.sound]
'SafeLearning.CompleteAppliedConfidence.time_budget_partial_sum' depends on axioms: [propext,
 Classical.choice,
 Quot.sound]
'SafeLearning.CompleteAppliedConfidence.time_budget_hasSum' depends on axioms: [propext, Classical.choice, Quot.sound]
'SafeLearning.CompleteAppliedConfidence.all_time_failure_bound' depends on axioms: [propext,
 Classical.choice,
 Quot.sound]
'SafeLearning.CompleteAppliedConfidence.all_time_simultaneous_pass' depends on axioms: [propext,
 Classical.choice,
 Quot.sound]
'SafeLearning.CompleteAppliedConfidence.independent_fixed_failures_eventually' depends on axioms: [propext,
 Classical.choice,
 Quot.sound]
'SafeLearning.CompleteAppliedConfidence.exp_185_sample_bound' depends on axioms: [propext, Classical.choice, Quot.sound]
'SafeLearning.CompleteAppliedConfidence.exp_184_sample_failure' depends on axioms: [propext,
 Classical.choice,
 Quot.sound]
'SafeLearning.CompleteAppliedConfidence.minimum_hoeffding_sample_count' depends on axioms: [propext,
 Classical.choice,
 Quot.sound]
'SafeLearning.CompleteAppliedConfidence.hoeffding_185_actual_confidence' depends on axioms: [propext,
 Classical.choice,
 Quot.sound]
'SafeLearning.CompleteAppliedConfidence.all_time_simultaneous_pass_real' depends on axioms: [propext,
 Classical.choice,
 Quot.sound]
'SafeLearning.CompleteAppliedConfidence.fixed_budget_sum' depends on axioms: [propext, Classical.choice, Quot.sound]
'SafeLearning.CompleteAppliedConfidence.fixed_budget_unbounded' depends on axioms: [propext,
 Classical.choice,
 Quot.sound]
'SafeLearning.CompleteAppliedConfidence.log40_enclosure' depends on axioms: [propext, Classical.choice, Quot.sound]
'SafeLearning.CompleteAppliedConfidence.source_hoeffding_rounding' depends on axioms: [propext,
 Classical.choice,
 Quot.sound]
'SafeLearning.CompleteAppliedConfidenceIdentities.hoeffding_log_threshold' depends on axioms: [propext,
 Classical.choice,
 Quot.sound]
'SafeLearning.CompleteAppliedConfidenceIdentities.independent_three_pass' depends on axioms: [propext,
 Classical.choice,
 Quot.sound]
'SafeLearning.CompleteAppliedConfidenceIdentities.three_failure_union' depends on axioms: [propext,
 Classical.choice,
 Quot.sound]
'SafeLearning.CompleteAppliedCorrelation.variance_formulas' depends on axioms: [propext, Classical.choice, Quot.sound]
'SafeLearning.CompleteAppliedCorrelation.covariance_standardized' depends on axioms: [propext,
 Classical.choice,
 Quot.sound]
'SafeLearning.CompleteAppliedCorrelation.correlation_variance_identity' depends on axioms: [propext,
 Classical.choice,
 Quot.sound]
'SafeLearning.CompleteAppliedCorrelation.correlation_interval' depends on axioms: [propext,
 Classical.choice,
 Quot.sound]
'SafeLearning.CompleteAppliedCorrelation.correlation_extreme_iff_affine' depends on axioms: [propext,
 Classical.choice,
 Quot.sound]
'SafeLearning.CompleteAppliedCorrelation.covariance_quadratic_centered_outer_products' depends on axioms: [propext,
 Classical.choice,
 Quot.sound]
'SafeLearning.CompleteAppliedCorrelation.covariance_matrix_invertible_iff' depends on axioms: [propext,
 Classical.choice,
 Quot.sound]
'SafeLearning.CompleteAppliedCorrelation.standard_deviation_example' depends on axioms: [propext,
 Classical.choice,
 Quot.sound]
'SafeLearning.CompleteAppliedCorrelation.covariance_pair_matrix' depends on axioms: [propext,
 Classical.choice,
 Quot.sound]
'SafeLearning.CompleteAppliedCorrelation.covariance_isotropic_entries' depends on axioms: [propext,
 Classical.choice,
 Quot.sound]
'SafeLearning.CompleteAppliedCorrelation.isotropic_direction_variance' depends on axioms: [propext,
 Classical.choice,
 Quot.sound]
'SafeLearning.CompleteAppliedCovariance.covariance_matrix_entry' depends on axioms: [propext,
 Classical.choice,
 Quot.sound]
'SafeLearning.CompleteAppliedCovariance.covariance_matrix_hermitian' depends on axioms: [propext,
 Classical.choice,
 Quot.sound]
'SafeLearning.CompleteAppliedCovariance.covariance_quadratic_is_variance' depends on axioms: [propext,
 Classical.choice,
 Quot.sound]
'SafeLearning.CompleteAppliedCovariance.covariance_matrix_posSemidef' depends on axioms: [propext,
 Classical.choice,
 Quot.sound]
'SafeLearning.CompleteAppliedCovariance.variance_zero_iff_constant' depends on axioms: [propext,
 Classical.choice,
 Quot.sound]
'SafeLearning.CompleteAppliedCovariance.covariance_posDef_iff_no_constant_combination' depends on axioms: [propext,
 Classical.choice,
 Quot.sound]
'SafeLearning.CompleteAppliedCovariance.covariance_invertible_of_no_constant_combination' depends on axioms: [propext,
 Classical.choice,
 Quot.sound]
'SafeLearning.CompleteAppliedCovariance.affine_covariance_transform' depends on axioms: [propext,
 Classical.choice,
 Quot.sound]
'SafeLearning.CompleteAppliedDynamics.thermalA_precise' depends on axioms: [propext, Classical.choice, Quot.sound]
'SafeLearning.CompleteAppliedDynamics.thermal_rounded_coefficients' depends on axioms: [propext,
 Classical.choice,
 Quot.sound]
'SafeLearning.CompleteAppliedDynamics.thermal_displayed_readings' depends on axioms: [propext,
 Classical.choice,
 Quot.sound]
'SafeLearning.CompleteAppliedDynamics.thermal_gain_rounding' depends on axioms: [propext, Classical.choice, Quot.sound]
'SafeLearning.CompleteAppliedDynamics.clipped_first_update' depends on axioms: [propext, Classical.choice, Quot.sound]
'SafeLearning.CompleteAppliedDynamics.saturated_invariant_all' depends on axioms: [propext,
 Classical.choice,
 Quot.sound]
'SafeLearning.CompleteAppliedDynamics.first_qualifying_reading' depends on axioms: [propext,
 Classical.choice,
 Quot.sound]
'SafeLearning.CompleteAppliedDynamics.saturated_branches' depends on axioms: [propext, Classical.choice, Quot.sound]
'SafeLearning.CompleteAppliedDynamics.saturated_branch_ranges' depends on axioms: [propext,
 Classical.choice,
 Quot.sound]
'SafeLearning.CompleteAppliedDynamics.saturated_range_rounding' depends on axioms: [propext,
 Classical.choice,
 Quot.sound]
'SafeLearning.CompleteAppliedDynamics.heldThermal_unique' depends on axioms: [propext, Classical.choice, Quot.sound]
'SafeLearning.CompleteAppliedDynamics.thermal_multiplier_antitone' depends on axioms: [propext,
 Classical.choice,
 Quot.sound]
'SafeLearning.CompleteAppliedDynamics.sampled_invariant_all' depends on axioms: [propext, Classical.choice, Quot.sound]
'SafeLearning.CompleteAppliedDynamics.held_convex_endpoints' depends on axioms: [propext, Classical.choice, Quot.sound]
'SafeLearning.CompleteAppliedDynamics.saturated_intersample_invariant' depends on axioms: [propext,
 Classical.choice,
 Quot.sound]
'SafeLearning.CompleteAppliedDynamics.stopped_at_join' depends on axioms: [propext, Classical.choice, Quot.sound]
'SafeLearning.CompleteAppliedDynamics.stopped_phase' depends on axioms: [propext, Classical.choice, Quot.sound]
'SafeLearning.CompleteAppliedDynamics.stopped_speed_nonnegative' depends on axioms: [propext,
 Classical.choice,
 Quot.sound]
'SafeLearning.CompleteAppliedDynamics.constant_on_interval' depends on axioms: [propext, Classical.choice, Quot.sound]
'SafeLearning.CompleteAppliedDynamics.brakeSpeed_unique' depends on axioms: [propext, Classical.choice, Quot.sound]
'SafeLearning.CompleteAppliedDynamics.brakeDistance_unique' depends on axioms: [propext, Classical.choice, Quot.sound]
'SafeLearning.CompleteAppliedDynamics.stopped_clearance_constant' depends on axioms: [propext,
 Classical.choice,
 Quot.sound]
'SafeLearning.CompleteAppliedDynamics.stopped_clearance_derivative' depends on axioms: [propext,
 Classical.choice,
 Quot.sound]
'SafeLearning.CompleteAppliedDynamics.stopped_safe_iff' depends on axioms: [propext, Classical.choice, Quot.sound]
'SafeLearning.CompleteAppliedDynamics.brake_speed_integral' depends on axioms: [propext, Classical.choice, Quot.sound]
'SafeLearning.CompleteAppliedDynamics.delayed_safe_iff' depends on axioms: [propext, Classical.choice, Quot.sound]
'SafeLearning.CompleteAppliedDynamics.nominal_delay_endpoint' depends on axioms: [propext, Classical.choice, Quot.sound]
'SafeLearning.CompleteAppliedDynamics.robust_delayed_safe' depends on axioms: [propext, Classical.choice, Quot.sound]
'SafeLearning.CompleteAppliedDynamics.robust_delay_necessary' depends on axioms: [propext, Classical.choice, Quot.sound]
'SafeLearning.CompleteAppliedDynamics.robust_delay_rounding' depends on axioms: [propext, Classical.choice, Quot.sound]
'SafeLearning.CompleteAppliedElementary.d_ready_derivative' depends on axioms: [propext, Classical.choice, Quot.sound]
'SafeLearning.CompleteAppliedElementary.d_ready_quadratic_sandwich' depends on axioms: [propext,
 Classical.choice,
 Quot.sound]
'SafeLearning.CompleteAppliedElementary.outer_product_psd' depends on axioms: [propext, Classical.choice, Quot.sound]
'SafeLearning.CompleteAppliedElementary.outer_product_not_pd' depends on axioms: [propext, Classical.choice, Quot.sound]
'SafeLearning.CompleteAppliedElementary.nonlinear_equilibria' depends on axioms: [propext, Classical.choice, Quot.sound]
'SafeLearning.CompleteAppliedElementary.feedback_quarter_closed_form' depends on axioms: [propext,
 Classical.choice,
 Quot.sound]
'SafeLearning.CompleteAppliedElementary.feedback_quarter_converges' depends on axioms: [propext,
 Classical.choice,
 Quot.sound]
'SafeLearning.CompleteAppliedElementary.discount_infinite_sum' depends on axioms: [propext,
 Classical.choice,
 Quot.sound]
'SafeLearning.CompleteAppliedElementary.discount_partial_sum' depends on axioms: [propext, Classical.choice, Quot.sound]
'SafeLearning.CompleteAppliedElementary.discount_partial_sum_limit' depends on axioms: [propext,
 Classical.choice,
 Quot.sound]
'SafeLearning.CompleteAppliedElementary.undiscounted_diverges' depends on axioms: [propext,
 Classical.choice,
 Quot.sound]
'SafeLearning.CompleteAppliedElementary.parameter_derivative' depends on axioms: [propext, Classical.choice, Quot.sound]
'SafeLearning.CompleteAppliedElementary.input_derivative' depends on axioms: [propext, Classical.choice, Quot.sound]
'SafeLearning.CompleteAppliedElementary.one_state_constraint' depends on axioms: [propext, Classical.choice, Quot.sound]
'SafeLearning.CompleteAppliedElementary.one_state_optimum' depends on axioms: [propext, Classical.choice, Quot.sound]
'SafeLearning.CompleteAppliedElementary.one_state_occupancy' depends on axioms: [propext, Classical.choice, Quot.sound]
'SafeLearning.CompleteAppliedElementary.reward_sigmoid_derivative' depends on axioms: [propext,
 Classical.choice,
 Quot.sound]
'SafeLearning.CompleteAppliedElementary.score_log_sigmoid' depends on axioms: [propext, Classical.choice, Quot.sound]
'SafeLearning.CompleteAppliedElementary.two_logits_stay' depends on axioms: [propext, Classical.choice, Quot.sound]
'SafeLearning.CompleteAppliedElementary.binary_affine_robust' depends on axioms: [propext, Classical.choice, Quot.sound]
'SafeLearning.CompleteAppliedElementary.binary_affine_boundary' depends on axioms: [propext,
 Classical.choice,
 Quot.sound]
'SafeLearning.CompleteAppliedElementary.scalar_exact_lipschitz' depends on axioms: [propext,
 Classical.choice,
 Quot.sound]
'SafeLearning.CompleteAppliedElementary.residual_scalar_constants' depends on axioms: [propext,
 Classical.choice,
 Quot.sound]
'SafeLearning.CompleteAppliedElementary.relu_pair_exact_lipschitz' depends on axioms: [propext,
 Classical.choice,
 Quot.sound]
'SafeLearning.CompleteAppliedElementary.one_step_unique_minimizer' depends on axioms: [propext,
 Classical.choice,
 Quot.sound]
'SafeLearning.CompleteAppliedElementary.one_step_derivative' depends on axioms: [propext, Classical.choice, Quot.sound]
'SafeLearning.CompleteAppliedElementary.mpc_two_step_unique' depends on axioms: [propext, Classical.choice, Quot.sound]
'SafeLearning.CompleteAppliedExerciseModels.hypothetical_detector_counts' depends on axioms: [propext,
 Classical.choice,
 Quot.sound]
'SafeLearning.CompleteAppliedExerciseModels.ready_outer_product_matrix' depends on axioms: [propext,
 Classical.choice,
 Quot.sound]
'SafeLearning.CompleteAppliedExerciseModels.covariance_quadratic_nonnegative' depends on axioms: [propext,
 Classical.choice,
 Quot.sound]
'SafeLearning.CompleteAppliedExerciseModels.safe_optimistic_exact_set' depends on axioms: [propext,
 Classical.choice,
 Quot.sound]
'SafeLearning.CompleteAppliedExerciseModels.short_return_recursion' depends on axioms: [propext,
 Classical.choice,
 Quot.sound]
'SafeLearning.CompleteAppliedExerciseModels.source_violation_counts' depends on axioms: [propext,
 Classical.choice,
 Quot.sound]
'SafeLearning.CompleteAppliedExerciseModels.source_any_violation_events' depends on axioms: [propext,
 Classical.choice,
 Quot.sound]
'SafeLearning.CompleteAppliedExerciseModels.alternating_return' depends on axioms: [propext,
 Classical.choice,
 Quot.sound]
'SafeLearning.CompleteAppliedExerciseModels.alternating_return_worn' depends on axioms: [propext,
 Classical.choice,
 Quot.sound]
'SafeLearning.CompleteAppliedExerciseModels.optimal_half_backup_unique' depends on axioms: [propext,
 Classical.choice,
 Quot.sound]
'SafeLearning.CompleteAppliedExerciseModels.half_iteration_error' depends on axioms: [propext,
 Classical.choice,
 Quot.sound]
'SafeLearning.CompleteAppliedExerciseModels.correlation_arbitrary_window' depends on axioms: [propext,
 Classical.choice,
 Quot.sound]
'SafeLearning.CompleteAppliedExerciseModels.stationary_count_budget_distinct' depends on axioms: [propext,
 Classical.choice,
 Quot.sound]
'SafeLearning.CompleteAppliedExerciseModels.ready_equilibrium' depends on axioms: [propext,
 Classical.choice,
 Quot.sound]
'SafeLearning.CompleteAppliedExerciseModels.ready_rate_initial' depends on axioms: [propext,
 Classical.choice,
 Quot.sound]
'SafeLearning.CompleteAppliedExerciseModels.ready_rate_local_approximation' depends on axioms: [propext,
 Classical.choice,
 Quot.sound]
'SafeLearning.CompleteAppliedExerciseModels.ready_quadratic_value' depends on axioms: [propext,
 Classical.choice,
 Quot.sound]
'SafeLearning.CompleteAppliedExerciseModels.scalar_residual_bound' depends on axioms: [propext,
 Classical.choice,
 Quot.sound]
'SafeLearning.CompleteAppliedExercises.chain_one_values' depends on axioms: [propext, Classical.choice, Quot.sound]
'SafeLearning.CompleteAppliedExercises.chain_two_values' depends on axioms: [propext, Classical.choice, Quot.sound]
'SafeLearning.CompleteAppliedExercises.chain_stationary_preserved' depends on axioms: [propext,
 Classical.choice,
 Quot.sound]
'SafeLearning.CompleteAppliedExercises.chain_stationary_unique' depends on axioms: [propext,
 Classical.choice,
 Quot.sound]
'SafeLearning.CompleteAppliedExercises.chain_stationary_moves' depends on axioms: [propext,
 Classical.choice,
 Quot.sound]
'SafeLearning.CompleteAppliedExercises.complement_ready' depends on axioms: [propext, Classical.choice, Quot.sound]
'SafeLearning.CompleteAppliedExercises.regret_values' depends on axioms: [propext, Classical.choice, Quot.sound]
'SafeLearning.CompleteAppliedExercises.comparator_values' depends on axioms: [propext, Classical.choice, Quot.sound]
'SafeLearning.CompleteAppliedExercises.optimistic_and_safe' depends on axioms: [propext, Classical.choice, Quot.sound]
'SafeLearning.CompleteAppliedExercises.short_return' depends on axioms: [propext, Classical.choice, Quot.sound]
'SafeLearning.CompleteAppliedExercises.transition_and_action_expectations' depends on axioms: [propext,
 Classical.choice,
 Quot.sound]
'SafeLearning.CompleteAppliedExercises.equal_expected_cost_distinct_failure' depends on axioms: [propext,
 Classical.choice,
 Quot.sound]
'SafeLearning.CompleteAppliedExercises.one_state_bellman_unique' depends on axioms: [propext,
 Classical.choice,
 Quot.sound]
'SafeLearning.CompleteAppliedExercises.cycle_bellman_unique' depends on axioms: [propext, Classical.choice, Quot.sound]
'SafeLearning.CompleteAppliedExercises.cycle_advantage' depends on axioms: [propext, Classical.choice, Quot.sound]
'SafeLearning.CompleteAppliedExercises.half_value_iteration_formula' depends on axioms: [propext,
 Classical.choice,
 Quot.sound]
'SafeLearning.CompleteAppliedExercises.half_value_iteration_values' depends on axioms: [propext,
 Classical.choice,
 Quot.sound]
'SafeLearning.CompleteAppliedExercises.half_value_iteration_converges' depends on axioms: [propext,
 Classical.choice,
 Quot.sound]
'SafeLearning.CompleteAppliedExercises.q_learning_update' depends on axioms: [propext, Classical.choice, Quot.sound]
'SafeLearning.CompleteAppliedExercises.affine_relu_examples' depends on axioms: [propext, Classical.choice, Quot.sound]
'SafeLearning.CompleteAppliedExercises.correlation_matrix_output' depends on axioms: [propext,
 Classical.choice,
 Quot.sound]
'SafeLearning.CompleteAppliedFiniteClaims.finite_indicator_expectation' depends on axioms: [propext,
 Classical.choice,
 Quot.sound]
'SafeLearning.CompleteAppliedFiniteClaims.finiteExpectation_const_mul' depends on axioms: [propext,
 Classical.choice,
 Quot.sound]
'SafeLearning.CompleteAppliedFiniteClaims.finite_constant_on_event' depends on axioms: [propext,
 Classical.choice,
 Quot.sound]
'SafeLearning.CompleteAppliedFiniteClaims.conditional_constant_loss' depends on axioms: [propext,
 Classical.choice,
 Quot.sound]
'SafeLearning.CompleteAppliedFiniteClaims.conditional_fault_loss' depends on axioms: [propext,
 Classical.choice,
 Quot.sound]
'SafeLearning.CompleteAppliedFiniteClaims.finite_covariance_quadratic' depends on axioms: [propext,
 Classical.choice,
 Quot.sound]
'SafeLearning.CompleteAppliedFiniteClaims.quarter_weighted_average' depends on axioms: [propext,
 Classical.choice,
 Quot.sound]
'SafeLearning.CompleteAppliedFiniteClaims.quarter_action_reward' depends on axioms: [propext,
 Classical.choice,
 Quot.sound]
'SafeLearning.CompleteAppliedFiniteClaims.ten_percent_fault_conditioning' depends on axioms: [propext,
 Classical.choice,
 Quot.sound]
'SafeLearning.CompleteAppliedFiniteClaims.cost_standard_deviation_rounding' depends on axioms: [propext,
 Classical.choice,
 Quot.sound]
'SafeLearning.CompleteAppliedGridConfidence.grid_log_threshold' depends on axioms: [propext,
 Classical.choice,
 Quot.sound]
'SafeLearning.CompleteAppliedGridConfidence.log400_enclosure' depends on axioms: [propext, Classical.choice, Quot.sound]
'SafeLearning.CompleteAppliedGridConfidence.grid_sample_minimum' depends on axioms: [propext,
 Classical.choice,
 Quot.sound]
'SafeLearning.CompleteAppliedGridConfidence.grid_rounding' depends on axioms: [propext, Classical.choice, Quot.sound]
'SafeLearning.CompleteAppliedGridConfidence.ten_actual_mean_confidence' depends on axioms: [propext,
 Classical.choice,
 Quot.sound]
'SafeLearning.CompleteAppliedGridConfidence.ten_pointwise_only' depends on axioms: [propext,
 Classical.choice,
 Quot.sound]
'SafeLearning.CompleteAppliedMartingale.walk_initial_and_step' depends on axioms: [propext,
 Classical.choice,
 Quot.sound]
'SafeLearning.CompleteAppliedMartingale.walk_adapted' depends on axioms: [propext, Classical.choice, Quot.sound]
'SafeLearning.CompleteAppliedMartingale.next_sign_independent_past' depends on axioms: [propext,
 Classical.choice,
 Quot.sound]
'SafeLearning.CompleteAppliedMartingale.fair_sign_moments' depends on axioms: [propext, Classical.choice, Quot.sound]
'SafeLearning.CompleteAppliedMartingale.next_conditional_mean_zero' depends on axioms: [propext,
 Classical.choice,
 Quot.sound]
'SafeLearning.CompleteAppliedMartingale.actual_fair_walk_martingale' depends on axioms: [propext,
 Classical.choice,
 Quot.sound]
'SafeLearning.CompleteAppliedMartingale.multiplier_measurable_and_bound' depends on axioms: [propext,
 Classical.choice,
 Quot.sound]
'SafeLearning.CompleteAppliedMartingale.actual_predictable_increment_zero_mean' depends on axioms: [propext,
 Classical.choice,
 Quot.sound]
'SafeLearning.CompleteAppliedMixtures.half_mixture_integral' depends on axioms: [propext, Classical.choice, Quot.sound]
'SafeLearning.CompleteAppliedMixtures.half_mixture_memLp' depends on axioms: [propext, Classical.choice, Quot.sound]
'SafeLearning.CompleteAppliedMixtures.half_mixture_mean' depends on axioms: [propext, Classical.choice, Quot.sound]
'SafeLearning.CompleteAppliedMixtures.half_mixture_variance' depends on axioms: [propext, Classical.choice, Quot.sound]
'SafeLearning.CompleteAppliedMixtures.disagreement_variance_five' depends on axioms: [propext,
 Classical.choice,
 Quot.sound]
'SafeLearning.CompleteAppliedMixtures.ensemble_variance_two' depends on axioms: [propext, Classical.choice, Quot.sound]
'SafeLearning.CompleteAppliedMixtures.unsupported_action_counterexample' depends on axioms: [propext,
 Classical.choice,
 Quot.sound]
'SafeLearning.CompleteAppliedNetwork.relu_abs_bound' depends on axioms: [propext, Classical.choice, Quot.sound]
'SafeLearning.CompleteAppliedNetwork.score_abs_bound' depends on axioms: [propext, Classical.choice, Quot.sound]
'SafeLearning.CompleteAppliedNetwork.nominal_score' depends on axioms: [propext, Classical.choice, Quot.sound]
'SafeLearning.CompleteAppliedNetwork.normalized_error' depends on axioms: [propext, Classical.choice, Quot.sound]
'SafeLearning.CompleteAppliedNetwork.robust_nomination' depends on axioms: [propext, Classical.choice, Quot.sound]
'SafeLearning.CompleteAppliedNetwork.score_middle' depends on axioms: [propext, Classical.choice, Quot.sound]
'SafeLearning.CompleteAppliedNetwork.nominal_interval_exact_minimum' depends on axioms: [propext,
 Classical.choice,
 Quot.sound]
'SafeLearning.CompleteAppliedNetwork.nominal_interval_minimum_attained' depends on axioms: [propext,
 Classical.choice,
 Quot.sound]
'SafeLearning.CompleteAppliedNetwork.score_upper_piece' depends on axioms: [propext, Classical.choice, Quot.sound]
'SafeLearning.CompleteAppliedNetwork.biased_nomination_values' depends on axioms: [propext,
 Classical.choice,
 Quot.sound]
'SafeLearning.CompleteAppliedNetwork.noise_bias_combination' depends on axioms: [propext, Classical.choice, Quot.sound]
'SafeLearning.CompleteAppliedNetwork.allowed_actual_flip' depends on axioms: [propext, Classical.choice, Quot.sound]
'SafeLearning.CompleteAppliedNetwork.tie_distance_exact' depends on axioms: [propext, Classical.choice, Quot.sound]
'SafeLearning.CompleteAppliedNetwork.closed_interval_not_strictly_positive' depends on axioms: [propext,
 Classical.choice,
 Quot.sound]
'SafeLearning.CompleteAppliedPolicy.readyProbability_is_probability' depends on axioms: [propext,
 Classical.choice,
 Quot.sound]
'SafeLearning.CompleteAppliedPolicy.readyProbability_transition' depends on axioms: [propext,
 Classical.choice,
 Quot.sound]
'SafeLearning.CompleteAppliedPolicy.readyProbability_closed' depends on axioms: [propext, Classical.choice, Quot.sound]
'SafeLearning.CompleteAppliedPolicy.geometric_discounted_probability' depends on axioms: [propext,
 Classical.choice,
 Quot.sound]
'SafeLearning.CompleteAppliedPolicy.wear_discount_small' depends on axioms: [propext, Classical.choice, Quot.sound]
'SafeLearning.CompleteAppliedPolicy.discounted_ready_summable' depends on axioms: [propext,
 Classical.choice,
 Quot.sound]
'SafeLearning.CompleteAppliedPolicy.discounted_ready_sum' depends on axioms: [propext, Classical.choice, Quot.sound]
'SafeLearning.CompleteAppliedPolicy.productionReturn_formula' depends on axioms: [propext, Classical.choice, Quot.sound]
'SafeLearning.CompleteAppliedPolicy.maintenanceReturn_formula' depends on axioms: [propext,
 Classical.choice,
 Quot.sound]
'SafeLearning.CompleteAppliedPolicy.nominal_production_semantics' depends on axioms: [propext,
 Classical.choice,
 Quot.sound]
'SafeLearning.CompleteAppliedPolicy.nominal_maintenance_semantics' depends on axioms: [propext,
 Classical.choice,
 Quot.sound]
'SafeLearning.CompleteAppliedPolicy.nominal_reward_bellman' depends on axioms: [propext, Classical.choice, Quot.sound]
'SafeLearning.CompleteAppliedPolicy.nominal_cost_bellman' depends on axioms: [propext, Classical.choice, Quot.sound]
'SafeLearning.CompleteAppliedPolicy.reward_bellman_coefficient' depends on axioms: [propext,
 Classical.choice,
 Quot.sound]
'SafeLearning.CompleteAppliedPolicy.immediate_policy_reward' depends on axioms: [propext, Classical.choice, Quot.sound]
'SafeLearning.CompleteAppliedPolicy.J_strictMono' depends on axioms: [propext, Classical.choice, Quot.sound]
'SafeLearning.CompleteAppliedPolicy.J_derivative' depends on axioms: [propext, Classical.choice, Quot.sound]
'SafeLearning.CompleteAppliedPolicy.wear_cost_derivative' depends on axioms: [propext, Classical.choice, Quot.sound]
'SafeLearning.CompleteAppliedPolicy.half_budget' depends on axioms: [propext, Classical.choice, Quot.sound]
'SafeLearning.CompleteAppliedPolicy.quarter_budget' depends on axioms: [propext, Classical.choice, Quot.sound]
'SafeLearning.CompleteAppliedPolicy.nominal_optimal' depends on axioms: [propext, Classical.choice, Quot.sound]
'SafeLearning.CompleteAppliedPolicy.tightened_optimal' depends on axioms: [propext, Classical.choice, Quot.sound]
'SafeLearning.CompleteAppliedPolicy.policy_values' depends on axioms: [propext, Classical.choice, Quot.sound]
'SafeLearning.CompleteAppliedPolicy.robust_budget_equivalence' depends on axioms: [propext,
 Classical.choice,
 Quot.sound]
'SafeLearning.CompleteAppliedPolicy.robust_half_fails' depends on axioms: [propext, Classical.choice, Quot.sound]
'SafeLearning.CompleteAppliedPolicy.stationary_balance_unique' depends on axioms: [propext,
 Classical.choice,
 Quot.sound]
'SafeLearning.CompleteAppliedPolicy.stationary_values' depends on axioms: [propext, Classical.choice, Quot.sound]
'SafeLearning.CompleteAppliedPolicyModel.worn_tail' depends on axioms: [propext, Classical.choice, Quot.sound]
'SafeLearning.CompleteAppliedPolicyModel.worn_production_semantics' depends on axioms: [propext,
 Classical.choice,
 Quot.sound]
'SafeLearning.CompleteAppliedPolicyModel.worn_maintenance_semantics' depends on axioms: [propext,
 Classical.choice,
 Quot.sound]
'SafeLearning.CompleteAppliedPolicyModel.stationary_law_preserved' depends on axioms: [propext,
 Classical.choice,
 Quot.sound]
'SafeLearning.CompleteAppliedPolicyModel.stationary_marginals' depends on axioms: [propext,
 Classical.choice,
 Quot.sound]
'SafeLearning.CompleteAppliedPolicyModel.stationary_one_shift_expectations' depends on axioms: [propext,
 Classical.choice,
 Quot.sound]
'SafeLearning.CompleteAppliedPolicyModel.stationary_worn_events' depends on axioms: [propext,
 Classical.choice,
 Quot.sound]
'SafeLearning.CompleteAppliedPolicyModel.stationary_twenty_repairs' depends on axioms: [propext,
 Classical.choice,
 Quot.sound]
'SafeLearning.CompleteAppliedPolicyModel.ready_production_pathwise_return' depends on axioms: [propext,
 Classical.choice,
 Quot.sound]
'SafeLearning.CompleteAppliedPolicyModel.ready_maintenance_pathwise_return' depends on axioms: [propext,
 Classical.choice,
 Quot.sound]
'SafeLearning.CompleteAppliedProbability.conveyor_events' depends on axioms: [propext, Classical.choice, Quot.sound]
'SafeLearning.CompleteAppliedProbability.conveyor_conditionals' depends on axioms: [propext,
 Classical.choice,
 Quot.sound]
'SafeLearning.CompleteAppliedProbability.changed_conveyor_events' depends on axioms: [propext,
 Classical.choice,
 Quot.sound]
'SafeLearning.CompleteAppliedProbability.cost_table_events_and_moments' depends on axioms: [propext,
 Classical.choice,
 Quot.sound]
'SafeLearning.CompleteAppliedProbability.cost_table_mean_not_outcome' depends on axioms: [propext,
 Classical.choice,
 Quot.sound]
'SafeLearning.CompleteAppliedProbability.cost_table_standard_deviation' depends on axioms: [propext,
 Classical.choice,
 Quot.sound]
'SafeLearning.CompleteAppliedProbability.signs_moments' depends on axioms: [propext, Classical.choice, Quot.sound]
'SafeLearning.CompleteAppliedProbability.signs_not_independent' depends on axioms: [propext,
 Classical.choice,
 Quot.sound]
'SafeLearning.CompleteAppliedProbability.fair_die_conditioning' depends on axioms: [propext,
 Classical.choice,
 Quot.sound]
'SafeLearning.CompleteAppliedProbability.inspection_decision_threshold' depends on axioms: [propext,
 Classical.choice,
 Quot.sound]
'SafeLearning.CompleteAppliedProbability.conveyor_expected_costs' depends on axioms: [propext,
 Classical.choice,
 Quot.sound]
'SafeLearning.CompleteAppliedProbability.conveyor_action_optimality' depends on axioms: [propext,
 Classical.choice,
 Quot.sound]
'SafeLearning.CompleteAppliedProbability.changed_rule_worse' depends on axioms: [propext, Classical.choice, Quot.sound]
'SafeLearning.CompleteAppliedProbability.complement_probability' depends on axioms: [propext,
 Classical.choice,
 Quot.sound]
'SafeLearning.CompleteAppliedProbability.finite_batch_union_bound' depends on axioms: [propext,
 Classical.choice,
 Quot.sound]
'SafeLearning.CompleteAppliedProbability.batch_sufficient_bound' depends on axioms: [propext,
 Classical.choice,
 Quot.sound]
'SafeLearning.CompleteAppliedProbability.batch_original_fails' depends on axioms: [propext,
 Classical.choice,
 Quot.sound]
'SafeLearning.CompleteAppliedProbability.independent_average_variance' depends on axioms: [propext,
 Classical.choice,
 Quot.sound]
'SafeLearning.CompleteAppliedProbability.shared_offset_average_variance' depends on axioms: [propext,
 Classical.choice,
 Quot.sound]
'SafeLearning.CompleteAppliedProbability.shared_offset_limit' depends on axioms: [propext, Classical.choice, Quot.sound]
'SafeLearning.CompleteAppliedProbability.shared_offset_numbers' depends on axioms: [propext,
 Classical.choice,
 Quot.sound]
'SafeLearning.CompleteAppliedProbability.calibration_quadratic' depends on axioms: [propext,
 Classical.choice,
 Quot.sound]
'SafeLearning.CompleteAppliedProbability.calibration_precisions' depends on axioms: [propext,
 Classical.choice,
 Quot.sound]
'SafeLearning.CompleteAppliedProbability.original_c2_bayes' depends on axioms: [propext, Classical.choice, Quot.sound]
'SafeLearning.CompleteAppliedProbabilityModel.independent_batch_failure' depends on axioms: [propext,
 Classical.choice,
 Quot.sound]
'SafeLearning.CompleteAppliedProbabilityModel.largest_independent_failure_rate' depends on axioms: [propext,
 Classical.choice,
 Quot.sound]
'SafeLearning.CompleteAppliedProbabilityModel.original_batch_rounding' depends on axioms: [propext,
 Classical.choice,
 Quot.sound]
'SafeLearning.CompleteAppliedProbabilityModel.largest_rate_rounding' depends on axioms: [propext,
 Classical.choice,
 Quot.sound]
'SafeLearning.CompleteAppliedProbabilityModel.conditional_conveyor_losses' depends on axioms: [propext,
 Classical.choice,
 Quot.sound]
'SafeLearning.CompleteAppliedProbabilityModel.signs_conditional_dependence' depends on axioms: [propext,
 Classical.choice,
 Quot.sound]
'SafeLearning.CompleteAppliedReturns.discounted_expectation_interchange' depends on axioms: [propext,
 Classical.choice,
 Quot.sound]
'SafeLearning.CompleteAppliedSampling.bernoulli_trial_bounded' depends on axioms: [propext,
 Classical.choice,
 Quot.sound]
'SafeLearning.CompleteAppliedSampling.bernoulli_trial_moments' depends on axioms: [propext,
 Classical.choice,
 Quot.sound]
'SafeLearning.CompleteAppliedSampling.bernoulli_random_variable_moments' depends on axioms: [propext,
 Classical.choice,
 Quot.sound]
'SafeLearning.CompleteAppliedSampling.bernoulli_average_mean_and_variance' depends on axioms: [propext,
 Classical.choice,
 Quot.sound]
'SafeLearning.CompleteAppliedSampling.duplicated_average_identity' depends on axioms: [propext,
 Classical.choice,
 Quot.sound]
'SafeLearning.CompleteAppliedSampling.source_copied_vs_independent' depends on axioms: [propext,
 Classical.choice,
 Quot.sound]
'SafeLearning.CompleteAppliedSampling.source_standard_deviations' depends on axioms: [propext,
 Classical.choice,
 Quot.sound]
'SafeLearning.CompleteAppliedStopping.bounded_optional_stopping' depends on axioms: [propext,
 Classical.choice,
 Quot.sound]
'SafeLearning.CompleteAppliedStopping.finite_ville' depends on axioms: [propext, Classical.choice, Quot.sound]
'SafeLearning.CompleteAppliedStopping.ville' depends on axioms: [propext, Classical.choice, Quot.sound]
'SafeLearning.CompleteAppliedStopping.finite_almost_sure_optional_stopping' depends on axioms: [propext,
 Classical.choice,
 Quot.sound]
'SafeLearning.CompleteAppliedStopping.first_hit_truncated_proof' depends on axioms: [propext,
 Classical.choice,
 Quot.sound]
'SafeLearning.CompleteAppliedSystems.thermalA_enclosure' depends on axioms: [propext, Classical.choice, Quot.sound]
'SafeLearning.CompleteAppliedSystems.thermal_coefficients' depends on axioms: [propext, Classical.choice, Quot.sound]
'SafeLearning.CompleteAppliedSystems.heldThermal_initial' depends on axioms: [propext, Classical.choice, Quot.sound]
'SafeLearning.CompleteAppliedSystems.heldThermal_derivative' depends on axioms: [propext, Classical.choice, Quot.sound]
'SafeLearning.CompleteAppliedSystems.sampled_thermal' depends on axioms: [propext, Classical.choice, Quot.sound]
'SafeLearning.CompleteAppliedSystems.shifted_temperature' depends on axioms: [propext, Classical.choice, Quot.sound]
'SafeLearning.CompleteAppliedSystems.equilibrium_input' depends on axioms: [propext, Classical.choice, Quot.sound]
'SafeLearning.CompleteAppliedSystems.sampled_feedback' depends on axioms: [propext, Classical.choice, Quot.sound]
'SafeLearning.CompleteAppliedSystems.actuator_admissible' depends on axioms: [propext, Classical.choice, Quot.sound]
'SafeLearning.CompleteAppliedSystems.sampled_thermal_invariant' depends on axioms: [propext,
 Classical.choice,
 Quot.sound]
'SafeLearning.CompleteAppliedSystems.geometric_trajectory' depends on axioms: [propext, Classical.choice, Quot.sound]
'SafeLearning.CompleteAppliedSystems.sampled_convergence' depends on axioms: [propext, Classical.choice, Quot.sound]
'SafeLearning.CompleteAppliedSystems.thermal_lyapunov' depends on axioms: [propext, Classical.choice, Quot.sound]
'SafeLearning.CompleteAppliedSystems.thermal_lyapunov_strict' depends on axioms: [propext, Classical.choice, Quot.sound]
'SafeLearning.CompleteAppliedSystems.held_feedback_formula' depends on axioms: [propext, Classical.choice, Quot.sound]
'SafeLearning.CompleteAppliedSystems.intersample_multiplier' depends on axioms: [propext, Classical.choice, Quot.sound]
'SafeLearning.CompleteAppliedSystems.intersample_thermal_invariant' depends on axioms: [propext,
 Classical.choice,
 Quot.sound]
'SafeLearning.CompleteAppliedSystems.deadline_readings' depends on axioms: [propext, Classical.choice, Quot.sound]
'SafeLearning.CompleteAppliedSystems.robust_scalar_interval' depends on axioms: [propext, Classical.choice, Quot.sound]
'SafeLearning.CompleteAppliedSystems.disturbed_gain_interval' depends on axioms: [propext, Classical.choice, Quot.sound]
'SafeLearning.CompleteAppliedSystems.saturated_map_invariant' depends on axioms: [propext, Classical.choice, Quot.sound]
'SafeLearning.CompleteAppliedSystems.brake_dynamics' depends on axioms: [propext, Classical.choice, Quot.sound]
'SafeLearning.CompleteAppliedSystems.brake_clearance_constant' depends on axioms: [propext,
 Classical.choice,
 Quot.sound]
'SafeLearning.CompleteAppliedSystems.stopping_distance' depends on axioms: [propext, Classical.choice, Quot.sound]
'SafeLearning.CompleteAppliedSystems.braking_all_time_safe' depends on axioms: [propext, Classical.choice, Quot.sound]
'SafeLearning.CompleteAppliedSystems.delayed_brake_condition' depends on axioms: [propext, Classical.choice, Quot.sound]
'SafeLearning.CompleteAppliedSystems.braking_examples' depends on axioms: [propext, Classical.choice, Quot.sound]
'SafeLearning.CompleteAppliedSystems.worst_case_delay' depends on axioms: [propext, Classical.choice, Quot.sound]
'SafeLearning.CompleteAppliedSystems.uncertain_braking_guarantee' depends on axioms: [propext,
 Classical.choice,
 Quot.sound]
'SafeLearning.CompleteAppliedTailBounds.actual_markov' depends on axioms: [propext, Classical.choice, Quot.sound]
'SafeLearning.CompleteAppliedTailBounds.source_markov_two_thresholds' depends on axioms: [propext,
 Classical.choice,
 Quot.sound]
'SafeLearning.CompleteAppliedTailBounds.threshold_one_bound_sharp' depends on axioms: [propext,
 Classical.choice,
 Quot.sound]
'SafeLearning.CompleteBarrierExamples.actual_safe_interval' depends on axioms: [propext, Classical.choice, Quot.sound]
'SafeLearning.CompleteBarrierExamples.actual_safe_boundary' depends on axioms: [propext, Classical.choice, Quot.sound]
'SafeLearning.CompleteBarrierExamples.barrier_values' depends on axioms: [propext, Classical.choice, Quot.sound]
'SafeLearning.CompleteBarrierExamples.allowed_input_at_half' depends on axioms: [propext, Classical.choice, Quot.sound]
'SafeLearning.CompleteBarrierExamples.allowed_input_at_boundary' depends on axioms: [propext,
 Classical.choice,
 Quot.sound]
'SafeLearning.CompleteBarrierExamples.approaching_boundary_restricts_inputs' depends on axioms: [propext,
 Classical.choice,
 Quot.sound]
'SafeLearning.CompleteBarrierExamples.explicit_feedback_initial' depends on axioms: [propext,
 Classical.choice,
 Quot.sound]
'SafeLearning.CompleteBarrierExamples.explicit_feedback_derivative' depends on axioms: [propext,
 Classical.choice,
 Quot.sound]
'SafeLearning.CompleteBarrierExamples.boundary_inward' depends on axioms: [propext, Classical.choice, Quot.sound]
'SafeLearning.CompleteBarrierExamples.scalar_actuator_set' depends on axioms: [propext, Classical.choice, Quot.sound]
'SafeLearning.CompleteBarrierExamples.infeasible_actuator_set' depends on axioms: [propext,
 Classical.choice,
 Quot.sound]
'SafeLearning.CompleteBarrierExamples.all_actuators_feasible_at_two' depends on axioms: [propext,
 Classical.choice,
 Quot.sound]
'SafeLearning.CompleteBarrierExamples.no_global_actuator_certificate' depends on axioms: [propext,
 Classical.choice,
 Quot.sound]
'SafeLearning.CompleteBarrierExamples.robust_input_comparison' depends on axioms: [propext,
 Classical.choice,
 Quot.sound]
'SafeLearning.CompleteBarrierExamples.high_order_actual_auxiliary' depends on axioms: [propext,
 Classical.choice,
 Quot.sound]
'SafeLearning.CompleteBarrierExamples.regular_defining_function_exposes_outward_derivative' depends on axioms: [propext,
 Classical.choice,
 Quot.sound]
'SafeLearning.CompleteBarrierExamples.held_affine_derivative' depends on axioms: [propext, Classical.choice, Quot.sound]
'SafeLearning.CompleteBarrierExamples.held_ode_unique_on_interval' depends on axioms: [propext,
 Classical.choice,
 Quot.sound]
'SafeLearning.CompleteBarrierExamples.actual_held_interval_safety' depends on axioms: [propext,
 Classical.choice,
 Quot.sound]
'SafeLearning.CompleteBarrierExamples.original_and_shifted_feasible_plans' depends on axioms: [propext,
 Classical.choice,
 Quot.sound]
'SafeLearning.CompleteBarrierExamples.terminal_controller_invariant' depends on axioms: [propext,
 Classical.choice,
 Quot.sound]
'SafeLearning.CompleteBarrierExamples.exact_original_shield' depends on axioms: [propext]
'SafeLearning.CompleteBarrierExamples.exact_robust_shield' depends on axioms: [propext, Quot.sound]
'SafeLearning.CompleteBarrierExamples.exact_winning_set' depends on axioms: [propext, Quot.sound]
'SafeLearning.CompleteBarrierTrajectories.stable_linear_ode_unique' depends on axioms: [propext,
 Classical.choice,
 Quot.sound]
'SafeLearning.CompleteBarrierTrajectories.actual_unit_equilibrium_trajectory' depends on axioms: [propext,
 Classical.choice,
 Quot.sound]
'SafeLearning.CompleteBarrierTrajectories.actual_zero_equilibrium_trajectory' depends on axioms: [propext,
 Classical.choice,
 Quot.sound]
'SafeLearning.CompleteBarrierTrajectories.unit_equilibrium_vector_field_lipschitz' depends on axioms: [propext,
 Classical.choice,
 Quot.sound]
'SafeLearning.CompleteBarrierTrajectories.unit_equilibrium_vector_field_smooth' depends on axioms: [propext,
 Classical.choice,
 Quot.sound]
'SafeLearning.CompleteBarrierTrajectories.cubic_actual_derivative' depends on axioms: [propext,
 Classical.choice,
 Quot.sound]
'SafeLearning.CompleteBarrierTrajectories.counterexample_position_ode' depends on axioms: [propext,
 Classical.choice,
 Quot.sound]
'SafeLearning.CompleteBarrierTrajectories.counterexample_velocity_ode' depends on axioms: [propext,
 Classical.choice,
 Quot.sound]
'SafeLearning.CompleteBarrierTrajectories.final_auxiliary_identically_zero' depends on axioms: [propext,
 Classical.choice,
 Quot.sound]
'SafeLearning.CompleteBarrierTrajectories.auxiliary_initial_assumption_is_necessary' depends on axioms: [propext,
 Classical.choice,
 Quot.sound]
'SafeLearning.CompleteBookProjects.projectInterval_mem' depends on axioms: [propext, Classical.choice, Quot.sound]
'SafeLearning.CompleteBookProjects.projectInterval_of_below' depends on axioms: [propext, Classical.choice, Quot.sound]
'SafeLearning.CompleteBookProjects.projectInterval_of_above' depends on axioms: [propext, Classical.choice, Quot.sound]
'SafeLearning.CompleteBookProjects.projectInterval_of_mem' depends on axioms: [propext, Classical.choice, Quot.sound]
'SafeLearning.CompleteBookProjects.projectInterval_optimal' depends on axioms: [propext, Classical.choice, Quot.sound]
'SafeLearning.CompleteBookProjects.projectInterval_unique' depends on axioms: [propext, Classical.choice, Quot.sound]
'SafeLearning.CompleteBookProjects.intersect_intervals' depends on axioms: [propext, Classical.choice, Quot.sound]
'SafeLearning.CompleteBookProjects.tank_robust_interval_iff' depends on axioms: [propext, Classical.choice, Quot.sound]
'SafeLearning.CompleteBookProjects.tank_measurement_range' depends on axioms: [propext, Classical.choice, Quot.sound]
'SafeLearning.CompleteBookProjects.tank_original_decision' depends on axioms: [propext, Classical.choice, Quot.sound]
'SafeLearning.CompleteBookProjects.tank_upper_decision' depends on axioms: [propext, Classical.choice, Quot.sound]
'SafeLearning.CompleteBookProjects.tank_large_disturbance_interval' depends on axioms: [propext,
 Classical.choice,
 Quot.sound]
'SafeLearning.CompleteBookProjects.tank_large_disturbance_empty' depends on axioms: [propext,
 Classical.choice,
 Quot.sound]
'SafeLearning.CompleteBookProjects.tank_large_disturbance_valid_counterexample' depends on axioms: [propext,
 Classical.choice,
 Quot.sound]
'SafeLearning.CompleteBookProjects.tank_feedback_quantifiers' depends on axioms: [propext, Classical.choice, Quot.sound]
'SafeLearning.CompleteBookProjects.tuning_lower_valid' depends on axioms: [propext, Classical.choice, Quot.sound]
'SafeLearning.CompleteBookProjects.tuning_first_set' depends on axioms: [propext, Classical.choice, Quot.sound]
'SafeLearning.CompleteBookProjects.tuning_second_set' depends on axioms: [propext, Classical.choice, Quot.sound]
'SafeLearning.CompleteBookProjects.tuning_union' depends on axioms: [propext, Classical.choice, Quot.sound]
'SafeLearning.CompleteBookProjects.tuning_query_values' depends on axioms: [propext, Classical.choice, Quot.sound]
'SafeLearning.CompleteBookProjects.tuning_noisier_set' depends on axioms: [propext, Classical.choice, Quot.sound]
'SafeLearning.CompleteBookProjects.tuning_noisier_query' depends on axioms: [propext, Classical.choice, Quot.sound]
'SafeLearning.CompleteBookProjects.tuning_performance_underdetermined' depends on axioms: [propext,
 Classical.choice,
 Quot.sound]
'SafeLearning.CompleteBookProjects.zero_lipschitz_constant' depends on axioms: [propext, Classical.choice, Quot.sound]
'SafeLearning.CompleteBookProjects.zero_lipschitz_lower_certificate' depends on axioms: [propext,
 Classical.choice,
 Quot.sound]
'SafeLearning.CompleteBookProjects.negative_lower_underdetermined' depends on axioms: [propext,
 Classical.choice,
 Quot.sound]
'SafeLearning.CompleteBookProjects.score_box_lower' depends on axioms: [propext, Classical.choice, Quot.sound]
'SafeLearning.CompleteBookProjects.score_box_tie' depends on axioms: [propext, Classical.choice, Quot.sound]
'SafeLearning.CompleteBookProjects.normalized_physical_box' depends on axioms: [propext, Classical.choice, Quot.sound]
'SafeLearning.CompleteBookProjects.normalized_score_lower' depends on axioms: [propext, Classical.choice, Quot.sound]
'SafeLearning.CompleteBookProjects.unnormalized_radius_is_different' depends on axioms: [propext,
 Classical.choice,
 Quot.sound]
'SafeLearning.CompleteBookProjects.score_euclidean_strict' depends on axioms: [propext, Classical.choice, Quot.sound]
'SafeLearning.CompleteBookProjects.score_euclidean_one_fifth' depends on axioms: [propext, Classical.choice, Quot.sound]
'SafeLearning.CompleteBookProjects.score_critical_tie' depends on axioms: [propext, Classical.choice, Quot.sound]
'SafeLearning.CompleteBookProjects.strict_radii_no_largest' depends on axioms: [propext, Classical.choice, Quot.sound]
'SafeLearning.CompleteBookProjects.conformal_ranks' depends on axioms: [propext, Classical.choice, Quot.sound]
'SafeLearning.CompleteBookProjects.unavailable_rank_infinite' depends on axioms: [propext, Classical.choice, Quot.sound]
'SafeLearning.CompleteBookProjects.infinite_threshold_covers' depends on axioms: [propext, Classical.choice, Quot.sound]
'SafeLearning.CompleteBookProjects.four_failure_arithmetic' depends on axioms: [propext, Classical.choice, Quot.sound]
'SafeLearning.CompleteBookProjects.four_failure_union' depends on axioms: [propext, Classical.choice, Quot.sound]
'SafeLearning.CompleteBookProjects.four_failure_allocated' depends on axioms: [propext, Classical.choice, Quot.sound]
'SafeLearning.CompleteBudgetValue.feasible_reward_bound' depends on axioms: [propext, Classical.choice, Quot.sound]
'SafeLearning.CompleteBudgetValue.feasible_rewards_bounded' depends on axioms: [propext, Classical.choice, Quot.sound]
'SafeLearning.CompleteBudgetValue.interior_attainer' depends on axioms: [propext, Classical.choice, Quot.sound]
'SafeLearning.CompleteBudgetValue.actual_interior_optimal_value' depends on axioms: [propext,
 Classical.choice,
 Quot.sound]
'SafeLearning.CompleteBudgetValue.actual_optimal_value_derivative' depends on axioms: [propext,
 Classical.choice,
 Quot.sound]
'SafeLearning.CompleteBudgetValue.budget_value_at_tighter_budget' depends on axioms: [propext,
 Classical.choice,
 Quot.sound]
'SafeLearning.CompleteBudgetValue.tighter_budget_multiplier_derivative' depends on axioms: [propext,
 Classical.choice,
 Quot.sound]
'SafeLearning.CompleteBudgetValue.mixture_lagrangian_bound' depends on axioms: [propext, Classical.choice, Quot.sound]
'SafeLearning.CompleteBudgetValue.mixture_dual_attained' depends on axioms: [propext, Classical.choice, Quot.sound]
'SafeLearning.CompleteBudgetValue.mixture_dual_actual_supremum' depends on axioms: [propext,
 Classical.choice,
 Quot.sound]
'SafeLearning.CompleteBudgetValue.actual_dual_price_attained' depends on axioms: [propext, Classical.choice, Quot.sound]
'SafeLearning.CompleteBudgetValue.actual_dual_price_optimal' depends on axioms: [propext, Classical.choice, Quot.sound]
'SafeLearning.CompleteBudgetValue.actual_dual_price_unique' depends on axioms: [propext, Classical.choice, Quot.sound]
'SafeLearning.CompleteCompactLyapunov.sublevel_forward_invariance' depends on axioms: [propext,
 Classical.choice,
 Quot.sound]
'SafeLearning.CompleteCompactLyapunov.trajectory_values_antitone' depends on axioms: [propext,
 Classical.choice,
 Quot.sound]
'SafeLearning.CompleteCompactLyapunov.compact_strict_lyapunov_convergence' depends on axioms: [propext,
 Classical.choice,
 Quot.sound]
'SafeLearning.CompleteCompactLyapunov.actual_lyapunov_values_converge_to_zero' depends on axioms: [propext,
 Classical.choice,
 Quot.sound]
'SafeLearning.CompleteConformal.strictRank_permute' depends on axioms: [propext, Classical.choice, Quot.sound]
'SafeLearning.CompleteConformal.badIndices_card_bound' depends on axioms: [propext, Classical.choice, Quot.sound]
'SafeLearning.CompleteConformal.measurable_strictRank' depends on axioms: [propext, Classical.choice, Quot.sound]
'SafeLearning.CompleteConformal.measurableSet_bad_rank' depends on axioms: [propext, Classical.choice, Quot.sound]
'SafeLearning.CompleteConformal.exchangeable_bad_rank_equal' depends on axioms: [propext, Classical.choice, Quot.sound]
'SafeLearning.CompleteConformal.measurableSet_badEvent' depends on axioms: [propext, Classical.choice, Quot.sound]
'SafeLearning.CompleteConformal.bad_indicator_count' depends on axioms: [propext, Classical.choice, Quot.sound]
'SafeLearning.CompleteConformal.sum_bad_probabilities_le' depends on axioms: [propext, Classical.choice, Quot.sound]
'SafeLearning.CompleteConformal.exchangeable_rank_failure_bound' depends on axioms: [propext,
 Classical.choice,
 Quot.sound]
'SafeLearning.CompleteConformal.calibration_failure_iff' depends on axioms: [propext, Classical.choice, Quot.sound]
'SafeLearning.CompleteConformal.unavailable_calibration_rank' depends on axioms: [propext, Classical.choice, Quot.sound]
'SafeLearning.CompleteConformal.conformal_failure_bound' depends on axioms: [propext, Classical.choice, Quot.sound]
'SafeLearning.CompleteConformal.conformal_success_bound' depends on axioms: [propext, Classical.choice, Quot.sound]
'SafeLearning.CompleteConformal.conformalRank_le' depends on axioms: [propext, Classical.choice, Quot.sound]
'SafeLearning.CompleteConformal.conformalRank_coverage_arithmetic' depends on axioms: [propext,
 Classical.choice,
 Quot.sound]
'SafeLearning.CompleteConformal.split_conformal_coverage' depends on axioms: [propext, Classical.choice, Quot.sound]
'SafeLearning.CompleteConformal.rank_nineteen_ten_percent' depends on axioms: [propext, Classical.choice, Quot.sound]
'SafeLearning.CompleteConformal.rank_nineteen_one_percent' depends on axioms: [propext, Classical.choice, Quot.sound]
'SafeLearning.CompleteConformal.nineteen_calibration_coverage' depends on axioms: [propext,
 Classical.choice,
 Quot.sound]
'SafeLearning.CompleteConformal.nineteen_one_percent_infinite' depends on axioms: [propext,
 Classical.choice,
 Quot.sound]
'SafeLearning.CompleteConformalCounterexample.absolute_residual_realization' depends on axioms: [propext,
 Classical.choice,
 Quot.sound]
'SafeLearning.CompleteConformalCounterexample.uniform_permutation' depends on axioms: [propext,
 Classical.choice,
 Quot.sound]
'SafeLearning.CompleteConformalCounterexample.permutation_identDistrib' depends on axioms: [propext,
 Classical.choice,
 Quot.sound]
'SafeLearning.CompleteConformalCounterexample.scores_exchangeable' depends on axioms: [propext,
 Classical.choice,
 Quot.sound]
'SafeLearning.CompleteConformalCounterexample.calibration_nonempty' depends on axioms: [propext,
 Classical.choice,
 Quot.sound]
'SafeLearning.CompleteConformalCounterexample.clipped_failure_iff' depends on axioms: [propext,
 Classical.choice,
 Quot.sound]
'SafeLearning.CompleteConformalCounterexample.actual_clipped_failure_probability' depends on axioms: [propext,
 Classical.choice,
 Quot.sound]
'SafeLearning.CompleteConformalCounterexample.clipped_maximum_fails_ninety_nine_percent' depends on axioms: [propext,
 Classical.choice,
 Quot.sound]
'SafeLearning.CompleteCoreBook.mode_expectation' depends on axioms: [propext, Classical.choice, Quot.sound]
'SafeLearning.CompleteCoreBook.mode_discounted_return' depends on axioms: [propext, Classical.choice, Quot.sound]
'SafeLearning.CompleteCoreBook.original_reward_semantics' depends on axioms: [propext, Classical.choice, Quot.sound]
'SafeLearning.CompleteCoreBook.original_cost_semantics' depends on axioms: [propext, Classical.choice, Quot.sound]
'SafeLearning.CompleteCoreBook.tighter_budget_optimum' depends on axioms: [propext, Classical.choice, Quot.sound]
'SafeLearning.CompleteCoreBook.tighter_budget_attained' depends on axioms: [propext, Classical.choice, Quot.sound]
'SafeLearning.CompleteCoreBook.tighter_budget_unique_reward' depends on axioms: [propext, Classical.choice, Quot.sound]
'SafeLearning.CompleteCoreBook.interior_budget_multiplier' depends on axioms: [propext, Classical.choice, Quot.sound]
'SafeLearning.CompleteCoreBook.changed_discount_reward' depends on axioms: [propext, Classical.choice, Quot.sound]
'SafeLearning.CompleteCoreBook.changed_discount_cost' depends on axioms: [propext, Classical.choice, Quot.sound]
'SafeLearning.CompleteCoreBook.changed_discount_optimum' depends on axioms: [propext, Classical.choice, Quot.sound]
'SafeLearning.CompleteCoreBook.changed_discount_attainer_and_reuse' depends on axioms: [propext,
 Classical.choice,
 Quot.sound]
'SafeLearning.CompleteCoreBook.monitoring_next_action' depends on axioms: [propext, Classical.choice, Quot.sound]
'SafeLearning.CompleteCoreBook.monitoring_discounted_accounting' depends on axioms: [propext,
 Classical.choice,
 Quot.sound]
'SafeLearning.CompleteCoreBook.pathwise_resource_must_cover_realizations' depends on axioms: [propext,
 Classical.choice,
 Quot.sound]
'SafeLearning.CompleteCoreBook.ellipse_candidate_feasible' depends on axioms: [propext, Classical.choice, Quot.sound]
'SafeLearning.CompleteCoreBook.ellipse_global_optimum' depends on axioms: [propext, Classical.choice, Quot.sound]
'SafeLearning.CompleteCoreBook.ellipse_kkt' depends on axioms: [propext, Classical.choice, Quot.sound]
'SafeLearning.CompleteCoreBook.metric_comparison' depends on axioms: [propext, Classical.choice, Quot.sound]
'SafeLearning.CompleteCoreBook.sufficient_constraint_values' depends on axioms: [propext, Classical.choice, Quot.sound]
'SafeLearning.CompleteCoreBook.positive_upper_bound_underdetermines_violation' depends on axioms: [propext,
 Classical.choice,
 Quot.sound]
'SafeLearning.CompleteCoreBook.tightened_constraint_sufficient' depends on axioms: [propext,
 Classical.choice,
 Quot.sound]
'SafeLearning.CompleteCoreBook.scalar_tube_iff' depends on axioms: [propext, Classical.choice, Quot.sound]
'SafeLearning.CompleteCoreBook.noisier_tube_radius' depends on axioms: [propext, Classical.choice, Quot.sound]
'SafeLearning.CompleteCoreBook.noisier_tube_and_band' depends on axioms: [propext, Classical.choice, Quot.sound]
'SafeLearning.CompleteCoreBook.accuracy_error_iff' depends on axioms: [propext, Classical.choice, Quot.sound]
'SafeLearning.CompleteCoreBook.tightened_nominal_interval' depends on axioms: [propext, Classical.choice, Quot.sound]
'SafeLearning.CompleteCoreBook.tube_envelope_converges' depends on axioms: [propext, Classical.choice, Quot.sound]
'SafeLearning.CompleteCoreControl.barrier_integrating_factor' depends on axioms: [propext, Classical.choice, Quot.sound]
'SafeLearning.CompleteCoreControl.barrier_invariance' depends on axioms: [propext, Classical.choice, Quot.sound]
'SafeLearning.CompleteCoreControl.clearance_from_derivative' depends on axioms: [propext, Classical.choice, Quot.sound]
'SafeLearning.CompleteCoreControl.delayed_measurement_error' depends on axioms: [propext, Classical.choice, Quot.sound]
'SafeLearning.CompleteCoreControl.held_clearance_from_ode' depends on axioms: [propext, Classical.choice, Quot.sound]
'SafeLearning.CompleteCoreControl.held_clearance_safety' depends on axioms: [propext, Classical.choice, Quot.sound]
'SafeLearning.CompleteCoreControl.noisier_barrier_command' depends on axioms: [propext, Classical.choice, Quot.sound]
'SafeLearning.CompleteCoreControl.failed_drive_feasible' depends on axioms: [propext, Classical.choice, Quot.sound]
'SafeLearning.CompleteCoreControl.failed_drive_boundary_impossible' depends on axioms: [propext,
 Classical.choice,
 Quot.sound]
'SafeLearning.CompleteCoreControl.failed_drive_eventual_escape' depends on axioms: [propext,
 Classical.choice,
 Quot.sound]
'SafeLearning.CompleteCoreControl.nonpositive_drive_upper_trajectory' depends on axioms: [propext,
 Classical.choice,
 Quot.sound]
'SafeLearning.CompleteCoreControl.nonpositive_time_varying_drive_eventual_escape' depends on axioms: [propext,
 Classical.choice,
 Quot.sound]
'SafeLearning.CompleteCoreControl.delayed_barrier_command' depends on axioms: [propext, Classical.choice, Quot.sound]
'SafeLearning.CompleteCoreControl.noisy_projection_optimal' depends on axioms: [propext, Classical.choice, Quot.sound]
'SafeLearning.CompleteCoreControl.delayed_projection_optimal' depends on axioms: [propext, Classical.choice, Quot.sound]
'SafeLearning.CompleteCoreControl.failed_drive_critical_only_zero' depends on axioms: [propext,
 Classical.choice,
 Quot.sound]
'SafeLearning.CompleteCoreControl.cube_defines_halfline' depends on axioms: [propext, Classical.choice, Quot.sound]
'SafeLearning.CompleteCoreControl.cube_boundary_derivative' depends on axioms: [propext, Classical.choice, Quot.sound]
'SafeLearning.CompleteCoreControl.outward_trajectory_derivative' depends on axioms: [propext,
 Classical.choice,
 Quot.sound]
'SafeLearning.CompleteCoreControl.zero_gradient_does_not_imply_invariance' depends on axioms: [propext,
 Classical.choice,
 Quot.sound]
'SafeLearning.CompleteCoreControl.continuous_feedback_derivative' depends on axioms: [propext,
 Classical.choice,
 Quot.sound]
'SafeLearning.CompleteCoreControl.continuous_feedback_positive' depends on axioms: [propext,
 Classical.choice,
 Quot.sound]
'SafeLearning.CompleteCoreControl.held_first_interval_iff' depends on axioms: [propext, Classical.choice, Quot.sound]
'SafeLearning.CompleteCoreControl.held_first_interval_counterexample' depends on axioms: [propext,
 Classical.choice,
 Quot.sound]
'SafeLearning.CompleteCoreControl.high_order_derivatives' depends on axioms: [propext, Classical.choice, Quot.sound]
'SafeLearning.CompleteCoreControl.high_order_initial_check' depends on axioms: [propext, Classical.choice, Quot.sound]
'SafeLearning.CompleteCoreControl.input_to_state_square' depends on axioms: [propext, Classical.choice, Quot.sound]
'SafeLearning.CompleteCoreControl.input_to_state_inflated_boundary' depends on axioms: [propext,
 Classical.choice,
 Quot.sound]
'SafeLearning.CompleteCoreControl.small_disturbance_boundary' depends on axioms: [propext, Classical.choice, Quot.sound]
'SafeLearning.CompleteCoreEntryModel.mode_weight_zero' depends on axioms: [propext, Classical.choice, Quot.sound]
'SafeLearning.CompleteCoreEntryModel.mode_weight_one' depends on axioms: [propext, Classical.choice, Quot.sound]
'SafeLearning.CompleteCoreEntryModel.actual_entry_probability' depends on axioms: [propext,
 Classical.choice,
 Quot.sound]
'SafeLearning.CompleteCoreEntryModel.actual_entry_never_zero' depends on axioms: [propext, Classical.choice, Quot.sound]
'SafeLearning.CompleteCoreEntryModel.one_step_actual_indicator_expectation' depends on axioms: [propext,
 Classical.choice,
 Quot.sound]
'SafeLearning.CompleteCoreEntryModel.actual_pathwise_indicator_return' depends on axioms: [propext,
 Classical.choice,
 Quot.sound]
'SafeLearning.CompleteCoreEntryModel.actual_indicator_return_equals_mode_return' depends on axioms: [propext,
 Classical.choice,
 Quot.sound]
'SafeLearning.CompleteCoreEntryModel.tighter_budget_actual_entry_probability' depends on axioms: [propext,
 Classical.choice,
 Quot.sound]
'SafeLearning.CompleteCoreProbability.uniform_test_mass' depends on axioms: [propext, Classical.choice, Quot.sound]
'SafeLearning.CompleteCoreProbability.exceptional_probability' depends on axioms: [propext,
 Classical.choice,
 Quot.sound]
'SafeLearning.CompleteCoreProbability.squared_error_indicator' depends on axioms: [propext,
 Classical.choice,
 Quot.sound]
'SafeLearning.CompleteCoreProbability.actual_mean_squared_error' depends on axioms: [propext,
 Classical.choice,
 Quot.sound]
'SafeLearning.CompleteCoreProbability.maximum_error_attained' depends on axioms: [propext, Classical.choice, Quot.sound]
'SafeLearning.CompleteCoreProbability.small_rms_does_not_bound_uniform_error' depends on axioms: [propext,
 Classical.choice,
 Quot.sound]
'SafeLearning.CompleteCoreProbability.rms_numeric_enclosure' depends on axioms: [propext, Classical.choice, Quot.sound]
'SafeLearning.CompleteCoreProbability.independent_missed_interval' depends on axioms: [propext,
 Classical.choice,
 Quot.sound]
'SafeLearning.CompleteCoreProbability.miss_probability_numeric' depends on axioms: [propext,
 Classical.choice,
 Quot.sound]
'SafeLearning.CompleteCoreProbability.miss_probability_real_bridge' depends on axioms: [propext,
 Classical.choice,
 Quot.sound]
'SafeLearning.CompleteCoreProbability.four_success_union_bound' depends on axioms: [propext,
 Classical.choice,
 Quot.sound]
'SafeLearning.CompleteCoreProbability.four_success_allocated_bound' depends on axioms: [propext,
 Classical.choice,
 Quot.sound]
'SafeLearning.CompleteCoreProbability.four_independent_successes' depends on axioms: [propext,
 Classical.choice,
 Quot.sound]
'SafeLearning.CompleteCoreProbability.four_independent_success_lower_bound' depends on axioms: [propext,
 Classical.choice,
 Quot.sound]
'SafeLearning.CompleteCoreProbability.disjoint_failure_probabilities' depends on axioms: [propext,
 Classical.choice,
 Quot.sound]
'SafeLearning.CompleteCoreProbability.disjoint_joint_success' depends on axioms: [propext, Classical.choice, Quot.sound]
'SafeLearning.CompleteCoreProbability.multiplying_marginals_invalid' depends on axioms: [propext,
 Classical.choice,
 Quot.sound]
'SafeLearning.CompleteCoreReturns.one_step_mode_expectation' depends on axioms: [propext, Classical.choice, Quot.sound]
'SafeLearning.CompleteCoreReturns.pathwise_mode_return' depends on axioms: [propext, Classical.choice, Quot.sound]
'SafeLearning.CompleteCoreReturns.optimal_reward_budget_derivative' depends on axioms: [propext,
 Classical.choice,
 Quot.sound]
'SafeLearning.CompleteCoreReturns.discounted_constant_budget_meaning' depends on axioms: [propext,
 Classical.choice,
 Quot.sound]
'SafeLearning.CompleteCoreReturns.normalized_mode_occupancy' depends on axioms: [propext, Classical.choice, Quot.sound]
'SafeLearning.CompleteCoreReturns.mixed_half_discount_returns' depends on axioms: [propext,
 Classical.choice,
 Quot.sound]
'SafeLearning.CompleteCoreReturns.mixed_occupancies_example' depends on axioms: [propext, Classical.choice, Quot.sound]
'SafeLearning.CompleteCoreReturns.constant_cost_discount_doubling' depends on axioms: [propext,
 Classical.choice,
 Quot.sound]
'SafeLearning.CompleteDuality.bounded_lagrangian_from_bounded_returns' depends on axioms: [propext,
 Classical.choice,
 Quot.sound]
'SafeLearning.CompleteDuality.reward_lagrangian_bounded_above' depends on axioms: [propext,
 Classical.choice,
 Quot.sound]
'SafeLearning.CompleteDuality.lagrangian_affine' depends on axioms: [propext, Classical.choice, Quot.sound]
'SafeLearning.CompleteDuality.reward_dual_convex' depends on axioms: [propext, Classical.choice, Quot.sound]
'SafeLearning.CompleteDuality.feasible_reward_le_dual' depends on axioms: [propext, Classical.choice, Quot.sound]
'SafeLearning.CompleteDuality.exact_maximizer_subgradient' depends on axioms: [propext, Classical.choice, Quot.sound]
'SafeLearning.CompleteDuality.cost_lagrangian_bounded_below' depends on axioms: [propext, Classical.choice, Quot.sound]
'SafeLearning.CompleteDuality.cost_dual_mirror' depends on axioms: [propext, Classical.choice, Quot.sound]
'SafeLearning.CompleteDuality.cost_lagrangian_affine' depends on axioms: [propext, Classical.choice, Quot.sound]
'SafeLearning.CompleteDuality.cost_dual_concave' depends on axioms: [propext, Classical.choice, Quot.sound]
'SafeLearning.CompleteDuality.cost_dual_le_feasible_cost' depends on axioms: [propext, Classical.choice, Quot.sound]
'SafeLearning.CompleteDuality.reward_primal_le_each_dual' depends on axioms: [propext, Classical.choice, Quot.sound]
'SafeLearning.CompleteDuality.reward_weak_duality' depends on axioms: [propext, Classical.choice, Quot.sound]
'SafeLearning.CompleteDuality.cost_each_dual_le_primal' depends on axioms: [propext, Classical.choice, Quot.sound]
'SafeLearning.CompleteDuality.cost_weak_duality' depends on axioms: [propext, Classical.choice, Quot.sound]
'SafeLearning.CompleteDuality.walk_lagrangian_bound' depends on axioms: [propext, Classical.choice, Quot.sound]
'SafeLearning.CompleteDuality.walk_dual_attained' depends on axioms: [propext, Classical.choice, Quot.sound]
'SafeLearning.CompleteDuality.walk_dual_actual_supremum' depends on axioms: [propext, Classical.choice, Quot.sound]
'SafeLearning.CompleteDuality.walk_dual_minimum' depends on axioms: [propext, Classical.choice, Quot.sound]
'SafeLearning.CompleteDuality.walk_dual_unique_minimum' depends on axioms: [propext, Classical.choice, Quot.sound]
'SafeLearning.CompleteDuality.walk_dual_piecewise' depends on axioms: [propext, Classical.choice, Quot.sound]
'SafeLearning.CompleteDuality.walk_dual_max_formula' depends on axioms: [propext, Classical.choice, Quot.sound]
'SafeLearning.CompleteDuality.walk_dual_abs_form' depends on axioms: [propext, Classical.choice, Quot.sound]
'SafeLearning.CompleteDuality.walk_dual_kink' depends on axioms: [propext, Classical.choice, Quot.sound]
'SafeLearning.CompleteDuality.walk_dual_convex' depends on axioms: [propext, Classical.choice, Quot.sound]
'SafeLearning.CompleteDuality.walk_primal_optimum' depends on axioms: [propext, Classical.choice, Quot.sound]
'SafeLearning.CompleteDuality.walk_primal_attained_and_all_lagrangian_maximizers' depends on axioms: [propext,
 Classical.choice,
 Quot.sound]
'SafeLearning.CompleteDuality.scalar_lagrangian_derivative' depends on axioms: [propext, Classical.choice, Quot.sound]
'SafeLearning.CompleteDuality.projected_descent_sign' depends on axioms: [propext, Classical.choice, Quot.sound]
'SafeLearning.CompleteDuality.orthant_scalar_projection' depends on axioms: [propext, Classical.choice, Quot.sound]
'SafeLearning.CompleteDuality.orthant_projection_global_minimum' depends on axioms: [propext,
 Classical.choice,
 Quot.sound]
'SafeLearning.CompleteDuality.violation_increases_multiplier' depends on axioms: [propext, Classical.choice, Quot.sound]
'SafeLearning.CompleteDuality.strict_violation_strictly_increases_multiplier' depends on axioms: [propext,
 Classical.choice,
 Quot.sound]
'SafeLearning.CompleteDuality.attained_reward_dual' depends on axioms: [propext, Classical.choice, Quot.sound]
'SafeLearning.CompleteDuality.attained_cost_dual' depends on axioms: [propext, Classical.choice, Quot.sound]
'SafeLearning.CompleteDuality.slack_decreases_projected_multiplier' depends on axioms: [propext,
 Classical.choice,
 Quot.sound]
'SafeLearning.CompleteFoundationsAlgorithms.scaling_iteration' depends on axioms: [propext,
 Classical.choice,
 Quot.sound]
'SafeLearning.CompleteFoundationsAlgorithms.scaling_converges_iff' depends on axioms: [propext,
 Classical.choice,
 Quot.sound]
'SafeLearning.CompleteFoundationsAlgorithms.scalar_gradient_converges_iff' depends on axioms: [propext,
 Classical.choice,
 Quot.sound]
'SafeLearning.CompleteFoundationsAlgorithms.scalar_gradient_objective_decreases' depends on axioms: [propext,
 Classical.choice,
 Quot.sound]
'SafeLearning.CompleteFoundationsAlgorithms.expanding_scaling_norm' depends on axioms: [propext,
 Classical.choice,
 Quot.sound]
'SafeLearning.CompleteFoundationsAlgorithms.diagonal_iteration' depends on axioms: [propext,
 Classical.choice,
 Quot.sound]
'SafeLearning.CompleteFoundationsAlgorithms.slow_coordinate_objective' depends on axioms: [propext,
 Classical.choice,
 Quot.sound]
'SafeLearning.CompleteFoundationsAlgorithms.balanced_step_objective' depends on axioms: [propext,
 Classical.choice,
 Quot.sound]
'SafeLearning.CompleteFoundationsAlgorithms.slow_coordinate_minimal_budget' depends on axioms: [propext,
 Classical.choice,
 Quot.sound]
'SafeLearning.CompleteFoundationsAlgorithms.balanced_step_minimal_budget' depends on axioms: [propext,
 Classical.choice,
 Quot.sound]
'SafeLearning.CompleteFoundationsAlgorithms.best_constant_diagonal_step' depends on axioms: [propext,
 Classical.choice,
 Quot.sound]
'SafeLearning.CompleteFoundationsAlgorithms.diagonal_newton_one_step' depends on axioms: [propext,
 Classical.choice,
 Quot.sound]
'SafeLearning.CompleteFoundationsAlgorithms.diagonal_gradient_and_hessian' depends on axioms: [propext,
 Classical.choice,
 Quot.sound]
'SafeLearning.CompleteFoundationsAlgorithms.newton_diagonal_independent_of_conditioning' depends on axioms: [propext,
 Classical.choice,
 Quot.sound]
'SafeLearning.CompleteFoundationsAlgorithms.unstable_diagonal_coordinate' depends on axioms: [propext,
 Classical.choice,
 Quot.sound]
'SafeLearning.CompleteFoundationsBook.measurement_interval_exact' depends on axioms: [propext,
 Classical.choice,
 Quot.sound]
'SafeLearning.CompleteFoundationsBook.temperature_reading_rule' depends on axioms: [propext,
 Classical.choice,
 Quot.sound]
'SafeLearning.CompleteFoundationsBook.reading_examples' depends on axioms: [propext, Classical.choice, Quot.sound]
'SafeLearning.CompleteFoundationsBook.chamber_command_exact' depends on axioms: [propext, Classical.choice, Quot.sound]
'SafeLearning.CompleteFoundationsBook.chamber_exercise_commands' depends on axioms: [propext,
 Classical.choice,
 Quot.sound]
'SafeLearning.CompleteFoundationsBook.chamber_worked_commands' depends on axioms: [propext,
 Classical.choice,
 Quot.sound]
'SafeLearning.CompleteFoundationsBook.anticipative_command' depends on axioms: [propext, Classical.choice, Quot.sound]
'SafeLearning.CompleteFoundationsBook.chamber_nominal_feedback' depends on axioms: [propext,
 Classical.choice,
 Quot.sound]
'SafeLearning.CompleteFoundationsBook.chamber_no_fixed_command' depends on axioms: [propext,
 Classical.choice,
 Quot.sound]
'SafeLearning.CompleteFoundationsBook.chamber_feedback_range' depends on axioms: [propext, Classical.choice, Quot.sound]
'SafeLearning.CompleteFoundationsBook.chamber_invariance' depends on axioms: [propext, Classical.choice, Quot.sound]
'SafeLearning.CompleteFoundationsBook.affine_recurrence_envelope' depends on axioms: [propext,
 Classical.choice,
 Quot.sound]
'SafeLearning.CompleteFoundationsBook.affine_recurrence_realization' depends on axioms: [propext,
 Classical.choice,
 Quot.sound]
'SafeLearning.CompleteFoundationsBook.exercise_error_envelope' depends on axioms: [propext,
 Classical.choice,
 Quot.sound]
'SafeLearning.CompleteFoundationsBook.error_exercise_minimal_index' depends on axioms: [propext,
 Classical.choice,
 Quot.sound]
'SafeLearning.CompleteFoundationsBook.error_floor_unattainable' depends on axioms: [propext,
 Classical.choice,
 Quot.sound]
'SafeLearning.CompleteFoundationsBook.worked_error_budget' depends on axioms: [propext, Classical.choice, Quot.sound]
'SafeLearning.CompleteFoundationsBook.balanced_reconstruction' depends on axioms: [propext,
 Classical.choice,
 Quot.sound]
'SafeLearning.CompleteFoundationsBook.balanced_error_geometry' depends on axioms: [propext,
 Classical.choice,
 Quot.sound]
'SafeLearning.CompleteFoundationsBook.sum_measurement_all_solutions' depends on axioms: [propext,
 Classical.choice,
 Quot.sound]
'SafeLearning.CompleteFoundationsBook.sum_measurement_identification' depends on axioms: [propext,
 Classical.choice,
 Quot.sound]
'SafeLearning.CompleteFoundationsBook.sum_measurement_counterexample' depends on axioms: [propext,
 Classical.choice,
 Quot.sound]
'SafeLearning.CompleteFoundationsBook.sum_measurement_unique_minimum' depends on axioms: [propext,
 Classical.choice,
 Quot.sound]
'SafeLearning.CompleteFoundationsBook.normalized_output_ball_bound' depends on axioms: [propext,
 Classical.choice,
 Quot.sound]
'SafeLearning.CompleteFoundationsBook.normalized_output_attainer' depends on axioms: [propext,
 Classical.choice,
 Quot.sound]
'SafeLearning.CompleteFoundationsBook.normalized_box_bound' depends on axioms: [propext, Classical.choice, Quot.sound]
'SafeLearning.CompleteFoundationsBook.normalized_output_decimal_bound' depends on axioms: [propext,
 Classical.choice,
 Quot.sound]
'SafeLearning.CompleteFoundationsBook.three_sensor_loss_identity' depends on axioms: [propext,
 Classical.choice,
 Quot.sound]
'SafeLearning.CompleteFoundationsBook.three_sensor_unique_optimum' depends on axioms: [propext,
 Classical.choice,
 Quot.sound]
'SafeLearning.CompleteFoundationsBook.three_sensor_residual_certificate' depends on axioms: [propext,
 Classical.choice,
 Quot.sound]
'SafeLearning.CompleteFoundationsBook.allocation_cost_identity' depends on axioms: [propext,
 Classical.choice,
 Quot.sound]
'SafeLearning.CompleteFoundationsBook.allocation_kkt' depends on axioms: [propext, Classical.choice, Quot.sound]
'SafeLearning.CompleteFoundationsBook.allocation_unique_optimum' depends on axioms: [propext,
 Classical.choice,
 Quot.sound]
'SafeLearning.CompleteFoundationsBook.allocation_value_derivative' depends on axioms: [propext,
 Classical.choice,
 Quot.sound]
'SafeLearning.CompleteFoundationsBook.allocation_sensitivity_exact' depends on axioms: [propext,
 Classical.choice,
 Quot.sound]
'SafeLearning.CompleteFoundationsBook.allocation_transfer' depends on axioms: [propext, Classical.choice, Quot.sound]
'SafeLearning.CompleteFoundationsBook.sum_line_projection' depends on axioms: [propext, Classical.choice, Quot.sound]
'SafeLearning.CompleteFoundationsBook.allocation_numerical_checks' depends on axioms: [propext,
 Classical.choice,
 Quot.sound]
'SafeLearning.CompleteFoundationsBook.robust_clearance_exact' depends on axioms: [propext, Classical.choice, Quot.sound]
'SafeLearning.CompleteFoundationsBook.robust_clearance_feasible' depends on axioms: [propext,
 Classical.choice,
 Quot.sound]
'SafeLearning.CompleteFoundationsBook.clearance_optimum' depends on axioms: [propext, Classical.choice, Quot.sound]
'SafeLearning.CompleteFoundationsBook.clearance_kkt' depends on axioms: [propext, Classical.choice, Quot.sound]
'SafeLearning.CompleteFoundationsBook.nonrobust_clearance_failure' depends on axioms: [propext,
 Classical.choice,
 Quot.sound]
'SafeLearning.CompleteFoundationsBook.chamber_exercise_numerics' depends on axioms: [propext,
 Classical.choice,
 Quot.sound]
'SafeLearning.CompleteFoundationsBook.balanced_assembly_examples' depends on axioms: [propext,
 Classical.choice,
 Quot.sound]
'SafeLearning.CompleteFoundationsBook.balanced_stretch' depends on axioms: [propext, Classical.choice, Quot.sound]
'SafeLearning.CompleteFoundationsBook.nearparallel_reconstruction' depends on axioms: [propext,
 Classical.choice,
 Quot.sound]
'SafeLearning.CompleteFoundationsBook.nearparallel_error_example' depends on axioms: [propext,
 Classical.choice,
 Quot.sound]
'SafeLearning.CompleteFoundationsBook.sensor_gram_positive' depends on axioms: [propext, Classical.choice, Quot.sound]
'SafeLearning.CompleteFoundationsBook.least_squares_direction_derivative' depends on axioms: [propext,
 Classical.choice,
 Quot.sound]
'SafeLearning.CompleteFoundationsBook.clearance_tangent_error' depends on axioms: [propext,
 Classical.choice,
 Quot.sound]
'SafeLearning.CompleteFoundationsBook.robust_clearance_decimal_bounds' depends on axioms: [propext,
 Classical.choice,
 Quot.sound]
'SafeLearning.CompleteFoundationsBook.robust_multiplier_decimal_bound' depends on axioms: [propext,
 Classical.choice,
 Quot.sound]
'SafeLearning.CompleteFoundationsBook.nonrobust_clearance_decimal_bounds' depends on axioms: [propext,
 Classical.choice,
 Quot.sound]
'SafeLearning.CompleteFoundationsBook.normal_equations_three_sensor' depends on axioms: [propext,
 Classical.choice,
 Quot.sound]
'SafeLearning.CompleteFoundationsBook.allocation_tangent_gradient' depends on axioms: [propext,
 Classical.choice,
 Quot.sound]
'SafeLearning.CompleteFoundationsCongruence.congruence_quadratic_identity' depends on axioms: [propext,
 Classical.choice,
 Quot.sound]
'SafeLearning.CompleteFoundationsCongruence.congruence_psd' depends on axioms: [propext, Classical.choice, Quot.sound]
'SafeLearning.CompleteFoundationsCongruence.congruence_pd_iff_injective' depends on axioms: [propext,
 Classical.choice,
 Quot.sound]
'SafeLearning.CompleteFoundationsCongruence.congruence_pd_iff_independent_columns' depends on axioms: [propext,
 Classical.choice,
 Quot.sound]
'SafeLearning.CompleteFoundationsCongruence.inverse_congruence_identity' depends on axioms: [propext,
 Classical.choice,
 Quot.sound]
'SafeLearning.CompleteFoundationsCongruence.invertible_congruence_psd_iff' depends on axioms: [propext,
 Classical.choice,
 Quot.sound]
'SafeLearning.CompleteFoundationsCongruence.invertible_congruence_pd_iff' depends on axioms: [propext,
 Classical.choice,
 Quot.sound]
'SafeLearning.CompleteFoundationsCongruence.complex_congruence_quadratic_identity' depends on axioms: [propext,
 Classical.choice,
 Quot.sound]
'SafeLearning.CompleteFoundationsCongruence.complex_congruence_psd' depends on axioms: [propext,
 Classical.choice,
 Quot.sound]
'SafeLearning.CompleteFoundationsCongruence.complex_congruence_pd_iff_independent_columns' depends on axioms: [propext,
 Classical.choice,
 Quot.sound]
'SafeLearning.CompleteFoundationsCongruence.complex_inverse_congruence_identity' depends on axioms: [propext,
 Classical.choice,
 Quot.sound]
'SafeLearning.CompleteFoundationsCongruence.complex_invertible_congruence_iff' depends on axioms: [propext,
 Classical.choice,
 Quot.sound]
'SafeLearning.CompleteFoundationsCongruence.real_gram_psd' depends on axioms: [propext, Classical.choice, Quot.sound]
'SafeLearning.CompleteFoundationsCongruence.real_gram_pd_iff_independent_columns' depends on axioms: [propext,
 Classical.choice,
 Quot.sound]
'SafeLearning.CompleteFoundationsCongruence.singular_congruence_counterexample' depends on axioms: [propext,
 Classical.choice,
 Quot.sound]
'SafeLearning.CompleteFoundationsCongruence.rectangular_congruence_counterexample' depends on axioms: [propext,
 Classical.choice,
 Quot.sound]
'SafeLearning.CompleteFoundationsConvergence.real_convergence_definition' depends on axioms: [propext,
 Classical.choice,
 Quot.sound]
'SafeLearning.CompleteFoundationsConvergence.vector_convergence_definition' depends on axioms: [propext,
 Classical.choice,
 Quot.sound]
'SafeLearning.CompleteFoundationsConvergence.coordinatewise_convergence' depends on axioms: [propext,
 Classical.choice,
 Quot.sound]
'SafeLearning.CompleteFoundationsConvergence.euclidean_coordinatewise_convergence' depends on axioms: [propext,
 Classical.choice,
 Quot.sound]
'SafeLearning.CompleteFoundationsConvergence.real_cauchy_definition' depends on axioms: [propext,
 Classical.choice,
 Quot.sound]
'SafeLearning.CompleteFoundationsConvergence.complete_converges_iff_cauchy' depends on axioms: [propext,
 Classical.choice,
 Quot.sound]
'SafeLearning.CompleteFoundationsConvergence.real_divergence_to_infinity_definition' depends on axioms: [propext,
 Classical.choice,
 Quot.sound]
'SafeLearning.CompleteFoundationsConvergence.limits_preserve_weak_order' depends on axioms: [propext,
 Classical.choice,
 Quot.sound]
'SafeLearning.CompleteFoundationsConvergence.reciprocal_strictness_disappears' depends on axioms: [propext,
 Classical.choice,
 Quot.sound]
'SafeLearning.CompleteFoundationsConvergence.reciprocal_tolerance_choice' depends on axioms: [propext,
 Classical.choice,
 Quot.sound]
'SafeLearning.CompleteFoundationsConvergence.limit_squeeze' depends on axioms: [propext, Classical.choice, Quot.sound]
'SafeLearning.CompleteFoundationsConvergence.finite_pointwise_uniform_tolerance' depends on axioms: [propext,
 Classical.choice,
 Quot.sound]
'SafeLearning.CompleteFoundationsCubicGrids.nearest_coordinate' depends on axioms: [propext,
 Classical.choice,
 Quot.sound]
'SafeLearning.CompleteFoundationsCubicGrids.grid_point_injective' depends on axioms: [propext,
 Classical.choice,
 Quot.sound]
'SafeLearning.CompleteFoundationsCubicGrids.grid_cardinality' depends on axioms: [propext, Classical.choice, Quot.sound]
'SafeLearning.CompleteFoundationsCubicGrids.grid_spacing_formula' depends on axioms: [propext,
 Classical.choice,
 Quot.sound]
'SafeLearning.CompleteFoundationsCubicGrids.grid_point_in_cube' depends on axioms: [propext,
 Classical.choice,
 Quot.sound]
'SafeLearning.CompleteFoundationsCubicGrids.grid_members_in_cube' depends on axioms: [propext,
 Classical.choice,
 Quot.sound]
'SafeLearning.CompleteFoundationsCubicGrids.radius_nonnegative' depends on axioms: [propext,
 Classical.choice,
 Quot.sound]
'SafeLearning.CompleteFoundationsCubicGrids.radius_square' depends on axioms: [propext, Classical.choice, Quot.sound]
'SafeLearning.CompleteFoundationsCubicGrids.cube_grid_covers' depends on axioms: [propext, Classical.choice, Quot.sound]
'SafeLearning.CompleteFoundationsCubicGrids.cell_center_in_cube' depends on axioms: [propext,
 Classical.choice,
 Quot.sound]
'SafeLearning.CompleteFoundationsCubicGrids.cell_center_distance_lower' depends on axioms: [propext,
 Classical.choice,
 Quot.sound]
'SafeLearning.CompleteFoundationsCubicGrids.exact_cube_covering_radius' depends on axioms: [propext,
 Classical.choice,
 Quot.sound]
'SafeLearning.CompleteFoundationsCubicGrids.grid_margin' depends on axioms: [propext, Classical.choice, Quot.sound]
'SafeLearning.CompleteFoundationsCubicGrids.cell_center_infimum_distance' depends on axioms: [propext,
 Classical.choice,
 Quot.sound]
'SafeLearning.CompleteFoundationsCubicGrids.grid_margin_example_lipschitz' depends on axioms: [propext,
 Classical.choice,
 Quot.sound]
'SafeLearning.CompleteFoundationsCubicGrids.grid_margin_example_samples' depends on axioms: [propext,
 Classical.choice,
 Quot.sound]
'SafeLearning.CompleteFoundationsCubicGrids.grid_margin_example_center' depends on axioms: [propext,
 Classical.choice,
 Quot.sound]
'SafeLearning.CompleteFoundationsCubicGrids.one_dimension_source_margin' depends on axioms: [propext,
 Classical.choice,
 Quot.sound]
'SafeLearning.CompleteFoundationsCubicGrids.one_dimensional_distance' depends on axioms: [propext,
 Classical.choice,
 Quot.sound]
'SafeLearning.CompleteFoundationsCubicGrids.real_one_dimension_source_margin' depends on axioms: [propext,
 Classical.choice,
 Quot.sound]
'SafeLearning.CompleteFoundationsCubicGrids.three_dimension_source_margin' depends on axioms: [propext,
 Classical.choice,
 Quot.sound]
'SafeLearning.CompleteFoundationsCubicGrids.sqrt_three_enclosure' depends on axioms: [propext,
 Classical.choice,
 Quot.sound]
'SafeLearning.CompleteFoundationsCubicGrids.source_grid_decimal_enclosures' depends on axioms: [propext,
 Classical.choice,
 Quot.sound]
'SafeLearning.CompleteFoundationsCubicGrids.required_three_dimension_spacing' depends on axioms: [propext,
 Classical.choice,
 Quot.sound]
'SafeLearning.CompleteFoundationsCubicGrids.twelve_step_grid_suffices' depends on axioms: [propext,
 Classical.choice,
 Quot.sound]
'SafeLearning.CompleteFoundationsCubicGrids.twelve_grid_certifies' depends on axioms: [propext,
 Classical.choice,
 Quot.sound]
'SafeLearning.CompleteFoundationsCubicGrids.coarse_grid_cannot_certify_nonnegative' depends on axioms: [propext,
 Classical.choice,
 Quot.sound]
'SafeLearning.CompleteFoundationsCubicGrids.positive_function_consistent_with_coarse_samples' depends on axioms: [propext,
 Classical.choice,
 Quot.sound]
'SafeLearning.CompleteFoundationsCubicGrids.teaching_grid_cardinalities' depends on axioms: [propext,
 Classical.choice,
 Quot.sound]
'SafeLearning.CompleteFoundationsDefinitenessModels.singular_P_positive_semidefinite' depends on axioms: [propext,
 Classical.choice,
 Quot.sound]
'SafeLearning.CompleteFoundationsDefinitenessModels.singular_P_actual_form' depends on axioms: [propext,
 Classical.choice,
 Quot.sound]
'SafeLearning.CompleteFoundationsDefinitenessModels.singular_P_failure_witness' depends on axioms: [propext,
 Classical.choice,
 Quot.sound]
'SafeLearning.CompleteFoundationsDefinitenessModels.indefinite_Q_both_signs' depends on axioms: [propext,
 Classical.choice,
 Quot.sound]
'SafeLearning.CompleteFoundationsDefinitenessModels.cholesky_actual_factor' depends on axioms: [propext,
 Classical.choice,
 Quot.sound]
'SafeLearning.CompleteFoundationsDefinitenessModels.cholesky_positive_definite' depends on axioms: [propext,
 Classical.choice,
 Quot.sound]
'SafeLearning.CompleteFoundationsDefinitenessModels.forward_triangular_solve_unique' depends on axioms: [propext,
 Classical.choice,
 Quot.sound]
'SafeLearning.CompleteFoundationsDefinitenessModels.backward_triangular_solve_unique' depends on axioms: [propext,
 Classical.choice,
 Quot.sound]
'SafeLearning.CompleteFoundationsDefinitenessModels.cholesky_source_solution' depends on axioms: [propext,
 Classical.choice,
 Quot.sound]
'SafeLearning.CompleteFoundationsDefinitenessModels.cholesky_actual_log_determinant' depends on axioms: [propext,
 Classical.choice,
 Quot.sound]
'SafeLearning.CompleteFoundationsDefinitenessModels.ellipsoid_actual_form' depends on axioms: [propext,
 Classical.choice,
 Quot.sound]
'SafeLearning.CompleteFoundationsDefinitenessModels.ellipsoid_change_of_variables' depends on axioms: [propext,
 Classical.choice,
 Quot.sound]
'SafeLearning.CompleteFoundationsDefinitenessModels.ellipsoid_coefficient_norm' depends on axioms: [propext,
 Classical.choice,
 Quot.sound]
'SafeLearning.CompleteFoundationsDefinitenessModels.ellipsoid_margin_upper_bound' depends on axioms: [propext,
 Classical.choice,
 Quot.sound]
'SafeLearning.CompleteFoundationsDefinitenessModels.ellipsoid_attains' depends on axioms: [propext,
 Classical.choice,
 Quot.sound]
'SafeLearning.CompleteFoundationsDefinitenessModels.ellipsoid_actual_maximum' depends on axioms: [propext,
 Classical.choice,
 Quot.sound]
'SafeLearning.CompleteFoundationsDefinitenessModels.ellipsoid_semiaxes' depends on axioms: [propext,
 Classical.choice,
 Quot.sound]
'SafeLearning.CompleteFoundationsDefinitenessModels.ellipsoid_inverse_direction' depends on axioms: [propext,
 Classical.choice,
 Quot.sound]
'SafeLearning.CompleteFoundationsExerciseBridges.grow_image_monotone' depends on axioms: [propext,
 Classical.choice,
 Quot.sound]
'SafeLearning.CompleteFoundationsExerciseBridges.reach_five_strict_increases' depends on axioms: [propext,
 Classical.choice,
 Quot.sound]
'SafeLearning.CompleteFoundationsExerciseBridges.reach_five_unreachable' depends on axioms: [propext,
 Classical.choice,
 Quot.sound]
'SafeLearning.CompleteFoundationsExerciseBridges.half_shift_contraction' depends on axioms: [propext,
 Classical.choice,
 Quot.sound]
'SafeLearning.CompleteFoundationsExerciseBridges.closed_intervals_for_contraction' depends on axioms: [propext,
 Classical.choice,
 Quot.sound]
'SafeLearning.CompleteFoundationsExerciseBridges.half_shift_fixed_point' depends on axioms: [propext,
 Classical.choice,
 Quot.sound]
'SafeLearning.CompleteFoundationsExerciseBridges.negation_selfmap' depends on axioms: [propext,
 Classical.choice,
 Quot.sound]
'SafeLearning.CompleteFoundationsExerciseBridges.negation_fixed_point' depends on axioms: [propext,
 Classical.choice,
 Quot.sound]
'SafeLearning.CompleteFoundationsExerciseBridges.negation_iteration' depends on axioms: [propext,
 Classical.choice,
 Quot.sound]
'SafeLearning.CompleteFoundationsExerciseBridges.subtype_contraction_uniqueness' depends on axioms: [propext,
 Classical.choice,
 Quot.sound]
'SafeLearning.CompleteFoundationsExerciseBridges.half_discount_uniform_minimal' depends on axioms: [propext,
 Classical.choice,
 Quot.sound]
'SafeLearning.CompleteFoundationsExerciseBridges.constant_discounted_return_attains' depends on axioms: [propext,
 Classical.choice,
 Quot.sound]
'SafeLearning.CompleteFoundationsExerciseBridges.reciprocal_decimal_enclosure' depends on axioms: [propext,
 Classical.choice,
 Quot.sound]
'SafeLearning.CompleteFoundationsExerciseBridges.modeled_energy_conclusions' depends on axioms: [propext,
 Classical.choice,
 Quot.sound]
'SafeLearning.CompleteFoundationsExerciseBridges.arbitrarily_late_modeled_excursion' depends on axioms: [propext,
 Classical.choice,
 Quot.sound]
'SafeLearning.CompleteFoundationsExtrema.fraction_image' depends on axioms: [propext, Classical.choice, Quot.sound]
'SafeLearning.CompleteFoundationsExtrema.fraction_strictly_increases' depends on axioms: [propext,
 Classical.choice,
 Quot.sound]
'SafeLearning.CompleteFoundationsExtrema.fraction_extrema' depends on axioms: [propext, Classical.choice, Quot.sound]
'SafeLearning.CompleteFoundationsExtrema.fraction_limit_at_infinity' depends on axioms: [propext,
 Classical.choice,
 Quot.sound]
'SafeLearning.CompleteFoundationsExtrema.multiplicative_initial_values' depends on axioms: [propext,
 Classical.choice,
 Quot.sound]
'SafeLearning.CompleteFoundationsExtrema.even_odd_monotonicity' depends on axioms: [propext,
 Classical.choice,
 Quot.sound]
'SafeLearning.CompleteFoundationsExtrema.sine_cosine_upper' depends on axioms: [propext, Classical.choice, Quot.sound]
'SafeLearning.CompleteFoundationsExtrema.sine_cosine_shift' depends on axioms: [propext, Classical.choice, Quot.sound]
'SafeLearning.CompleteFoundationsExtrema.sine_cosine_attains' depends on axioms: [propext, Classical.choice, Quot.sound]
'SafeLearning.CompleteFoundationsExtrema.sine_cosine_supremum' depends on axioms: [propext,
 Classical.choice,
 Quot.sound]
'SafeLearning.CompleteFoundationsExtrema.individual_trig_suprema' depends on axioms: [propext,
 Classical.choice,
 Quot.sound]
'SafeLearning.CompleteFoundationsExtrema.trig_decimal_and_strict_gap' depends on axioms: [propext,
 Classical.choice,
 Quot.sound]
'SafeLearning.CompleteFoundationsExtrema.bilinear_inner_supremum' depends on axioms: [propext,
 Classical.choice,
 Quot.sound]
'SafeLearning.CompleteFoundationsExtrema.bilinear_inner_infimum' depends on axioms: [propext,
 Classical.choice,
 Quot.sound]
'SafeLearning.CompleteFoundationsExtrema.bilinear_outer_values' depends on axioms: [propext,
 Classical.choice,
 Quot.sound]
'SafeLearning.CompleteFoundationsExtrema.actual_bilinear_minimax_values' depends on axioms: [propext,
 Classical.choice,
 Quot.sound]
'SafeLearning.CompleteFoundationsFeatures.feature_evaluation' depends on axioms: [propext, Classical.choice, Quot.sound]
'SafeLearning.CompleteFoundationsFeatures.gram_coefficient_evaluation' depends on axioms: [propext,
 Classical.choice,
 Quot.sound]
'SafeLearning.CompleteFoundationsFeatures.feature_norm_quadratic' depends on axioms: [propext,
 Classical.choice,
 Quot.sound]
'SafeLearning.CompleteFoundationsFeatures.feature_gram_psd' depends on axioms: [propext, Classical.choice, Quot.sound]
'SafeLearning.CompleteFoundationsFeatures.feature_null_quadratic_iff' depends on axioms: [propext,
 Classical.choice,
 Quot.sound]
'SafeLearning.CompleteFoundationsFeatures.reproducing_evaluation_bound' depends on axioms: [propext,
 Classical.choice,
 Quot.sound]
'SafeLearning.CompleteFoundationsFeatures.interpolant_orthogonal_residual' depends on axioms: [propext,
 Classical.choice,
 Quot.sound]
'SafeLearning.CompleteFoundationsFeatures.minimum_norm_interpolant' depends on axioms: [propext,
 Classical.choice,
 Quot.sound]
'SafeLearning.CompleteFoundationsFeatures.invertible_gram_interpolant' depends on axioms: [propext,
 Classical.choice,
 Quot.sound]
'SafeLearning.CompleteFoundationsFeatures.interpolant_norm_data_identity' depends on axioms: [propext,
 Classical.choice,
 Quot.sound]
'SafeLearning.CompleteFoundationsFinite.finite_orbit_collision' depends on axioms: [propext,
 Classical.choice,
 Quot.sound]
'SafeLearning.CompleteFoundationsFinite.orbit_reduce_at_collision' depends on axioms: [propext, Quot.sound]
'SafeLearning.CompleteFoundationsFinite.finite_orbit_early_occurrence' depends on axioms: [propext,
 Classical.choice,
 Quot.sound]
'SafeLearning.CompleteFoundationsFinite.finite_state_check_all_time' depends on axioms: [propext,
 Classical.choice,
 Quot.sound]
'SafeLearning.CompleteFoundationsFinite.four_state_first_five' depends on axioms: [propext]
'SafeLearning.CompleteFoundationsFinite.four_state_never_failure' depends on axioms: [propext,
 Classical.choice,
 Quot.sound]
'SafeLearning.CompleteFoundationsFinite.changing_rule_counterexample' depends on axioms: [propext, Quot.sound]
'SafeLearning.CompleteFoundationsFinite.increasing_cardinality_budget' depends on axioms: [propext,
 Classical.choice,
 Quot.sound]
'SafeLearning.CompleteFoundationsFunctionExamples.projection_integrals' depends on axioms: [propext,
 Classical.choice,
 Quot.sound]
'SafeLearning.CompleteFoundationsFunctionExamples.constant_projection_characterization' depends on axioms: [propext,
 Classical.choice,
 Quot.sound]
'SafeLearning.CompleteFoundationsFunctionExamples.projection_norms' depends on axioms: [propext,
 Classical.choice,
 Quot.sound]
'SafeLearning.CompleteFoundationsFunctionExamples.polynomial_l2_norm' depends on axioms: [propext,
 Classical.choice,
 Quot.sound]
'SafeLearning.CompleteFoundationsFunctionExamples.affine_feature_kernel' depends on axioms: [propext,
 Classical.choice,
 Quot.sound]
'SafeLearning.CompleteFoundationsFunctionExamples.affine_gram_quadratic' depends on axioms: [propext,
 Classical.choice,
 Quot.sound]
'SafeLearning.CompleteFoundationsFunctionExamples.affine_gram_pd' depends on axioms: [propext,
 Classical.choice,
 Quot.sound]
'SafeLearning.CompleteFoundationsFunctionExamples.affine_gram_inverse' depends on axioms: [propext,
 Classical.choice,
 Quot.sound]
'SafeLearning.CompleteFoundationsFunctionExamples.affine_interpolation_unique' depends on axioms: [propext,
 Classical.choice,
 Quot.sound]
'SafeLearning.CompleteFoundationsFunctionExamples.affine_interpolation_norm' depends on axioms: [propext,
 Classical.choice,
 Quot.sound]
'SafeLearning.CompleteFoundationsFunctionExamples.affine_representer' depends on axioms: [propext,
 Classical.choice,
 Quot.sound]
'SafeLearning.CompleteFoundationsFunctionExamples.affine_reproducing_bound' depends on axioms: [propext,
 Classical.choice,
 Quot.sound]
'SafeLearning.CompleteFoundationsFunctionExamples.affine_not_uniformly_bounded' depends on axioms: [propext,
 Classical.choice,
 Quot.sound]
'SafeLearning.CompleteFoundationsFunctionExamples.affine_compact_uniform_bound' depends on axioms: [propext,
 Classical.choice,
 Quot.sound]
'SafeLearning.CompleteFoundationsFunctionExamples.polynomial_feature_kernel' depends on axioms: [propext,
 Classical.choice,
 Quot.sound]
'SafeLearning.CompleteFoundationsFunctionExamples.riesz_representation' depends on axioms: [propext,
 Classical.choice,
 Quot.sound]
'SafeLearning.CompleteFoundationsGeometry.cauchy_schwarz_general' depends on axioms: [propext,
 Classical.choice,
 Quot.sound]
'SafeLearning.CompleteFoundationsGeometry.cauchy_schwarz_equality' depends on axioms: [propext,
 Classical.choice,
 Quot.sound]
'SafeLearning.CompleteFoundationsGeometry.cauchy_schwarz_equality_including_zero' depends on axioms: [propext,
 Classical.choice,
 Quot.sound]
'SafeLearning.CompleteFoundationsGeometry.inner_product_quadratic_expansion' depends on axioms: [propext,
 Classical.choice,
 Quot.sound]
'SafeLearning.CompleteFoundationsGeometry.linear_ball_upper_bound' depends on axioms: [propext,
 Classical.choice,
 Quot.sound]
'SafeLearning.CompleteFoundationsGeometry.linear_ball_attainment' depends on axioms: [propext,
 Classical.choice,
 Quot.sound]
'SafeLearning.CompleteFoundationsGeometry.scalar_young_absolute' depends on axioms: [propext,
 Classical.choice,
 Quot.sound]
'SafeLearning.CompleteFoundationsGeometry.am_gm_sqrt' depends on axioms: [propext, Classical.choice, Quot.sound]
'SafeLearning.CompleteFoundationsGeometry.reciprocal_am_gm' depends on axioms: [propext, Classical.choice, Quot.sound]
'SafeLearning.CompleteFoundationsGeometry.reverse_triangle_general' depends on axioms: [propext,
 Classical.choice,
 Quot.sound]
'SafeLearning.CompleteFoundationsGeometry.norm_vanishes_iff' depends on axioms: [propext, Classical.choice, Quot.sound]
'SafeLearning.CompleteFoundationsGeometry.norm_scale' depends on axioms: [propext, Classical.choice, Quot.sound]
'SafeLearning.CompleteFoundationsGeometry.norm_triangle' depends on axioms: [propext, Classical.choice, Quot.sound]
'SafeLearning.CompleteFoundationsGeometry.operator_norm_bound' depends on axioms: [propext,
 Classical.choice,
 Quot.sound]
'SafeLearning.CompleteFoundationsGeometry.operator_norm_is_least' depends on axioms: [propext,
 Classical.choice,
 Quot.sound]
'SafeLearning.CompleteFoundationsGeometry.operator_product_bound' depends on axioms: [propext,
 Classical.choice,
 Quot.sound]
'SafeLearning.CompleteFoundationsGeometry.linear_map_lipschitz' depends on axioms: [propext,
 Classical.choice,
 Quot.sound]
'SafeLearning.CompleteFoundationsGeometry.positive_lipschitz_certified_ball' depends on axioms: [propext,
 Classical.choice,
 Quot.sound]
'SafeLearning.CompleteFoundationsGeometry.symmetric_orthonormal_eigenbasis' depends on axioms: [propext,
 Classical.choice,
 Quot.sound]
'SafeLearning.CompleteFoundationsGeometry.symmetric_spectral_decomposition' depends on axioms: [propext,
 Classical.choice,
 Quot.sound]
'SafeLearning.CompleteFoundationsGeometry.symmetric_psd_eigenvalues' depends on axioms: [propext,
 Classical.choice,
 Quot.sound]
'SafeLearning.CompleteFoundationsGeometry.symmetric_pd_eigenvalues' depends on axioms: [propext,
 Classical.choice,
 Quot.sound]
'SafeLearning.CompleteFoundationsGeometry.determinant_eigenvalue_product' depends on axioms: [propext,
 Classical.choice,
 Quot.sound]
'SafeLearning.CompleteFoundationsGeometry.trace_eigenvalue_sum' depends on axioms: [propext,
 Classical.choice,
 Quot.sound]
'SafeLearning.CompleteFoundationsGeometry.positive_definite_inverse' depends on axioms: [propext,
 Classical.choice,
 Quot.sound]
'SafeLearning.CompleteFoundationsGeometry.positive_definite_determinant' depends on axioms: [propext,
 Classical.choice,
 Quot.sound]
'SafeLearning.CompleteFoundationsGeometry.neumann_series_general' depends on axioms: [propext,
 Classical.choice,
 Quot.sound]
'SafeLearning.CompleteFoundationsGeometry.frobenius_submultiplicativity' depends on axioms: [propext,
 Classical.choice,
 Quot.sound]
'SafeLearning.CompleteFoundationsGeometry.frobenius_norm_formula' depends on axioms: [propext,
 Classical.choice,
 Quot.sound]
'SafeLearning.CompleteFoundationsGeometry.lipschitz_composition_general' depends on axioms: [propext,
 Classical.choice,
 Quot.sound]
'SafeLearning.CompleteFoundationsGramRegularization.self_dot_euclidean_norm_squared' depends on axioms: [propext,
 Classical.choice,
 Quot.sound]
'SafeLearning.CompleteFoundationsGramRegularization.gram_actual_quadratic_norm' depends on axioms: [propext,
 Classical.choice,
 Quot.sound]
'SafeLearning.CompleteFoundationsGramRegularization.positive_regularization_pd' depends on axioms: [propext,
 Classical.choice,
 Quot.sound]
'SafeLearning.CompleteFoundationsGramRegularization.positive_regularization_is_invertible' depends on axioms: [propext,
 Classical.choice,
 Quot.sound]
'SafeLearning.CompleteFoundationsGramRegularization.regularized_gram_exact_quadratic' depends on axioms: [propext,
 Classical.choice,
 Quot.sound]
'SafeLearning.CompleteFoundationsGramRegularization.regularized_gram_strict_quad_and_invertible' depends on axioms: [propext,
 Classical.choice,
 Quot.sound]
'SafeLearning.CompleteFoundationsGramRegularization.actual_regularized_l1_certificate' depends on axioms: [propext,
 Classical.choice,
 Quot.sound]
'SafeLearning.CompleteFoundationsGramRegularization.outer_actual_action' depends on axioms: [propext,
 Classical.choice,
 Quot.sound]
'SafeLearning.CompleteFoundationsGramRegularization.outer_psd' depends on axioms: [propext,
 Classical.choice,
 Quot.sound]
'SafeLearning.CompleteFoundationsGramRegularization.outer_actual_quadratic' depends on axioms: [propext,
 Classical.choice,
 Quot.sound]
'SafeLearning.CompleteFoundationsGramRegularization.outer_zero' depends on axioms: [propext,
 Classical.choice,
 Quot.sound]
'SafeLearning.CompleteFoundationsGramRegularization.outer_actual_rank' depends on axioms: [propext,
 Classical.choice,
 Quot.sound]
'SafeLearning.CompleteFoundationsGramRegularization.outer_eigen_direction' depends on axioms: [propext,
 Classical.choice,
 Quot.sound]
'SafeLearning.CompleteFoundationsGramRegularization.outer_orthogonal_directions' depends on axioms: [propext,
 Classical.choice,
 Quot.sound]
'SafeLearning.CompleteFoundationsGramRegularization.outer_psd_increase' depends on axioms: [propext,
 Classical.choice,
 Quot.sound]
'SafeLearning.CompleteFoundationsGridExamples.fine_grid_covers' depends on axioms: [propext,
 Classical.choice,
 Quot.sound]
'SafeLearning.CompleteFoundationsGridExamples.coarse_grid_covers' depends on axioms: [propext,
 Classical.choice,
 Quot.sound]
'SafeLearning.CompleteFoundationsGridExamples.fine_grid_inside' depends on axioms: [propext,
 Classical.choice,
 Quot.sound]
'SafeLearning.CompleteFoundationsGridExamples.coarse_grid_inside' depends on axioms: [propext,
 Classical.choice,
 Quot.sound]
'SafeLearning.CompleteFoundationsGridExamples.exact_fine_grid_margin' depends on axioms: [propext,
 Classical.choice,
 Quot.sound]
'SafeLearning.CompleteFoundationsGridExamples.exact_coarse_grid_margin' depends on axioms: [propext,
 Classical.choice,
 Quot.sound]
'SafeLearning.CompleteFoundationsGridExamples.coarse_grid_midpoint_distance' depends on axioms: [propext,
 Classical.choice,
 Quot.sound]
'SafeLearning.CompleteFoundationsGridExamples.fine_grid_midpoint_distance' depends on axioms: [propext,
 Classical.choice,
 Quot.sound]
'SafeLearning.CompleteFoundationsGridExamples.coarse_counterexample_lipschitz' depends on axioms: [propext,
 Classical.choice,
 Quot.sound]
'SafeLearning.CompleteFoundationsGridExamples.coarse_counterexample_samples' depends on axioms: [propext,
 Classical.choice,
 Quot.sound]
'SafeLearning.CompleteFoundationsGridExamples.coarse_counterexample_failure' depends on axioms: [propext,
 Classical.choice,
 Quot.sound]
'SafeLearning.CompleteFoundationsGridExamples.reciprocal_budget_iff' depends on axioms: [propext,
 Classical.choice,
 Quot.sound]
'SafeLearning.CompleteFoundationsGridExamples.square_root_budget_iff' depends on axioms: [propext,
 Classical.choice,
 Quot.sound]
'SafeLearning.CompleteFoundationsGridExamples.exact_budget_comparison' depends on axioms: [propext]
'SafeLearning.CompleteFoundationsGridExamples.geometric_accuracy_log_iff' depends on axioms: [propext,
 Classical.choice,
 Quot.sound]
'SafeLearning.CompleteFoundationsLimits.half_open_interval_extrema' depends on axioms: [propext,
 Classical.choice,
 Quot.sound]
'SafeLearning.CompleteFoundationsLimits.approaching_one_extrema' depends on axioms: [propext,
 Classical.choice,
 Quot.sound]
'SafeLearning.CompleteFoundationsLimits.open_interval_sup_and_no_argmax' depends on axioms: [propext,
 Classical.choice,
 Quot.sound]
'SafeLearning.CompleteFoundationsLimits.square_closed_interval_argmax' depends on axioms: [propext,
 Classical.choice,
 Quot.sound]
'SafeLearning.CompleteFoundationsLimits.half_open_square_no_minimum' depends on axioms: [propext,
 Classical.choice,
 Quot.sound]
'SafeLearning.CompleteFoundationsLimits.square_unique_minimum_on_real' depends on axioms: [propext,
 Classical.choice,
 Quot.sound]
'SafeLearning.CompleteFoundationsLimits.half_open_interval_topology' depends on axioms: [propext,
 Classical.choice,
 Quot.sound]
'SafeLearning.CompleteFoundationsLimits.reciprocal_sequence_limit' depends on axioms: [propext,
 Classical.choice,
 Quot.sound]
'SafeLearning.CompleteFoundationsLimits.affine_error_bound_limit' depends on axioms: [propext,
 Classical.choice,
 Quot.sound]
'SafeLearning.CompleteFoundationsLimits.polynomial_ratio_limit' depends on axioms: [propext,
 Classical.choice,
 Quot.sound]
'SafeLearning.CompleteFoundationsLimits.average_log_sqrt_limit' depends on axioms: [propext,
 Classical.choice,
 Quot.sound]
'SafeLearning.CompleteFoundationsLimits.bounded_average_regret_converges' depends on axioms: [propext,
 Classical.choice,
 Quot.sound]
'SafeLearning.CompleteFoundationsLimits.log_sqrt_product_counterexample' depends on axioms: [propext,
 Classical.choice,
 Quot.sound]
'SafeLearning.CompleteFoundationsLimits.sqrt_sublinear' depends on axioms: [propext, Classical.choice, Quot.sound]
'SafeLearning.CompleteFoundationsLipschitzCalculus.derivative_bound_iff_lipschitz' depends on axioms: [propext,
 Classical.choice,
 Quot.sound]
'SafeLearning.CompleteFoundationsLipschitzCalculus.c1_locally_lipschitz' depends on axioms: [propext,
 Classical.choice,
 Quot.sound]
'SafeLearning.CompleteFoundationsLipschitzCalculus.absolute_and_sine_lipschitz' depends on axioms: [propext,
 Classical.choice,
 Quot.sound]
'SafeLearning.CompleteFoundationsLipschitzCalculus.square_lipschitz_on_radius' depends on axioms: [propext,
 Classical.choice,
 Quot.sound]
'SafeLearning.CompleteFoundationsLipschitzCalculus.square_interval_sharp' depends on axioms: [propext,
 Classical.choice,
 Quot.sound]
'SafeLearning.CompleteFoundationsLipschitzCalculus.square_not_globally_lipschitz' depends on axioms: [propext,
 Classical.choice,
 Quot.sound]
'SafeLearning.CompleteFoundationsLipschitzCalculus.square_gradient_smooth' depends on axioms: [propext,
 Classical.choice,
 Quot.sound]
'SafeLearning.CompleteFoundationsLipschitzCalculus.square_gradient_constant_sharp' depends on axioms: [propext,
 Classical.choice,
 Quot.sound]
'SafeLearning.CompleteFoundationsLipschitzCalculus.square_locally_lipschitz' depends on axioms: [propext,
 Classical.choice,
 Quot.sound]
'SafeLearning.CompleteFoundationsLipschitzCalculus.step_not_continuous_at_zero' depends on axioms: [propext,
 Classical.choice,
 Quot.sound]
'SafeLearning.CompleteFoundationsLipschitzCalculus.sqrt_not_lipschitz_on_unit' depends on axioms: [propext,
 Classical.choice,
 Quot.sound]
'SafeLearning.CompleteFoundationsLipschitzCalculus.square_root_continuous_but_not_lipschitz' depends on axioms: [propext,
 Classical.choice,
 Quot.sound]
'SafeLearning.CompleteFoundationsLipschitzCalculus.real_lipschitz_chord_and_continuity' depends on axioms: [propext,
 Classical.choice,
 Quot.sound]
'SafeLearning.CompleteFoundationsLipschitzCalculus.composition_lipschitz' depends on axioms: [propext,
 Classical.choice,
 Quot.sound]
'SafeLearning.CompleteFoundationsLipschitzCalculus.two_argument_lipschitz' depends on axioms: [propext,
 Classical.choice,
 Quot.sound]
'SafeLearning.CompleteFoundationsLipschitzCalculus.sum_lipschitz' depends on axioms: [propext,
 Classical.choice,
 Quot.sound]
'SafeLearning.CompleteFoundationsLipschitzCalculus.scaled_lipschitz' depends on axioms: [propext,
 Classical.choice,
 Quot.sound]
'SafeLearning.CompleteFoundationsLipschitzCalculus.bounded_product_lipschitz' depends on axioms: [propext,
 Classical.choice,
 Quot.sound]
'SafeLearning.CompleteFoundationsLipschitzCalculus.reciprocal_lipschitz' depends on axioms: [propext,
 Classical.choice,
 Quot.sound]
'SafeLearning.CompleteFoundationsLipschitzCalculus.uniformly_close_infima' depends on axioms: [propext,
 Classical.choice,
 Quot.sound]
'SafeLearning.CompleteFoundationsLipschitzCalculus.infima_difference_le_sup' depends on axioms: [propext,
 Classical.choice,
 Quot.sound]
'SafeLearning.CompleteFoundationsLipschitzCalculus.nonexpansive_iterate' depends on axioms: [propext,
 Classical.choice,
 Quot.sound]
'SafeLearning.CompleteFoundationsLipschitzCalculus.nonexpansive_scalar_euler_iff' depends on axioms: [propext,
 Classical.choice,
 Quot.sound]
'SafeLearning.CompleteFoundationsLipschitzCalculus.nonexpansive_trajectory_margin_lipschitz' depends on axioms: [propext,
 Classical.choice,
 Quot.sound]
'SafeLearning.CompleteFoundationsLipschitzCalculus.scalar_quadratic_derivative' depends on axioms: [propext,
 Classical.choice,
 Quot.sound]
'SafeLearning.CompleteFoundationsLipschitzCalculus.scalar_gradient_general_iteration' depends on axioms: [propext,
 Classical.choice,
 Quot.sound]
'SafeLearning.CompleteFoundationsLipschitzCalculus.scalar_gradient_general_converges_iff' depends on axioms: [propext,
 Classical.choice,
 Quot.sound]
'SafeLearning.CompleteFoundationsLipschitzCalculus.scalar_gradient_zero_start' depends on axioms: [propext,
 Classical.choice,
 Quot.sound]
'SafeLearning.CompleteFoundationsLipschitzCalculus.scalar_gradient_zero_converges' depends on axioms: [propext,
 Classical.choice,
 Quot.sound]
'SafeLearning.CompleteFoundationsLogBacktracking.actual_derivative' depends on axioms: [propext,
 Classical.choice,
 Quot.sound]
'SafeLearning.CompleteFoundationsLogBacktracking.derivative_identification' depends on axioms: [propext,
 Classical.choice,
 Quot.sound]
'SafeLearning.CompleteFoundationsLogBacktracking.actual_second_derivative' depends on axioms: [propext,
 Classical.choice,
 Quot.sound]
'SafeLearning.CompleteFoundationsLogBacktracking.second_derivative_identification' depends on axioms: [propext,
 Classical.choice,
 Quot.sound]
'SafeLearning.CompleteFoundationsLogBacktracking.positive_hessian' depends on axioms: [propext,
 Classical.choice,
 Quot.sound]
'SafeLearning.CompleteFoundationsLogBacktracking.unique_global_minimum' depends on axioms: [propext,
 Classical.choice,
 Quot.sound]
'SafeLearning.CompleteFoundationsLogBacktracking.newton_direction_formula' depends on axioms: [propext,
 Classical.choice,
 Quot.sound]
'SafeLearning.CompleteFoundationsLogBacktracking.newton_equation' depends on axioms: [propext,
 Classical.choice,
 Quot.sound]
'SafeLearning.CompleteFoundationsLogBacktracking.actual_descent_direction' depends on axioms: [propext,
 Classical.choice,
 Quot.sound]
'SafeLearning.CompleteFoundationsLogBacktracking.source_four_numerics' depends on axioms: [propext,
 Classical.choice,
 Quot.sound]
'SafeLearning.CompleteFoundationsLogBacktracking.log_four_bounds' depends on axioms: [propext,
 Classical.choice,
 Quot.sound]
'SafeLearning.CompleteFoundationsLogBacktracking.source_armijo_decimal' depends on axioms: [propext,
 Classical.choice,
 Quot.sound]
'SafeLearning.CompleteFoundationsLogBacktracking.source_quarter_step_accepted' depends on axioms: [propext,
 Classical.choice,
 Quot.sound]
'SafeLearning.CompleteFoundationsLogBacktracking.source_larger_steps_rejected' depends on axioms: [propext,
 Classical.choice,
 Quot.sound]
'SafeLearning.CompleteFoundationsLogBacktracking.source_first_accepted_backtracking_index' depends on axioms: [propext,
 Classical.choice,
 Quot.sound]
'SafeLearning.CompleteFoundationsLogBacktracking.source_accepted_step_is_global_optimum' depends on axioms: [propext,
 Classical.choice,
 Quot.sound]
'SafeLearning.CompleteFoundationsLogBacktracking.full_newton_step_formula' depends on axioms: [propext,
 Classical.choice,
 Quot.sound]
'SafeLearning.CompleteFoundationsLogBacktracking.source_half_initial_iterations' depends on axioms: [propext,
 Classical.choice,
 Quot.sound]
'SafeLearning.CompleteFoundationsLogBacktracking.full_step_preserves_half_open_unit_interval' depends on axioms: [propext,
 Classical.choice,
 Quot.sound]
'SafeLearning.CompleteFoundationsLogBacktracking.source_half_iteration_in_domain' depends on axioms: [propext,
 Classical.choice,
 Quot.sound]
'SafeLearning.CompleteFoundationsLogBacktracking.source_half_error_closed_form' depends on axioms: [propext,
 Classical.choice,
 Quot.sound]
'SafeLearning.CompleteFoundationsLogBacktracking.source_half_iteration_converges' depends on axioms: [propext,
 Classical.choice,
 Quot.sound]
'SafeLearning.CompleteFoundationsLogBacktracking.source_three_domain_checks' depends on axioms: [propext,
 Classical.choice,
 Quot.sound]
'SafeLearning.CompleteFoundationsLogBacktracking.log_three_bounds' depends on axioms: [propext,
 Classical.choice,
 Quot.sound]
'SafeLearning.CompleteFoundationsLogBacktracking.source_three_quarter_accepted_and_decimals' depends on axioms: [propext,
 Classical.choice,
 Quot.sound]
'SafeLearning.CompleteFoundationsLogic.negations_instantiated' depends on axioms: [propext,
 Classical.choice,
 Quot.sound]
'SafeLearning.CompleteFoundationsLogic.finite_set_membership_inclusion' depends on axioms: [propext,
 Classical.choice,
 Quot.sound]
'SafeLearning.CompleteFoundationsLogic.shrinking_interval_union' depends on axioms: [propext,
 Classical.choice,
 Quot.sound]
'SafeLearning.CompleteFoundationsLogic.shrinking_interval_intersection' depends on axioms: [propext,
 Classical.choice,
 Quot.sound]
'SafeLearning.CompleteFoundationsLogic.interval_deMorgan' depends on axioms: [propext, Classical.choice, Quot.sound]
'SafeLearning.CompleteFoundationsLogic.finite_square_image' depends on axioms: [propext, Classical.choice, Quot.sound]
'SafeLearning.CompleteFoundationsLogic.composition_examples' depends on axioms: [propext, Classical.choice, Quot.sound]
'SafeLearning.CompleteFoundationsLogic.square_interval_image' depends on axioms: [propext, Classical.choice, Quot.sound]
'SafeLearning.CompleteFoundationsLogic.square_interval_preimage' depends on axioms: [propext,
 Classical.choice,
 Quot.sound]
'SafeLearning.CompleteFoundationsLogic.negative_square_preimage' depends on axioms: [propext,
 Classical.choice,
 Quot.sound]
'SafeLearning.CompleteFoundationsLogic.square_to_nonnegative_classification' depends on axioms: [propext,
 Classical.choice,
 Quot.sound]
'SafeLearning.CompleteFoundationsLogic.square_from_nonnegative_classification' depends on axioms: [propext,
 Classical.choice,
 Quot.sound]
'SafeLearning.CompleteFoundationsLogic.nonnegative_square_inverse' depends on axioms: [propext,
 Classical.choice,
 Quot.sound]
'SafeLearning.CompleteFoundationsLogic.affine_iterated_error' depends on axioms: [propext, Classical.choice, Quot.sound]
'SafeLearning.CompleteFoundationsLogic.quarter_iteration_error' depends on axioms: [propext,
 Classical.choice,
 Quot.sound]
'SafeLearning.CompleteFoundationsLogic.alternating_iteration_error' depends on axioms: [propext,
 Classical.choice,
 Quot.sound]
'SafeLearning.CompleteFoundationsLogic.alternating_iteration_minimal' depends on axioms: [propext,
 Classical.choice,
 Quot.sound]
'SafeLearning.CompleteFoundationsLogic.half_open_contraction_counterexample' depends on axioms: [propext,
 Classical.choice,
 Quot.sound]
'SafeLearning.CompleteFoundationsLogic.selfmap_counterexample' depends on axioms: [propext,
 Classical.choice,
 Quot.sound]
'SafeLearning.CompleteFoundationsLogic.strict_contraction_counterexample' depends on axioms: [propext,
 Classical.choice,
 Quot.sound]
'SafeLearning.CompleteFoundationsLogic.fixedpoint_uniqueness_does_not_supply_existence' depends on axioms: [propext,
 Classical.choice,
 Quot.sound]
'SafeLearning.CompleteFoundationsLogic.missing_endpoint_contraction' depends on axioms: [propext,
 Classical.choice,
 Quot.sound]
'SafeLearning.CompleteFoundationsLogic.invariant_and_rate_from_local_hypothesis' depends on axioms: [propext,
 Classical.choice,
 Quot.sound]
'SafeLearning.CompleteFoundationsLogic.alternating_unit_sequence_not_convergent' depends on axioms: [propext,
 Classical.choice,
 Quot.sound]
'SafeLearning.CompleteFoundationsLogic.geometric_invariant_rate' depends on axioms: [propext,
 Classical.choice,
 Quot.sound]
'SafeLearning.CompleteFoundationsLogic.telescoping_energy_budget' depends on axioms: [propext,
 Classical.choice,
 Quot.sound]
'SafeLearning.CompleteFoundationsLogic.telescoping_summability' depends on axioms: [propext,
 Classical.choice,
 Quot.sound]
'SafeLearning.CompleteFoundationsLogic.telescoping_state_convergence' depends on axioms: [propext,
 Classical.choice,
 Quot.sound]
'SafeLearning.CompleteFoundationsLogic.excursion_budget_finite' depends on axioms: [propext,
 Classical.choice,
 Quot.sound]
'SafeLearning.CompleteFoundationsLogic.arbitrarily_late_excursion' depends on axioms: [propext,
 Classical.choice,
 Quot.sound]
'SafeLearning.CompleteFoundationsMatrixNormModels.small_matrix_l1_apply' depends on axioms: [propext,
 Classical.choice,
 Quot.sound]
'SafeLearning.CompleteFoundationsMatrixNormModels.small_matrix_l1_norm' depends on axioms: [propext,
 Classical.choice,
 Quot.sound]
'SafeLearning.CompleteFoundationsMatrixNormModels.small_matrix_l1_attainment' depends on axioms: [propext,
 Classical.choice,
 Quot.sound]
'SafeLearning.CompleteFoundationsMatrixNormModels.two_coordinate_supnorm' depends on axioms: [propext,
 Classical.choice,
 Quot.sound]
'SafeLearning.CompleteFoundationsMatrixNormModels.diagonal_two_spectral_norm' depends on axioms: [propext,
 Classical.choice,
 Quot.sound]
'SafeLearning.CompleteFoundationsMatrixNormModels.stretch_individual_norms' depends on axioms: [propext,
 Classical.choice,
 Quot.sound]
'SafeLearning.CompleteFoundationsMatrixNormModels.actual_stretch_product' depends on axioms: [propext,
 Classical.choice,
 Quot.sound]
'SafeLearning.CompleteFoundationsMatrixNormModels.stretch_product_norm_and_bound' depends on axioms: [propext,
 Classical.choice,
 Quot.sound]
'SafeLearning.CompleteFoundationsMatrixNormModels.stretch_product_every_vector' depends on axioms: [propext,
 Classical.choice,
 Quot.sound]
'SafeLearning.CompleteFoundationsMatrixNormModels.individual_stretch_directions' depends on axioms: [propext,
 Classical.choice,
 Quot.sound]
'SafeLearning.CompleteFoundationsMatrixNormModels.actual_tail_inverse' depends on axioms: [propext,
 Classical.choice,
 Quot.sound]
'SafeLearning.CompleteFoundationsMatrixNormModels.actual_tail_matrix' depends on axioms: [propext,
 Classical.choice,
 Quot.sound]
'SafeLearning.CompleteFoundationsMatrixNormModels.first_tail_coordinate_dominates' depends on axioms: [propext,
 Classical.choice,
 Quot.sound]
'SafeLearning.CompleteFoundationsMatrixNormModels.exact_spectral_tail_norm' depends on axioms: [propext,
 Classical.choice,
 Quot.sound]
'SafeLearning.CompleteFoundationsMatrixNormModels.spectral_tail_integer_power' depends on axioms: [propext,
 Classical.choice,
 Quot.sound]
'SafeLearning.CompleteFoundationsMatrixNormModels.exact_tail_threshold' depends on axioms: [propext,
 Classical.choice,
 Quot.sound]
'SafeLearning.CompleteFoundationsMatrixNormModels.tail_source_numbers_and_neumann_hypothesis' depends on axioms: [propext,
 Classical.choice,
 Quot.sound]
'SafeLearning.CompleteFoundationsMatrixNormModels.small_matrix_entry_sums' depends on axioms: [propext,
 Classical.choice,
 Quot.sound]
'SafeLearning.CompleteFoundationsMatrixNormModels.source_tail_ratio' depends on axioms: [propext,
 Classical.choice,
 Quot.sound]
'SafeLearning.CompleteFoundationsMatrixNormModels.first_basis_attains_tail' depends on axioms: [propext,
 Classical.choice,
 Quot.sound]
'SafeLearning.CompleteFoundationsMatrixNormModels.eight_term_indices' depends on axioms: [propext,
 Classical.choice,
 Quot.sound]
'SafeLearning.CompleteFoundationsMatrixNormModels.small_matrix_infinity_norm' depends on axioms: [propext,
 Classical.choice,
 Quot.sound]
'SafeLearning.CompleteFoundationsMatrixNormModels.small_matrix_frobenius_norm' depends on axioms: [propext,
 Classical.choice,
 Quot.sound]
'SafeLearning.CompleteFoundationsModelErrors.error_envelope_step' depends on axioms: [propext,
 Classical.choice,
 Quot.sound]
'SafeLearning.CompleteFoundationsModelErrors.recurrence_envelope' depends on axioms: [propext,
 Classical.choice,
 Quot.sound]
'SafeLearning.CompleteFoundationsModelErrors.envelope_geometric_form' depends on axioms: [propext,
 Classical.choice,
 Quot.sound]
'SafeLearning.CompleteFoundationsModelErrors.envelope_unit_factor' depends on axioms: [propext,
 Classical.choice,
 Quot.sound]
'SafeLearning.CompleteFoundationsModelErrors.model_distance_recurrence' depends on axioms: [propext,
 Classical.choice,
 Quot.sound]
'SafeLearning.CompleteFoundationsModelErrors.model_distance_envelope' depends on axioms: [propext,
 Classical.choice,
 Quot.sound]
'SafeLearning.CompleteFoundationsModelErrors.affine_iterations' depends on axioms: [propext,
 Classical.choice,
 Quot.sound]
'SafeLearning.CompleteFoundationsModelErrors.zero_predictor_iterations' depends on axioms: [propext,
 Classical.choice,
 Quot.sound]
'SafeLearning.CompleteFoundationsModelErrors.nonnegative_error_envelope' depends on axioms: [propext,
 Classical.choice,
 Quot.sound]
'SafeLearning.CompleteFoundationsModelErrors.actual_affine_model_attains_bound' depends on axioms: [propext,
 Classical.choice,
 Quot.sound]
'SafeLearning.CompleteFoundationsModelErrors.affine_model_one_step_error' depends on axioms: [propext,
 Classical.choice,
 Quot.sound]
'SafeLearning.CompleteFoundationsModelErrors.affine_model_lipschitz' depends on axioms: [propext,
 Classical.choice,
 Quot.sound]
'SafeLearning.CompleteFoundationsModelErrors.exact_source_error_envelope' depends on axioms: [propext,
 Classical.choice,
 Quot.sound]
'SafeLearning.CompleteFoundationsModelErrors.source_error_numbers' depends on axioms: [propext,
 Classical.choice,
 Quot.sound]
'SafeLearning.CompleteFoundationsModelErrors.source_true_margin_bounds' depends on axioms: [propext,
 Classical.choice,
 Quot.sound]
'SafeLearning.CompleteFoundationsModelErrors.source_bounds_nonnegative' depends on axioms: [propext,
 Classical.choice,
 Quot.sound]
'SafeLearning.CompleteFoundationsModelErrors.source_teaching_ten_step_bound' depends on axioms: [propext,
 Classical.choice,
 Quot.sound]
'SafeLearning.CompleteFoundationsOptimization.quadratic_frechet_derivative' depends on axioms: [propext,
 Classical.choice,
 Quot.sound]
'SafeLearning.CompleteFoundationsOptimization.exp_quadratic_frechet_derivative' depends on axioms: [propext,
 Classical.choice,
 Quot.sound]
'SafeLearning.CompleteFoundationsOptimization.legacy_exp_frechet_derivative' depends on axioms: [propext,
 Classical.choice,
 Quot.sound]
'SafeLearning.CompleteFoundationsOptimization.least_squares_frechet_derivative' depends on axioms: [propext,
 Classical.choice,
 Quot.sound]
'SafeLearning.CompleteFoundationsOptimization.quadratic_hessian_partials' depends on axioms: [propext,
 Classical.choice,
 Quot.sound]
'SafeLearning.CompleteFoundationsOptimization.derivative_numerical_values' depends on axioms: [propext,
 Classical.choice,
 Quot.sound]
'SafeLearning.CompleteFoundationsOptimization.quadratic_vertical_remainder' depends on axioms: [propext,
 Classical.choice,
 Quot.sound]
'SafeLearning.CompleteFoundationsOptimization.parameter_quadratic_psd' depends on axioms: [propext,
 Classical.choice,
 Quot.sound]
'SafeLearning.CompleteFoundationsOptimization.parameter_quadratic_convex_iff' depends on axioms: [propext,
 Classical.choice,
 Quot.sound]
'SafeLearning.CompleteFoundationsOptimization.parameter_strict_curvature_iff' depends on axioms: [propext,
 Classical.choice,
 Quot.sound]
'SafeLearning.CompleteFoundationsOptimization.restricted_square_conjugate_supremum' depends on axioms: [propext,
 Classical.choice,
 Quot.sound]
'SafeLearning.CompleteFoundationsOptimization.translated_square_conjugate_supremum' depends on axioms: [propext,
 Classical.choice,
 Quot.sound]
'SafeLearning.CompleteFoundationsOptimization.constrained_scalar_unique' depends on axioms: [propext,
 Classical.choice,
 Quot.sound]
'SafeLearning.CompleteFoundationsOptimization.scalar_kkt_certificates' depends on axioms: [propext,
 Classical.choice,
 Quot.sound]
'SafeLearning.CompleteFoundationsOptimization.halfspace_unique_optimum' depends on axioms: [propext,
 Classical.choice,
 Quot.sound]
'SafeLearning.CompleteFoundationsOptimization.halfspace_kkt_certificate' depends on axioms: [propext,
 Classical.choice,
 Quot.sound]
'SafeLearning.CompleteFoundationsOptimization.penalty_unique_optimum' depends on axioms: [propext,
 Classical.choice,
 Quot.sound]
'SafeLearning.CompleteFoundationsOptimization.approximate_kkt_minimal_tolerance' depends on axioms: [propext,
 Classical.choice,
 Quot.sound]
'SafeLearning.CompleteFoundationsOptimization.qp_unique_optimum' depends on axioms: [propext,
 Classical.choice,
 Quot.sound]
'SafeLearning.CompleteFoundationsOptimization.finite_controller_margins' depends on axioms: [propext,
 Classical.choice,
 Quot.sound]
'SafeLearning.CompleteFoundationsQuadraticExercises.actual_scalar_derivative' depends on axioms: [propext,
 Classical.choice,
 Quot.sound]
'SafeLearning.CompleteFoundationsQuadraticExercises.actual_scalar_second_derivative' depends on axioms: [propext,
 Classical.choice,
 Quot.sound]
'SafeLearning.CompleteFoundationsQuadraticExercises.scalar_gradient_smooth' depends on axioms: [propext,
 Classical.choice,
 Quot.sound]
'SafeLearning.CompleteFoundationsQuadraticExercises.gradient_closed_form' depends on axioms: [propext,
 Classical.choice,
 Quot.sound]
'SafeLearning.CompleteFoundationsQuadraticExercises.gradient_recurrence' depends on axioms: [propext,
 Classical.choice,
 Quot.sound]
'SafeLearning.CompleteFoundationsQuadraticExercises.source_initial_iterates' depends on axioms: [propext,
 Classical.choice,
 Quot.sound]
'SafeLearning.CompleteFoundationsQuadraticExercises.source_alternating_signs' depends on axioms: [propext,
 Classical.choice,
 Quot.sound]
'SafeLearning.CompleteFoundationsQuadraticExercises.source_magnitude_strictly_decreases' depends on axioms: [propext,
 Classical.choice,
 Quot.sound]
'SafeLearning.CompleteFoundationsQuadraticExercises.source_coordinate_not_monotone' depends on axioms: [propext,
 Classical.choice,
 Quot.sound]
'SafeLearning.CompleteFoundationsQuadraticExercises.quarter_step_reaches_minimum' depends on axioms: [propext,
 Classical.choice,
 Quot.sound]
'SafeLearning.CompleteFoundationsQuadraticExercises.scalar_unique_global_minimum' depends on axioms: [propext,
 Classical.choice,
 Quot.sound]
'SafeLearning.CompleteFoundationsQuadraticExercises.half_step_forever_alternates' depends on axioms: [propext,
 Classical.choice,
 Quot.sound]
'SafeLearning.CompleteFoundationsQuadraticExercises.half_step_has_no_limit' depends on axioms: [propext,
 Classical.choice,
 Quot.sound]
'SafeLearning.CompleteFoundationsQuadraticExercises.generic_oversized_gradient_diverges' depends on axioms: [propext,
 Classical.choice,
 Quot.sound]
'SafeLearning.CompleteFoundationsQuadraticExercises.source_large_step_diverges' depends on axioms: [propext,
 Classical.choice,
 Quot.sound]
'SafeLearning.CompleteFoundationsQuadraticExercises.source_objective_decreases' depends on axioms: [propext,
 Classical.choice,
 Quot.sound]
'SafeLearning.CompleteFoundationsQuadraticForms.real_quadratic_double_sum' depends on axioms: [propext,
 Classical.choice,
 Quot.sound]
'SafeLearning.CompleteFoundationsQuadraticForms.real_quadratic_transpose' depends on axioms: [propext,
 Classical.choice,
 Quot.sound]
'SafeLearning.CompleteFoundationsQuadraticForms.real_quadratic_only_symmetric_part' depends on axioms: [propext,
 Classical.choice,
 Quot.sound]
'SafeLearning.CompleteFoundationsQuadraticForms.symmetric_part_is_symmetric' depends on axioms: [propext,
 Classical.choice,
 Quot.sound]
'SafeLearning.CompleteFoundationsQuadraticForms.plane_actual_form' depends on axioms: [propext,
 Classical.choice,
 Quot.sound]
'SafeLearning.CompleteFoundationsQuadraticForms.plane_completed_square' depends on axioms: [propext,
 Classical.choice,
 Quot.sound]
'SafeLearning.CompleteFoundationsQuadraticForms.plane_actual_determinant' depends on axioms: [propext,
 Classical.choice,
 Quot.sound]
'SafeLearning.CompleteFoundationsQuadraticForms.plane_pd_criterion' depends on axioms: [propext,
 Classical.choice,
 Quot.sound]
'SafeLearning.CompleteFoundationsQuadraticForms.plane_pd_iff_positive_pivot_and_determinant' depends on axioms: [propext,
 Classical.choice,
 Quot.sound]
'SafeLearning.CompleteFoundationsQuadraticForms.all_real_symmetric_plane_matrices' depends on axioms: [propext,
 Classical.choice,
 Quot.sound]
'SafeLearning.CompleteFoundationsQuadraticForms.generic_symmetric_plane_criterion' depends on axioms: [propext,
 Classical.choice,
 Quot.sound]
'SafeLearning.CompleteFoundationsQuadraticForms.real_psd_definition' depends on axioms: [propext,
 Classical.choice,
 Quot.sound]
'SafeLearning.CompleteFoundationsQuadraticForms.real_pd_definition' depends on axioms: [propext,
 Classical.choice,
 Quot.sound]
'SafeLearning.CompleteFoundationsQuadraticForms.real_negative_semidefinite_definition' depends on axioms: [propext,
 Classical.choice,
 Quot.sound]
'SafeLearning.CompleteFoundationsQuadraticForms.real_negative_definite_definition' depends on axioms: [propext,
 Classical.choice,
 Quot.sound]
'SafeLearning.CompleteFoundationsQuadraticForms.real_indefinite_iff_both_signs' depends on axioms: [propext,
 Classical.choice,
 Quot.sound]
'SafeLearning.CompleteFoundationsQuadraticForms.real_diagonal_psd_iff' depends on axioms: [propext,
 Classical.choice,
 Quot.sound]
'SafeLearning.CompleteFoundationsRates.polynomial_explicit_growth' depends on axioms: [propext,
 Classical.choice,
 Quot.sound]
'SafeLearning.CompleteFoundationsRates.polynomial_bigO_with_six' depends on axioms: [propext,
 Classical.choice,
 Quot.sound]
'SafeLearning.CompleteFoundationsRates.polynomial_reciprocal_bigO_with_half' depends on axioms: [propext,
 Classical.choice,
 Quot.sound]
'SafeLearning.CompleteFoundationsRates.polynomial_theta' depends on axioms: [propext, Classical.choice, Quot.sound]
'SafeLearning.CompleteFoundationsRates.polynomial_exact_ratio_limit' depends on axioms: [propext,
 Classical.choice,
 Quot.sound]
'SafeLearning.CompleteFoundationsRates.polynomial_not_littleO' depends on axioms: [propext,
 Classical.choice,
 Quot.sound]
'SafeLearning.CompleteFoundationsRates.cost_comparison_under_models' depends on axioms: [propext,
 Classical.choice,
 Quot.sound]
'SafeLearning.CompleteFoundationsSequences.even_indices_atTop' depends on axioms: [propext, Quot.sound]
'SafeLearning.CompleteFoundationsSequences.odd_indices_atTop' depends on axioms: [propext, Quot.sound]
'SafeLearning.CompleteFoundationsSequences.reciprocal_tail' depends on axioms: [propext, Classical.choice, Quot.sound]
'SafeLearning.CompleteFoundationsSequences.alternating_limits' depends on axioms: [propext,
 Classical.choice,
 Quot.sound]
'SafeLearning.CompleteFoundationsSequences.additive_alternation_subsequences' depends on axioms: [propext,
 Classical.choice,
 Quot.sound]
'SafeLearning.CompleteFoundationsSequences.additive_alternation_bounds' depends on axioms: [propext,
 Classical.choice,
 Quot.sound]
'SafeLearning.CompleteFoundationsSequences.additive_alternation_extrema' depends on axioms: [propext,
 Classical.choice,
 Quot.sound]
'SafeLearning.CompleteFoundationsSequences.additive_alternation_lims' depends on axioms: [propext,
 Classical.choice,
 Quot.sound]
'SafeLearning.CompleteFoundationsSequences.multiplicative_alternation_subsequences' depends on axioms: [propext,
 Classical.choice,
 Quot.sound]
'SafeLearning.CompleteFoundationsSequences.multiplicative_alternation_bounds' depends on axioms: [propext,
 Classical.choice,
 Quot.sound]
'SafeLearning.CompleteFoundationsSequences.multiplicative_alternation_extrema' depends on axioms: [propext,
 Classical.choice,
 Quot.sound]
'SafeLearning.CompleteFoundationsSequences.multiplicative_alternation_lims' depends on axioms: [propext,
 Classical.choice,
 Quot.sound]
'SafeLearning.CompleteFoundationsSequences.tolerance_all_future' depends on axioms: [propext,
 Classical.choice,
 Quot.sound]
'SafeLearning.CompleteFoundationsSeries.discounted_return_bound' depends on axioms: [propext,
 Classical.choice,
 Quot.sound]
'SafeLearning.CompleteFoundationsSeries.discounted_tail_bound' depends on axioms: [propext,
 Classical.choice,
 Quot.sound]
'SafeLearning.CompleteFoundationsSeries.constant_discounted_tail' depends on axioms: [propext,
 Classical.choice,
 Quot.sound]
'SafeLearning.CompleteFoundationsSeries.half_discount_minimal_budget' depends on axioms: [propext,
 Classical.choice,
 Quot.sound]
'SafeLearning.CompleteFoundationsSeries.half_discount_numbers' depends on axioms: [propext,
 Classical.choice,
 Quot.sound]
'SafeLearning.CompleteFoundationsSeries.geometric_hasSum' depends on axioms: [propext, Classical.choice, Quot.sound]
'SafeLearning.CompleteFoundationsSeries.weighted_geometric_hasSum' depends on axioms: [propext,
 Classical.choice,
 Quot.sound]
'SafeLearning.CompleteFoundationsShiftedQuadratic.objective_frechet_derivative' depends on axioms: [propext,
 Classical.choice,
 Quot.sound]
'SafeLearning.CompleteFoundationsShiftedQuadratic.objective_actual_gradient' depends on axioms: [propext,
 Classical.choice,
 Quot.sound]
'SafeLearning.CompleteFoundationsShiftedQuadratic.gradient_identification' depends on axioms: [propext,
 Classical.choice,
 Quot.sound]
'SafeLearning.CompleteFoundationsShiftedQuadratic.hessian_coordinates' depends on axioms: [propext,
 Classical.choice,
 Quot.sound]
'SafeLearning.CompleteFoundationsShiftedQuadratic.gradient_is_Hx_minus_c' depends on axioms: [propext,
 Classical.choice,
 Quot.sound]
'SafeLearning.CompleteFoundationsShiftedQuadratic.gradient_actual_hessian' depends on axioms: [propext,
 Classical.choice,
 Quot.sound]
'SafeLearning.CompleteFoundationsShiftedQuadratic.objective_is_stated_matrix_quadratic' depends on axioms: [propext,
 Classical.choice,
 Quot.sound]
'SafeLearning.CompleteFoundationsShiftedQuadratic.hessian_positive_definite' depends on axioms: [propext,
 Classical.choice,
 Quot.sound]
'SafeLearning.CompleteFoundationsShiftedQuadratic.completed_square_identity' depends on axioms: [propext,
 Classical.choice,
 Quot.sound]
'SafeLearning.CompleteFoundationsShiftedQuadratic.unique_global_minimum' depends on axioms: [propext,
 Classical.choice,
 Quot.sound]
'SafeLearning.CompleteFoundationsShiftedQuadratic.stationary_equation_iff' depends on axioms: [propext,
 Classical.choice,
 Quot.sound]
'SafeLearning.CompleteFoundationsShiftedQuadratic.quadratic_taylor_model_exact' depends on axioms: [propext,
 Classical.choice,
 Quot.sound]
'SafeLearning.CompleteFoundationsShiftedQuadratic.newton_equation_unique' depends on axioms: [propext,
 Classical.choice,
 Quot.sound]
'SafeLearning.CompleteFoundationsShiftedQuadratic.full_newton_step_solves' depends on axioms: [propext,
 Classical.choice,
 Quot.sound]
'SafeLearning.CompleteFoundationsShiftedQuadratic.source_numerical_steps' depends on axioms: [propext,
 Classical.choice,
 Quot.sound]
'SafeLearning.CompleteFoundationsShiftedQuadratic.gradient_step_remaining_error' depends on axioms: [propext,
 Classical.choice,
 Quot.sound]
'SafeLearning.CompleteFoundationsShiftedQuadratic.actual_eigenvalues' depends on axioms: [propext,
 Classical.choice,
 Quot.sound]
'SafeLearning.CompleteFoundationsShiftedQuadratic.actual_matrix_inverse' depends on axioms: [propext,
 Classical.choice,
 Quot.sound]
'SafeLearning.CompleteFoundationsShiftedQuadratic.matrix_condition_number' depends on axioms: [propext,
 Classical.choice,
 Quot.sound]
'SafeLearning.CompleteFoundationsSpectralModels.matrix_coordinate_action' depends on axioms: [propext,
 Classical.choice,
 Quot.sound]
'SafeLearning.CompleteFoundationsSpectralModels.inner_coordinate_formula' depends on axioms: [propext,
 Classical.choice,
 Quot.sound]
'SafeLearning.CompleteFoundationsSpectralModels.norm_squared_coordinates' depends on axioms: [propext,
 Classical.choice,
 Quot.sound]
'SafeLearning.CompleteFoundationsSpectralModels.source_A_action' depends on axioms: [propext,
 Classical.choice,
 Quot.sound]
'SafeLearning.CompleteFoundationsSpectralModels.source_eigenvectors' depends on axioms: [propext,
 Classical.choice,
 Quot.sound]
'SafeLearning.CompleteFoundationsSpectralModels.source_orthonormal' depends on axioms: [propext,
 Classical.choice,
 Quot.sound]
'SafeLearning.CompleteFoundationsSpectralModels.source_eigenbasis_spans' depends on axioms: [propext,
 Classical.choice,
 Quot.sound]
'SafeLearning.CompleteFoundationsSpectralModels.source_spectral_matrix_decomposition' depends on axioms: [propext,
 Classical.choice,
 Quot.sound]
'SafeLearning.CompleteFoundationsSpectralModels.source_all_eigenvalues' depends on axioms: [propext,
 Classical.choice,
 Quot.sound]
'SafeLearning.CompleteFoundationsSpectralModels.source_quadratic_expansion' depends on axioms: [propext,
 Classical.choice,
 Quot.sound]
'SafeLearning.CompleteFoundationsSpectralModels.rayleigh_bounds_and_equality' depends on axioms: [propext,
 Classical.choice,
 Quot.sound]
'SafeLearning.CompleteFoundationsSpectralModels.source_rayleigh_numerics' depends on axioms: [propext,
 Classical.choice,
 Quot.sound]
'SafeLearning.CompleteFoundationsSpectralModels.source_rayleigh_attainers' depends on axioms: [propext,
 Classical.choice,
 Quot.sound]
'SafeLearning.CompleteFoundationsSpectralModels.source_both_eigencomponents_nonzero' depends on axioms: [propext,
 Classical.choice,
 Quot.sound]
'SafeLearning.CompleteFoundationsSpectralModels.source_N_action' depends on axioms: [propext,
 Classical.choice,
 Quot.sound]
'SafeLearning.CompleteFoundationsSpectralModels.source_N_characteristic_polynomial' depends on axioms: [propext,
 Classical.choice,
 Quot.sound]
'SafeLearning.CompleteFoundationsSpectralModels.source_N_eigenvector_characterization' depends on axioms: [propext,
 Classical.choice,
 Quot.sound]
'SafeLearning.CompleteFoundationsSpectralModels.source_N_negative_form' depends on axioms: [propext,
 Classical.choice,
 Quot.sound]
'SafeLearning.CompleteFoundationsSpectralModels.source_symmetric_and_skew_parts' depends on axioms: [propext,
 Classical.choice,
 Quot.sound]
'SafeLearning.CompleteFoundationsSpectralModels.general_real_skew_quadratic_zero' depends on axioms: [propext,
 Classical.choice,
 Quot.sound]
'SafeLearning.CompleteFoundationsSpectralModels.source_forms_equal' depends on axioms: [propext,
 Classical.choice,
 Quot.sound]
'SafeLearning.CompleteFoundationsSpectralModels.symmetric_part_eigenvalues' depends on axioms: [propext,
 Classical.choice,
 Quot.sound]
'SafeLearning.CompleteFoundationsSpectralModels.source_N_not_symmetric' depends on axioms: [propext,
 Classical.choice,
 Quot.sound]
'SafeLearning.CompleteFoundationsSpectralModels.source_N_eigenvectors_never_orthogonal' depends on axioms: [propext,
 Classical.choice,
 Quot.sound]
'SafeLearning.CompleteFoundationsSpectralModels.source_N_has_no_orthonormal_eigenbasis' depends on axioms: [propext,
 Classical.choice,
 Quot.sound]
'SafeLearning.CompleteFoundationsTeaching.arithmetic_refresh' depends on axioms: [propext, Classical.choice, Quot.sound]
'SafeLearning.CompleteFoundationsTeaching.reciprocal_decreases' depends on axioms: [propext,
 Classical.choice,
 Quot.sound]
'SafeLearning.CompleteFoundationsTeaching.elementary_equations' depends on axioms: [propext,
 Classical.choice,
 Quot.sound]
'SafeLearning.CompleteFoundationsTeaching.disc_and_box' depends on axioms: [propext, Classical.choice, Quot.sound]
'SafeLearning.CompleteFoundationsTeaching.subset_antisymmetry' depends on axioms: [propext, Quot.sound]
'SafeLearning.CompleteFoundationsTeaching.indexed_deMorgan' depends on axioms: [propext, Classical.choice, Quot.sound]
'SafeLearning.CompleteFoundationsTeaching.logical_connectives' depends on axioms: [propext,
 Classical.choice,
 Quot.sound]
'SafeLearning.CompleteFoundationsTeaching.bounded_quantifier_negation' depends on axioms: [propext,
 Classical.choice,
 Quot.sound]
'SafeLearning.CompleteFoundationsTeaching.no_largest_real' depends on axioms: [propext, Classical.choice, Quot.sound]
'SafeLearning.CompleteFoundationsTeaching.viability_complement' depends on axioms: [propext,
 Classical.choice,
 Quot.sound]
'SafeLearning.CompleteFoundationsTeaching.shifted_equilibrium' depends on axioms: [propext]
'SafeLearning.CompleteFoundationsTeaching.image_intersection_counterexample' depends on axioms: [propext,
 Classical.choice,
 Quot.sound]
'SafeLearning.CompleteFoundationsTeaching.image_intersection_subset' depends on axioms: [propext,
 Classical.choice,
 Quot.sound]
'SafeLearning.CompleteFoundationsTeaching.projection_is_existential' depends on axioms: [propext, Quot.sound]
'SafeLearning.CompleteFoundationsTeaching.affine_bijection' depends on axioms: [propext, Classical.choice, Quot.sound]
'SafeLearning.CompleteFoundationsTeaching.norm_arbitrarily_small' depends on axioms: [propext,
 Classical.choice,
 Quot.sound]
'SafeLearning.CompleteFoundationsTeaching.banach_first_error_bound' depends on axioms: [propext,
 Classical.choice,
 Quot.sound]
'SafeLearning.CompleteFoundationsTeaching.contraction_unique_general' depends on axioms: [propext,
 Classical.choice,
 Quot.sound]
'SafeLearning.CompleteFoundationsTeaching.monotone_bounded_convergence' depends on axioms: [propext,
 Classical.choice,
 Quot.sound]
'SafeLearning.CompleteFoundationsTeaching.antitone_bounded_convergence' depends on axioms: [propext,
 Classical.choice,
 Quot.sound]
'SafeLearning.CompleteFoundationsTeaching.continuous_limits' depends on axioms: [propext, Classical.choice, Quot.sound]
'SafeLearning.CompleteFoundationsTeaching.limit_arithmetic' depends on axioms: [propext, Classical.choice, Quot.sound]
'SafeLearning.CompleteFoundationsTeaching.weierstrass_maximum' depends on axioms: [propext,
 Classical.choice,
 Quot.sound]
'SafeLearning.CompleteFoundationsTeaching.compact_positive_margin' depends on axioms: [propext,
 Classical.choice,
 Quot.sound]
'SafeLearning.CompleteFoundationsTeaching.heine_cantor' depends on axioms: [propext, Classical.choice, Quot.sound]
'SafeLearning.CompleteFoundationsTeaching.lipschitz_net_margin' depends on axioms: [propext,
 Classical.choice,
 Quot.sound]
'SafeLearning.CompleteFoundationsTeaching.norm_power_bound' depends on axioms: [propext, Classical.choice, Quot.sound]
'SafeLearning.CompleteFoundationsTeaching.exponential_tangent' depends on axioms: [propext,
 Classical.choice,
 Quot.sound]
'SafeLearning.CompleteFoundationsTeaching.logarithm_tangent' depends on axioms: [propext, Classical.choice, Quot.sound]
'SafeLearning.CompleteFoundationsTeaching.finite_square_classification' depends on axioms: [propext,
 Classical.choice,
 Quot.sound]
'SafeLearning.CompleteFoundationsTeaching.stabilized_reachFive' depends on axioms: [propext,
 Classical.choice,
 Quot.sound]
'SafeLearning.CompleteFoundationsTeaching.half_open_not_closed' depends on axioms: [propext,
 Classical.choice,
 Quot.sound]
'SafeLearning.CompleteFoundationsTeaching.half_open_counterexample_limit' depends on axioms: [propext,
 Classical.choice,
 Quot.sound]
'SafeLearning.CompleteFoundationsTeaching.sequence_initial_values' depends on axioms: [propext,
 Classical.choice,
 Quot.sound]
'SafeLearning.CompleteFoundationsTeaching.all_time_excursion_card' depends on axioms: [propext,
 Classical.choice,
 Quot.sound]
'SafeLearning.CompleteFoundationsTeaching.finite_excursion_last_index' depends on axioms: [propext,
 Classical.choice,
 Quot.sound]
'SafeLearning.CompleteFoundationsVectorModels.vector_two_norm' depends on axioms: [propext,
 Classical.choice,
 Quot.sound]
'SafeLearning.CompleteFoundationsVectorModels.vector_two_inner' depends on axioms: [propext,
 Classical.choice,
 Quot.sound]
'SafeLearning.CompleteFoundationsVectorModels.source_three_lengths' depends on axioms: [propext,
 Classical.choice,
 Quot.sound]
'SafeLearning.CompleteFoundationsVectorModels.source_three_perpendicular' depends on axioms: [propext,
 Classical.choice,
 Quot.sound]
'SafeLearning.CompleteFoundationsVectorModels.source_three_length_comparison' depends on axioms: [propext,
 Classical.choice,
 Quot.sound]
'SafeLearning.CompleteFoundationsVectorModels.box_objective_upper' depends on axioms: [propext,
 Classical.choice,
 Quot.sound]
'SafeLearning.CompleteFoundationsVectorModels.box_objective_equals_dot' depends on axioms: [propext,
 Classical.choice,
 Quot.sound]
'SafeLearning.CompleteFoundationsVectorModels.euclidean_ball_inside_box' depends on axioms: [propext,
 Classical.choice,
 Quot.sound]
'SafeLearning.CompleteFoundationsVectorModels.box_maximum' depends on axioms: [propext, Classical.choice, Quot.sound]
'SafeLearning.CompleteFoundationsVectorModels.euclidean_objective_upper' depends on axioms: [propext,
 Classical.choice,
 Quot.sound]
'SafeLearning.CompleteFoundationsVectorModels.euclidean_maximum' depends on axioms: [propext,
 Classical.choice,
 Quot.sound]
'SafeLearning.CompleteFoundationsVectorModels.source_box_corner_outside_euclidean_ball' depends on axioms: [propext,
 Classical.choice,
 Quot.sound]
'SafeLearning.CompleteFoundationsVectorModels.distance_to_any_set_lipschitz' depends on axioms: [propext,
 Classical.choice,
 Quot.sound]
'SafeLearning.CompleteFoundationsVectorModels.nearest_point_exists' depends on axioms: [propext,
 Classical.choice,
 Quot.sound]
'SafeLearning.CompleteFoundationsVectorModels.distance_one_direction_via_nearest' depends on axioms: [propext,
 Classical.choice,
 Quot.sound]
'SafeLearning.CompleteFoundationsVectorModels.source_radial_point_attains' depends on axioms: [propext,
 Classical.choice,
 Quot.sound]
'SafeLearning.CompleteFoundationsVectorModels.source_disc_distance' depends on axioms: [propext,
 Classical.choice,
 Quot.sound]
'SafeLearning.CompleteFoundationsVectorModels.source_disc_perturbation' depends on axioms: [propext,
 Classical.choice,
 Quot.sound]
'SafeLearning.CompleteLyapunovCounterexample.square_positive_definite' depends on axioms: [propext,
 Classical.choice,
 Quot.sound]
'SafeLearning.CompleteLyapunovCounterexample.all_square_sublevels_compact' depends on axioms: [propext,
 Classical.choice,
 Quot.sound]
'SafeLearning.CompleteLyapunovCounterexample.bad_map_fixes_zero' depends on axioms: [propext,
 Classical.choice,
 Quot.sound]
'SafeLearning.CompleteLyapunovCounterexample.strict_square_decrease_everywhere_off_zero' depends on axioms: [propext,
 Classical.choice,
 Quot.sound]
'SafeLearning.CompleteLyapunovCounterexample.actual_orbit_initial' depends on axioms: [propext,
 Classical.choice,
 Quot.sound]
'SafeLearning.CompleteLyapunovCounterexample.actual_orbit_strictly_above_one' depends on axioms: [propext,
 Classical.choice,
 Quot.sound]
'SafeLearning.CompleteLyapunovCounterexample.actual_orbit_step' depends on axioms: [propext,
 Classical.choice,
 Quot.sound]
'SafeLearning.CompleteLyapunovCounterexample.actual_orbit_converges_to_one' depends on axioms: [propext,
 Classical.choice,
 Quot.sound]
'SafeLearning.CompleteLyapunovCounterexample.actual_images_converge_to_one' depends on axioms: [propext,
 Classical.choice,
 Quot.sound]
'SafeLearning.CompleteLyapunovCounterexample.actual_orbit_does_not_converge_to_zero' depends on axioms: [propext,
 Classical.choice,
 Quot.sound]
'SafeLearning.CompleteLyapunovCounterexample.actual_map_discontinuous_at_one' depends on axioms: [propext,
 Classical.choice,
 Quot.sound]
'SafeLearning.CompleteLyapunovCounterexample.actual_orbit_in_annulus' depends on axioms: [propext,
 Classical.choice,
 Quot.sound]
'SafeLearning.CompleteLyapunovCounterexample.increments_strictly_negative_on_annulus' depends on axioms: [propext,
 Classical.choice,
 Quot.sound]
'SafeLearning.CompleteLyapunovCounterexample.actual_annulus_compact' depends on axioms: [propext,
 Classical.choice,
 Quot.sound]
'SafeLearning.CompleteLyapunovCounterexample.actual_increment_sequence_converges_to_zero' depends on axioms: [propext,
 Classical.choice,
 Quot.sound]
'SafeLearning.CompleteLyapunovCounterexample.actual_increment_supremum_is_zero' depends on axioms: [propext,
 Classical.choice,
 Quot.sound]
'SafeLearning.CompleteLyapunovCounterexample.actual_increment_supremum_not_attained' depends on axioms: [propext,
 Classical.choice,
 Quot.sound]
'SafeLearning.CompleteLyapunovCounterexample.actual_boundary_increment' depends on axioms: [propext,
 Classical.choice,
 Quot.sound]
'SafeLearning.CompleteLyapunovMargins.uniform_strict_descent_on_compact' depends on axioms: [propext,
 Classical.choice,
 Quot.sound]
'SafeLearning.CompleteLyapunovMargins.positive_minimum_on_compact' depends on axioms: [propext,
 Classical.choice,
 Quot.sound]
'SafeLearning.CompleteLyapunovMargins.compact_positive_value_slice' depends on axioms: [propext,
 Classical.choice,
 Quot.sound]
'SafeLearning.CompleteLyapunovMargins.linear_lyapunov_descent_bound' depends on axioms: [propext,
 Classical.choice,
 Quot.sound]
'SafeLearning.CompleteLyapunovMargins.uniform_descent_incompatible_with_nonnegative_values' depends on axioms: [propext,
 Classical.choice,
 Quot.sound]
'SafeLearning.CompleteModulesBarrierGradient.actual_barrier_matrix_weight_derivative' depends on axioms: [propext,
 Classical.choice,
 Quot.sound]
'SafeLearning.CompleteModulesBarrierGradient.trace_of_actual_block_matrix' depends on axioms: [propext,
 Classical.choice,
 Quot.sound]
'SafeLearning.CompleteModulesBarrierGradient.trace_of_actual_offdiagonal_product' depends on axioms: [propext,
 Classical.choice,
 Quot.sound]
'SafeLearning.CompleteModulesBarrierGradient.actual_variation_trace_splits_into_weight_blocks' depends on axioms: [propext,
 Classical.choice,
 Quot.sound]
'SafeLearning.CompleteModulesBarrierGradient.actual_symmetric_variation_trace_is_gradient' depends on axioms: [propext,
 Classical.choice,
 Quot.sound]
'SafeLearning.CompleteModulesBarrierGradient.actual_logdet_barrier_weight_gradient' depends on axioms: [propext,
 Classical.choice,
 Quot.sound]
'SafeLearning.CompleteModulesBarrierGradient.actual_barrier_training_weight_gradient' depends on axioms: [propext,
 Classical.choice,
 Quot.sound]
'SafeLearning.CompleteModulesBook.thermal_step' depends on axioms: [propext, Classical.choice, Quot.sound]
'SafeLearning.CompleteModulesBook.thermal_all_samples' depends on axioms: [propext, Classical.choice, Quot.sound]
'SafeLearning.CompleteModulesBook.peak_mean_examples' depends on axioms: [propext, Classical.choice, Quot.sound]
'SafeLearning.CompleteModulesBook.rare_spike_cvar_lower' depends on axioms: [propext, Classical.choice, Quot.sound]
'SafeLearning.CompleteModulesBook.rare_spike_cvar_attained' depends on axioms: [propext, Classical.choice, Quot.sound]
'SafeLearning.CompleteModulesBook.fleet_budget' depends on axioms: [propext, Classical.choice, Quot.sound]
'SafeLearning.CompleteModulesBook.thermal_energy_identity' depends on axioms: [propext, Classical.choice, Quot.sound]
'SafeLearning.CompleteModulesBook.thermal_energy_strict' depends on axioms: [propext, Classical.choice, Quot.sound]
'SafeLearning.CompleteModulesBook.thermal_disk_invariant' depends on axioms: [propext, Classical.choice, Quot.sound]
'SafeLearning.CompleteModulesBook.disk_coordinate_containment' depends on axioms: [propext,
 Classical.choice,
 Quot.sound]
'SafeLearning.CompleteModulesBook.startup_box_energy' depends on axioms: [propext, Classical.choice, Quot.sound]
'SafeLearning.CompleteModulesBook.thermal_starting_example' depends on axioms: [propext, Classical.choice, Quot.sound]
'SafeLearning.CompleteModulesBook.invariant_radius_iff' depends on axioms: [propext, Classical.choice, Quot.sound]
'SafeLearning.CompleteModulesBook.nonzero_forced_equilibrium' depends on axioms: [propext, Classical.choice, Quot.sound]
'SafeLearning.CompleteModulesBook.gp_midpoint_linear_solutions' depends on axioms: [propext,
 Classical.choice,
 Quot.sound]
'SafeLearning.CompleteModulesBook.gp_midpoint_unique_solution' depends on axioms: [propext,
 Classical.choice,
 Quot.sound]
'SafeLearning.CompleteModulesBook.gp_midpoint_reject_accept' depends on axioms: [propext, Classical.choice, Quot.sound]
'SafeLearning.CompleteModulesBook.repeated_gp_linear_system' depends on axioms: [propext, Classical.choice, Quot.sound]
'SafeLearning.CompleteModulesBook.repeated_gp_variance' depends on axioms: [propext, Classical.choice, Quot.sound]
'SafeLearning.CompleteModulesBook.repeated_gp_three_accept' depends on axioms: [propext, Classical.choice, Quot.sound]
'SafeLearning.CompleteModulesBook.constant_kernel_regularized_unique' depends on axioms: [propext,
 Classical.choice,
 Quot.sound]
'SafeLearning.CompleteModulesBook.midpoint_kernel_positive' depends on axioms: [propext, Classical.choice, Quot.sound]
'SafeLearning.CompleteModulesBook.midpoint_discrepancy_reject' depends on axioms: [propext,
 Classical.choice,
 Quot.sound]
'SafeLearning.CompleteModulesBook.residual_with_discrepancy' depends on axioms: [propext, Classical.choice, Quot.sound]
'SafeLearning.CompleteModulesBook.maximal_nominal' depends on axioms: [propext, Classical.choice, Quot.sound]
'SafeLearning.CompleteModulesBook.two_constraints_radius' depends on axioms: [propext, Classical.choice, Quot.sound]
'SafeLearning.CompleteModulesBook.gain_realization_radius' depends on axioms: [propext, Classical.choice, Quot.sound]
'SafeLearning.CompleteModulesBook.gain_proposals_fail' depends on axioms: [propext, Classical.choice, Quot.sound]
'SafeLearning.CompleteModulesBook.nominal_gain_positive_but_realization_fails' depends on axioms: [propext,
 Classical.choice,
 Quot.sound]
'SafeLearning.CompleteModulesBook.interval_realization_iff' depends on axioms: [propext, Classical.choice, Quot.sound]
'SafeLearning.CompleteModulesBook.losbo_command_interval' depends on axioms: [propext, Classical.choice, Quot.sound]
'SafeLearning.CompleteModulesBook.losbo_cones' depends on axioms: [propext, Classical.choice, Quot.sound]
'SafeLearning.CompleteModulesBook.losbo_union' depends on axioms: [propext, Classical.choice, Quot.sound]
'SafeLearning.CompleteModulesBook.backup_distance_triangle' depends on axioms: [propext, Classical.choice, Quot.sound]
'SafeLearning.CompleteModulesBook.backup_monitor_period' depends on axioms: [propext, Classical.choice, Quot.sound]
'SafeLearning.CompleteModulesBook.backup_examples' depends on axioms: [propext, Classical.choice, Quot.sound]
'SafeLearning.CompleteModulesBook.backup_library_decisions' depends on axioms: [propext, Classical.choice, Quot.sound]
'SafeLearning.CompleteModulesBook.backup_switch_and_transition' depends on axioms: [propext,
 Classical.choice,
 Quot.sound]
'SafeLearning.CompleteModulesBook.safe_cycle_values' depends on axioms: [propext, Classical.choice, Quot.sound]
'SafeLearning.CompleteModulesBook.rush_strict_threshold' depends on axioms: [propext, Classical.choice, Quot.sound]
'SafeLearning.CompleteModulesBook.rush_threshold_equality' depends on axioms: [propext, Classical.choice, Quot.sound]
'SafeLearning.CompleteModulesBook.rush_eight_tenths_threshold' depends on axioms: [propext,
 Classical.choice,
 Quot.sound]
'SafeLearning.CompleteModulesBook.lipsdp_sum_of_squares' depends on axioms: [propext, Classical.choice, Quot.sound]
'SafeLearning.CompleteModulesBook.lipsdp_negative_semidefinite' depends on axioms: [propext,
 Classical.choice,
 Quot.sound]
'SafeLearning.CompleteModulesBook.lipsdp_physical_budget' depends on axioms: [propext, Classical.choice, Quot.sound]
'SafeLearning.CompleteModulesBook.lipsdp_box_radius' depends on axioms: [propext, Classical.choice, Quot.sound]
'SafeLearning.CompleteModulesBook.coupled_multiplier_failure' depends on axioms: [propext, Classical.choice, Quot.sound]
'SafeLearning.CompleteModulesBook.gain_stack_bound' depends on axioms: [propext, Classical.choice, Quot.sound]
'SafeLearning.CompleteModulesBook.external_scale_certificate' depends on axioms: [propext, Classical.choice, Quot.sound]
'SafeLearning.CompleteModulesBook.six_stage_scale' depends on axioms: [propext, Classical.choice, Quot.sound]
'SafeLearning.CompleteModulesBook.normalized_target_incompatible' depends on axioms: [propext,
 Classical.choice,
 Quot.sound]
'SafeLearning.CompleteModulesBook.architecture_sensor_budget' depends on axioms: [propext, Classical.choice, Quot.sound]
'SafeLearning.CompleteModulesBook.biased_feedback_error' depends on axioms: [propext, Classical.choice, Quot.sound]
'SafeLearning.CompleteModulesBook.biased_invariant_and_ultimate' depends on axioms: [propext,
 Classical.choice,
 Quot.sound]
'SafeLearning.CompleteModulesBook.delayed_square_counterexample' depends on axioms: [propext,
 Classical.choice,
 Quot.sound]
'SafeLearning.CompleteModulesBook.verification_left_region' depends on axioms: [propext, Classical.choice, Quot.sound]
'SafeLearning.CompleteModulesBook.verification_middle_region' depends on axioms: [propext, Classical.choice, Quot.sound]
'SafeLearning.CompleteModulesBook.verification_right_region' depends on axioms: [propext, Classical.choice, Quot.sound]
'SafeLearning.CompleteModulesBook.verification_original_range' depends on axioms: [propext,
 Classical.choice,
 Quot.sound]
'SafeLearning.CompleteModulesBook.verification_changed_range' depends on axioms: [propext, Classical.choice, Quot.sound]
'SafeLearning.CompleteModulesBook.verification_extrema_attained' depends on axioms: [propext,
 Classical.choice,
 Quot.sound]
'SafeLearning.CompleteModulesBook.deterministic_temperature_pass' depends on axioms: [propext,
 Classical.choice,
 Quot.sound]
'SafeLearning.CompleteModulesBook.changed_temperature_pass' depends on axioms: [propext, Classical.choice, Quot.sound]
'SafeLearning.CompleteModulesBook.changed_zero_margin_attained' depends on axioms: [propext,
 Classical.choice,
 Quot.sound]
'SafeLearning.CompleteModulesBook.trajectory_conformal_size' depends on axioms: [propext, Classical.choice, Quot.sound]
'SafeLearning.CompleteModulesBook.trajectory_residual_transfer' depends on axioms: [propext,
 Classical.choice,
 Quot.sound]
'SafeLearning.CompleteModulesCholesky.actual_gram_factor_is_lower_triangular' depends on axioms: [propext,
 Classical.choice,
 Quot.sound]
'SafeLearning.CompleteModulesCholesky.actual_gram_factor_product' depends on axioms: [propext,
 Classical.choice,
 Quot.sound]
'SafeLearning.CompleteModulesCholesky.actual_gram_schmidt_diagonal_is_norm' depends on axioms: [propext,
 Classical.choice,
 Quot.sound]
'SafeLearning.CompleteModulesCholesky.actual_gram_factor_diagonal_is_positive' depends on axioms: [propext,
 Classical.choice,
 Quot.sound]
'SafeLearning.CompleteModulesCholesky.actual_positive_definite_matrix_has_cholesky' depends on axioms: [propext,
 Classical.choice,
 Quot.sound]
'SafeLearning.CompleteModulesCholesky.actual_positive_triangular_factor_implies_positive_definite' depends on axioms: [propext,
 Classical.choice,
 Quot.sound]
'SafeLearning.CompleteModulesCholesky.actual_cholesky_existence_iff_positive_definite' depends on axioms: [propext,
 Classical.choice,
 Quot.sound]
'SafeLearning.CompleteModulesCholesky.actual_exact_cholesky_failure_iff_not_positive_definite' depends on axioms: [propext,
 Classical.choice,
 Quot.sound]
'SafeLearning.CompleteModulesCholesky.actual_positive_definite_leading_principal_minors_are_positive' depends on axioms: [propext,
 Classical.choice,
 Quot.sound]
'SafeLearning.CompleteModulesCholesky.actual_cholesky_factor_reuses_inverse' depends on axioms: [propext,
 Classical.choice,
 Quot.sound]
'SafeLearning.CompleteModulesChords.actual_linear_activation_has_declared_slope' depends on axioms: [propext,
 Classical.choice,
 Quot.sound]
'SafeLearning.CompleteModulesChords.scalar_qc_iff_realizable_actual_increment' depends on axioms: [propext,
 Classical.choice,
 Quot.sound]
'SafeLearning.CompleteModulesChords.unit_interval_qc_is_scalar_product' depends on axioms: [propext,
 Classical.choice,
 Quot.sound]
'SafeLearning.CompleteModulesConformal.ninety_nine_finite_rank_iff' depends on axioms: [propext,
 Classical.choice,
 Quot.sound]
'SafeLearning.CompleteModulesConformal.rank_ninety_nine_one_percent' depends on axioms: [propext,
 Classical.choice,
 Quot.sound]
'SafeLearning.CompleteModulesConformal.whole_trajectory_ninety_nine_coverage' depends on axioms: [propext,
 Classical.choice,
 Quot.sound]
'SafeLearning.CompleteModulesConformal.finite_horizon_score_iff' depends on axioms: [propext,
 Classical.choice,
 Quot.sound]
'SafeLearning.CompleteModulesConformal.nine_calibration_rank' depends on axioms: [propext, Classical.choice, Quot.sound]
'SafeLearning.CompleteModulesConformal.thirty_nine_calibration_rank' depends on axioms: [propext,
 Classical.choice,
 Quot.sound]
'SafeLearning.CompleteModulesDeterminantTaylor.actual_determinant_exact_second_order_expansion' depends on axioms: [propext,
 Classical.choice,
 Quot.sound]
'SafeLearning.CompleteModulesDeterminantTaylor.actual_determinant_second_order_remainder_is_bigO' depends on axioms: [propext,
 Classical.choice,
 Quot.sound]
'SafeLearning.CompleteModulesDeterminantTaylor.actual_determinant_perturbation_factorization' depends on axioms: [propext,
 Classical.choice,
 Quot.sound]
'SafeLearning.CompleteModulesDeterminantTaylor.actual_general_determinant_second_order_expansion' depends on axioms: [propext,
 Classical.choice,
 Quot.sound]
'SafeLearning.CompleteModulesDiagonalQC.scalar_qc_factorization' depends on axioms: [propext,
 Classical.choice,
 Quot.sound]
'SafeLearning.CompleteModulesDiagonalQC.scalar_qc_iff_admissible_chord' depends on axioms: [propext,
 Classical.choice,
 Quot.sound]
'SafeLearning.CompleteModulesDiagonalQC.diagonal_qc_from_actual_activations' depends on axioms: [propext,
 Classical.choice,
 Quot.sound]
'SafeLearning.CompleteModulesDiagonalQC.all_diagonal_qcs_iff_coordinate_qcs' depends on axioms: [propext,
 Classical.choice,
 Quot.sound]
'SafeLearning.CompleteModulesDiagonalQC.all_diagonal_qcs_iff_independent_diagonal_slopes' depends on axioms: [propext,
 Classical.choice,
 Quot.sound]
'SafeLearning.CompleteModulesDiagonalQC.diagonal_qc_matrix_is_stated_block' depends on axioms: [propext,
 Classical.choice,
 Quot.sound]
'SafeLearning.CompleteModulesDiagonalQC.diagonal_qc_is_actual_block_quadratic' depends on axioms: [propext,
 Classical.choice,
 Quot.sound]
'SafeLearning.CompleteModulesDynamics.thermal_gain_positive_lt_one' depends on axioms: [propext,
 Classical.choice,
 Quot.sound]
'SafeLearning.CompleteModulesDynamics.thermal_norm_residual_square' depends on axioms: [propext,
 Classical.choice,
 Quot.sound]
'SafeLearning.CompleteModulesDynamics.thermal_exact_squared_norm_bound' depends on axioms: [propext,
 Classical.choice,
 Quot.sound]
'SafeLearning.CompleteModulesDynamics.thermal_gain_eigenvector' depends on axioms: [propext,
 Classical.choice,
 Quot.sound]
'SafeLearning.CompleteModulesDynamics.thermal_radius_gain' depends on axioms: [propext, Classical.choice, Quot.sound]
'SafeLearning.CompleteModulesDynamics.thermal_unit_disk_with_disturbance_budget' depends on axioms: [propext,
 Classical.choice,
 Quot.sound]
'SafeLearning.CompleteModulesDynamics.l2_triangle' depends on axioms: [propext, Classical.choice, Quot.sound]
'SafeLearning.CompleteModulesDynamics.thermal_l2_gain' depends on axioms: [propext, Classical.choice, Quot.sound]
'SafeLearning.CompleteModulesDynamics.thermal_disturbed_step' depends on axioms: [propext, Classical.choice, Quot.sound]
'SafeLearning.CompleteModulesDynamics.thermal_disturbed_unit_disk' depends on axioms: [propext,
 Classical.choice,
 Quot.sound]
'SafeLearning.CompleteModulesDynamics.thermal_constant_forcing_equilibrium' depends on axioms: [propext,
 Classical.choice,
 Quot.sound]
'SafeLearning.CompleteModulesDynamics.thermal_forced_trajectory_not_zero' depends on axioms: [propext,
 Classical.choice,
 Quot.sound]
'SafeLearning.CompleteModulesDynamics.delayed_storage_bounds' depends on axioms: [propext, Classical.choice, Quot.sound]
'SafeLearning.CompleteModulesDynamics.delayed_storage_exact_decrease' depends on axioms: [propext,
 Classical.choice,
 Quot.sound]
'SafeLearning.CompleteModulesDynamics.delayed_storage_contraction' depends on axioms: [propext,
 Classical.choice,
 Quot.sound]
'SafeLearning.CompleteModulesDynamics.delayed_trajectory_energy' depends on axioms: [propext,
 Classical.choice,
 Quot.sound]
'SafeLearning.CompleteModulesDynamics.delayed_trajectory_energy_tends_zero' depends on axioms: [propext,
 Classical.choice,
 Quot.sound]
'SafeLearning.CompleteModulesFinite.thermal_kernel_controlled_invariant' depends on axioms: [propext, Quot.sound]
'SafeLearning.CompleteModulesFinite.thermal_predecessor_cap60' depends on axioms: [propext,
 Classical.choice,
 Quot.sound]
'SafeLearning.CompleteModulesFinite.thermal_predecessor_fixed' depends on axioms: [propext,
 Classical.choice,
 Quot.sound]
'SafeLearning.CompleteModulesFinite.thermal_predecessor_cap62' depends on axioms: [propext,
 Classical.choice,
 Quot.sound]
'SafeLearning.CompleteModulesFinite.thermal_predecessor_cap62_second' depends on axioms: [propext,
 Classical.choice,
 Quot.sound]
'SafeLearning.CompleteModulesFinite.thermal_predecessor_cap62_fixed' depends on axioms: [propext,
 Classical.choice,
 Quot.sound]
'SafeLearning.CompleteModulesFinite.thermal_kernel_maximal' depends on axioms: [propext, Classical.choice, Quot.sound]
'SafeLearning.CompleteModulesFinite.thermal_infinite_trajectory_exists' depends on axioms: [propext,
 Classical.choice,
 Quot.sound]
'SafeLearning.CompleteModulesFinite.thermal_infinite_trajectory_necessary' depends on axioms: [propext,
 Classical.choice,
 Quot.sound]
'SafeLearning.CompleteModulesFinite.thermal_infinite_viability_iff' depends on axioms: [propext,
 Classical.choice,
 Quot.sound]
'SafeLearning.CompleteModulesFinite.thermal_viable_action_count' depends on axioms: [propext,
 Classical.choice,
 Quot.sound]
'SafeLearning.CompleteModulesFinite.discounted_bellman_upper' depends on axioms: [propext, Classical.choice, Quot.sound]
'SafeLearning.CompleteModulesFinite.landscape_safe_set' depends on axioms: [propext, Classical.choice, Quot.sound]
'SafeLearning.CompleteModulesFinite.viability_negation' depends on axioms: [propext, Classical.choice, Quot.sound]
'SafeLearning.CompleteModulesFinite.some_failure_compatible_with_viability' depends on axioms: [propext]
'SafeLearning.CompleteModulesFinite.robust_half_radius_iff' depends on axioms: [propext, Classical.choice, Quot.sound]
'SafeLearning.CompleteModulesFinite.first_drift_violation' depends on axioms: [propext, Classical.choice, Quot.sound]
'SafeLearning.CompleteModulesFinite.kkt_scalar_minimum' depends on axioms: [propext, Classical.choice, Quot.sound]
'SafeLearning.CompleteModulesFinite.schur_scalar_psd_iff' depends on axioms: [propext, Classical.choice, Quot.sound]
'SafeLearning.CompleteModulesFinite.scalar_lyapunov_iff' depends on axioms: [propext, Classical.choice, Quot.sound]
'SafeLearning.CompleteModulesFinite.singular_psd_range_condition' depends on axioms: [propext,
 Classical.choice,
 Quot.sound]
'SafeLearning.CompleteModulesFinite.s_procedure_interval' depends on axioms: [propext, Classical.choice, Quot.sound]
'SafeLearning.CompleteModulesFinite.s_procedure_identity' depends on axioms: [propext, Classical.choice, Quot.sound]
'SafeLearning.CompleteModulesFinite.neuron_interval_exact' depends on axioms: [propext, Classical.choice, Quot.sound]
'SafeLearning.CompleteModulesFinite.unstable_relu_triangle' depends on axioms: [propext, Classical.choice, Quot.sound]
'SafeLearning.CompleteModulesFinite.crown_negative_output' depends on axioms: [propext, Classical.choice, Quot.sound]
'SafeLearning.CompleteModulesFinite.affine_l2_ball' depends on axioms: [propext, Classical.choice, Quot.sound]
'SafeLearning.CompleteModulesFinite.affine_infinity_ball' depends on axioms: [propext, Classical.choice, Quot.sound]
'SafeLearning.CompleteModulesFinite.affine_minima_attained' depends on axioms: [propext, Classical.choice, Quot.sound]
'SafeLearning.CompleteModulesGPDesign.actual_design_kernel_positive_semidefinite' depends on axioms: [propext,
 Classical.choice,
 Quot.sound]
'SafeLearning.CompleteModulesGPDesign.actual_design_kernel_entries' depends on axioms: [propext,
 Classical.choice,
 Quot.sound]
'SafeLearning.CompleteModulesGPDesign.actual_first_design_gram' depends on axioms: [propext,
 Classical.choice,
 Quot.sound]
'SafeLearning.CompleteModulesGPDesign.actual_alternative_design_gram' depends on axioms: [propext,
 Classical.choice,
 Quot.sound]
'SafeLearning.CompleteModulesGPDesign.actual_first_design_information' depends on axioms: [propext,
 Classical.choice,
 Quot.sound]
'SafeLearning.CompleteModulesGPDesign.actual_alternative_design_information' depends on axioms: [propext,
 Classical.choice,
 Quot.sound]
'SafeLearning.CompleteModulesGPDesign.same_kernel_admissible_design_has_larger_information' depends on axioms: [propext,
 Classical.choice,
 Quot.sound]
'SafeLearning.CompleteModulesGPDesign.realized_information_le_actual_maximum' depends on axioms: [propext,
 Classical.choice,
 Quot.sound]
'SafeLearning.CompleteModulesGPDesign.displayed_information_is_not_actual_maximum' depends on axioms: [propext,
 Classical.choice,
 Quot.sound]
'SafeLearning.CompleteModulesGPExamples.two_gram_eigenvectors' depends on axioms: [propext,
 Classical.choice,
 Quot.sound]
'SafeLearning.CompleteModulesGPExamples.two_gram_characteristic_roots' depends on axioms: [propext,
 Classical.choice,
 Quot.sound]
'SafeLearning.CompleteModulesGPExamples.two_gram_half_characteristic' depends on axioms: [propext,
 Classical.choice,
 Quot.sound]
'SafeLearning.CompleteModulesGPExamples.two_gram_half_positive' depends on axioms: [propext,
 Classical.choice,
 Quot.sound]
'SafeLearning.CompleteModulesGPExamples.section_difference_values' depends on axioms: [propext,
 Classical.choice,
 Quot.sound]
'SafeLearning.CompleteModulesGPExamples.section_difference_half' depends on axioms: [propext,
 Classical.choice,
 Quot.sound]
'SafeLearning.CompleteModulesGPExamples.conflicting_interpolant_values' depends on axioms: [propext,
 Classical.choice,
 Quot.sound]
'SafeLearning.CompleteModulesGPExamples.conflicting_interpolant_squared_norm' depends on axioms: [propext,
 Classical.choice,
 Quot.sound]
'SafeLearning.CompleteModulesGPExamples.conflicting_interpolation_norm_gap' depends on axioms: [propext,
 Classical.choice,
 Quot.sound]
'SafeLearning.CompleteModulesGPExamples.conflicting_interpolant_global_minimum' depends on axioms: [propext,
 Classical.choice,
 Quot.sound]
'SafeLearning.CompleteModulesGPExamples.conflicting_interpolant_unique' depends on axioms: [propext,
 Classical.choice,
 Quot.sound]
'SafeLearning.CompleteModulesGPExamples.conflicting_norm_specializations' depends on axioms: [propext,
 Classical.choice,
 Quot.sound]
'SafeLearning.CompleteModulesGPExamples.single_observation_solve' depends on axioms: [propext,
 Classical.choice,
 Quot.sound]
'SafeLearning.CompleteModulesGPExamples.one_observation_posteriors' depends on axioms: [propext,
 Classical.choice,
 Quot.sound]
'SafeLearning.CompleteModulesGPExamples.variance_standard_deviation' depends on axioms: [propext,
 Classical.choice,
 Quot.sound]
'SafeLearning.CompleteModulesGPExamples.posterior_band_and_failure' depends on axioms: [propext,
 Classical.choice,
 Quot.sound]
'SafeLearning.CompleteModulesGPExamples.confidence_convention' depends on axioms: [propext,
 Classical.choice,
 Quot.sound]
'SafeLearning.CompleteModulesGPExamples.power_function_numeric' depends on axioms: [propext,
 Classical.choice,
 Quot.sound]
'SafeLearning.CompleteModulesGPExamples.repeated_scalar_system' depends on axioms: [propext,
 Classical.choice,
 Quot.sound]
'SafeLearning.CompleteModulesGPExamples.repeated_variance_examples' depends on axioms: [propext,
 Classical.choice,
 Quot.sound]
'SafeLearning.CompleteModulesGPExamples.two_point_regularized_solves' depends on axioms: [propext,
 Classical.choice,
 Quot.sound]
'SafeLearning.CompleteModulesGPExamples.two_point_query_posterior' depends on axioms: [propext,
 Classical.choice,
 Quot.sound]
'SafeLearning.CompleteModulesGPExamples.misspecification_transfer' depends on axioms: [propext,
 Classical.choice,
 Quot.sound]
'SafeLearning.CompleteModulesGPExamples.misspecification_numeric' depends on axioms: [propext,
 Classical.choice,
 Quot.sound]
'SafeLearning.CompleteModulesGPExamples.information_gain_determinant' depends on axioms: [propext,
 Classical.choice,
 Quot.sound]
'SafeLearning.CompleteModulesGPExamples.realized_information_not_maximum' depends on axioms: [propext,
 Classical.choice,
 Quot.sound]
'SafeLearning.CompleteModulesGPExamples.confidence_multiplier_exact' depends on axioms: [propext,
 Classical.choice,
 Quot.sound]
'SafeLearning.CompleteModulesGPNumerics.exp_fourth_power_identity' depends on axioms: [propext,
 Classical.choice,
 Quot.sound]
'SafeLearning.CompleteModulesGPNumerics.log_twenty_enclosure' depends on axioms: [propext, Classical.choice, Quot.sound]
'SafeLearning.CompleteModulesGPNumerics.log_fifteen_fourths_enclosure' depends on axioms: [propext,
 Classical.choice,
 Quot.sound]
'SafeLearning.CompleteModulesGPNumerics.information_gain_printed_rounding' depends on axioms: [propext,
 Classical.choice,
 Quot.sound]
'SafeLearning.CompleteModulesGPNumerics.confidence_multiplier_decimal_enclosure' depends on axioms: [propext,
 Classical.choice,
 Quot.sound]
'SafeLearning.CompleteModulesGPNumerics.confidence_multiplier_printed_rounding' depends on axioms: [propext,
 Classical.choice,
 Quot.sound]
'SafeLearning.CompleteModulesGPNumerics.confidence_half_width_decimal_enclosure' depends on axioms: [propext,
 Classical.choice,
 Quot.sound]
'SafeLearning.CompleteModulesGPNumerics.confidence_half_width_printed_rounding' depends on axioms: [propext,
 Classical.choice,
 Quot.sound]
'SafeLearning.CompleteModulesGPNumerics.standard_deviation_of_nine_hundredths' depends on axioms: [propext,
 Classical.choice,
 Quot.sound]
'SafeLearning.CompleteModulesGPNumerics.general_inner_product_bound' depends on axioms: [propext,
 Classical.choice,
 Quot.sound]
'SafeLearning.CompleteModulesGramBridge.feature_gram_positive_semidefinite' depends on axioms: [propext,
 Classical.choice,
 Quot.sound]
'SafeLearning.CompleteModulesGramBridge.positive_regularization_gram_positive_definite' depends on axioms: [propext,
 Classical.choice,
 Quot.sound]
'SafeLearning.CompleteModulesGramBridge.positive_regularization_determinant_nonzero' depends on axioms: [propext,
 Classical.choice,
 Quot.sound]
'SafeLearning.CompleteModulesGramBridge.regularized_gram_action' depends on axioms: [propext,
 Classical.choice,
 Quot.sound]
'SafeLearning.CompleteModulesGramBridge.inverse_weights_solve_normal_system' depends on axioms: [propext,
 Classical.choice,
 Quot.sound]
'SafeLearning.CompleteModulesGramBridge.feature_gram_positive_definite_iff_independent' depends on axioms: [propext,
 Classical.choice,
 Quot.sound]
'SafeLearning.CompleteModulesGramBridge.actual_gram_entry' depends on axioms: [propext, Classical.choice, Quot.sound]
'SafeLearning.CompleteModulesGramBridge.actual_mean_is_matrix_posterior' depends on axioms: [propext,
 Classical.choice,
 Quot.sound]
'SafeLearning.CompleteModulesGramBridge.actual_inverse_mean_globally_minimizes_ridge' depends on axioms: [propext,
 Classical.choice,
 Quot.sound]
'SafeLearning.CompleteModulesGramBridge.actual_inverse_interpolant_data' depends on axioms: [propext,
 Classical.choice,
 Quot.sound]
'SafeLearning.CompleteModulesGramBridge.actual_inverse_interpolant_minimum_norm' depends on axioms: [propext,
 Classical.choice,
 Quot.sound]
'SafeLearning.CompleteModulesGramBridge.actual_inverse_interpolant_unique_minimum' depends on axioms: [propext,
 Classical.choice,
 Quot.sound]
'SafeLearning.CompleteModulesGramBridge.actual_inverse_interpolant_squared_norm' depends on axioms: [propext,
 Classical.choice,
 Quot.sound]
'SafeLearning.CompleteModulesGramBridge.actual_mean_zero_regularization_limit_in_rkhs' depends on axioms: [propext,
 Classical.choice,
 Quot.sound]
'SafeLearning.CompleteModulesInterpolantPower.actual_query_weights_solve' depends on axioms: [propext,
 Classical.choice,
 Quot.sound]
'SafeLearning.CompleteModulesInterpolantPower.power_squared_is_feature_variance' depends on axioms: [propext,
 Classical.choice,
 Quot.sound]
'SafeLearning.CompleteModulesInterpolantPower.actual_power_is_squared_residual_norm' depends on axioms: [propext,
 Classical.choice,
 Quot.sound]
'SafeLearning.CompleteModulesInterpolantPower.actual_power_nonnegative' depends on axioms: [propext,
 Classical.choice,
 Quot.sound]
'SafeLearning.CompleteModulesInterpolantPower.inverse_interpolant_is_query_weight_prediction' depends on axioms: [propext,
 Classical.choice,
 Quot.sound]
'SafeLearning.CompleteModulesInterpolantPower.actual_noise_free_interpolation_error' depends on axioms: [propext,
 Classical.choice,
 Quot.sound]
'SafeLearning.CompleteModulesInterpolantPower.actual_noise_free_interpolation_bound_sharp' depends on axioms: [propext,
 Classical.choice,
 Quot.sound]
'SafeLearning.CompleteModulesInvalidQC.coupled_multiplier_is_positive_semidefinite' depends on axioms: [propext,
 Classical.choice,
 Quot.sound]
'SafeLearning.CompleteModulesInvalidQC.coupled_multiplier_exact_eigenvalues' depends on axioms: [propext,
 Classical.choice,
 Quot.sound]
'SafeLearning.CompleteModulesInvalidQC.actual_book_coupled_relu_failure' depends on axioms: [propext,
 Classical.choice,
 Quot.sound]
'SafeLearning.CompleteModulesInvalidQC.actual_paper_coupled_relu_failure' depends on axioms: [propext,
 Classical.choice,
 Quot.sound]
'SafeLearning.CompleteModulesInvalidQC.positive_semidefiniteness_does_not_make_coupled_qc_valid' depends on axioms: [propext,
 Classical.choice,
 Quot.sound]
'SafeLearning.CompleteModulesInvalidQC.scalar_qc_practice_values' depends on axioms: [propext,
 Classical.choice,
 Quot.sound]
'SafeLearning.CompleteModulesInvalidQC.scalar_practice_admissible_pairs' depends on axioms: [propext,
 Classical.choice,
 Quot.sound]
'SafeLearning.CompleteModulesInvalidQC.diagonal_practice_sum_is_nine' depends on axioms: [propext,
 Classical.choice,
 Quot.sound]
'SafeLearning.CompleteModulesInvalidQC.negative_weight_invalidates_positive_scalar_qc' depends on axioms: [propext,
 Classical.choice,
 Quot.sound]
'SafeLearning.CompleteModulesInvalidQC.actual_slope_restriction_implies_sector' depends on axioms: [propext,
 Classical.choice,
 Quot.sound]
'SafeLearning.CompleteModulesInvalidQC.discontinuous_activation_obeys_sector' depends on axioms: [propext,
 Classical.choice,
 Quot.sound]
'SafeLearning.CompleteModulesInvalidQC.actual_sector_bound_does_not_imply_slope_restriction' depends on axioms: [propext,
 Classical.choice,
 Quot.sound]
'SafeLearning.CompleteModulesInverseSpectrum.actual_inverse_eigen_diagonalization' depends on axioms: [propext,
 Classical.choice,
 Quot.sound]
'SafeLearning.CompleteModulesInverseSpectrum.actual_inverse_spectral_norm_is_eigen_inverse_norm' depends on axioms: [propext,
 Classical.choice,
 Quot.sound]
'SafeLearning.CompleteModulesInverseSpectrum.actual_minimum_eigenvalue_is_positive' depends on axioms: [propext,
 Classical.choice,
 Quot.sound]
'SafeLearning.CompleteModulesInverseSpectrum.actual_minimum_eigenvalue_is_attained' depends on axioms: [propext,
 Classical.choice,
 Quot.sound]
'SafeLearning.CompleteModulesInverseSpectrum.actual_inverse_spectral_norm_is_exact_reciprocal' depends on axioms: [propext,
 Classical.choice,
 Quot.sound]
'SafeLearning.CompleteModulesInverseSpectrum.actual_inverse_norm_blows_up_at_singular_boundary' depends on axioms: [propext,
 Classical.choice,
 Quot.sound]
'SafeLearning.CompleteModulesKernel.combination_inner' depends on axioms: [propext, Classical.choice, Quot.sound]
'SafeLearning.CompleteModulesKernel.inner_combination' depends on axioms: [propext, Classical.choice, Quot.sound]
'SafeLearning.CompleteModulesKernel.gram_quadratic_eq_norm' depends on axioms: [propext, Classical.choice, Quot.sound]
'SafeLearning.CompleteModulesKernel.feature_kernel_gram_nonnegative' depends on axioms: [propext,
 Classical.choice,
 Quot.sound]
'SafeLearning.CompleteModulesKernel.kernel_distance_identity' depends on axioms: [propext, Classical.choice, Quot.sound]
'SafeLearning.CompleteModulesKernel.kernel_distance_is_feature_distance' depends on axioms: [propext,
 Classical.choice,
 Quot.sound]
'SafeLearning.CompleteModulesKernel.actual_feature_function_kernel_bound' depends on axioms: [propext,
 Classical.choice,
 Quot.sound]
'SafeLearning.CompleteModulesKernel.normal_system_combination_inner' depends on axioms: [propext,
 Classical.choice,
 Quot.sound]
'SafeLearning.CompleteModulesKernel.posterior_residual_norm_identity' depends on axioms: [propext,
 Classical.choice,
 Quot.sound]
'SafeLearning.CompleteModulesKernel.posterior_variance_nonnegative' depends on axioms: [propext,
 Classical.choice,
 Quot.sound]
'SafeLearning.CompleteModulesKernel.posterior_residual_norm_bound' depends on axioms: [propext,
 Classical.choice,
 Quot.sound]
'SafeLearning.CompleteModulesKernel.noiseless_posterior_error' depends on axioms: [propext,
 Classical.choice,
 Quot.sound]
'SafeLearning.CompleteModulesKernel.normal_operator_quadratic_identity' depends on axioms: [propext,
 Classical.choice,
 Quot.sound]
'SafeLearning.CompleteModulesKernel.positive_normal_operator_injective' depends on axioms: [propext,
 Classical.choice,
 Quot.sound]
'SafeLearning.CompleteModulesKernel.regularized_normal_system_exists_unique' depends on axioms: [propext,
 Classical.choice,
 Quot.sound]
'SafeLearning.CompleteModulesKernel.posterior_weights_solve_system' depends on axioms: [propext,
 Classical.choice,
 Quot.sound]
'SafeLearning.CompleteModulesKernel.actual_regularized_noiseless_error' depends on axioms: [propext,
 Classical.choice,
 Quot.sound]
'SafeLearning.CompleteModulesKernel.normal_system_fit_residual' depends on axioms: [propext,
 Classical.choice,
 Quot.sound]
'SafeLearning.CompleteModulesKernel.ridge_objective_gap_identity' depends on axioms: [propext,
 Classical.choice,
 Quot.sound]
'SafeLearning.CompleteModulesKernel.ridge_objective_global_minimum' depends on axioms: [propext,
 Classical.choice,
 Quot.sound]
'SafeLearning.CompleteModulesKernel.ridge_objective_minimum_unique' depends on axioms: [propext,
 Classical.choice,
 Quot.sound]
'SafeLearning.CompleteModulesKernel.ridge_minimizer_exists_unique' depends on axioms: [propext,
 Classical.choice,
 Quot.sound]
'SafeLearning.CompleteModulesKernel.squared_exponential_kernel_distance' depends on axioms: [propext,
 Classical.choice,
 Quot.sound]
'SafeLearning.CompleteModulesKernel.squared_exponential_function_lipschitz' depends on axioms: [propext,
 Classical.choice,
 Quot.sound]
'SafeLearning.CompleteModulesKernel.kernel_bound_equality_iff' depends on axioms: [propext,
 Classical.choice,
 Quot.sound]
'SafeLearning.CompleteModulesKernel.independent_gram_system_exists_unique' depends on axioms: [propext,
 Classical.choice,
 Quot.sound]
'SafeLearning.CompleteModulesKernel.interpolant_norm_gap' depends on axioms: [propext, Classical.choice, Quot.sound]
'SafeLearning.CompleteModulesKernel.interpolant_minimum_norm' depends on axioms: [propext, Classical.choice, Quot.sound]
'SafeLearning.CompleteModulesKernel.interpolant_minimum_unique' depends on axioms: [propext,
 Classical.choice,
 Quot.sound]
'SafeLearning.CompleteModulesKernel.scalar_section_reproduces' depends on axioms: [propext,
 Classical.choice,
 Quot.sound]
'SafeLearning.CompleteModulesKernel.scalar_kernel_is_actual_kernel' depends on axioms: [propext,
 Classical.choice,
 Quot.sound]
'SafeLearning.CompleteModulesKernel.actual_rkhs_kernel_bound' depends on axioms: [propext, Classical.choice, Quot.sound]
'SafeLearning.CompleteModulesKernel.actual_rkhs_kernel_equality' depends on axioms: [propext,
 Classical.choice,
 Quot.sound]
'SafeLearning.CompleteModulesKernel.actual_rkhs_se_lipschitz' depends on axioms: [propext, Classical.choice, Quot.sound]
'SafeLearning.CompleteModulesKernel.actual_ridge_objective_is_feature_objective' depends on axioms: [propext,
 Classical.choice,
 Quot.sound]
'SafeLearning.CompleteModulesKernel.actual_rkhs_ridge_minimizer_exists_unique' depends on axioms: [propext,
 Classical.choice,
 Quot.sound]
'SafeLearning.CompleteModulesKernel.actual_rkhs_ridge_solution' depends on axioms: [propext,
 Classical.choice,
 Quot.sound]
'SafeLearning.CompleteModulesKernelConstruction.operator_kernel_applies' depends on axioms: [propext,
 Classical.choice,
 Quot.sound]
'SafeLearning.CompleteModulesKernelConstruction.scalar_kernel_operator_positive' depends on axioms: [propext,
 Classical.choice,
 Quot.sound]
'SafeLearning.CompleteModulesKernelConstruction.constructed_kernel_is_given' depends on axioms: [propext,
 Classical.choice,
 Quot.sound]
'SafeLearning.CompleteModulesKernelConstruction.constructed_sections_reproduce' depends on axioms: [propext,
 Classical.choice,
 Quot.sound]
'SafeLearning.CompleteModulesKernelConstruction.constructed_section_evaluates' depends on axioms: [propext,
 Classical.choice,
 Quot.sound]
'SafeLearning.CompleteModulesKernelConstruction.constructed_section_inner' depends on axioms: [propext,
 Classical.choice,
 Quot.sound]
'SafeLearning.CompleteModulesKernelConstruction.constructed_finite_expansion_evaluates' depends on axioms: [propext,
 Classical.choice,
 Quot.sound]
'SafeLearning.CompleteModulesKernelConstruction.constructed_finite_expansion_squared_norm' depends on axioms: [propext,
 Classical.choice,
 Quot.sound]
'SafeLearning.CompleteModulesKernelConstruction.constructed_kernel_sections_dense' depends on axioms: [propext,
 Classical.choice,
 Quot.sound]
'SafeLearning.CompleteModulesKernelCorollaries.noiseless_residual_orthogonal' depends on axioms: [propext,
 Classical.choice,
 Quot.sound]
'SafeLearning.CompleteModulesKernelCorollaries.noiseless_residual_target_inner' depends on axioms: [propext,
 Classical.choice,
 Quot.sound]
'SafeLearning.CompleteModulesKernelCorollaries.sharp_residual_function_norm' depends on axioms: [propext,
 Classical.choice,
 Quot.sound]
'SafeLearning.CompleteModulesKernelCorollaries.sharp_residual_function_has_zero_data' depends on axioms: [propext,
 Classical.choice,
 Quot.sound]
'SafeLearning.CompleteModulesKernelCorollaries.sharp_residual_function_attains_error' depends on axioms: [propext,
 Classical.choice,
 Quot.sound]
'SafeLearning.CompleteModulesKernelCorollaries.zero_power_function_is_exact' depends on axioms: [propext,
 Classical.choice,
 Quot.sound]
'SafeLearning.CompleteModulesKernelCorollaries.singleton_residual_squared_norm' depends on axioms: [propext,
 Classical.choice,
 Quot.sound]
'SafeLearning.CompleteModulesKernelCorollaries.singleton_noiseless_error' depends on axioms: [propext,
 Classical.choice,
 Quot.sound]
'SafeLearning.CompleteModulesKernelCorollaries.singleton_noiseless_numeric' depends on axioms: [propext,
 Classical.choice,
 Quot.sound]
'SafeLearning.CompleteModulesKernelCorollaries.equal_evaluations_equal_functions' depends on axioms: [propext,
 Classical.choice,
 Quot.sound]
'SafeLearning.CompleteModulesKernelCorollaries.equal_evaluations_equal_norms' depends on axioms: [propext,
 Classical.choice,
 Quot.sound]
'SafeLearning.CompleteModulesKernelCorollaries.actual_singleton_noiseless_numeric' depends on axioms: [propext,
 Classical.choice,
 Quot.sound]
'SafeLearning.CompleteModulesKernelFunctional.actual_linear_kernel_section' depends on axioms: [propext,
 Classical.choice,
 Quot.sound]
'SafeLearning.CompleteModulesKernelFunctional.actual_linear_kernel_formula' depends on axioms: [propext,
 Classical.choice,
 Quot.sound]
'SafeLearning.CompleteModulesKernelFunctional.posterior_functional_evaluates' depends on axioms: [propext,
 Classical.choice,
 Quot.sound]
'SafeLearning.CompleteModulesKernelFunctional.posterior_mean_second_order_remainder' depends on axioms: [propext,
 Classical.choice,
 Quot.sound]
'SafeLearning.CompleteModulesKernelFunctional.inverse_cube_isBigO_inverse_square' depends on axioms: [propext,
 Classical.choice,
 Quot.sound]
'SafeLearning.CompleteModulesKernelFunctional.posterior_mean_leading_term' depends on axioms: [propext,
 Classical.choice,
 Quot.sound]
'SafeLearning.CompleteModulesKernelFunctional.posterior_variance_second_order_remainder' depends on axioms: [propext,
 Classical.choice,
 Quot.sound]
'SafeLearning.CompleteModulesKernelMetric.kernel_distance_nonnegative' depends on axioms: [propext,
 Classical.choice,
 Quot.sound]
'SafeLearning.CompleteModulesKernelMetric.kernel_distance_self' depends on axioms: [propext,
 Classical.choice,
 Quot.sound]
'SafeLearning.CompleteModulesKernelMetric.kernel_distance_symmetric' depends on axioms: [propext,
 Classical.choice,
 Quot.sound]
'SafeLearning.CompleteModulesKernelMetric.kernel_distance_triangle' depends on axioms: [propext,
 Classical.choice,
 Quot.sound]
'SafeLearning.CompleteModulesKernelMetric.kernel_distance_zero_iff' depends on axioms: [propext,
 Classical.choice,
 Quot.sound]
'SafeLearning.CompleteModulesKernelMetric.kernel_distance_squared_identity' depends on axioms: [propext,
 Classical.choice,
 Quot.sound]
'SafeLearning.CompleteModulesKernelMetric.kernel_distance_separates_iff_injective' depends on axioms: [propext,
 Classical.choice,
 Quot.sound]
'SafeLearning.CompleteModulesKernelMetric.constant_kernel_does_not_separate' depends on axioms: [propext,
 Classical.choice,
 Quot.sound]
'SafeLearning.CompleteModulesKernelMetric.strictly_positive_two_point_gram_gives_injectivity' depends on axioms: [propext,
 Classical.choice,
 Quot.sound]
'SafeLearning.CompleteModulesKernelMetric.se_distance_bounded' depends on axioms: [propext,
 Classical.choice,
 Quot.sound]
'SafeLearning.CompleteModulesKernelMetric.point_evaluation_bound' depends on axioms: [propext,
 Classical.choice,
 Quot.sound]
'SafeLearning.CompleteModulesKernelMetric.norm_zero_is_zero_function' depends on axioms: [propext,
 Classical.choice,
 Quot.sound]
'SafeLearning.CompleteModulesLipSDP.scalar_slope_quadratic_constraint' depends on axioms: [propext,
 Classical.choice,
 Quot.sound]
'SafeLearning.CompleteModulesLipSDP.relu_slope_restricted' depends on axioms: [propext, Classical.choice, Quot.sound]
'SafeLearning.CompleteModulesLipSDP.quadratic_add' depends on axioms: [propext, Classical.choice, Quot.sound]
'SafeLearning.CompleteModulesLipSDP.quadratic_sub' depends on axioms: [propext, Classical.choice, Quot.sound]
'SafeLearning.CompleteModulesLipSDP.quadratic_smul' depends on axioms: [propext, Classical.choice, Quot.sound]
'SafeLearning.CompleteModulesLipSDP.negative_semidefinite_quadratic' depends on axioms: [propext,
 Classical.choice,
 Quot.sound]
'SafeLearning.CompleteModulesLipSDP.squared_norm_of_coordinates' depends on axioms: [propext,
 Classical.choice,
 Quot.sound]
'SafeLearning.CompleteModulesLipSDP.quadratic_gram' depends on axioms: [propext, Classical.choice, Quot.sound]
'SafeLearning.CompleteModulesLipSDP.quadratic_diagonal_pullback' depends on axioms: [propext,
 Classical.choice,
 Quot.sound]
'SafeLearning.CompleteModulesLipSDP.certificate_quadratic_identity' depends on axioms: [propext,
 Classical.choice,
 Quot.sound]
'SafeLearning.CompleteModulesLipSDP.finite_lifted_lipsdp_soundness' depends on axioms: [propext,
 Classical.choice,
 Quot.sound]
'SafeLearning.CompleteModulesLipSDPConvex.actual_block_certificate_is_affine' depends on axioms: [propext,
 Classical.choice,
 Quot.sound]
'SafeLearning.CompleteModulesLipSDPConvex.actual_neuron_sdp_feasible_set_is_convex' depends on axioms: [propext,
 Classical.choice,
 Quot.sound]
'SafeLearning.CompleteModulesLipSDPConvex.actual_neuron_sdp_objective_is_convex' depends on axioms: [propext,
 Classical.choice,
 Quot.sound]
'SafeLearning.CompleteModulesLipSDPConvex.actual_neuron_sdp_has_no_nonglobal_local_minimum' depends on axioms: [propext,
 Classical.choice,
 Quot.sound]
'SafeLearning.CompleteModulesLipSDPConvex.diagonal_multiplier_cone_is_convex' depends on axioms: [propext,
 Classical.choice,
 Quot.sound]
'SafeLearning.CompleteModulesLipSDPNetwork.canonical_certificate_is_stated_block_matrix' depends on axioms: [propext,
 Classical.choice,
 Quot.sound]
'SafeLearning.CompleteModulesLipSDPNetwork.actual_network_lipsdp_soundness' depends on axioms: [propext,
 Classical.choice,
 Quot.sound]
'SafeLearning.CompleteModulesLipSDPNetwork.actual_block_matrix_certificate_bounds_network' depends on axioms: [propext,
 Classical.choice,
 Quot.sound]
'SafeLearning.CompleteModulesLipSDPProduct.actual_spectral_matrix_gain' depends on axioms: [propext,
 Classical.choice,
 Quot.sound]
'SafeLearning.CompleteModulesLipSDPProduct.slope_restricted_hidden_nonexpansive' depends on axioms: [propext,
 Classical.choice,
 Quot.sound]
'SafeLearning.CompleteModulesLipSDPProduct.actual_network_product_bound' depends on axioms: [propext,
 Classical.choice,
 Quot.sound]
'SafeLearning.CompleteModulesLipSDPProduct.layer_certificate_is_product_matrix' depends on axioms: [propext,
 Classical.choice,
 Quot.sound]
'SafeLearning.CompleteModulesLipSDPProduct.product_certificate_is_hermitian' depends on axioms: [propext,
 Classical.choice,
 Quot.sound]
'SafeLearning.CompleteModulesLipSDPProduct.product_matrix_quadratic_identity' depends on axioms: [propext,
 Classical.choice,
 Quot.sound]
'SafeLearning.CompleteModulesLipSDPProduct.product_bound_is_actual_lipsdp_feasible' depends on axioms: [propext,
 Classical.choice,
 Quot.sound]
'SafeLearning.CompleteModulesLipSDPProduct.actual_layer_optimization_never_exceeds_product' depends on axioms: [propext,
 Classical.choice,
 Quot.sound]
'SafeLearning.CompleteModulesLipSDPProduct.actual_layer_optimum_is_nonnegative' depends on axioms: [propext,
 Classical.choice,
 Quot.sound]
'SafeLearning.CompleteModulesLipSDPWalkthrough.actual_spectral_norm_le_of_quadratic_bound' depends on axioms: [propext,
 Classical.choice,
 Quot.sound]
'SafeLearning.CompleteModulesLipSDPWalkthrough.walkthrough_first_coordinate_energy' depends on axioms: [propext,
 Classical.choice,
 Quot.sound]
'SafeLearning.CompleteModulesLipSDPWalkthrough.walkthrough_last_coordinate_energy' depends on axioms: [propext,
 Classical.choice,
 Quot.sound]
'SafeLearning.CompleteModulesLipSDPWalkthrough.walkthrough_first_actual_spectral_norm_squared' depends on axioms: [propext,
 Classical.choice,
 Quot.sound]
'SafeLearning.CompleteModulesLipSDPWalkthrough.walkthrough_last_actual_spectral_norm_squared' depends on axioms: [propext,
 Classical.choice,
 Quot.sound]
'SafeLearning.CompleteModulesLipSDPWalkthrough.walkthrough_product_feasible_point' depends on axioms: [propext,
 Classical.choice,
 Quot.sound]
'SafeLearning.CompleteModulesLipSDPWalkthrough.walkthrough_product_gain_is_four' depends on axioms: [propext,
 Classical.choice,
 Quot.sound]
'SafeLearning.CompleteModulesLipSDPWalkthrough.walkthrough_optimal_layer_gain_le_four' depends on axioms: [propext,
 Classical.choice,
 Quot.sound]
'SafeLearning.CompleteModulesLogDet.actual_determinant_multilinear_derivative' depends on axioms: [propext,
 Classical.choice,
 Quot.sound]
'SafeLearning.CompleteModulesLogDet.actual_determinant_has_frechet_derivative' depends on axioms: [propext,
 Classical.choice,
 Quot.sound]
'SafeLearning.CompleteModulesLogDet.inverse_trace_functional_is_scaled_adjugate' depends on axioms: [propext,
 Classical.choice,
 Quot.sound]
'SafeLearning.CompleteModulesLogDet.actual_logdet_has_frechet_derivative' depends on axioms: [propext,
 Classical.choice,
 Quot.sound]
'SafeLearning.CompleteModulesLogDet.actual_logdet_curve_derivative' depends on axioms: [propext,
 Classical.choice,
 Quot.sound]
'SafeLearning.CompleteModulesMatrixError.actual_quadratic_error_is_bounded_by_spectral_norm' depends on axioms: [propext,
 Classical.choice,
 Quot.sound]
'SafeLearning.CompleteModulesMatrixError.actual_quadratic_shift' depends on axioms: [propext,
 Classical.choice,
 Quot.sound]
'SafeLearning.CompleteModulesMatrixError.actual_validated_matrix_margin_certifies_positive_definiteness' depends on axioms: [propext,
 Classical.choice,
 Quot.sound]
'SafeLearning.CompleteModulesMatrixError.actual_near_singular_matrix_is_positive' depends on axioms: [propext,
 Classical.choice,
 Quot.sound]
'SafeLearning.CompleteModulesMatrixError.actual_near_singular_matrix_is_not_positive' depends on axioms: [propext,
 Classical.choice,
 Quot.sound]
'SafeLearning.CompleteModulesMatrixError.actual_opposite_feasibility_matrices_are_arbitrarily_close' depends on axioms: [propext,
 Classical.choice,
 Quot.sound]
'SafeLearning.CompleteModulesMatrixError.actual_small_absolute_error_can_reverse_both_feasibility_decisions' depends on axioms: [propext,
 Classical.choice,
 Quot.sound]
'SafeLearning.CompleteModulesMatrixGP.inverse_zero_regularization_limit' depends on axioms: [propext,
 Classical.choice,
 Quot.sound]
'SafeLearning.CompleteModulesMatrixGP.mulVec_of_matrix_limit' depends on axioms: [propext, Classical.choice, Quot.sound]
'SafeLearning.CompleteModulesMatrixGP.dotProduct_of_vector_limit' depends on axioms: [propext,
 Classical.choice,
 Quot.sound]
'SafeLearning.CompleteModulesMatrixGP.posterior_mean_zero_regularization_limit' depends on axioms: [propext,
 Classical.choice,
 Quot.sound]
'SafeLearning.CompleteModulesMatrixGP.posterior_variance_zero_regularization_limit' depends on axioms: [propext,
 Classical.choice,
 Quot.sound]
'SafeLearning.CompleteModulesMatrixGP.regularized_solve_is_inverse_solution' depends on axioms: [propext,
 Classical.choice,
 Quot.sound]
'SafeLearning.CompleteModulesMatrixGP.normalized_inverse_small_parameter_limit' depends on axioms: [propext,
 Classical.choice,
 Quot.sound]
'SafeLearning.CompleteModulesMatrixGP.normalized_inverse_second_order' depends on axioms: [propext,
 Classical.choice,
 Quot.sound]
'SafeLearning.CompleteModulesMatrixGP.normalized_inverse_large_regularization_limit' depends on axioms: [propext,
 Classical.choice,
 Quot.sound]
'SafeLearning.CompleteModulesMatrixGP.regularized_inverse_eventual_scaling' depends on axioms: [propext,
 Classical.choice,
 Quot.sound]
'SafeLearning.CompleteModulesMatrixGP.inverse_infinite_regularization_limit' depends on axioms: [propext,
 Classical.choice,
 Quot.sound]
'SafeLearning.CompleteModulesMatrixGP.posterior_mean_infinite_regularization_limit' depends on axioms: [propext,
 Classical.choice,
 Quot.sound]
'SafeLearning.CompleteModulesMatrixGP.posterior_variance_infinite_regularization_limit' depends on axioms: [propext,
 Classical.choice,
 Quot.sound]
'SafeLearning.CompleteModulesMatrixGP.inverse_infinite_regularization_second_order_remainder' depends on axioms: [propext,
 Classical.choice,
 Quot.sound]
'SafeLearning.CompleteModulesNetworks.two_neuron_max_affine' depends on axioms: [propext, Classical.choice, Quot.sound]
'SafeLearning.CompleteModulesNetworks.abs_max_pair_bound' depends on axioms: [propext, Classical.choice, Quot.sound]
'SafeLearning.CompleteModulesNetworks.linear_gradient_l2' depends on axioms: [propext, Classical.choice, Quot.sound]
'SafeLearning.CompleteModulesNetworks.two_neuron_lipschitz_l2' depends on axioms: [propext,
 Classical.choice,
 Quot.sound]
'SafeLearning.CompleteModulesNetworks.linear_gradient_box' depends on axioms: [propext, Classical.choice, Quot.sound]
'SafeLearning.CompleteModulesNetworks.two_neuron_lipschitz_box' depends on axioms: [propext,
 Classical.choice,
 Quot.sound]
'SafeLearning.CompleteModulesNetworks.physical_correction_box' depends on axioms: [propext,
 Classical.choice,
 Quot.sound]
'SafeLearning.CompleteModulesNetworks.physical_box_bound_attained' depends on axioms: [propext,
 Classical.choice,
 Quot.sound]
'SafeLearning.CompleteModulesNetworks.exact_l2_slope_attained' depends on axioms: [propext,
 Classical.choice,
 Quot.sound]
'SafeLearning.CompleteModulesNetworks.exact_l2_gain_necessary' depends on axioms: [propext,
 Classical.choice,
 Quot.sound]
'SafeLearning.CompleteModulesNetworks.relu_incremental_sector' depends on axioms: [propext,
 Classical.choice,
 Quot.sound]
'SafeLearning.CompleteModulesNetworks.diagonal_relu_incremental_qc' depends on axioms: [propext,
 Classical.choice,
 Quot.sound]
'SafeLearning.CompleteModulesNetworks.leaky_relu_incremental_sector' depends on axioms: [propext,
 Classical.choice,
 Quot.sound]
'SafeLearning.CompleteModulesNetworks.affine_interval_center_radius' depends on axioms: [propext,
 Classical.choice,
 Quot.sound]
'SafeLearning.CompleteModulesNetworks.affine_interval_upper_attained' depends on axioms: [propext,
 Classical.choice,
 Quot.sound]
'SafeLearning.CompleteModulesNetworks.affine_interval_lower_attained' depends on axioms: [propext,
 Classical.choice,
 Quot.sound]
'SafeLearning.CompleteModulesNetworks.relu_interval_sound' depends on axioms: [propext, Classical.choice, Quot.sound]
'SafeLearning.CompleteModulesNetworks.relu_triangle_general' depends on axioms: [propext, Classical.choice, Quot.sound]
'SafeLearning.CompleteModulesNetworks.relu_lower_line_general' depends on axioms: [propext,
 Classical.choice,
 Quot.sound]
'SafeLearning.CompleteModulesNetworks.approximate_orthogonal_operator' depends on axioms: [propext,
 Classical.choice,
 Quot.sound]
'SafeLearning.CompleteModulesNetworks.finite_stage_lipschitz_composition' depends on axioms: [propext,
 Classical.choice,
 Quot.sound]
'SafeLearning.CompleteModulesPosterior.residual_objective_at_solution' depends on axioms: [propext,
 Classical.choice,
 Quot.sound]
'SafeLearning.CompleteModulesPosterior.residual_objective_gap' depends on axioms: [propext,
 Classical.choice,
 Quot.sound]
'SafeLearning.CompleteModulesPosterior.residual_objective_global_minimum' depends on axioms: [propext,
 Classical.choice,
 Quot.sound]
'SafeLearning.CompleteModulesPosterior.posterior_variance_regularization_monotone' depends on axioms: [propext,
 Classical.choice,
 Quot.sound]
'SafeLearning.CompleteModulesPosterior.actual_posterior_regularization_monotone' depends on axioms: [propext,
 Classical.choice,
 Quot.sound]
'SafeLearning.CompleteModulesRKHSStructure.evaluation_functional_evaluates' depends on axioms: [propext,
 Classical.choice,
 Quot.sound]
'SafeLearning.CompleteModulesRKHSStructure.evaluation_functional_is_linear' depends on axioms: [propext,
 Classical.choice,
 Quot.sound]
'SafeLearning.CompleteModulesRKHSStructure.evaluation_functional_is_bounded' depends on axioms: [propext,
 Classical.choice,
 Quot.sound]
'SafeLearning.CompleteModulesRKHSStructure.rkhs_with_same_kernel_unique' depends on axioms: [propext,
 Classical.choice,
 Quot.sound]
'SafeLearning.CompleteModulesRKHSStructure.finite_expansion_cross_inner' depends on axioms: [propext,
 Classical.choice,
 Quot.sound]
'SafeLearning.CompleteModulesRKHSStructure.linear_function_evaluation' depends on axioms: [propext,
 Classical.choice,
 Quot.sound]
'SafeLearning.CompleteModulesRKHSStructure.linear_function_norm_and_evaluation' depends on axioms: [propext,
 Classical.choice,
 Quot.sound]
'SafeLearning.CompleteModulesRKHSStructure.linear_reproducing_property' depends on axioms: [propext,
 Classical.choice,
 Quot.sound]
'SafeLearning.CompleteModulesRKHSStructure.linear_representing_function' depends on axioms: [propext,
 Classical.choice,
 Quot.sound]
'SafeLearning.CompleteModulesRepresenter.every_regularized_minimizer_has_finite_representation' depends on axioms: [propext,
 Classical.choice,
 Quot.sound]
'SafeLearning.CompleteModulesRepresenter.actual_rkhs_representer_theorem' depends on axioms: [propext,
 Classical.choice,
 Quot.sound]
'SafeLearning.CompleteModulesRepresenter.finite_rkhs_expansion_evaluates' depends on axioms: [propext,
 Classical.choice,
 Quot.sound]
'SafeLearning.CompleteModulesSafeExploration.no_lipschitz_jump_over_unsafe' depends on axioms: [propext,
 Classical.choice,
 Quot.sound]
'SafeLearning.CompleteModulesSafeExploration.safeopt_never_crosses_unsafe' depends on axioms: [propext,
 Classical.choice,
 Quot.sound]
'SafeLearning.CompleteModulesSafeExploration.asymmetric_noise_query_safety' depends on axioms: [propext,
 Classical.choice,
 Quot.sound]
'SafeLearning.CompleteModulesSafeExploration.general_modulus_safety_transfer' depends on axioms: [propext,
 Classical.choice,
 Quot.sound]
'SafeLearning.CompleteModulesSafeExploration.holder_query_safety' depends on axioms: [propext,
 Classical.choice,
 Quot.sound]
'SafeLearning.CompleteModulesSafeExploration.lipschitz_query_safety' depends on axioms: [propext,
 Classical.choice,
 Quot.sound]
'SafeLearning.CompleteModulesSafeExploration.downward_cone_is_lipschitz' depends on axioms: [propext,
 Classical.choice,
 Quot.sound]
'SafeLearning.CompleteModulesSafeExploration.downward_cone_matches_observation' depends on axioms: [propext,
 Classical.choice,
 Quot.sound]
'SafeLearning.CompleteModulesSafeExploration.beyond_cone_is_unsafe' depends on axioms: [propext,
 Classical.choice,
 Quot.sound]
'SafeLearning.CompleteModulesSafeExploration.holder_half_radius' depends on axioms: [propext,
 Classical.choice,
 Quot.sound]
'SafeLearning.CompleteModulesSafeExploration.holder_half_beats_lipschitz' depends on axioms: [propext,
 Classical.choice,
 Quot.sound]
'SafeLearning.CompleteModulesSafeExploration.negative_slack_has_no_modulus_ball' depends on axioms: [propext,
 Classical.choice,
 Quot.sound]
'SafeLearning.CompleteModulesSafeExploration.holder_radius_example' depends on axioms: [propext,
 Classical.choice,
 Quot.sound]
'SafeLearning.CompleteModulesSafeExploration.holder_general_radius' depends on axioms: [propext,
 Classical.choice,
 Quot.sound]
'SafeLearning.CompleteModulesSafeExploration.trajectory_suffix_infimum' depends on axioms: [propext,
 Classical.choice,
 Quot.sound]
'SafeLearning.CompleteModulesSafeExploration.flow_restart_trajectory_suffix' depends on axioms: [propext,
 Classical.choice,
 Quot.sound]
'SafeLearning.CompleteModulesSafeExploration.nonnegative_budget_suffix' depends on axioms: [propext,
 Classical.choice,
 Quot.sound]
'SafeLearning.CompleteModulesSafeExploration.pointwise_prefix_tail_composes' depends on axioms: [propext,
 Classical.choice,
 Quot.sound]
'SafeLearning.CompleteModulesSafeExploration.budget_prefix_tail_does_not_compose' depends on axioms: [propext,
 Classical.choice,
 Quot.sound]
'SafeLearning.CompleteModulesScalarSDP.negative_scalar_schur_iff' depends on axioms: [propext,
 Classical.choice,
 Quot.sound]
'SafeLearning.CompleteModulesScalarSDP.scalar_lipsdp_feasibility_iff' depends on axioms: [propext,
 Classical.choice,
 Quot.sound]
'SafeLearning.CompleteModulesScalarSDP.scalar_rho_gap_identity' depends on axioms: [propext,
 Classical.choice,
 Quot.sound]
'SafeLearning.CompleteModulesScalarSDP.scalar_rho_global_lower' depends on axioms: [propext,
 Classical.choice,
 Quot.sound]
'SafeLearning.CompleteModulesScalarSDP.scalar_optimal_multiplier_domain' depends on axioms: [propext,
 Classical.choice,
 Quot.sound]
'SafeLearning.CompleteModulesScalarSDP.scalar_optimal_rho_attained' depends on axioms: [propext,
 Classical.choice,
 Quot.sound]
'SafeLearning.CompleteModulesScalarSDP.scalar_relu_certificate' depends on axioms: [propext,
 Classical.choice,
 Quot.sound]
'SafeLearning.CompleteModulesScalarSDP.scalar_relu_upper' depends on axioms: [propext, Classical.choice, Quot.sound]
'SafeLearning.CompleteModulesScalarSDP.scalar_relu_exact_gain_necessary' depends on axioms: [propext,
 Classical.choice,
 Quot.sound]
'SafeLearning.CompleteModulesScalarSDP.scalar_relu_example' depends on axioms: [propext, Classical.choice, Quot.sound]
'SafeLearning.CompleteModulesSectorExamples.actual_nonmonotone_sector_formula' depends on axioms: [propext,
 Classical.choice,
 Quot.sound]
'SafeLearning.CompleteModulesSectorExamples.actual_nonmonotone_function_obeys_sector' depends on axioms: [propext,
 Classical.choice,
 Quot.sound]
'SafeLearning.CompleteModulesSectorExamples.sector_bounded_function_need_not_be_monotone' depends on axioms: [propext,
 Classical.choice,
 Quot.sound]
'SafeLearning.CompleteModulesSectorExamples.sector_bounded_function_need_not_be_slope_restricted' depends on axioms: [propext,
 Classical.choice,
 Quot.sound]
'SafeLearning.CompleteModulesSectorExamples.actual_maxmin_violates_elementwise_diagonal_qc' depends on axioms: [propext,
 Classical.choice,
 Quot.sound]
'SafeLearning.CompleteModulesSectorExamples.maxmin_preserves_sum' depends on axioms: [propext,
 Classical.choice,
 Quot.sound]
'SafeLearning.CompleteModulesSectorExamples.maxmin_preserves_squared_norm' depends on axioms: [propext,
 Classical.choice,
 Quot.sound]
'SafeLearning.CompleteModulesSectorExamples.maxmin_is_euclidean_nonexpansive' depends on axioms: [propext,
 Classical.choice,
 Quot.sound]
'SafeLearning.CompleteModulesSylvester.actual_scalar_matrix_positive_definite_of_positive_determinant' depends on axioms: [propext,
 Classical.choice,
 Quot.sound]
'SafeLearning.CompleteModulesSylvester.actual_last_schur_block_is_positive_definite' depends on axioms: [propext,
 Classical.choice,
 Quot.sound]
'SafeLearning.CompleteModulesSylvester.actual_symmetric_matrix_with_positive_leading_minors_is_positive_definite' depends on axioms: [propext,
 Classical.choice,
 Quot.sound]
'SafeLearning.CompleteModulesSylvester.actual_sylvester_criterion' depends on axioms: [propext,
 Classical.choice,
 Quot.sound]
'SafeLearning.CompleteModulesTheory.finite_failure_union' depends on axioms: [propext, Classical.choice, Quot.sound]
'SafeLearning.CompleteModulesTheory.simultaneous_success' depends on axioms: [propext, Classical.choice, Quot.sound]
'SafeLearning.CompleteModulesTheory.equal_fleet_failure' depends on axioms: [propext, Classical.choice, Quot.sound]
'SafeLearning.CompleteModulesTheory.independent_success_product' depends on axioms: [propext,
 Classical.choice,
 Quot.sound]
'SafeLearning.CompleteModulesTheory.independent_success_lower' depends on axioms: [propext,
 Classical.choice,
 Quot.sound]
'SafeLearning.CompleteModulesTheory.delayed_deterministic_discounted_violation' depends on axioms: [propext,
 Classical.choice,
 Quot.sound]
'SafeLearning.CompleteModulesTheory.positive_block_schur' depends on axioms: [propext, Classical.choice, Quot.sound]
'SafeLearning.CompleteModulesTheory.positive_block_schur_lower' depends on axioms: [propext,
 Classical.choice,
 Quot.sound]
'SafeLearning.CompleteModulesTheory.tanh_derivative' depends on axioms: [propext, Classical.choice, Quot.sound]
'SafeLearning.CompleteModulesTheory.tanh_derivative_bounds' depends on axioms: [propext, Classical.choice, Quot.sound]
'SafeLearning.CompleteModulesTheory.tanh_lipschitz' depends on axioms: [propext, Classical.choice, Quot.sound]
'SafeLearning.CompleteModulesTheory.tanh_monotone' depends on axioms: [propext, Classical.choice, Quot.sound]
'SafeLearning.CompleteModulesTheory.tanh_incremental_sector' depends on axioms: [propext, Classical.choice, Quot.sound]
'SafeLearning.CompleteModulesTheory.tanh_global_sector' depends on axioms: [propext, Classical.choice, Quot.sound]
'SafeLearning.CompleteModulesTheory.tanh_concave_nonnegative' depends on axioms: [propext, Classical.choice, Quot.sound]
'SafeLearning.CompleteModulesTheory.tanh_chord_lower' depends on axioms: [propext, Classical.choice, Quot.sound]
'SafeLearning.CompleteModulesTheory.tanh_local_origin_sector' depends on axioms: [propext, Classical.choice, Quot.sound]
'SafeLearning.CompleteModulesTheory.neural_thermal_derivative' depends on axioms: [propext,
 Classical.choice,
 Quot.sound]
'SafeLearning.CompleteModulesTheory.neural_thermal_lipschitz' depends on axioms: [propext, Classical.choice, Quot.sound]
'SafeLearning.CompleteModulesTheory.neural_thermal_origin_contraction' depends on axioms: [propext,
 Classical.choice,
 Quot.sound]
'SafeLearning.CompleteModulesTheory.neural_thermal_bias_disturbance' depends on axioms: [propext,
 Classical.choice,
 Quot.sound]
'SafeLearning.CompleteModulesTheory.biased_actuator_within_limit' depends on axioms: [propext,
 Classical.choice,
 Quot.sound]
'SafeLearning.CompleteModulesTheory.tube_ultimate_bound' depends on axioms: [propext, Classical.choice, Quot.sound]
'SafeLearning.CompleteModulesTheory.biased_neural_recursive_containment' depends on axioms: [propext,
 Classical.choice,
 Quot.sound]
'SafeLearning.CompleteModulesTheory.biased_neural_ultimate_radius' depends on axioms: [propext,
 Classical.choice,
 Quot.sound]
'SafeLearning.CompleteModulesTheory.confidence_recommendation' depends on axioms: [propext,
 Classical.choice,
 Quot.sound]
'SafeLearning.CompleteModulesTheory.sampling_grid_margin' depends on axioms: [propext, Classical.choice, Quot.sound]
'SafeLearning.CompleteModulesTheory.multiple_constraint_witnesses' depends on axioms: [propext,
 Classical.choice,
 Quot.sound]
'SafeLearning.CompleteModulesValues.finite_discounted_doomed_bound' depends on axioms: [propext,
 Classical.choice,
 Quot.sound]
'SafeLearning.CompleteModulesValues.supremum_doomed_bound' depends on axioms: [propext, Classical.choice, Quot.sound]
'SafeLearning.CompleteModulesValues.doomed_example' depends on axioms: [propext, Classical.choice, Quot.sound]
'SafeLearning.CompleteModulesValues.negative_reward_extension_reverses' depends on axioms: [propext,
 Classical.choice,
 Quot.sound]
'SafeLearning.CompleteModulesValues.two_step_slope_bound' depends on axioms: [propext, Classical.choice, Quot.sound]
'SafeLearning.CompleteModulesValues.slow_slope_strictly_better' depends on axioms: [propext,
 Classical.choice,
 Quot.sound]
'SafeLearning.CompleteModulesValues.negative_reward_slope_bound_false' depends on axioms: [propext,
 Classical.choice,
 Quot.sound]
'SafeLearning.CompleteModulesValues.every_binary_optimizer_safe_iff' depends on axioms: [propext,
 Classical.choice,
 Quot.sound]
'SafeLearning.CompleteModulesValues.equality_retains_unsafe_optimizer' depends on axioms: [propext,
 Classical.choice,
 Quot.sound]
'SafeLearning.CompleteModulesValues.arrival_time_example' depends on axioms: [propext, Classical.choice, Quot.sound]
'SafeLearning.CompleteModulesValues.contraction_residual_bound' depends on axioms: [propext,
 Classical.choice,
 Quot.sound]
'SafeLearning.CompleteModulesValues.bellman_residual_example' depends on axioms: [propext, Classical.choice, Quot.sound]
'SafeLearning.CompleteProjectDomains.zero_lipschitz_on_constant' depends on axioms: [propext,
 Classical.choice,
 Quot.sound]
'SafeLearning.CompleteProjectDomains.domain_lower_certificate' depends on axioms: [propext,
 Classical.choice,
 Quot.sound]
'SafeLearning.CompleteProjectDomains.operating_interval_certificate' depends on axioms: [propext,
 Classical.choice,
 Quot.sound]
'SafeLearning.CompleteProjectDomains.negative_domain_lower_underdetermined' depends on axioms: [propext,
 Classical.choice,
 Quot.sound]
'SafeLearning.CompleteProjectDomains.zero_has_no_multiplicative_inverse' depends on axioms: [propext,
 Classical.choice,
 Quot.sound]
'SafeLearning.CompleteProjectDomains.noisier_strict_margin_set' depends on axioms: [propext,
 Classical.choice,
 Quot.sound]
'SafeLearning.CompleteProjectDomains.strict_margin_excludes_right_endpoint' depends on axioms: [propext,
 Classical.choice,
 Quot.sound]
'SafeLearning.CompleteProjectOptima.actual_certificate_set' depends on axioms: [propext, Classical.choice, Quot.sound]
'SafeLearning.CompleteProjectOptima.true_safety_observations_compatible' depends on axioms: [propext,
 Classical.choice,
 Quot.sound]
'SafeLearning.CompleteProjectOptima.actual_truly_safe_set' depends on axioms: [propext, Classical.choice, Quot.sound]
'SafeLearning.CompleteProjectOptima.certified_identity_maximum' depends on axioms: [propext,
 Classical.choice,
 Quot.sound]
'SafeLearning.CompleteProjectOptima.full_identity_maximum' depends on axioms: [propext, Classical.choice, Quot.sound]
'SafeLearning.CompleteProjectOptima.certified_optimum_misses_full_safe_optimum' depends on axioms: [propext,
 Classical.choice,
 Quot.sound]
'SafeLearning.CompleteProjectionCharacterization.actual_half_objective_minimum' depends on axioms: [propext,
 Classical.choice,
 Quot.sound]
'SafeLearning.CompleteProjectionCharacterization.optimizer_is_explicit_solution' depends on axioms: [propext,
 Classical.choice,
 Quot.sound]
'SafeLearning.CompleteProjectionCharacterization.optimizer_iff_kkt' depends on axioms: [propext,
 Classical.choice,
 Quot.sound]
'SafeLearning.CompleteProjectionCharacterization.strict_feasible_point' depends on axioms: [propext,
 Classical.choice,
 Quot.sound]
'SafeLearning.CompleteProjectionCharacterization.lagrangian_quadratic_remainder' depends on axioms: [propext,
 Classical.choice,
 Quot.sound]
'SafeLearning.CompleteProjectionCharacterization.actual_dual_infimum_at_stationary_point' depends on axioms: [propext,
 Classical.choice,
 Quot.sound]
'SafeLearning.CompleteProjectionCharacterization.actual_strong_duality_attained' depends on axioms: [propext,
 Classical.choice,
 Quot.sound]
'SafeLearning.CompleteProjectionDifferential.quadratic_line_formula' depends on axioms: [propext,
 Classical.choice,
 Quot.sound]
'SafeLearning.CompleteProjectionDifferential.objective_line_derivative' depends on axioms: [propext,
 Classical.choice,
 Quot.sound]
'SafeLearning.CompleteProjectionDifferential.objective_differentiable' depends on axioms: [propext,
 Classical.choice,
 Quot.sound]
'SafeLearning.CompleteProjectionDifferential.actual_objective_gradient' depends on axioms: [propext,
 Classical.choice,
 Quot.sound]
'SafeLearning.CompleteProjectionDifferential.identity_example_multiplier' depends on axioms: [propext,
 Classical.choice,
 Quot.sound]
'SafeLearning.CompleteProjectionDifferential.identity_example_solution' depends on axioms: [propext,
 Classical.choice,
 Quot.sound]
'SafeLearning.CompleteProjectionDifferential.actual_numeric_comparison' depends on axioms: [propext,
 Classical.choice,
 Quot.sound]
'SafeLearning.CompleteProjectionGeometry.energy_smul' depends on axioms: [propext, Classical.choice, Quot.sound]
'SafeLearning.CompleteProjectionGeometry.energy_convex_gap' depends on axioms: [propext, Classical.choice, Quot.sound]
'SafeLearning.CompleteProjectionGeometry.energy_strictly_convex' depends on axioms: [propext,
 Classical.choice,
 Quot.sound]
'SafeLearning.CompleteProjectionGeometry.objective_strictly_convex' depends on axioms: [propext,
 Classical.choice,
 Quot.sound]
'SafeLearning.CompleteProjectionGeometry.inverse_direction_energy' depends on axioms: [propext,
 Classical.choice,
 Quot.sound]
'SafeLearning.CompleteProjectionGeometry.metric_linear_bound' depends on axioms: [propext, Classical.choice, Quot.sound]
'SafeLearning.CompleteProjectionGeometry.metric_steepest_ascent' depends on axioms: [propext,
 Classical.choice,
 Quot.sound]
'SafeLearning.CompleteProjectionGeometry.identity_weight_solution' depends on axioms: [propext,
 Classical.choice,
 Quot.sound]
'SafeLearning.CompleteWeightedProjection.energy_nonneg' depends on axioms: [propext, Classical.choice, Quot.sound]
'SafeLearning.CompleteWeightedProjection.energy_positive' depends on axioms: [propext, Classical.choice, Quot.sound]
'SafeLearning.CompleteWeightedProjection.energy_expansion' depends on axioms: [propext, Classical.choice, Quot.sound]
'SafeLearning.CompleteWeightedProjection.kkt_global_optimal' depends on axioms: [propext, Classical.choice, Quot.sound]
'SafeLearning.CompleteWeightedProjection.kkt_unique' depends on axioms: [propext, Classical.choice, Quot.sound]
'SafeLearning.CompleteWeightedProjection.inverse_denominator_positive' depends on axioms: [propext,
 Classical.choice,
 Quot.sound]
'SafeLearning.CompleteWeightedProjection.inverse_direction' depends on axioms: [propext, Classical.choice, Quot.sound]
'SafeLearning.CompleteWeightedProjection.solution_stationarity' depends on axioms: [propext,
 Classical.choice,
 Quot.sound]
'SafeLearning.CompleteWeightedProjection.solution_feasible_complementarity' depends on axioms: [propext,
 Classical.choice,
 Quot.sound]
'SafeLearning.CompleteWeightedProjection.weighted_halfspace_unique_minimum' depends on axioms: [propext,
 Classical.choice,
 Quot.sound]
'SafeLearning.CompleteWeightedProjection.exampleWeight_positive' depends on axioms: [propext,
 Classical.choice,
 Quot.sound]
'SafeLearning.CompleteWeightedProjection.example_inverse_direction' depends on axioms: [propext,
 Classical.choice,
 Quot.sound]
'SafeLearning.CompleteWeightedProjection.example_solution' depends on axioms: [propext, Classical.choice, Quot.sound]
'SafeLearning.CompleteWeightedProjection.example_minimum_unique' depends on axioms: [propext,
 Classical.choice,
 Quot.sound]
'SafeLearning.CoreAnalysis.hoeffding_radius_above_target' depends on axioms: [propext, Classical.choice, Quot.sound]
'SafeLearning.CoreAnalysis.validation_single_minimal' depends on axioms: [propext, Classical.choice, Quot.sound]
'SafeLearning.CoreAnalysis.validation_twenty_minimal' depends on axioms: [propext, Classical.choice, Quot.sound]
'SafeLearning.CoreAnalysis.discounted_budget_telescopes' depends on axioms: [propext, Classical.choice, Quot.sound]
'SafeLearning.CoreAnalysis.geometric_bound' depends on axioms: [propext, Classical.choice, Quot.sound]
'SafeLearning.CoreAnalysis.geometric_convergence' depends on axioms: [propext, Classical.choice, Quot.sound]
'SafeLearning.CoreAnalysis.relative_error_convergence' depends on axioms: [propext, Classical.choice, Quot.sound]
'SafeLearning.CoreAnalysis.nonlinear_envelope' depends on axioms: [propext, Classical.choice, Quot.sound]
'SafeLearning.CoreAnalysis.nonlinear_convergence' depends on axioms: [propext, Classical.choice, Quot.sound]
'SafeLearning.CoreAnalysis.finite_union_bound' depends on axioms: [propext, Classical.choice, Quot.sound]
'SafeLearning.CoreAnalysis.compose_failure_bounds' depends on axioms: [propext, Classical.choice, Quot.sound]
'SafeLearning.CoreAnalysis.sampled_lower_certificate' depends on axioms: [propext, Classical.choice, Quot.sound]
'SafeLearning.CoreAnalysis.sampled_upper_certificate' depends on axioms: [propext, Classical.choice, Quot.sound]
'SafeLearning.CoreAnalysis.strict_grid_margin' depends on axioms: [propext, Classical.choice, Quot.sound]
'SafeLearning.CoreAnalysis.rounded_lmi_not_psd' depends on axioms: [propext, Classical.choice, Quot.sound]
'SafeLearning.CoreAnalysis.affine_error_bound' depends on axioms: [propext, Classical.choice, Quot.sound]
'SafeLearning.CoreModules.discounted_constant' depends on axioms: [propext, Classical.choice, Quot.sound]
'SafeLearning.CoreModules.cmdp_p1' depends on axioms: [propext, Classical.choice, Quot.sound]
'SafeLearning.CoreModules.cmdp_p2' depends on axioms: [propext, Classical.choice, Quot.sound]
'SafeLearning.CoreModules.cmdp_p3' depends on axioms: [propext, Classical.choice, Quot.sound]
'SafeLearning.CoreModules.cmdp_p4' depends on axioms: [propext, Classical.choice, Quot.sound]
'SafeLearning.CoreModules.cmdp_p5_flow' depends on axioms: [propext, Classical.choice, Quot.sound]
'SafeLearning.CoreModules.cmdp_p6_feasible' depends on axioms: [propext, Classical.choice, Quot.sound]
'SafeLearning.CoreModules.cmdp_p6_optimal' depends on axioms: [propext, Classical.choice, Quot.sound]
'SafeLearning.CoreModules.cmdp_p6_attained' depends on axioms: [propext, Classical.choice, Quot.sound]
'SafeLearning.CoreModules.cmdp_p7_cvar' depends on axioms: [propext, Classical.choice, Quot.sound]
'SafeLearning.CoreModules.cmdp_p7_var' depends on axioms: [propext, Classical.choice, Quot.sound]
'SafeLearning.CoreModules.cmdp_p11_var' depends on axioms: [propext, Classical.choice, Quot.sound]
'SafeLearning.CoreModules.cmdp_p8' depends on axioms: [propext, Classical.choice, Quot.sound]
'SafeLearning.CoreModules.cmdp_p9_upper' depends on axioms: [propext, Classical.choice, Quot.sound]
'SafeLearning.CoreModules.cmdp_p9_dual_min' depends on axioms: [propext, Classical.choice, Quot.sound]
'SafeLearning.CoreModules.cmdp_p9_dual_attained' depends on axioms: [propext, Classical.choice, Quot.sound]
'SafeLearning.CoreModules.cmdp_p9_all_maximize' depends on axioms: [propext, Classical.choice, Quot.sound]
'SafeLearning.CoreModules.cmdp_p10' depends on axioms: [propext, Classical.choice, Quot.sound]
'SafeLearning.CoreModules.cmdp_p11_cvar' depends on axioms: [propext, Classical.choice, Quot.sound]
'SafeLearning.CoreModules.weak_duality_max' depends on axioms: [propext, Classical.choice, Quot.sound]
'SafeLearning.CoreModules.dual_subgradient' depends on axioms: [propext, Classical.choice, Quot.sound]
'SafeLearning.CoreModules.cmdp_legacy_two_state' depends on axioms: [propext, Classical.choice, Quot.sound]
'SafeLearning.CoreModules.cmdp_legacy_two_state_unique' depends on axioms: [propext, Classical.choice, Quot.sound]
'SafeLearning.CoreModules.cmdp_legacy_cvar' depends on axioms: [propext, Classical.choice, Quot.sound]
'SafeLearning.CoreModules.policy_p1' depends on axioms: [propext, Classical.choice, Quot.sound]
'SafeLearning.CoreModules.policy_p2_tv' depends on axioms: [propext, Classical.choice, Quot.sound]
'SafeLearning.CoreModules.policy_p3_axes' depends on axioms: [propext, Classical.choice, Quot.sound]
'SafeLearning.CoreModules.policy_p4' depends on axioms: [propext, Classical.choice, Quot.sound]
'SafeLearning.CoreModules.policy_p5_bound' depends on axioms: [propext, Classical.choice, Quot.sound]
'SafeLearning.CoreModules.policy_p5_attained' depends on axioms: [propext, Classical.choice, Quot.sound]
'SafeLearning.CoreModules.policy_p6_projection' depends on axioms: [propext, Classical.choice, Quot.sound]
'SafeLearning.CoreModules.policy_p7' depends on axioms: [propext, Classical.choice, Quot.sound]
'SafeLearning.CoreModules.policy_p8' depends on axioms: [propext, Classical.choice, Quot.sound]
'SafeLearning.CoreModules.policy_p9_bound' depends on axioms: [propext, Classical.choice, Quot.sound]
'SafeLearning.CoreModules.policy_p9_attained' depends on axioms: [propext, Classical.choice, Quot.sound]
'SafeLearning.CoreModules.policy_p10_root' depends on axioms: [propext, Classical.choice, Quot.sound]
'SafeLearning.CoreModules.policy_p10_linear_fails' depends on axioms: [propext, Classical.choice, Quot.sound]
'SafeLearning.CoreModules.policy_p11_weights' depends on axioms: [propext, Classical.choice, Quot.sound]
'SafeLearning.CoreModules.policy_p12_margins' depends on axioms: [propext, Classical.choice, Quot.sound]
'SafeLearning.CoreModules.barrier_p1_safe_set' depends on axioms: [propext, Classical.choice, Quot.sound]
'SafeLearning.CoreModules.barrier_p2' depends on axioms: [propext, Classical.choice, Quot.sound]
'SafeLearning.CoreModules.barrier_p3_optimal' depends on axioms: [propext, Classical.choice, Quot.sound]
'SafeLearning.CoreModules.barrier_p3_attained' depends on axioms: [propext, Classical.choice, Quot.sound]
'SafeLearning.CoreModules.barrier_p3_unique' depends on axioms: [propext, Classical.choice, Quot.sound]
'SafeLearning.CoreModules.barrier_p4_interval' depends on axioms: [propext, Classical.choice, Quot.sound]
'SafeLearning.CoreModules.barrier_p5_optimal' depends on axioms: [propext, Classical.choice, Quot.sound]
'SafeLearning.CoreModules.barrier_p5_unique' depends on axioms: [propext, Classical.choice, Quot.sound]
'SafeLearning.CoreModules.barrier_p5_attained_kkt' depends on axioms: [propext, Classical.choice, Quot.sound]
'SafeLearning.CoreModules.barrier_p6_infeasible' depends on axioms: [propext, Classical.choice, Quot.sound]
'SafeLearning.CoreModules.barrier_p6_feasible' depends on axioms: [propext, Classical.choice, Quot.sound]
'SafeLearning.CoreModules.barrier_p7_robust' depends on axioms: [propext, Classical.choice, Quot.sound]
'SafeLearning.CoreModules.barrier_p8' depends on axioms: [propext, Classical.choice, Quot.sound]
'SafeLearning.CoreModules.barrier_p9_counterexample' depends on axioms: [propext, Classical.choice, Quot.sound]
'SafeLearning.CoreModules.barrier_p10_held_interval' depends on axioms: [propext, Classical.choice, Quot.sound]
'SafeLearning.CoreModules.barrier_p10_continuous' depends on axioms: [propext, Classical.choice, Quot.sound]
'SafeLearning.CoreModules.barrier_p11_plan' depends on axioms: [propext, Classical.choice, Quot.sound]
'SafeLearning.CoreModules.barrier_p11_terminal' depends on axioms: [propext, Classical.choice, Quot.sound]
'SafeLearning.CoreModules.barrier_p12_shield' depends on axioms: [propext, Classical.choice, Quot.sound]
'SafeLearning.CoreModules.lyapunov_p1_decrease' depends on axioms: [propext, Classical.choice, Quot.sound]
'SafeLearning.CoreModules.lyapunov_p1_strict' depends on axioms: [propext, Classical.choice, Quot.sound]
'SafeLearning.CoreModules.lyapunov_p1_sublevel' depends on axioms: [propext, Classical.choice, Quot.sound]
'SafeLearning.CoreModules.lyapunov_p2' depends on axioms: [propext, Classical.choice, Quot.sound]
'SafeLearning.CoreModules.lyapunov_p3' depends on axioms: [propext, Classical.choice, Quot.sound]
'SafeLearning.CoreModules.lyapunov_p4' depends on axioms: [propext, Classical.choice, Quot.sound]
'SafeLearning.CoreModules.lyapunov_p5_transfer' depends on axioms: [propext, Classical.choice, Quot.sound]
'SafeLearning.CoreModules.lyapunov_p5_coarser' depends on axioms: [propext, Classical.choice, Quot.sound]
'SafeLearning.CoreModules.lyapunov_p6_tube' depends on axioms: [propext, Classical.choice, Quot.sound]
'SafeLearning.CoreModules.lyapunov_p6_state' depends on axioms: [propext, Classical.choice, Quot.sound]
'SafeLearning.CoreModules.lyapunov_p6_input' depends on axioms: [propext, Classical.choice, Quot.sound]
'SafeLearning.CoreModules.lyapunov_p7_optimal' depends on axioms: [propext, Classical.choice, Quot.sound]
'SafeLearning.CoreModules.lyapunov_p7_attained' depends on axioms: [propext, Classical.choice, Quot.sound]
'SafeLearning.CoreModules.lyapunov_p9_identity' depends on axioms: [propext, Classical.choice, Quot.sound]
'SafeLearning.CoreModules.lyapunov_p9_strict' depends on axioms: [propext, Classical.choice, Quot.sound]
'SafeLearning.CoreModules.lyapunov_p9_invariant' depends on axioms: [propext, Classical.choice, Quot.sound]
'SafeLearning.CoreModules.lyapunov_p9_two_cycle' depends on axioms: [propext, Classical.choice, Quot.sound]
'SafeLearning.CoreModules.lyapunov_p10_relative' depends on axioms: [propext, Classical.choice, Quot.sound]
'SafeLearning.CoreModules.lyapunov_p10_absolute_counterexample' depends on axioms: [propext,
 Classical.choice,
 Quot.sound]
'SafeLearning.CoreModules.lyapunov_p11_single' depends on axioms: [propext, Classical.choice, Quot.sound]
'SafeLearning.CoreModules.lyapunov_p11_twenty' depends on axioms: [propext, Classical.choice, Quot.sound]
'SafeLearning.CoreModules.lyapunov_p12_budget' depends on axioms: [propext, Classical.choice, Quot.sound]
'SafeLearning.Modules.weak_duality_point' depends on axioms: [propext, Classical.choice, Quot.sound]
'SafeLearning.Modules.lagrangian_monotone' depends on axioms: [propext, Classical.choice, Quot.sound]
'SafeLearning.Modules.penalty_strict_separation' depends on axioms: [propext, Classical.choice, Quot.sound]
'SafeLearning.Modules.penalty_threshold_tie' depends on axioms: [propext, Classical.choice, Quot.sound]
'SafeLearning.Modules.count_event_bounds' depends on axioms: [propext, Quot.sound]
'SafeLearning.Modules.finite_weighted_event_bounds' depends on axioms: [propext, Classical.choice, Quot.sound]
'SafeLearning.Modules.scalar_schur_completion' depends on axioms: [propext, Classical.choice, Quot.sound]
'SafeLearning.Modules.negative_quadratic_from_schur' depends on axioms: [propext, Classical.choice, Quot.sound]
'SafeLearning.Modules.slope_sector_qc' depends on axioms: [propext, Classical.choice, Quot.sound]
'SafeLearning.Modules.origin_sector_qc' depends on axioms: [propext, Classical.choice, Quot.sound]
'SafeLearning.Modules.local_gain_energy' depends on axioms: [propext, Classical.choice, Quot.sound]
'SafeLearning.Modules.bounded_real_scalar_certificate' depends on axioms: [propext, Classical.choice, Quot.sound]
'SafeLearning.Modules.lower_confidence_safe' depends on axioms: [propext, Classical.choice, Quot.sound]
'SafeLearning.Modules.lower_cone_safe' depends on axioms: [propext, Classical.choice, Quot.sound]
'SafeLearning.Modules.bounded_noise_lower_certificate' depends on axioms: [propext, Classical.choice, Quot.sound]
'SafeLearning.Modules.bounded_noise_upper_certificate' depends on axioms: [propext, Classical.choice, Quot.sound]
'SafeLearning.Modules.interval_intersection_preserves' depends on axioms: [propext, Classical.choice, Quot.sound]
'SafeLearning.Modules.nested_interval_width' depends on axioms: [propext, Classical.choice, Quot.sound]
'SafeLearning.Modules.cone_radius_certificate' depends on axioms: [propext, Classical.choice, Quot.sound]
'SafeLearning.Modules.safe_expansion_preserves' does not depend on any axioms
'SafeLearning.Modules.monotone_safety_expansion' does not depend on any axioms
'SafeLearning.Modules.backup_margin_safe' depends on axioms: [propext, Classical.choice, Quot.sound]
'SafeLearning.Modules.robust_triangle_margin' depends on axioms: [propext, Classical.choice, Quot.sound]
'SafeLearning.Modules.tighter_backup_union' depends on axioms: [propext, Classical.choice, Quot.sound]
'SafeLearning.Modules.quadratic_braking_identity' depends on axioms: [propext, Classical.choice, Quot.sound]
'SafeLearning.Modules.unsafe_peak_lower_bound' depends on axioms: [propext, Classical.choice, Quot.sound]
'SafeLearning.Modules.sampled_barrier_factor' depends on axioms: [propext, Classical.choice, Quot.sound]
'SafeLearning.Modules.sandwich_scalar_bound' depends on axioms: [propext, Classical.choice, Quot.sound]
'SafeLearning.Modules.safe_output_margin' depends on axioms: [propext, Classical.choice, Quot.sound]
'SafeLearning.Modules.contraction_weight_relation' depends on axioms: [propext, Classical.choice, Quot.sound]
'SafeLearning.Modules.two_layer_gain' depends on axioms: [propext, Classical.choice, Quot.sound]
'SafeLearning.Modules.empirical_margin_transfer' depends on axioms: [propext, Classical.choice, Quot.sound]
'SafeLearning.Modules.mixture_failure_bound' depends on axioms: [propext, Classical.choice, Quot.sound]
'SafeLearning.Modules.representer_difference' depends on axioms: [propext, Classical.choice, Quot.sound]
'SafeLearning.Modules.representer_lipschitz' depends on axioms: [propext, Classical.choice, Quot.sound]
'SafeLearning.Modules.orthogonal_residual_norm' depends on axioms: [propext, Classical.choice, Quot.sound]
'SafeLearning.Modules.orthogonal_scalar_residual_norm' depends on axioms: [propext, Classical.choice, Quot.sound]
'SafeLearning.Modules.projection_minimum_norm' depends on axioms: [propext, Classical.choice, Quot.sound]
'SafeLearning.Modules.extremal_residual_budget' depends on axioms: [propext, Classical.choice, Quot.sound]
'SafeLearning.Modules.diagonal_sector_aggregation' depends on axioms: [propext, Classical.choice, Quot.sound]
'SafeLearning.Modules.s_procedure' depends on axioms: [propext, Classical.choice, Quot.sound]
'SafeLearning.Modules.s_procedure_multiple' depends on axioms: [propext, Classical.choice, Quot.sound]
'SafeLearning.Modules.relu_sector' depends on axioms: [propext, Classical.choice, Quot.sound]
'SafeLearning.Modules.relu_exact_qc_counterexample' depends on axioms: [propext, Classical.choice, Quot.sound]
'SafeLearning.Modules.positive_scalar_relu' depends on axioms: [propext, Classical.choice, Quot.sound]
'SafeLearning.Modules.scalar_sandwich_relu' depends on axioms: [propext, Classical.choice, Quot.sound]
'SafeLearning.Modules.scalar_sandwich_positive_reduction' depends on axioms: [propext, Classical.choice, Quot.sound]
'SafeLearning.Modules.off_diagonal_qc_counterexample' depends on axioms: [propext, Classical.choice, Quot.sound]
'SafeLearning.Modules.excursion_mean' depends on axioms: [propext, Classical.choice, Quot.sound]
'SafeLearning.Modules.excursion_ru_nine_tenths_lower' depends on axioms: [propext, Classical.choice, Quot.sound]
'SafeLearning.Modules.excursion_ru_nine_tenths_attained' depends on axioms: [propext, Classical.choice, Quot.sound]
'SafeLearning.Modules.excursion_ru_three_quarters_lower' depends on axioms: [propext, Classical.choice, Quot.sound]
'SafeLearning.Modules.excursion_ru_three_quarters_attained' depends on axioms: [propext, Classical.choice, Quot.sound]
'SafeLearning.Modules.confidence_cone_iteration' depends on axioms: [propext, Classical.choice, Quot.sound]
'SafeLearning.Modules.losbo_iteration' depends on axioms: [propext, Classical.choice, Quot.sound]
'SafeLearning.Modules.lipschitz_zero_cone' depends on axioms: [propext, Classical.choice, Quot.sound]
'SafeLearning.Modules.invariant_closed_loop' does not depend on any axioms
'SafeLearning.Modules.local_certificate_sublevel_invariance' depends on axioms: [propext, Classical.choice, Quot.sound]
'SafeLearning.Modules.viability_iteration_descending' does not depend on any axioms
'SafeLearning.Modules.invariant_set_survives_viability_iteration' does not depend on any axioms
'SafeLearning.Modules.scenario_60_tail_above' depends on axioms: [propext, Classical.choice, Quot.sound]
'SafeLearning.Modules.scenario_61_tail_below' depends on axioms: [propext, Classical.choice, Quot.sound]
'SafeLearning.Modules.scenario_choose_60' does not depend on any axioms
'SafeLearning.Modules.scenario_choose_61' does not depend on any axioms
'SafeLearning.Modules.scenario_tail_step' depends on axioms: [propext, Classical.choice, Quot.sound]
'SafeLearning.Modules.temperature_entropy_monotone' depends on axioms: [propext, Classical.choice, Quot.sound]
'SafeLearning.Modules.temperature_reward_monotone' depends on axioms: [propext, Classical.choice, Quot.sound]
'SafeLearning.Modules.maximum_probability_lower_bound' depends on axioms: [propext, Classical.choice, Quot.sound]
'SafeLearning.Modules.modal_action_safe' depends on axioms: [propext, Classical.choice, Quot.sound]
'SafeLearning.Modules.cayley_plane_unit_circle' depends on axioms: [propext, Classical.choice, Quot.sound]
'SafeLearning.Modules.cayley_plane_orthogonal_action' depends on axioms: [propext, Classical.choice, Quot.sound]
'SafeLearning.Modules.cayley_plane_no_minus_one' depends on axioms: [propext, Classical.choice, Quot.sound]
'SafeLearning.Modules.cayley_half_entries' depends on axioms: [propext, Classical.choice, Quot.sound]
'SafeLearning.Modules.two_tap_dissipation_telescoping' depends on axioms: [propext, Classical.choice, Quot.sound]
'SafeLearning.Modules.finite_energy_gain' depends on axioms: [propext, Classical.choice, Quot.sound]
'SafeLearning.Modules.circular_three_tap_orthogonal' depends on axioms: [propext, Classical.choice, Quot.sound]
'SafeLearning.PrimersApplied.mean2_affine' depends on axioms: [propext, Classical.choice, Quot.sound]
'SafeLearning.PrimersApplied.variance2_closed_form' depends on axioms: [propext, Classical.choice, Quot.sound]
'SafeLearning.PrimersApplied.variance2_nonnegative' depends on axioms: [propext, Classical.choice, Quot.sound]
'SafeLearning.PrimersApplied.variance2_affine' depends on axioms: [propext, Classical.choice, Quot.sound]
'SafeLearning.PrimersApplied.total_variance_two' depends on axioms: [propext, Classical.choice, Quot.sound]
'SafeLearning.PrimersApplied.finite_covariance_quadratic_nonnegative' depends on axioms: [propext,
 Classical.choice,
 Quot.sound]
'SafeLearning.PrimersApplied.bayes_alarm_new' depends on axioms: [propext, Classical.choice, Quot.sound]
'SafeLearning.PrimersApplied.bayes_alarm_legacy' depends on axioms: [propext, Classical.choice, Quot.sound]
'SafeLearning.PrimersApplied.weighted_policy_costs' depends on axioms: [propext, Classical.choice, Quot.sound]
'SafeLearning.PrimersApplied.zero_mean_nonnegative_two' depends on axioms: [propext, Classical.choice, Quot.sound]
'SafeLearning.PrimersApplied.finite_weighted_markov' depends on axioms: [propext, Classical.choice, Quot.sound]
'SafeLearning.PrimersApplied.failure_product_bound' depends on axioms: [propext, Classical.choice, Quot.sound]
'SafeLearning.PrimersApplied.three_failure_budgets' depends on axioms: [propext, Classical.choice, Quot.sound]
'SafeLearning.PrimersApplied.centered_discrete_moments' depends on axioms: [propext, Classical.choice, Quot.sound]
'SafeLearning.PrimersApplied.gaussian_precision_addition' depends on axioms: [propext, Classical.choice, Quot.sound]
'SafeLearning.PrimersApplied.gaussian_posterior_numbers' depends on axioms: [propext, Classical.choice, Quot.sound]
'SafeLearning.PrimersApplied.bernoulli_variance_bound' depends on axioms: [propext, Classical.choice, Quot.sound]
'SafeLearning.PrimersApplied.invariant_along_iterates' depends on axioms: [propext, Quot.sound]
'SafeLearning.PrimersApplied.affine_fixed_point' depends on axioms: [propext, Classical.choice, Quot.sound]
'SafeLearning.PrimersApplied.quadratic_scalar_decrease' depends on axioms: [propext, Classical.choice, Quot.sound]
'SafeLearning.PrimersApplied.quadratic_scalar_strict_decrease' depends on axioms: [propext,
 Classical.choice,
 Quot.sound]
'SafeLearning.PrimersApplied.geometric_upper_bound' depends on axioms: [propext, Classical.choice, Quot.sound]
'SafeLearning.PrimersApplied.geometric_lower_bound' depends on axioms: [propext, Classical.choice, Quot.sound]
'SafeLearning.PrimersApplied.robust_interval_half' depends on axioms: [propext, Classical.choice, Quot.sound]
'SafeLearning.PrimersApplied.scalar_storage_certificate' depends on axioms: [propext, Classical.choice, Quot.sound]
'SafeLearning.PrimersApplied.scalar_storage_inequality' depends on axioms: [propext, Classical.choice, Quot.sound]
'SafeLearning.PrimersApplied.storage_energy_rearrangement' depends on axioms: [propext, Classical.choice, Quot.sound]
'SafeLearning.PrimersApplied.small_gain_rearrangement' depends on axioms: [propext, Classical.choice, Quot.sound]
'SafeLearning.PrimersApplied.one_step_quadratic_minimizer' depends on axioms: [propext, Classical.choice, Quot.sound]
'SafeLearning.PrimersApplied.one_step_quadratic_minimal' depends on axioms: [propext, Classical.choice, Quot.sound]
'SafeLearning.PrimersApplied.legacy_lyapunov_positive' depends on axioms: [propext, Classical.choice, Quot.sound]
'SafeLearning.PrimersApplied.legacy_lyapunov_derivative' depends on axioms: [propext, Classical.choice, Quot.sound]
'SafeLearning.PrimersApplied.residual_error_bound' depends on axioms: [propext, Classical.choice, Quot.sound]
'SafeLearning.PrimersApplied.scalar_bellman_equation' depends on axioms: [propext, Classical.choice, Quot.sound]
'SafeLearning.PrimersApplied.bernoulli_baseline_unbiased' depends on axioms: [propext, Classical.choice, Quot.sound]
'SafeLearning.PrimersApplied.bernoulli_optimal_baseline_equal_samples' depends on axioms: [propext,
 Classical.choice,
 Quot.sound]
'SafeLearning.PrimersApplied.bernoulli_baseline_variance' depends on axioms: [propext, Classical.choice, Quot.sound]
'SafeLearning.PrimersApplied.bernoulli_baseline_numbers' depends on axioms: [propext, Classical.choice, Quot.sound]
'SafeLearning.PrimersApplied.running_mdp_optimal_fixed_point' depends on axioms: [propext, Classical.choice, Quot.sound]
'SafeLearning.PrimersApplied.running_mdp_uniform_fixed_point' depends on axioms: [propext, Classical.choice, Quot.sound]
'SafeLearning.PrimersApplied.running_mdp_occupancy' depends on axioms: [propext, Classical.choice, Quot.sound]
'SafeLearning.PrimersApplied.strict_penalty_comparison' depends on axioms: [propext, Classical.choice, Quot.sound]
'SafeLearning.PrimersApplied.scalar_tube_inside_interval' depends on axioms: [propext, Classical.choice, Quot.sound]
'SafeLearning.PrimersApplied.standard_gaussian_chernoff' depends on axioms: [propext, Classical.choice, Quot.sound]
'SafeLearning.PrimersApplied.chernoff_optimizer' depends on axioms: [propext, Classical.choice, Quot.sound]
'SafeLearning.PrimersApplied.chernoff_optimizer_attained' depends on axioms: [propext, Classical.choice, Quot.sound]
'SafeLearning.PrimersApplied.chebyshev_deviation' depends on axioms: [propext, Classical.choice, Quot.sound]
'SafeLearning.PrimersApplied.bounded_variance' depends on axioms: [propext, Classical.choice, Quot.sound]
'SafeLearning.PrimersApplied.contraction_unique_fixed_point' depends on axioms: [propext, Classical.choice, Quot.sound]
'SafeLearning.PrimersApplied.contraction_iterates_converge' depends on axioms: [propext, Classical.choice, Quot.sound]
'SafeLearning.PrimersApplied.weighted_average_abs_bound' depends on axioms: [propext, Classical.choice, Quot.sound]
'SafeLearning.PrimersApplied.max_two_abs_bound' depends on axioms: [propext, Classical.choice, Quot.sound]
'SafeLearning.PrimersApplied.baseline_unbiased_general_two' depends on axioms: [propext, Classical.choice, Quot.sound]
'SafeLearning.PrimersApplied.baseline_minimal_variance' depends on axioms: [propext, Classical.choice, Quot.sound]
'SafeLearning.PrimersApplied.binary_margin_positive' depends on axioms: [propext, Classical.choice, Quot.sound]
'SafeLearning.PrimersApplied.binary_margin_negative' depends on axioms: [propext, Classical.choice, Quot.sound]
'SafeLearning.PrimersApplied.relu_identity' depends on axioms: [propext, Classical.choice, Quot.sound]
'SafeLearning.PrimersApplied.sector_increment_qc' depends on axioms: [propext, Classical.choice, Quot.sound]
'SafeLearning.PrimersApplied.legacy_lyapunov_spectral_polynomial' depends on axioms: [propext,
 Classical.choice,
 Quot.sound]
'SafeLearning.PrimersApplied.legacy_lyapunov_safe_rational_sandwich' depends on axioms: [propext,
 Classical.choice,
 Quot.sound]
'SafeLearning.PrimersApplied.finite_dissipation_sum' depends on axioms: [propext, Classical.choice, Quot.sound]
'SafeLearning.PrimersApplied.atomic_cvar_minimum' depends on axioms: [propext, Classical.choice, Quot.sound]
'SafeLearning.PrimersApplied.atomic_cvar_attained' depends on axioms: [propext, Classical.choice, Quot.sound]
'SafeLearning.PrimersApplied.two_step_mpc_optimal' depends on axioms: [propext, Classical.choice, Quot.sound]
'SafeLearning.PrimersApplied.two_step_mpc_attained' depends on axioms: [propext, Classical.choice, Quot.sound]
'SafeLearning.PrimersApplied.c_ready' depends on axioms: [propext, Classical.choice, Quot.sound]
'SafeLearning.PrimersApplied.c_s01' depends on axioms: [propext, Classical.choice, Quot.sound]
'SafeLearning.PrimersApplied.c_s02' depends on axioms: [propext, Classical.choice, Quot.sound]
'SafeLearning.PrimersApplied.c_s04' depends on axioms: [propext, Classical.choice, Quot.sound]
'SafeLearning.PrimersApplied.c_s06' depends on axioms: [propext, Classical.choice, Quot.sound]
'SafeLearning.PrimersApplied.c_s07' depends on axioms: [propext, Classical.choice, Quot.sound]
'SafeLearning.PrimersApplied.c_s08' depends on axioms: [propext, Classical.choice, Quot.sound]
'SafeLearning.PrimersApplied.c_s09' depends on axioms: [propext, Classical.choice, Quot.sound]
'SafeLearning.PrimersApplied.c_s12' depends on axioms: [propext, Classical.choice, Quot.sound]
'SafeLearning.PrimersApplied.c_s13' depends on axioms: [propext, Classical.choice, Quot.sound]
'SafeLearning.PrimersApplied.c_s15' depends on axioms: [propext, Classical.choice, Quot.sound]
'SafeLearning.PrimersApplied.c_s19' depends on axioms: [propext, Classical.choice, Quot.sound]
'SafeLearning.PrimersApplied.c_s20' depends on axioms: [propext, Classical.choice, Quot.sound]
'SafeLearning.PrimersApplied.c_s21' depends on axioms: [propext, Classical.choice, Quot.sound]
'SafeLearning.PrimersApplied.c_s25' depends on axioms: [propext, Classical.choice, Quot.sound]
'SafeLearning.PrimersApplied.c_s26' depends on axioms: [propext, Classical.choice, Quot.sound]
'SafeLearning.PrimersApplied.c_s28' depends on axioms: [propext, Classical.choice, Quot.sound]
'SafeLearning.PrimersApplied.d_ready' depends on axioms: [propext, Classical.choice, Quot.sound]
'SafeLearning.PrimersApplied.d_s01' depends on axioms: [propext, Classical.choice, Quot.sound]
'SafeLearning.PrimersApplied.d_s02' depends on axioms: [propext, Classical.choice, Quot.sound]
'SafeLearning.PrimersApplied.d_s03' depends on axioms: [propext, Classical.choice, Quot.sound]
'SafeLearning.PrimersApplied.d_s04' depends on axioms: [propext, Classical.choice, Quot.sound]
'SafeLearning.PrimersApplied.d_s07' depends on axioms: [propext, Classical.choice, Quot.sound]
'SafeLearning.PrimersApplied.d_s08' depends on axioms: [propext, Classical.choice, Quot.sound]
'SafeLearning.PrimersApplied.d_s09' depends on axioms: [propext, Classical.choice, Quot.sound]
'SafeLearning.PrimersApplied.d_s12' depends on axioms: [propext, Classical.choice, Quot.sound]
'SafeLearning.PrimersApplied.d_s13' depends on axioms: [propext, Classical.choice, Quot.sound]
'SafeLearning.PrimersApplied.d_s15' depends on axioms: [propext, Classical.choice, Quot.sound]
'SafeLearning.PrimersApplied.d_s16' depends on axioms: [propext, Classical.choice, Quot.sound]
'SafeLearning.PrimersApplied.d_s17' depends on axioms: [propext, Classical.choice, Quot.sound]
'SafeLearning.PrimersApplied.d_s18' depends on axioms: [propext, Classical.choice, Quot.sound]
'SafeLearning.PrimersApplied.d_s20' depends on axioms: [propext, Classical.choice, Quot.sound]
'SafeLearning.PrimersApplied.d_s21' depends on axioms: [propext, Classical.choice, Quot.sound]
'SafeLearning.PrimersApplied.d_s22' depends on axioms: [propext, Classical.choice, Quot.sound]
'SafeLearning.PrimersApplied.d_s23' depends on axioms: [propext, Classical.choice, Quot.sound]
'SafeLearning.PrimersApplied.d_s24' depends on axioms: [propext, Classical.choice, Quot.sound]
'SafeLearning.PrimersApplied.d_s25' depends on axioms: [propext, Classical.choice, Quot.sound]
'SafeLearning.PrimersApplied.d_s27' depends on axioms: [propext, Classical.choice, Quot.sound]
'SafeLearning.PrimersApplied.e_ready' depends on axioms: [propext, Classical.choice, Quot.sound]
'SafeLearning.PrimersApplied.e_s01' depends on axioms: [propext, Classical.choice, Quot.sound]
'SafeLearning.PrimersApplied.e_s02' depends on axioms: [propext, Classical.choice, Quot.sound]
'SafeLearning.PrimersApplied.e_s03' depends on axioms: [propext, Classical.choice, Quot.sound]
'SafeLearning.PrimersApplied.e_s04' depends on axioms: [propext, Classical.choice, Quot.sound]
'SafeLearning.PrimersApplied.e_s05' depends on axioms: [propext, Classical.choice, Quot.sound]
'SafeLearning.PrimersApplied.e_s06' depends on axioms: [propext, Classical.choice, Quot.sound]
'SafeLearning.PrimersApplied.e_s07' depends on axioms: [propext, Classical.choice, Quot.sound]
'SafeLearning.PrimersApplied.e_s08' depends on axioms: [propext, Classical.choice, Quot.sound]
'SafeLearning.PrimersApplied.e_s09' depends on axioms: [propext, Classical.choice, Quot.sound]
'SafeLearning.PrimersApplied.e_s10' depends on axioms: [propext, Classical.choice, Quot.sound]
'SafeLearning.PrimersApplied.e_s11' depends on axioms: [propext, Classical.choice, Quot.sound]
'SafeLearning.PrimersApplied.e_s12' depends on axioms: [propext, Classical.choice, Quot.sound]
'SafeLearning.PrimersApplied.e_s13' depends on axioms: [propext, Classical.choice, Quot.sound]
'SafeLearning.PrimersApplied.e_s14' depends on axioms: [propext, Classical.choice, Quot.sound]
'SafeLearning.PrimersApplied.e_s16' depends on axioms: [propext, Classical.choice, Quot.sound]
'SafeLearning.PrimersApplied.e_s18' depends on axioms: [propext, Classical.choice, Quot.sound]
'SafeLearning.PrimersApplied.e_s19' depends on axioms: [propext, Classical.choice, Quot.sound]
'SafeLearning.PrimersApplied.e_s20' depends on axioms: [propext, Classical.choice, Quot.sound]
'SafeLearning.PrimersApplied.e_s22' depends on axioms: [propext, Classical.choice, Quot.sound]
'SafeLearning.PrimersApplied.e_s23' depends on axioms: [propext, Classical.choice, Quot.sound]
'SafeLearning.PrimersApplied.e_s24' depends on axioms: [propext, Classical.choice, Quot.sound]
'SafeLearning.PrimersApplied.e_s25' depends on axioms: [propext, Classical.choice, Quot.sound]
'SafeLearning.PrimersApplied.e_s26' depends on axioms: [propext, Classical.choice, Quot.sound]
'SafeLearning.PrimersApplied.e_s27' depends on axioms: [propext, Classical.choice, Quot.sound]
'SafeLearning.PrimersApplied.legacy_c03' depends on axioms: [propext, Classical.choice, Quot.sound]
'SafeLearning.PrimersApplied.legacy_c04_chebyshev' depends on axioms: [propext, Classical.choice, Quot.sound]
'SafeLearning.PrimersApplied.legacy_d02' depends on axioms: [propext, Classical.choice, Quot.sound]
'SafeLearning.PrimersApplied.legacy_d08' depends on axioms: [propext, Classical.choice, Quot.sound]
'SafeLearning.PrimersApplied.legacy_e02' depends on axioms: [propext, Classical.choice, Quot.sound]
'SafeLearning.PrimersApplied.legacy_e05' depends on axioms: [propext, Classical.choice, Quot.sound]
'SafeLearning.PrimersApplied.legacy_e06' depends on axioms: [propext, Classical.choice, Quot.sound]
'SafeLearning.PrimersApplied.finite_max_abs_bound' depends on axioms: [propext, Classical.choice, Quot.sound]
'SafeLearning.PrimersApplied.finite_optimal_bellman_row' depends on axioms: [propext, Classical.choice, Quot.sound]
'SafeLearning.PrimersApplied.legacy_lyapunov_rounding' depends on axioms: [propext, Classical.choice, Quot.sound]
'SafeLearning.PrimersApplied.legacy_lyapunov_rounded_certificate' depends on axioms: [propext,
 Classical.choice,
 Quot.sound]
'SafeLearning.PrimersApplied.legacy_lyapunov_old_lower_invalid' depends on axioms: [propext,
 Classical.choice,
 Quot.sound]
'SafeLearning.PrimersApplied.telescoping_failure_budget' depends on axioms: [propext, Classical.choice, Quot.sound]
'SafeLearning.PrimersApplied.c_s03_psd' depends on axioms: [propext, Classical.choice, Quot.sound]
'SafeLearning.PrimersApplied.c_s30_rank_count' depends on axioms: [propext, Classical.choice, Quot.sound]
'SafeLearning.PrimersApplied.d_s03_derivative' depends on axioms: [propext, Classical.choice, Quot.sound]
'SafeLearning.PrimersApplied.d_s09_lyapunov' depends on axioms: [propext, Classical.choice, Quot.sound]
'SafeLearning.PrimersApplied.d_s14_riccati' depends on axioms: [propext, Classical.choice, Quot.sound]
'SafeLearning.PrimersApplied.d_s19_saturation' depends on axioms: [propext, Classical.choice, Quot.sound]
'SafeLearning.PrimersApplied.d_s21_sector_decrease' depends on axioms: [propext, Classical.choice, Quot.sound]
'SafeLearning.PrimersApplied.e_s15_natural_bound' depends on axioms: [propext, Classical.choice, Quot.sound]
'SafeLearning.PrimersApplied.e_s15_natural_attained' depends on axioms: [propext, Classical.choice, Quot.sound]
'SafeLearning.PrimersApplied.e_s17_softmax_numbers' depends on axioms: [propext, Classical.choice, Quot.sound]
'SafeLearning.PrimersApplied.legacy_d06_storage' depends on axioms: [propext, Classical.choice, Quot.sound]
'SafeLearning.PrimersApplied.legacy_e03_feasible_discount' depends on axioms: [propext, Classical.choice, Quot.sound]
'SafeLearning.PrimersFoundations.deMorgan' depends on axioms: [propext, Classical.choice, Quot.sound]
'SafeLearning.PrimersFoundations.preimage_intersection' does not depend on any axioms
'SafeLearning.PrimersFoundations.preimage_union' does not depend on any axioms
'SafeLearning.PrimersFoundations.preimage_complement' does not depend on any axioms
'SafeLearning.PrimersFoundations.injective_image_intersection' depends on axioms: [propext,
 Classical.choice,
 Quot.sound]
'SafeLearning.PrimersFoundations.image_union_preserved' depends on axioms: [propext, Classical.choice, Quot.sound]
'SafeLearning.PrimersFoundations.feedback_negation' depends on axioms: [propext, Classical.choice, Quot.sound]
'SafeLearning.PrimersFoundations.shared_input_implies_feedback' does not depend on any axioms
'SafeLearning.PrimersFoundations.reachability_monotone' depends on axioms: [propext, Classical.choice, Quot.sound]
'SafeLearning.PrimersFoundations.invariant_iterates' depends on axioms: [propext, Quot.sound]
'SafeLearning.PrimersFoundations.interval_feedback' depends on axioms: [propext, Classical.choice, Quot.sound]
'SafeLearning.PrimersFoundations.cancellation_range' depends on axioms: [propext, Classical.choice, Quot.sound]
'SafeLearning.PrimersFoundations.no_shared_cancellation' depends on axioms: [propext, Classical.choice, Quot.sound]
'SafeLearning.PrimersFoundations.square_not_injective' depends on axioms: [propext, Classical.choice, Quot.sound]
'SafeLearning.PrimersFoundations.square_not_surjective' depends on axioms: [propext, Classical.choice, Quot.sound]
'SafeLearning.PrimersFoundations.square_injective_nonnegative' depends on axioms: [propext,
 Classical.choice,
 Quot.sound]
'SafeLearning.PrimersFoundations.square_surjective_nonnegative' depends on axioms: [propext,
 Classical.choice,
 Quot.sound]
'SafeLearning.PrimersFoundations.square_image_counterexample' depends on axioms: [propext, Classical.choice, Quot.sound]
'SafeLearning.PrimersFoundations.square_nonnegative' depends on axioms: [propext, Classical.choice, Quot.sound]
'SafeLearning.PrimersFoundations.completing_square' depends on axioms: [propext, Classical.choice, Quot.sound]
'SafeLearning.PrimersFoundations.square_order_positive' depends on axioms: [propext, Classical.choice, Quot.sound]
'SafeLearning.PrimersFoundations.square_implication' depends on axioms: [propext, Classical.choice, Quot.sound]
'SafeLearning.PrimersFoundations.square_converse_counterexample' depends on axioms: [propext,
 Classical.choice,
 Quot.sound]
'SafeLearning.PrimersFoundations.real_counterexamples' depends on axioms: [propext, Classical.choice, Quot.sound]
'SafeLearning.PrimersFoundations.even_square_iff' depends on axioms: [propext, Classical.choice, Quot.sound]
'SafeLearning.PrimersFoundations.finite_sum_integers' depends on axioms: [propext, Classical.choice, Quot.sound]
'SafeLearning.PrimersFoundations.affine_fixed_point' depends on axioms: [propext, Classical.choice, Quot.sound]
'SafeLearning.PrimersFoundations.affine_iteration' depends on axioms: [propext, Classical.choice, Quot.sound]
'SafeLearning.PrimersFoundations.affine_error' depends on axioms: [propext, Classical.choice, Quot.sound]
'SafeLearning.PrimersFoundations.alternate_fixed_point' depends on axioms: [propext, Classical.choice, Quot.sound]
'SafeLearning.PrimersFoundations.alternate_error' depends on axioms: [propext, Classical.choice, Quot.sound]
'SafeLearning.PrimersFoundations.geometric_thresholds' depends on axioms: [propext, Classical.choice, Quot.sound]
'SafeLearning.PrimersFoundations.interval_invariant_step' depends on axioms: [propext, Classical.choice, Quot.sound]
'SafeLearning.PrimersFoundations.contraction_fixed_unique' depends on axioms: [propext, Classical.choice, Quot.sound]
'SafeLearning.PrimersFoundations.cauchy_schwarz_two' depends on axioms: [propext, Classical.choice, Quot.sound]
'SafeLearning.PrimersFoundations.young_scaled' depends on axioms: [propext, Classical.choice, Quot.sound]
'SafeLearning.PrimersFoundations.am_gm' depends on axioms: [propext, Classical.choice, Quot.sound]
'SafeLearning.PrimersFoundations.lipschitz_transfer' depends on axioms: [propext, Classical.choice, Quot.sound]
'SafeLearning.PrimersFoundations.grid_margin_numbers' depends on axioms: [propext, Classical.choice, Quot.sound]
'SafeLearning.PrimersFoundations.geometric_finite' depends on axioms: [propext, Classical.choice, Quot.sound]
'SafeLearning.PrimersFoundations.geometric_discounted_mean' depends on axioms: [propext, Classical.choice, Quot.sound]
'SafeLearning.PrimersFoundations.sequence_threshold' depends on axioms: [propext, Classical.choice, Quot.sound]
'SafeLearning.PrimersFoundations.excursion_budget' depends on axioms: [propext, Classical.choice, Quot.sound]
'SafeLearning.PrimersFoundations.polynomial_growth' depends on axioms: [propext, Classical.choice, Quot.sound]
'SafeLearning.PrimersFoundations.compute_budgets' depends on axioms: [propext, Classical.choice, Quot.sound]
'SafeLearning.PrimersFoundations.quadratic_interval_minimum' depends on axioms: [propext, Classical.choice, Quot.sound]
'SafeLearning.PrimersFoundations.minimum_norm_halfspace' depends on axioms: [propext, Classical.choice, Quot.sound]
'SafeLearning.PrimersFoundations.finite_minmax_gap' depends on axioms: [propext, Classical.choice, Quot.sound]
'SafeLearning.PrimersFoundations.distance_to_set_lipschitz' depends on axioms: [propext, Classical.choice, Quot.sound]
'SafeLearning.PrimersFoundations.norm_exercise_numbers' depends on axioms: [propext, Classical.choice, Quot.sound]
'SafeLearning.PrimersFoundations.box_support' depends on axioms: [propext, Classical.choice, Quot.sound]
'SafeLearning.PrimersFoundations.ball_support' depends on axioms: [propext, Classical.choice, Quot.sound]
'SafeLearning.PrimersFoundations.matrix_norm_example_product' depends on axioms: [propext, Classical.choice, Quot.sound]
'SafeLearning.PrimersFoundations.diagonal_product' depends on axioms: [propext, Classical.choice, Quot.sound]
'SafeLearning.PrimersFoundations.geometric_matrix_inverse' depends on axioms: [propext, Classical.choice, Quot.sound]
'SafeLearning.PrimersFoundations.eigenbasis_example' depends on axioms: [propext, Classical.choice, Quot.sound]
'SafeLearning.PrimersFoundations.rayleigh_example' depends on axioms: [propext, Classical.choice, Quot.sound]
'SafeLearning.PrimersFoundations.nonsymmetric_example' depends on axioms: [propext, Classical.choice, Quot.sound]
'SafeLearning.PrimersFoundations.psd_indefinite_examples' depends on axioms: [propext, Classical.choice, Quot.sound]
'SafeLearning.PrimersFoundations.cholesky_example' depends on axioms: [propext, Classical.choice, Quot.sound]
'SafeLearning.PrimersFoundations.ellipsoid_support_bound' depends on axioms: [propext, Classical.choice, Quot.sound]
'SafeLearning.PrimersFoundations.minimum_norm_solution' depends on axioms: [propext, Classical.choice, Quot.sound]
'SafeLearning.PrimersFoundations.svd_example' depends on axioms: [propext, Classical.choice, Quot.sound]
'SafeLearning.PrimersFoundations.power_estimate_squares' depends on axioms: [propext, Classical.choice, Quot.sound]
'SafeLearning.PrimersFoundations.block_three_product' depends on axioms: [propext, Classical.choice, Quot.sound]
'SafeLearning.PrimersFoundations.schur_completed_square' depends on axioms: [propext, Classical.choice, Quot.sound]
'SafeLearning.PrimersFoundations.schur_psd_iff' depends on axioms: [propext, Classical.choice, Quot.sound]
'SafeLearning.PrimersFoundations.rank_one_inverse_example' depends on axioms: [propext, Classical.choice, Quot.sound]
'SafeLearning.PrimersFoundations.reflection_and_projection' depends on axioms: [propext, Classical.choice, Quot.sound]
'SafeLearning.PrimersFoundations.cayley_example' depends on axioms: [propext, Classical.choice, Quot.sound]
'SafeLearning.PrimersFoundations.cayley_no_neg_one' depends on axioms: [propext, Classical.choice, Quot.sound]
'SafeLearning.PrimersFoundations.function_projection_arithmetic' depends on axioms: [propext,
 Classical.choice,
 Quot.sound]
'SafeLearning.PrimersFoundations.feature_gram_positive' depends on axioms: [propext, Classical.choice, Quot.sound]
'SafeLearning.PrimersFoundations.rkhs_interpolation' depends on axioms: [propext, Classical.choice, Quot.sound]
'SafeLearning.PrimersFoundations.legacy_matrix_gram' depends on axioms: [propext, Classical.choice, Quot.sound]
'SafeLearning.PrimersFoundations.legacy_cholesky_family' depends on axioms: [propext, Classical.choice, Quot.sound]
'SafeLearning.PrimersFoundations.legacy_cholesky_psd_iff' depends on axioms: [propext, Classical.choice, Quot.sound]
'SafeLearning.PrimersFoundations.legacy_cholesky_solve' depends on axioms: [propext, Classical.choice, Quot.sound]
'SafeLearning.PrimersFoundations.legacy_ellipsoid_inverse' depends on axioms: [propext, Classical.choice, Quot.sound]
'SafeLearning.PrimersFoundations.legacy_pseudoinverse_residual' depends on axioms: [propext,
 Classical.choice,
 Quot.sound]
'SafeLearning.PrimersFoundations.generalized_schur_rank_one' depends on axioms: [propext, Classical.choice, Quot.sound]
'SafeLearning.PrimersFoundations.legacy_logdet_arithmetic' depends on axioms: [propext, Classical.choice, Quot.sound]
'SafeLearning.PrimersFoundations.generalized_eigen_inequality' depends on axioms: [propext,
 Classical.choice,
 Quot.sound]
'SafeLearning.PrimersFoundations.generalized_eigen_boundary' depends on axioms: [propext, Classical.choice, Quot.sound]
'SafeLearning.PrimersFoundations.quadratic_partial_x' depends on axioms: [propext, Classical.choice, Quot.sound]
'SafeLearning.PrimersFoundations.quadratic_partial_y' depends on axioms: [propext, Classical.choice, Quot.sound]
'SafeLearning.PrimersFoundations.polynomial_curve_derivative' depends on axioms: [propext, Classical.choice, Quot.sound]
'SafeLearning.PrimersFoundations.chain_rule_curve' depends on axioms: [propext, Classical.choice, Quot.sound]
'SafeLearning.PrimersFoundations.taylor_model_value' depends on axioms: [propext, Classical.choice, Quot.sound]
'SafeLearning.PrimersFoundations.least_squares_minimum' depends on axioms: [propext, Classical.choice, Quot.sound]
'SafeLearning.PrimersFoundations.determinant_curve_derivative' depends on axioms: [propext,
 Classical.choice,
 Quot.sound]
'SafeLearning.PrimersFoundations.sensitivity_remainder' depends on axioms: [propext, Classical.choice, Quot.sound]
'SafeLearning.PrimersFoundations.sensitivity_derivative' depends on axioms: [propext, Classical.choice, Quot.sound]
'SafeLearning.PrimersFoundations.square_chord_bound' depends on axioms: [propext, Classical.choice, Quot.sound]
'SafeLearning.PrimersFoundations.square_derivative_lipschitz' depends on axioms: [propext, Classical.choice, Quot.sound]
'SafeLearning.PrimersFoundations.state_error_recurrence' depends on axioms: [propext, Classical.choice, Quot.sound]
'SafeLearning.PrimersFoundations.state_error_numbers' depends on axioms: [propext, Classical.choice, Quot.sound]
'SafeLearning.PrimersFoundations.interval_convex_combination' depends on axioms: [propext, Classical.choice, Quot.sound]
'SafeLearning.PrimersFoundations.absolute_value_subgradients' depends on axioms: [propext, Classical.choice, Quot.sound]
'SafeLearning.PrimersFoundations.restricted_conjugate_nonnegative' depends on axioms: [propext,
 Classical.choice,
 Quot.sound]
'SafeLearning.PrimersFoundations.restricted_conjugate_negative' depends on axioms: [propext,
 Classical.choice,
 Quot.sound]
'SafeLearning.PrimersFoundations.gradient_step_threshold' depends on axioms: [propext, Classical.choice, Quot.sound]
'SafeLearning.PrimersFoundations.gradient_step_examples' depends on axioms: [propext, Classical.choice, Quot.sound]
'SafeLearning.PrimersFoundations.newton_quadratic_minimum' depends on axioms: [propext, Classical.choice, Quot.sound]
'SafeLearning.PrimersFoundations.newton_backtracking_domain' depends on axioms: [propext, Classical.choice, Quot.sound]
'SafeLearning.PrimersFoundations.newton_backtracking_armijo' depends on axioms: [propext, Classical.choice, Quot.sound]
'SafeLearning.PrimersFoundations.kkt_scalar_optimum' depends on axioms: [propext, Classical.choice, Quot.sound]
'SafeLearning.PrimersFoundations.kkt_halfspace_optimum' depends on axioms: [propext, Classical.choice, Quot.sound]
'SafeLearning.PrimersFoundations.penalty_right_branch' depends on axioms: [propext, Classical.choice, Quot.sound]
'SafeLearning.PrimersFoundations.penalty_minimum' depends on axioms: [propext, Classical.choice, Quot.sound]
'SafeLearning.PrimersFoundations.approximate_kkt_numbers' depends on axioms: [propext, Classical.choice, Quot.sound]
'SafeLearning.PrimersFoundations.qp_expansion' depends on axioms: [propext, Classical.choice, Quot.sound]
'SafeLearning.PrimersFoundations.lp_optimum' depends on axioms: [propext, Classical.choice, Quot.sound]
'SafeLearning.PrimersFoundations.filter_with_box_optimum' depends on axioms: [propext, Classical.choice, Quot.sound]
'SafeLearning.PrimersFoundations.actuator_infeasible' depends on axioms: [propext, Classical.choice, Quot.sound]
'SafeLearning.PrimersFoundations.saddle_quadratic' depends on axioms: [propext, Classical.choice, Quot.sound]
'SafeLearning.PrimersFoundations.legacy_taylor_numbers' depends on axioms: [propext, Classical.choice, Quot.sound]
'SafeLearning.PrimersFoundations.legacy_regularizer_step' depends on axioms: [propext, Classical.choice, Quot.sound]
'SafeLearning.PrimersFoundations.legacy_regularizer_decrease' depends on axioms: [propext, Classical.choice, Quot.sound]
'SafeLearning.PrimersFoundations.translated_conjugate' depends on axioms: [propext, Classical.choice, Quot.sound]
'SafeLearning.PrimersFoundations.translated_conjugate_negative' depends on axioms: [propext,
 Classical.choice,
 Quot.sound]
'SafeLearning.PrimersFoundations.fenchel_young_numbers' depends on axioms: [propext, Classical.choice, Quot.sound]
'SafeLearning.PrimersFoundations.legacy_gradient_thresholds' depends on axioms: [propext, Classical.choice, Quot.sound]
'SafeLearning.PrimersFoundations.legacy_filter_optimum' depends on axioms: [propext, Classical.choice, Quot.sound]
'SafeLearning.PrimersFoundations.newton_singular_model_counterexample' depends on axioms: [propext,
 Classical.choice,
 Quot.sound]
'SafeLearning.PrimersFoundations.banach_unique_exists' depends on axioms: [propext, Classical.choice, Quot.sound]
'SafeLearning.PrimersFoundations.banach_iterates_converge' depends on axioms: [propext, Classical.choice, Quot.sound]
'SafeLearning.PrimersFoundations.banach_apriori_bound' depends on axioms: [propext, Classical.choice, Quot.sound]
'SafeLearning.PrimersFoundations.gram_matrix_psd' depends on axioms: [propext, Classical.choice, Quot.sound]
'SafeLearning.PrimersFoundations.psd_congruence' depends on axioms: [propext, Classical.choice, Quot.sound]
'SafeLearning.PrimersFoundations.psd_diagonal_iff' depends on axioms: [propext, Classical.choice, Quot.sound]
'SafeLearning.PrimersFoundations.trace_cyclic' depends on axioms: [propext, Classical.choice, Quot.sound]
'SafeLearning.PrimersFoundations.weierstrass_minimum' depends on axioms: [propext, Classical.choice, Quot.sound]
'SafeLearning.PrimersFoundations.interval_topology' depends on axioms: [propext, Classical.choice, Quot.sound]
'SafeLearning.PrimersFoundations.continuous_nonnegative_set_closed' depends on axioms: [propext,
 Classical.choice,
 Quot.sound]
'SafeLearning.PrimersFoundations.continuous_positive_set_open' depends on axioms: [propext,
 Classical.choice,
 Quot.sound]
'SafeLearning.PrimersFoundations.finite_safe_feedback' depends on axioms: [propext]
'SafeLearning.PrimersFoundations.finite_set_operations' depends on axioms: [propext, Classical.choice, Quot.sound]
'SafeLearning.PrimersFoundations.finite_set_builder' depends on axioms: [propext, Classical.choice, Quot.sound]
'SafeLearning.PrimersFoundations.quantifier_example_truths' depends on axioms: [propext, Classical.choice, Quot.sound]
'SafeLearning.PrimersFoundations.negated_quantifier_examples' depends on axioms: [propext, Classical.choice, Quot.sound]
'SafeLearning.PrimersFoundations.convex_first_order' depends on axioms: [propext, Classical.choice, Quot.sound]
'SafeLearning.PrimersFoundations.convex_stationary_global_minimum' depends on axioms: [propext,
 Classical.choice,
 Quot.sound]
'SafeLearning.PrimersFoundations.kkt_convex_sufficiency' depends on axioms: [propext, Classical.choice, Quot.sound]
'SafeLearning.PrimersFoundations.certificate_reachability_monotone' depends on axioms: [propext,
 Classical.choice,
 Quot.sound]
'SafeLearning.PrimersFoundations.reachFive_iterates' depends on axioms: [propext, Classical.choice, Quot.sound]
'SafeLearning.PrimersFoundations.reachNine_error_iterates' depends on axioms: [propext, Classical.choice, Quot.sound]
'SafeLearning.PrimersFoundations.reachNine_exact_closure' depends on axioms: [propext, Classical.choice, Quot.sound]
