'SafeLearning.BookApplications.robust_tank_step' depends on axioms: [propext, Classical.choice, Quot.sound]
'SafeLearning.BookApplications.tank_original_step' depends on axioms: [propext, Classical.choice, Quot.sound]
'SafeLearning.BookApplications.tank_filter_feasible' depends on axioms: [propext, Classical.choice, Quot.sound]
'SafeLearning.BookApplications.tank_measurement_feedback' depends on axioms: [propext, Classical.choice, Quot.sound]
'SafeLearning.BookApplications.tank_sampled_invariance' depends on axioms: [propext, Classical.choice, Quot.sound]
'SafeLearning.BookApplications.tank_feedback_recursive_invariance' depends on axioms: [propext,
 Classical.choice,
 Quot.sound]
'SafeLearning.BookApplications.tank_no_shared_input' depends on axioms: [propext, Classical.choice, Quot.sound]
'SafeLearning.BookApplications.tank_large_disturbance_impossible' depends on axioms: [propext,
 Classical.choice,
 Quot.sound]
'SafeLearning.BookApplications.policy_mix_feasible' depends on axioms: [propext, Classical.choice, Quot.sound]
'SafeLearning.BookApplications.policy_mix_constrained_optimum' depends on axioms: [propext,
 Classical.choice,
 Quot.sound]
'SafeLearning.BookApplications.policy_mix_unique_optimum' depends on axioms: [propext, Classical.choice, Quot.sound]
'SafeLearning.BookApplications.policy_mix_optimum_attained' depends on axioms: [propext, Classical.choice, Quot.sound]
'SafeLearning.BookApplications.policy_mix_budget_optimum' depends on axioms: [propext, Classical.choice, Quot.sound]
'SafeLearning.BookApplications.policy_mix_flat_lagrangian' depends on axioms: [propext, Classical.choice, Quot.sound]
'SafeLearning.BookApplications.held_barrier_affine' depends on axioms: [propext, Classical.choice, Quot.sound]
'SafeLearning.BookApplications.held_barrier_clearance' depends on axioms: [propext, Classical.choice, Quot.sound]
'SafeLearning.BookApplications.held_barrier_half_second' depends on axioms: [propext, Classical.choice, Quot.sound]
'SafeLearning.BookApplications.held_barrier_late_counterexample' depends on axioms: [propext,
 Classical.choice,
 Quot.sound]
'SafeLearning.BookApplications.tube_invariant_step' depends on axioms: [propext, Classical.choice, Quot.sound]
'SafeLearning.BookApplications.tube_sampled_invariance' depends on axioms: [propext, Classical.choice, Quot.sound]
'SafeLearning.BookApplications.tube_thermal_errors' depends on axioms: [propext, Classical.choice, Quot.sound]
'SafeLearning.BookApplications.tube_thermal_radius' depends on axioms: [propext, Classical.choice, Quot.sound]
'SafeLearning.BookApplications.tube_error_envelope' depends on axioms: [propext, Classical.choice, Quot.sound]
'SafeLearning.BookApplications.lipschitz_observation_transfer' depends on axioms: [propext,
 Classical.choice,
 Quot.sound]
'SafeLearning.BookApplications.lipschitz_ball_safety' depends on axioms: [propext, Classical.choice, Quot.sound]
'SafeLearning.BookApplications.lipschitz_implemented_parameter' depends on axioms: [propext,
 Classical.choice,
 Quot.sound]
'SafeLearning.CompleteAlternatingCMDP.genuine_state_probability' depends on axioms: [propext,
 Classical.choice,
 Quot.sound]
'SafeLearning.CompleteAlternatingCMDP.actual_alternation' depends on axioms: [propext, Classical.choice, Quot.sound]
'SafeLearning.CompleteAlternatingCMDP.discounted_mass_summable' depends on axioms: [propext,
 Classical.choice,
 Quot.sound]
'SafeLearning.CompleteAlternatingCMDP.genuine_discounted_flow_constraints' depends on axioms: [propext,
 Classical.choice,
 Quot.sound]
'SafeLearning.CompleteAlternatingCMDP.genuine_state_marginals_and_normalization' depends on axioms: [propext,
 Classical.choice,
 Quot.sound]
'SafeLearning.CompleteAlternatingCMDP.literal_source_LP_feasible_iff' depends on axioms: [propext,
 Classical.choice,
 Quot.sound]
'SafeLearning.CompleteAlternatingCMDP.genuine_unique_LP_optimum' depends on axioms: [propext,
 Classical.choice,
 Quot.sound]
'SafeLearning.CompleteAlternatingCMDP.actual_optimum_and_binding_budget' depends on axioms: [propext,
 Classical.choice,
 Quot.sound]
'SafeLearning.CompleteAlternatingCMDP.actual_lagrangian_decomposition' depends on axioms: [propext,
 Classical.choice,
 Quot.sound]
'SafeLearning.CompleteAlternatingCMDP.actual_dual_piecewise' depends on axioms: [propext, Classical.choice, Quot.sound]
'SafeLearning.CompleteAlternatingCMDP.source_dual_unique_minimum' depends on axioms: [propext,
 Classical.choice,
 Quot.sound]
'SafeLearning.CompleteAlternatingCMDPGeometry.actual_binary_linear_maximum' depends on axioms: [propext,
 Classical.choice,
 Quot.sound]
'SafeLearning.CompleteAlternatingCMDPGeometry.actual_binary_maximum_attainment' depends on axioms: [propext,
 Classical.choice,
 Quot.sound]
'SafeLearning.CompleteAlternatingCMDPGeometry.genuine_policy_lagrangian_bound' depends on axioms: [propext,
 Classical.choice,
 Quot.sound]
'SafeLearning.CompleteAlternatingCMDPGeometry.genuine_policy_dual_attainer' depends on axioms: [propext,
 Classical.choice,
 Quot.sound]
'SafeLearning.CompleteAlternatingCMDPGeometry.genuine_policy_dual_supremum' depends on axioms: [propext,
 Classical.choice,
 Quot.sound]
'SafeLearning.CompleteAlternatingCMDPGeometry.actual_dual_prices_and_indifference' depends on axioms: [propext,
 Classical.choice,
 Quot.sound]
'SafeLearning.CompleteAlternatingCMDPGeometry.genuine_dual_slopes' depends on axioms: [propext,
 Classical.choice,
 Quot.sound]
'SafeLearning.CompleteAlternatingCMDPGeometry.actual_occupancy_LP_constraint_matrix' depends on axioms: [propext,
 Classical.choice,
 Quot.sound]
'SafeLearning.CompleteAlternatingCMDPGeometry.genuine_basic_support_bound' depends on axioms: [propext,
 Classical.choice,
 Quot.sound]
'SafeLearning.CompleteAlternatingCMDPGeometry.genuine_two_state_randomization_bound' depends on axioms: [propext,
 Classical.choice,
 Quot.sound]
'SafeLearning.CompleteAlternatingCMDPGeometry.actual_optimal_support_and_randomization' depends on axioms: [propext,
 Classical.choice,
 Quot.sound]
'SafeLearning.CompleteAlternatingCMDPGeometry.actual_basic_column_certificate' depends on axioms: [propext,
 Classical.choice,
 Quot.sound]
'SafeLearning.CompleteAlternatingCMDPGeometry.genuine_source_edge_objective_changes' depends on axioms: [propext,
 Classical.choice,
 Quot.sound]
'SafeLearning.CompleteAlternatingCMDPGeometry.genuine_optimal_occupancy_is_basic' depends on axioms: [propext,
 Classical.choice,
 Quot.sound]
'SafeLearning.CompleteAlternatingCMDPReturns.genuine_joint_probability' depends on axioms: [propext,
 Classical.choice,
 Quot.sound]
'SafeLearning.CompleteAlternatingCMDPReturns.genuine_joint_integral' depends on axioms: [propext,
 Classical.choice,
 Quot.sound]
'SafeLearning.CompleteAlternatingCMDPReturns.actual_stage_expectations' depends on axioms: [propext,
 Classical.choice,
 Quot.sound]
'SafeLearning.CompleteAlternatingCMDPReturns.actual_geometric_weighted_expectation' depends on axioms: [propext,
 Classical.choice,
 Quot.sound]
'SafeLearning.CompleteAlternatingCMDPReturns.genuine_infinite_reward_and_cost' depends on axioms: [propext,
 Classical.choice,
 Quot.sound]
'SafeLearning.CompleteAlternatingCMDPReturns.genuine_state_action_occupancy' depends on axioms: [propext,
 Classical.choice,
 Quot.sound]
'SafeLearning.CompleteAlternatingCMDPReturns.literal_source_fast_occupancies' depends on axioms: [propext,
 Classical.choice,
 Quot.sound]
'SafeLearning.CompleteAlternatingCMDPReturns.genuine_pathwise_return_interchange' depends on axioms: [propext,
 Classical.choice,
 Quot.sound]
'SafeLearning.CompleteAlternatingCMDPReturns.genuine_pathwise_reward_and_cost' depends on axioms: [propext,
 Classical.choice,
 Quot.sound]
'SafeLearning.CompleteAppliedAdaptiveSigns.actual_fair_sign_subgaussian' depends on axioms: [propext,
 Classical.choice,
 Quot.sound]
'SafeLearning.CompleteAppliedAdaptiveSigns.adaptive_conditional_mgf' depends on axioms: [propext,
 Classical.choice,
 Quot.sound]
'SafeLearning.CompleteAppliedAdaptiveSigns.adaptive_uniform_parameter_two' depends on axioms: [propext,
 Classical.choice,
 Quot.sound]
'SafeLearning.CompleteAppliedAdaptiveSigns.adaptive_exact_magnitude' depends on axioms: [propext,
 Classical.choice,
 Quot.sound]
'SafeLearning.CompleteAppliedAlarmBatches.actual_false_alarm_expectation' depends on axioms: [propext,
 Classical.choice,
 Quot.sound]
'SafeLearning.CompleteAppliedAlarmBatches.actual_500_false_alarm_expectation' depends on axioms: [propext,
 Classical.choice,
 Quot.sound]
'SafeLearning.CompleteAppliedAlarmBatches.actual_500_independent_alarm_union' depends on axioms: [propext,
 Classical.choice,
 Quot.sound]
'SafeLearning.CompleteAppliedAlarmBatches.actual_500_arbitrary_dependence_union' depends on axioms: [propext,
 Classical.choice,
 Quot.sound]
'SafeLearning.CompleteAppliedAlarmBatches.source_per_step_false_alarm_level' depends on axioms: [propext,
 Classical.choice,
 Quot.sound]
'SafeLearning.CompleteAppliedAlarmModel.actual_finite_event_probability' depends on axioms: [propext,
 Classical.choice,
 Quot.sound]
'SafeLearning.CompleteAppliedAlarmModel.actual_conditioning_formula' depends on axioms: [propext,
 Classical.choice,
 Quot.sound]
'SafeLearning.CompleteAppliedAlarmModel.detector_actual_events' depends on axioms: [propext,
 Classical.choice,
 Quot.sound]
'SafeLearning.CompleteAppliedAlarmModel.detector_actual_conditionals' depends on axioms: [propext,
 Classical.choice,
 Quot.sound]
'SafeLearning.CompleteAppliedAlarmModel.actual_bayes_from_detector_rates' depends on axioms: [propext,
 Classical.choice,
 Quot.sound]
'SafeLearning.CompleteAppliedAlarmModel.source_posterior_three_decimal_rounding' depends on axioms: [propext,
 Classical.choice,
 Quot.sound]
'SafeLearning.CompleteAppliedAlarmPrecision.source_union_decimal_is_rounded' depends on axioms: [propext,
 Classical.choice,
 Quot.sound]
'SafeLearning.CompleteAppliedAlarmPrecision.actual_strict_500_union' depends on axioms: [propext,
 Classical.choice,
 Quot.sound]
'SafeLearning.CompleteAppliedAlarmPrecision.finite_sharp_alarm_probability' depends on axioms: [propext,
 Classical.choice,
 Quot.sound]
'SafeLearning.CompleteAppliedAlarmPrecision.finite_sharp_alarm_disjoint' depends on axioms: [propext,
 Classical.choice,
 Quot.sound]
'SafeLearning.CompleteAppliedAlarmPrecision.finite_sharp_union_probability' depends on axioms: [propext,
 Classical.choice,
 Quot.sound]
'SafeLearning.CompleteAppliedAlarmPrecision.actual_union_bound_endpoint_attained' depends on axioms: [propext,
 Classical.choice,
 Quot.sound]
'SafeLearning.CompleteAppliedAlarmPrecision.endpoint_does_not_guarantee_strict_target' depends on axioms: [propext,
 Classical.choice,
 Quot.sound]
'SafeLearning.CompleteAppliedAzuma.real_conditional_law_comp' depends on axioms: [propext, Classical.choice, Quot.sound]
'SafeLearning.CompleteAppliedAzuma.bounded_centered_is_real_conditional_subgaussian' depends on axioms: [propext,
 Classical.choice,
 Quot.sound]
'SafeLearning.CompleteAppliedAzuma.add_real_conditional_subgaussian' depends on axioms: [propext,
 Classical.choice,
 Quot.sound]
'SafeLearning.CompleteAppliedAzuma.partialSum_initial_step' depends on axioms: [propext, Classical.choice, Quot.sound]
'SafeLearning.CompleteAppliedAzuma.partialSum_adapted' depends on axioms: [propext, Classical.choice, Quot.sound]
'SafeLearning.CompleteAppliedAzuma.actual_azuma_sum_subgaussian' depends on axioms: [propext,
 Classical.choice,
 Quot.sound]
'SafeLearning.CompleteAppliedAzuma.actual_azuma_tail' depends on axioms: [propext, Classical.choice, Quot.sound]
'SafeLearning.CompleteAppliedAzuma.bounded_martingale_difference_azuma' depends on axioms: [propext,
 Classical.choice,
 Quot.sound]
'SafeLearning.CompleteAppliedBackprop.active_affine_relu_derivative' depends on axioms: [propext,
 Classical.choice,
 Quot.sound]
'SafeLearning.CompleteAppliedBackprop.squared_loss_chain' depends on axioms: [propext, Classical.choice, Quot.sound]
'SafeLearning.CompleteAppliedBackprop.active_neuron_parameter_derivatives' depends on axioms: [propext,
 Classical.choice,
 Quot.sound]
'SafeLearning.CompleteAppliedBackprop.active_neuron_loss_derivatives' depends on axioms: [propext,
 Classical.choice,
 Quot.sound]
'SafeLearning.CompleteAppliedBackprop.actual_active_neuron_values' depends on axioms: [propext,
 Classical.choice,
 Quot.sound]
'SafeLearning.CompleteAppliedBackprop.actual_output_and_hidden_loss_derivatives' depends on axioms: [propext,
 Classical.choice,
 Quot.sound]
'SafeLearning.CompleteAppliedBackprop.actual_active_neuron_loss_derivatives' depends on axioms: [propext,
 Classical.choice,
 Quot.sound]
'SafeLearning.CompleteAppliedBandit.finite_expectation_is_actual_integral' depends on axioms: [propext,
 Classical.choice,
 Quot.sound]
'SafeLearning.CompleteAppliedBandit.binary_expectation' depends on axioms: [propext, Classical.choice, Quot.sound]
'SafeLearning.CompleteAppliedBandit.actual_expected_reward' depends on axioms: [propext, Classical.choice, Quot.sound]
'SafeLearning.CompleteAppliedBandit.sigmoid_probability_derivative' depends on axioms: [propext,
 Classical.choice,
 Quot.sound]
'SafeLearning.CompleteAppliedBandit.both_actual_log_probability_scores' depends on axioms: [propext,
 Classical.choice,
 Quot.sound]
'SafeLearning.CompleteAppliedBandit.actual_reward_derivative' depends on axioms: [propext, Classical.choice, Quot.sound]
'SafeLearning.CompleteAppliedBandit.actual_score_identity' depends on axioms: [propext, Classical.choice, Quot.sound]
'SafeLearning.CompleteAppliedBandit.any_constant_baseline_same_gradient' depends on axioms: [propext,
 Classical.choice,
 Quot.sound]
'SafeLearning.CompleteAppliedBandit.actual_value_advantage_centered' depends on axioms: [propext,
 Classical.choice,
 Quot.sound]
'SafeLearning.CompleteAppliedBandit.quarter_sigmoid_parameter' depends on axioms: [propext,
 Classical.choice,
 Quot.sound]
'SafeLearning.CompleteAppliedBandit.quarter_reward_and_scores' depends on axioms: [propext,
 Classical.choice,
 Quot.sound]
'SafeLearning.CompleteAppliedBandit.quarter_actual_advantages' depends on axioms: [propext,
 Classical.choice,
 Quot.sound]
'SafeLearning.CompleteAppliedBaselineDegenerate.zero_second_moment_score_ae' depends on axioms: [propext,
 Classical.choice,
 Quot.sound]
'SafeLearning.CompleteAppliedBaselineDegenerate.every_baseline_zero_variance' depends on axioms: [propext,
 Classical.choice,
 Quot.sound]
'SafeLearning.CompleteAppliedBaselineDegenerate.score_weighted_baseline_minimum_including_degenerate' depends on axioms: [propext,
 Classical.choice,
 Quot.sound]
'SafeLearning.CompleteAppliedBaselines.actual_general_baseline_mean' depends on axioms: [propext,
 Classical.choice,
 Quot.sound]
'SafeLearning.CompleteAppliedBaselines.actual_baseline_variance_quadratic' depends on axioms: [propext,
 Classical.choice,
 Quot.sound]
'SafeLearning.CompleteAppliedBaselines.actual_variance_minimizing_baseline' depends on axioms: [propext,
 Classical.choice,
 Quot.sound]
'SafeLearning.CompleteAppliedBaselines.actual_general_score_weighted_baseline_formula' depends on axioms: [propext,
 Classical.choice,
 Quot.sound]
'SafeLearning.CompleteAppliedBaselines.actual_general_gradient_variance_moment_formula' depends on axioms: [propext,
 Classical.choice,
 Quot.sound]
'SafeLearning.CompleteAppliedBaselines.actual_general_score_weighted_variance_minimum' depends on axioms: [propext,
 Classical.choice,
 Quot.sound]
'SafeLearning.CompleteAppliedBaselines.finite_variance_is_actual_variance' depends on axioms: [propext,
 Classical.choice,
 Quot.sound]
'SafeLearning.CompleteAppliedBaselines.unit_gradient_actual_mean' depends on axioms: [propext,
 Classical.choice,
 Quot.sound]
'SafeLearning.CompleteAppliedBaselines.unit_gradient_actual_second_moment' depends on axioms: [propext,
 Classical.choice,
 Quot.sound]
'SafeLearning.CompleteAppliedBaselines.unit_gradient_second_moment_actual_derivative' depends on axioms: [propext,
 Classical.choice,
 Quot.sound]
'SafeLearning.CompleteAppliedBaselines.unit_gradient_actual_variance' depends on axioms: [propext,
 Classical.choice,
 Quot.sound]
'SafeLearning.CompleteAppliedBaselines.unit_gradient_optimal_baseline_constant' depends on axioms: [propext,
 Classical.choice,
 Quot.sound]
'SafeLearning.CompleteAppliedBaselines.unit_gradient_unique_optimal_baseline' depends on axioms: [propext,
 Classical.choice,
 Quot.sound]
'SafeLearning.CompleteAppliedBaselines.unit_score_squared_moments' depends on axioms: [propext,
 Classical.choice,
 Quot.sound]
'SafeLearning.CompleteAppliedBaselines.actual_unit_score_weighted_baseline_ratio' depends on axioms: [propext,
 Classical.choice,
 Quot.sound]
'SafeLearning.CompleteAppliedBaselines.four_fifths_parameter' depends on axioms: [propext, Classical.choice, Quot.sound]
'SafeLearning.CompleteAppliedBaselines.four_fifths_actual_variance_comparison' depends on axioms: [propext,
 Classical.choice,
 Quot.sound]
'SafeLearning.CompleteAppliedBellman.finite_weights_sum' depends on axioms: [propext, Classical.choice, Quot.sound]
'SafeLearning.CompleteAppliedBellman.finite_mean_difference_bound' depends on axioms: [propext,
 Classical.choice,
 Quot.sound]
'SafeLearning.CompleteAppliedBellman.value_norm_pointwise' depends on axioms: [propext, Classical.choice, Quot.sound]
'SafeLearning.CompleteAppliedBellman.value_norm_le' depends on axioms: [propext, Classical.choice, Quot.sound]
'SafeLearning.CompleteAppliedBellman.value_norm_nonnegative' depends on axioms: [propext, Classical.choice, Quot.sound]
'SafeLearning.CompleteAppliedBellman.bellman_pointwise_contraction' depends on axioms: [propext,
 Classical.choice,
 Quot.sound]
'SafeLearning.CompleteAppliedBellman.bellman_contraction' depends on axioms: [propext, Classical.choice, Quot.sound]
'SafeLearning.CompleteAppliedBellman.bellman_residual_error' depends on axioms: [propext, Classical.choice, Quot.sound]
'SafeLearning.CompleteAppliedBellman.source_residual_bound' depends on axioms: [propext, Classical.choice, Quot.sound]
'SafeLearning.CompleteAppliedBellman.source_tighter_residual_bound' depends on axioms: [propext,
 Classical.choice,
 Quot.sound]
'SafeLearning.CompleteAppliedBellman.value_norm_eq_sup_distance' depends on axioms: [propext,
 Classical.choice,
 Quot.sound]
'SafeLearning.CompleteAppliedBellman.bellman_contracting' depends on axioms: [propext, Classical.choice, Quot.sound]
'SafeLearning.CompleteAppliedBellman.bellman_fixed_point_exists_unique_and_iteration_converges' depends on axioms: [propext,
 Classical.choice,
 Quot.sound]
'SafeLearning.CompleteAppliedBinaryPinsker.potential_continuous' depends on axioms: [propext,
 Classical.choice,
 Quot.sound]
'SafeLearning.CompleteAppliedBinaryPinsker.potential_has_derivative' depends on axioms: [propext,
 Classical.choice,
 Quot.sound]
'SafeLearning.CompleteAppliedBinaryPinsker.potential_second_derivative' depends on axioms: [propext,
 Classical.choice,
 Quot.sound]
'SafeLearning.CompleteAppliedBinaryPinsker.potential_second_nonnegative' depends on axioms: [propext,
 Classical.choice,
 Quot.sound]
'SafeLearning.CompleteAppliedBinaryPinsker.potential_convex' depends on axioms: [propext, Classical.choice, Quot.sound]
'SafeLearning.CompleteAppliedBinaryPinsker.actual_binary_log_sum_lower' depends on axioms: [propext,
 Classical.choice,
 Quot.sound]
'SafeLearning.CompleteAppliedBinaryPinsker.actual_binary_pinsker_interior' depends on axioms: [propext,
 Classical.choice,
 Quot.sound]
'SafeLearning.CompleteAppliedBinaryPinsker.actual_binary_pinsker' depends on axioms: [propext,
 Classical.choice,
 Quot.sound]
'SafeLearning.CompleteAppliedBinomialModel.actual_pattern_card_probability' depends on axioms: [propext,
 Classical.choice,
 Quot.sound]
'SafeLearning.CompleteAppliedBinomialModel.count_event_is_pattern_union' depends on axioms: [propext,
 Classical.choice,
 Quot.sound]
'SafeLearning.CompleteAppliedBinomialModel.patterns_pairwise_disjoint' depends on axioms: [propext,
 Classical.choice,
 Quot.sound]
'SafeLearning.CompleteAppliedBinomialModel.actual_binomial_count_mass' depends on axioms: [propext,
 Classical.choice,
 Quot.sound]
'SafeLearning.CompleteAppliedBinomialModel.failure_count_measurable' depends on axioms: [propext,
 Classical.choice,
 Quot.sound]
'SafeLearning.CompleteAppliedBinomialModel.actual_choose_factorial_formula' depends on axioms: [propext,
 Classical.choice,
 Quot.sound]
'SafeLearning.CompleteAppliedBinomialModel.actual_count_has_binomial_law' depends on axioms: [propext,
 Classical.choice,
 Quot.sound]
'SafeLearning.CompleteAppliedBinomialModel.real_count_is_sum_of_indicators' depends on axioms: [propext,
 Classical.choice,
 Quot.sound]
'SafeLearning.CompleteAppliedBinomialModel.actual_indicator_mean_and_variance' depends on axioms: [propext,
 Classical.choice,
 Quot.sound]
'SafeLearning.CompleteAppliedBinomialModel.actual_binomial_count_mean_and_variance' depends on axioms: [propext,
 Classical.choice,
 Quot.sound]
'SafeLearning.CompleteAppliedConcentration.hoeffding_lemma' depends on axioms: [propext, Classical.choice, Quot.sound]
'SafeLearning.CompleteAppliedConcentration.centered_unit_interval_subgaussian' depends on axioms: [propext,
 Classical.choice,
 Quot.sound]
'SafeLearning.CompleteAppliedConcentration.subgaussian_two_sided' depends on axioms: [propext,
 Classical.choice,
 Quot.sound]
'SafeLearning.CompleteAppliedConcentration.bounded_independent_average_hoeffding' depends on axioms: [propext,
 Classical.choice,
 Quot.sound]
'SafeLearning.CompleteAppliedConcentration.hoeffding_sample_inequality' depends on axioms: [propext,
 Classical.choice,
 Quot.sound]
'SafeLearning.CompleteAppliedConcentration.symmetric_bounded_subgaussian' depends on axioms: [propext,
 Classical.choice,
 Quot.sound]
'SafeLearning.CompleteAppliedConcentration.lookahead_sign_square' depends on axioms: [propext,
 Classical.choice,
 Quot.sound]
'SafeLearning.CompleteAppliedConditionalBounds.conditional_hoeffding' depends on axioms: [propext,
 Classical.choice,
 Quot.sound]
'SafeLearning.CompleteAppliedConditionalLaw.conditional_hoeffding_any_space' depends on axioms: [propext,
 Classical.choice,
 Quot.sound]
'SafeLearning.CompleteAppliedConfidence.finite_simultaneous_pass' depends on axioms: [propext,
 Classical.choice,
 Quot.sound]
'SafeLearning.CompleteAppliedConfidence.three_checks_pass' depends on axioms: [propext, Classical.choice, Quot.sound]
'SafeLearning.CompleteAppliedConfidence.time_budget_nonnegative' depends on axioms: [propext,
 Classical.choice,
 Quot.sound]
'SafeLearning.CompleteAppliedConfidence.time_budget_partial_sum' depends on axioms: [propext,
 Classical.choice,
 Quot.sound]
'SafeLearning.CompleteAppliedConfidence.time_budget_hasSum' depends on axioms: [propext, Classical.choice, Quot.sound]
'SafeLearning.CompleteAppliedConfidence.all_time_failure_bound' depends on axioms: [propext,
 Classical.choice,
 Quot.sound]
'SafeLearning.CompleteAppliedConfidence.all_time_simultaneous_pass' depends on axioms: [propext,
 Classical.choice,
 Quot.sound]
'SafeLearning.CompleteAppliedConfidence.independent_fixed_failures_eventually' depends on axioms: [propext,
 Classical.choice,
 Quot.sound]
'SafeLearning.CompleteAppliedConfidence.exp_185_sample_bound' depends on axioms: [propext, Classical.choice, Quot.sound]
'SafeLearning.CompleteAppliedConfidence.exp_184_sample_failure' depends on axioms: [propext,
 Classical.choice,
 Quot.sound]
'SafeLearning.CompleteAppliedConfidence.minimum_hoeffding_sample_count' depends on axioms: [propext,
 Classical.choice,
 Quot.sound]
'SafeLearning.CompleteAppliedConfidence.hoeffding_185_actual_confidence' depends on axioms: [propext,
 Classical.choice,
 Quot.sound]
'SafeLearning.CompleteAppliedConfidence.all_time_simultaneous_pass_real' depends on axioms: [propext,
 Classical.choice,
 Quot.sound]
'SafeLearning.CompleteAppliedConfidence.fixed_budget_sum' depends on axioms: [propext, Classical.choice, Quot.sound]
'SafeLearning.CompleteAppliedConfidence.fixed_budget_unbounded' depends on axioms: [propext,
 Classical.choice,
 Quot.sound]
'SafeLearning.CompleteAppliedConfidence.log40_enclosure' depends on axioms: [propext, Classical.choice, Quot.sound]
'SafeLearning.CompleteAppliedConfidence.source_hoeffding_rounding' depends on axioms: [propext,
 Classical.choice,
 Quot.sound]
'SafeLearning.CompleteAppliedConfidenceIdentities.hoeffding_log_threshold' depends on axioms: [propext,
 Classical.choice,
 Quot.sound]
'SafeLearning.CompleteAppliedConfidenceIdentities.independent_three_pass' depends on axioms: [propext,
 Classical.choice,
 Quot.sound]
'SafeLearning.CompleteAppliedConfidenceIdentities.three_failure_union' depends on axioms: [propext,
 Classical.choice,
 Quot.sound]
'SafeLearning.CompleteAppliedCorrelation.variance_formulas' depends on axioms: [propext, Classical.choice, Quot.sound]
'SafeLearning.CompleteAppliedCorrelation.covariance_standardized' depends on axioms: [propext,
 Classical.choice,
 Quot.sound]
'SafeLearning.CompleteAppliedCorrelation.correlation_variance_identity' depends on axioms: [propext,
 Classical.choice,
 Quot.sound]
'SafeLearning.CompleteAppliedCorrelation.correlation_interval' depends on axioms: [propext,
 Classical.choice,
 Quot.sound]
'SafeLearning.CompleteAppliedCorrelation.correlation_extreme_iff_affine' depends on axioms: [propext,
 Classical.choice,
 Quot.sound]
'SafeLearning.CompleteAppliedCorrelation.covariance_quadratic_centered_outer_products' depends on axioms: [propext,
 Classical.choice,
 Quot.sound]
'SafeLearning.CompleteAppliedCorrelation.covariance_matrix_invertible_iff' depends on axioms: [propext,
 Classical.choice,
 Quot.sound]
'SafeLearning.CompleteAppliedCorrelation.standard_deviation_example' depends on axioms: [propext,
 Classical.choice,
 Quot.sound]
'SafeLearning.CompleteAppliedCorrelation.covariance_pair_matrix' depends on axioms: [propext,
 Classical.choice,
 Quot.sound]
'SafeLearning.CompleteAppliedCorrelation.covariance_isotropic_entries' depends on axioms: [propext,
 Classical.choice,
 Quot.sound]
'SafeLearning.CompleteAppliedCorrelation.isotropic_direction_variance' depends on axioms: [propext,
 Classical.choice,
 Quot.sound]
'SafeLearning.CompleteAppliedCovariance.covariance_matrix_entry' depends on axioms: [propext,
 Classical.choice,
 Quot.sound]
'SafeLearning.CompleteAppliedCovariance.covariance_matrix_hermitian' depends on axioms: [propext,
 Classical.choice,
 Quot.sound]
'SafeLearning.CompleteAppliedCovariance.covariance_quadratic_is_variance' depends on axioms: [propext,
 Classical.choice,
 Quot.sound]
'SafeLearning.CompleteAppliedCovariance.covariance_matrix_posSemidef' depends on axioms: [propext,
 Classical.choice,
 Quot.sound]
'SafeLearning.CompleteAppliedCovariance.variance_zero_iff_constant' depends on axioms: [propext,
 Classical.choice,
 Quot.sound]
'SafeLearning.CompleteAppliedCovariance.covariance_posDef_iff_no_constant_combination' depends on axioms: [propext,
 Classical.choice,
 Quot.sound]
'SafeLearning.CompleteAppliedCovariance.covariance_invertible_of_no_constant_combination' depends on axioms: [propext,
 Classical.choice,
 Quot.sound]
'SafeLearning.CompleteAppliedCovariance.affine_covariance_transform' depends on axioms: [propext,
 Classical.choice,
 Quot.sound]
'SafeLearning.CompleteAppliedCoverageTransfer.learned_model_coverage_to_safety' depends on axioms: [propext,
 Classical.choice,
 Quot.sound]
'SafeLearning.CompleteAppliedCoverageTransfer.two_learned_sets_coverage_to_safety' depends on axioms: [propext,
 Classical.choice,
 Quot.sound]
'SafeLearning.CompleteAppliedCoverageTransfer.band_covers_iff' depends on axioms: [propext,
 Classical.choice,
 Quot.sound]
'SafeLearning.CompleteAppliedCoverageTransfer.pointwise_actual_99_percent' depends on axioms: [propext,
 Classical.choice,
 Quot.sound]
'SafeLearning.CompleteAppliedCoverageTransfer.simultaneous_actual_zero_percent' depends on axioms: [propext,
 Classical.choice,
 Quot.sound]
'SafeLearning.CompleteAppliedCoverageTransfer.actual_function_coverage_zero' depends on axioms: [propext,
 Classical.choice,
 Quot.sound]
'SafeLearning.CompleteAppliedDensityScaling.actual_measurable_equivalence_maps_the_weighted_measure' depends on axioms: [propext,
 Classical.choice,
 Quot.sound]
'SafeLearning.CompleteAppliedDensityScaling.actual_nonzero_rescaling_maps_the_true_density_law' depends on axioms: [propext,
 Classical.choice,
 Quot.sound]
'SafeLearning.CompleteAppliedDensityScaling.actual_normalized_nonnegative_density_is_a_probability_law' depends on axioms: [propext,
 Classical.choice,
 Quot.sound]
'SafeLearning.CompleteAppliedDensityScaling.actual_density_entropy_is_log_density_under_the_true_law' depends on axioms: [propext,
 Classical.choice,
 Quot.sound]
'SafeLearning.CompleteAppliedDensityScaling.actual_rescaled_density_is_integrable_and_normalized' depends on axioms: [propext,
 Classical.choice,
 Quot.sound]
'SafeLearning.CompleteAppliedDensityScaling.actual_scaled_density_log_integrand' depends on axioms: [propext,
 Classical.choice,
 Quot.sound]
'SafeLearning.CompleteAppliedDensityScaling.actual_rescaled_density_entropy_integrand_is_integrable' depends on axioms: [propext,
 Classical.choice,
 Quot.sound]
'SafeLearning.CompleteAppliedDensityScaling.actual_differential_entropy_rescaling' depends on axioms: [propext,
 Classical.choice,
 Quot.sound]
'SafeLearning.CompleteAppliedDiagonalCertificates.actual_identity_storage_and_positive_definiteness' depends on axioms: [propext,
 Classical.choice,
 Quot.sound]
'SafeLearning.CompleteAppliedDiagonalCertificates.actual_negative_Lyapunov_matrix_is_positive_after_negation' depends on axioms: [propext,
 Classical.choice,
 Quot.sound]
'SafeLearning.CompleteAppliedDiagonalCertificates.actual_coordinate_derivatives_from_vector_ODE' depends on axioms: [propext,
 Classical.choice,
 Quot.sound]
'SafeLearning.CompleteAppliedDiagonalCertificates.actual_every_existing_diagonal_ODE_trajectory' depends on axioms: [propext,
 Classical.choice,
 Quot.sound]
'SafeLearning.CompleteAppliedDiagonalCertificates.actual_norm_square_certificate_derivative' depends on axioms: [propext,
 Classical.choice,
 Quot.sound]
'SafeLearning.CompleteAppliedDiagonalCertificates.actual_all_diagonal_ODE_norm_decay' depends on axioms: [propext,
 Classical.choice,
 Quot.sound]
'SafeLearning.CompleteAppliedDiagonalODE.actual_euclidean_norm_square' depends on axioms: [propext,
 Classical.choice,
 Quot.sound]
'SafeLearning.CompleteAppliedDiagonalODE.actual_diagonal_matrix_action' depends on axioms: [propext,
 Classical.choice,
 Quot.sound]
'SafeLearning.CompleteAppliedDiagonalODE.actual_diagonal_trajectory_initial' depends on axioms: [propext,
 Classical.choice,
 Quot.sound]
'SafeLearning.CompleteAppliedDiagonalODE.actual_diagonal_trajectory_derivative' depends on axioms: [propext,
 Classical.choice,
 Quot.sound]
'SafeLearning.CompleteAppliedDiagonalODE.actual_diagonal_trajectory_norm_decay' depends on axioms: [propext,
 Classical.choice,
 Quot.sound]
'SafeLearning.CompleteAppliedDiagonalODE.actual_source_trajectory_and_bound' depends on axioms: [propext,
 Classical.choice,
 Quot.sound]
'SafeLearning.CompleteAppliedDiagonalODE.actual_matrix_Lyapunov_identity' depends on axioms: [propext,
 Classical.choice,
 Quot.sound]
'SafeLearning.CompleteAppliedDiagonalODE.actual_quadratic_decrement_bound' depends on axioms: [propext,
 Classical.choice,
 Quot.sound]
'SafeLearning.CompleteAppliedDiagonalSpectral.actual_complexified_matrix_is_the_source_diagonal' depends on axioms: [propext,
 Classical.choice,
 Quot.sound]
'SafeLearning.CompleteAppliedDiagonalSpectral.actual_complex_spectrum_iff' depends on axioms: [propext,
 Classical.choice,
 Quot.sound]
'SafeLearning.CompleteAppliedDiagonalSpectral.actual_complex_eigenvalues_exactly_minus_one_and_minus_two' depends on axioms: [propext,
 Classical.choice,
 Quot.sound]
'SafeLearning.CompleteAppliedDiagonalSpectral.actual_all_complex_eigenvalues_have_negative_real_part' depends on axioms: [propext,
 Classical.choice,
 Quot.sound]
'SafeLearning.CompleteAppliedDiagonalSpectral.actual_source_Lyapunov_matrix_is_twice_dynamics' depends on axioms: [propext,
 Classical.choice,
 Quot.sound]
'SafeLearning.CompleteAppliedDiagonalSpectral.actual_quadratic_matrix_form_is_the_source_decrement' depends on axioms: [propext,
 Classical.choice,
 Quot.sound]
'SafeLearning.CompleteAppliedDiagonalSpectral.actual_matrix_ODE_trajectory_semantics' depends on axioms: [propext,
 Classical.choice,
 Quot.sound]
'SafeLearning.CompleteAppliedDiagonalSpectral.actual_matrix_ODE_certificate_derivative' depends on axioms: [propext,
 Classical.choice,
 Quot.sound]
'SafeLearning.CompleteAppliedDynamics.thermalA_precise' depends on axioms: [propext, Classical.choice, Quot.sound]
'SafeLearning.CompleteAppliedDynamics.thermal_rounded_coefficients' depends on axioms: [propext,
 Classical.choice,
 Quot.sound]
'SafeLearning.CompleteAppliedDynamics.thermal_displayed_readings' depends on axioms: [propext,
 Classical.choice,
 Quot.sound]
'SafeLearning.CompleteAppliedDynamics.thermal_gain_rounding' depends on axioms: [propext, Classical.choice, Quot.sound]
'SafeLearning.CompleteAppliedDynamics.clipped_first_update' depends on axioms: [propext, Classical.choice, Quot.sound]
'SafeLearning.CompleteAppliedDynamics.saturated_invariant_all' depends on axioms: [propext,
 Classical.choice,
 Quot.sound]
'SafeLearning.CompleteAppliedDynamics.first_qualifying_reading' depends on axioms: [propext,
 Classical.choice,
 Quot.sound]
'SafeLearning.CompleteAppliedDynamics.saturated_branches' depends on axioms: [propext, Classical.choice, Quot.sound]
'SafeLearning.CompleteAppliedDynamics.saturated_branch_ranges' depends on axioms: [propext,
 Classical.choice,
 Quot.sound]
'SafeLearning.CompleteAppliedDynamics.saturated_range_rounding' depends on axioms: [propext,
 Classical.choice,
 Quot.sound]
'SafeLearning.CompleteAppliedDynamics.heldThermal_unique' depends on axioms: [propext, Classical.choice, Quot.sound]
'SafeLearning.CompleteAppliedDynamics.thermal_multiplier_antitone' depends on axioms: [propext,
 Classical.choice,
 Quot.sound]
'SafeLearning.CompleteAppliedDynamics.sampled_invariant_all' depends on axioms: [propext, Classical.choice, Quot.sound]
'SafeLearning.CompleteAppliedDynamics.held_convex_endpoints' depends on axioms: [propext, Classical.choice, Quot.sound]
'SafeLearning.CompleteAppliedDynamics.saturated_intersample_invariant' depends on axioms: [propext,
 Classical.choice,
 Quot.sound]
'SafeLearning.CompleteAppliedDynamics.stopped_at_join' depends on axioms: [propext, Classical.choice, Quot.sound]
'SafeLearning.CompleteAppliedDynamics.stopped_phase' depends on axioms: [propext, Classical.choice, Quot.sound]
'SafeLearning.CompleteAppliedDynamics.stopped_speed_nonnegative' depends on axioms: [propext,
 Classical.choice,
 Quot.sound]
'SafeLearning.CompleteAppliedDynamics.constant_on_interval' depends on axioms: [propext, Classical.choice, Quot.sound]
'SafeLearning.CompleteAppliedDynamics.brakeSpeed_unique' depends on axioms: [propext, Classical.choice, Quot.sound]
'SafeLearning.CompleteAppliedDynamics.brakeDistance_unique' depends on axioms: [propext, Classical.choice, Quot.sound]
'SafeLearning.CompleteAppliedDynamics.stopped_clearance_constant' depends on axioms: [propext,
 Classical.choice,
 Quot.sound]
'SafeLearning.CompleteAppliedDynamics.stopped_clearance_derivative' depends on axioms: [propext,
 Classical.choice,
 Quot.sound]
'SafeLearning.CompleteAppliedDynamics.stopped_safe_iff' depends on axioms: [propext, Classical.choice, Quot.sound]
'SafeLearning.CompleteAppliedDynamics.brake_speed_integral' depends on axioms: [propext, Classical.choice, Quot.sound]
'SafeLearning.CompleteAppliedDynamics.delayed_safe_iff' depends on axioms: [propext, Classical.choice, Quot.sound]
'SafeLearning.CompleteAppliedDynamics.nominal_delay_endpoint' depends on axioms: [propext, Classical.choice, Quot.sound]
'SafeLearning.CompleteAppliedDynamics.robust_delayed_safe' depends on axioms: [propext, Classical.choice, Quot.sound]
'SafeLearning.CompleteAppliedDynamics.robust_delay_necessary' depends on axioms: [propext, Classical.choice, Quot.sound]
'SafeLearning.CompleteAppliedDynamics.robust_delay_rounding' depends on axioms: [propext, Classical.choice, Quot.sound]
'SafeLearning.CompleteAppliedElementary.d_ready_derivative' depends on axioms: [propext, Classical.choice, Quot.sound]
'SafeLearning.CompleteAppliedElementary.d_ready_quadratic_sandwich' depends on axioms: [propext,
 Classical.choice,
 Quot.sound]
'SafeLearning.CompleteAppliedElementary.outer_product_psd' depends on axioms: [propext, Classical.choice, Quot.sound]
'SafeLearning.CompleteAppliedElementary.outer_product_not_pd' depends on axioms: [propext, Classical.choice, Quot.sound]
'SafeLearning.CompleteAppliedElementary.nonlinear_equilibria' depends on axioms: [propext, Classical.choice, Quot.sound]
'SafeLearning.CompleteAppliedElementary.feedback_quarter_closed_form' depends on axioms: [propext,
 Classical.choice,
 Quot.sound]
'SafeLearning.CompleteAppliedElementary.feedback_quarter_converges' depends on axioms: [propext,
 Classical.choice,
 Quot.sound]
'SafeLearning.CompleteAppliedElementary.discount_infinite_sum' depends on axioms: [propext,
 Classical.choice,
 Quot.sound]
'SafeLearning.CompleteAppliedElementary.discount_partial_sum' depends on axioms: [propext, Classical.choice, Quot.sound]
'SafeLearning.CompleteAppliedElementary.discount_partial_sum_limit' depends on axioms: [propext,
 Classical.choice,
 Quot.sound]
'SafeLearning.CompleteAppliedElementary.undiscounted_diverges' depends on axioms: [propext,
 Classical.choice,
 Quot.sound]
'SafeLearning.CompleteAppliedElementary.parameter_derivative' depends on axioms: [propext, Classical.choice, Quot.sound]
'SafeLearning.CompleteAppliedElementary.input_derivative' depends on axioms: [propext, Classical.choice, Quot.sound]
'SafeLearning.CompleteAppliedElementary.one_state_constraint' depends on axioms: [propext, Classical.choice, Quot.sound]
'SafeLearning.CompleteAppliedElementary.one_state_optimum' depends on axioms: [propext, Classical.choice, Quot.sound]
'SafeLearning.CompleteAppliedElementary.one_state_occupancy' depends on axioms: [propext, Classical.choice, Quot.sound]
'SafeLearning.CompleteAppliedElementary.reward_sigmoid_derivative' depends on axioms: [propext,
 Classical.choice,
 Quot.sound]
'SafeLearning.CompleteAppliedElementary.score_log_sigmoid' depends on axioms: [propext, Classical.choice, Quot.sound]
'SafeLearning.CompleteAppliedElementary.two_logits_stay' depends on axioms: [propext, Classical.choice, Quot.sound]
'SafeLearning.CompleteAppliedElementary.binary_affine_robust' depends on axioms: [propext, Classical.choice, Quot.sound]
'SafeLearning.CompleteAppliedElementary.binary_affine_boundary' depends on axioms: [propext,
 Classical.choice,
 Quot.sound]
'SafeLearning.CompleteAppliedElementary.scalar_exact_lipschitz' depends on axioms: [propext,
 Classical.choice,
 Quot.sound]
'SafeLearning.CompleteAppliedElementary.residual_scalar_constants' depends on axioms: [propext,
 Classical.choice,
 Quot.sound]
'SafeLearning.CompleteAppliedElementary.relu_pair_exact_lipschitz' depends on axioms: [propext,
 Classical.choice,
 Quot.sound]
'SafeLearning.CompleteAppliedElementary.one_step_unique_minimizer' depends on axioms: [propext,
 Classical.choice,
 Quot.sound]
'SafeLearning.CompleteAppliedElementary.one_step_derivative' depends on axioms: [propext, Classical.choice, Quot.sound]
'SafeLearning.CompleteAppliedElementary.mpc_two_step_unique' depends on axioms: [propext, Classical.choice, Quot.sound]
'SafeLearning.CompleteAppliedEntropyChain.actual_conditional_joint_atom' depends on axioms: [propext,
 Classical.choice,
 Quot.sound]
'SafeLearning.CompleteAppliedEntropyChain.actual_joint_first_marginal' depends on axioms: [propext,
 Classical.choice,
 Quot.sound]
'SafeLearning.CompleteAppliedEntropyChain.actual_joint_entropy_sum' depends on axioms: [propext,
 Classical.choice,
 Quot.sound]
'SafeLearning.CompleteAppliedEntropyChain.actual_conditional_entropy_sum' depends on axioms: [propext,
 Classical.choice,
 Quot.sound]
'SafeLearning.CompleteAppliedEntropyChain.actual_entropy_product_weight_identity' depends on axioms: [propext,
 Classical.choice,
 Quot.sound]
'SafeLearning.CompleteAppliedEntropyChain.actual_conditional_entropy_chain_rule' depends on axioms: [propext,
 Classical.choice,
 Quot.sound]
'SafeLearning.CompleteAppliedEntropyConditionals.actual_first_event_mass' depends on axioms: [propext,
 Classical.choice,
 Quot.sound]
'SafeLearning.CompleteAppliedEntropyConditionals.actual_second_conditional_law' depends on axioms: [propext,
 Classical.choice,
 Quot.sound]
'SafeLearning.CompleteAppliedEntropyConditionals.actual_conditional_measure_entropy' depends on axioms: [propext,
 Classical.choice,
 Quot.sound]
'SafeLearning.CompleteAppliedEntropyConditionals.actual_kernel_entropy_is_true_conditional_entropy' depends on axioms: [propext,
 Classical.choice,
 Quot.sound]
'SafeLearning.CompleteAppliedEntropyConditionals.actual_measure_conditioned_entropy_chain_rule' depends on axioms: [propext,
 Classical.choice,
 Quot.sound]
'SafeLearning.CompleteAppliedEntropyDisintegration.actual_first_marginal_row_sum' depends on axioms: [propext,
 Classical.choice,
 Quot.sound]
'SafeLearning.CompleteAppliedEntropyDisintegration.actual_posterior_kernel_atom' depends on axioms: [propext,
 Classical.choice,
 Quot.sound]
'SafeLearning.CompleteAppliedEntropyDisintegration.actual_zero_marginal_zero_joint_atom' depends on axioms: [propext,
 Classical.choice,
 Quot.sound]
'SafeLearning.CompleteAppliedEntropyDisintegration.actual_every_joint_factorizes' depends on axioms: [propext,
 Classical.choice,
 Quot.sound]
'SafeLearning.CompleteAppliedEntropyDisintegration.actual_arbitrary_joint_conditional_entropy_chain_rule' depends on axioms: [propext,
 Classical.choice,
 Quot.sound]
'SafeLearning.CompleteAppliedEntropyDisintegration.actual_posterior_kernel_is_conditional_law' depends on axioms: [propext,
 Classical.choice,
 Quot.sound]
'SafeLearning.CompleteAppliedEntropyGeometry.actual_nonnegative_entropy_domain_convex' depends on axioms: [propext,
 Classical.choice,
 Quot.sound]
'SafeLearning.CompleteAppliedEntropyGeometry.actual_negative_entropy_convex' depends on axioms: [propext,
 Classical.choice,
 Quot.sound]
'SafeLearning.CompleteAppliedEntropyGeometry.actual_negative_entropy_strictly_convex' depends on axioms: [propext,
 Classical.choice,
 Quot.sound]
'SafeLearning.CompleteAppliedEntropyJensen.actual_positive_atoms_total_mass' depends on axioms: [propext,
 Classical.choice,
 Quot.sound]
'SafeLearning.CompleteAppliedEntropyJensen.actual_entropy_inverse_log_sum' depends on axioms: [propext,
 Classical.choice,
 Quot.sound]
'SafeLearning.CompleteAppliedEntropyJensen.actual_reciprocal_mean_is_support_card' depends on axioms: [propext,
 Classical.choice,
 Quot.sound]
'SafeLearning.CompleteAppliedEntropyJensen.actual_jensen_entropy_support_bound' depends on axioms: [propext,
 Classical.choice,
 Quot.sound]
'SafeLearning.CompleteAppliedEntropyJensen.actual_jensen_entropy_upper_bound' depends on axioms: [propext,
 Classical.choice,
 Quot.sound]
'SafeLearning.CompleteAppliedEntropyUnits.actual_natural_to_base_two_entropy_units' depends on axioms: [propext,
 Classical.choice,
 Quot.sound]
'SafeLearning.CompleteAppliedEntropyUnits.actual_one_nat_bits_conversion' depends on axioms: [propext,
 Classical.choice,
 Quot.sound]
'SafeLearning.CompleteAppliedEntropyUnits.actual_one_nat_bits_six_decimal_rounding' depends on axioms: [propext,
 Classical.choice,
 Quot.sound]
'SafeLearning.CompleteAppliedEntropyUnits.actual_one_nat_bits_two_decimal_rounding' depends on axioms: [propext,
 Classical.choice,
 Quot.sound]
'SafeLearning.CompleteAppliedEntropyUnits.actual_unit_conversion_is_positive_linear_and_invertible' depends on axioms: [propext,
 Classical.choice,
 Quot.sound]
'SafeLearning.CompleteAppliedExerciseModels.hypothetical_detector_counts' depends on axioms: [propext,
 Classical.choice,
 Quot.sound]
'SafeLearning.CompleteAppliedExerciseModels.ready_outer_product_matrix' depends on axioms: [propext,
 Classical.choice,
 Quot.sound]
'SafeLearning.CompleteAppliedExerciseModels.covariance_quadratic_nonnegative' depends on axioms: [propext,
 Classical.choice,
 Quot.sound]
'SafeLearning.CompleteAppliedExerciseModels.safe_optimistic_exact_set' depends on axioms: [propext,
 Classical.choice,
 Quot.sound]
'SafeLearning.CompleteAppliedExerciseModels.short_return_recursion' depends on axioms: [propext,
 Classical.choice,
 Quot.sound]
'SafeLearning.CompleteAppliedExerciseModels.source_violation_counts' depends on axioms: [propext,
 Classical.choice,
 Quot.sound]
'SafeLearning.CompleteAppliedExerciseModels.source_any_violation_events' depends on axioms: [propext,
 Classical.choice,
 Quot.sound]
'SafeLearning.CompleteAppliedExerciseModels.alternating_return' depends on axioms: [propext,
 Classical.choice,
 Quot.sound]
'SafeLearning.CompleteAppliedExerciseModels.alternating_return_worn' depends on axioms: [propext,
 Classical.choice,
 Quot.sound]
'SafeLearning.CompleteAppliedExerciseModels.optimal_half_backup_unique' depends on axioms: [propext,
 Classical.choice,
 Quot.sound]
'SafeLearning.CompleteAppliedExerciseModels.half_iteration_error' depends on axioms: [propext,
 Classical.choice,
 Quot.sound]
'SafeLearning.CompleteAppliedExerciseModels.correlation_arbitrary_window' depends on axioms: [propext,
 Classical.choice,
 Quot.sound]
'SafeLearning.CompleteAppliedExerciseModels.stationary_count_budget_distinct' depends on axioms: [propext,
 Classical.choice,
 Quot.sound]
'SafeLearning.CompleteAppliedExerciseModels.ready_equilibrium' depends on axioms: [propext,
 Classical.choice,
 Quot.sound]
'SafeLearning.CompleteAppliedExerciseModels.ready_rate_initial' depends on axioms: [propext,
 Classical.choice,
 Quot.sound]
'SafeLearning.CompleteAppliedExerciseModels.ready_rate_local_approximation' depends on axioms: [propext,
 Classical.choice,
 Quot.sound]
'SafeLearning.CompleteAppliedExerciseModels.ready_quadratic_value' depends on axioms: [propext,
 Classical.choice,
 Quot.sound]
'SafeLearning.CompleteAppliedExerciseModels.scalar_residual_bound' depends on axioms: [propext,
 Classical.choice,
 Quot.sound]
'SafeLearning.CompleteAppliedExercises.chain_one_values' depends on axioms: [propext, Classical.choice, Quot.sound]
'SafeLearning.CompleteAppliedExercises.chain_two_values' depends on axioms: [propext, Classical.choice, Quot.sound]
'SafeLearning.CompleteAppliedExercises.chain_stationary_preserved' depends on axioms: [propext,
 Classical.choice,
 Quot.sound]
'SafeLearning.CompleteAppliedExercises.chain_stationary_unique' depends on axioms: [propext,
 Classical.choice,
 Quot.sound]
'SafeLearning.CompleteAppliedExercises.chain_stationary_moves' depends on axioms: [propext,
 Classical.choice,
 Quot.sound]
'SafeLearning.CompleteAppliedExercises.complement_ready' depends on axioms: [propext, Classical.choice, Quot.sound]
'SafeLearning.CompleteAppliedExercises.regret_values' depends on axioms: [propext, Classical.choice, Quot.sound]
'SafeLearning.CompleteAppliedExercises.comparator_values' depends on axioms: [propext, Classical.choice, Quot.sound]
'SafeLearning.CompleteAppliedExercises.optimistic_and_safe' depends on axioms: [propext, Classical.choice, Quot.sound]
'SafeLearning.CompleteAppliedExercises.short_return' depends on axioms: [propext, Classical.choice, Quot.sound]
'SafeLearning.CompleteAppliedExercises.transition_and_action_expectations' depends on axioms: [propext,
 Classical.choice,
 Quot.sound]
'SafeLearning.CompleteAppliedExercises.equal_expected_cost_distinct_failure' depends on axioms: [propext,
 Classical.choice,
 Quot.sound]
'SafeLearning.CompleteAppliedExercises.one_state_bellman_unique' depends on axioms: [propext,
 Classical.choice,
 Quot.sound]
'SafeLearning.CompleteAppliedExercises.cycle_bellman_unique' depends on axioms: [propext, Classical.choice, Quot.sound]
'SafeLearning.CompleteAppliedExercises.cycle_advantage' depends on axioms: [propext, Classical.choice, Quot.sound]
'SafeLearning.CompleteAppliedExercises.half_value_iteration_formula' depends on axioms: [propext,
 Classical.choice,
 Quot.sound]
'SafeLearning.CompleteAppliedExercises.half_value_iteration_values' depends on axioms: [propext,
 Classical.choice,
 Quot.sound]
'SafeLearning.CompleteAppliedExercises.half_value_iteration_converges' depends on axioms: [propext,
 Classical.choice,
 Quot.sound]
'SafeLearning.CompleteAppliedExercises.q_learning_update' depends on axioms: [propext, Classical.choice, Quot.sound]
'SafeLearning.CompleteAppliedExercises.affine_relu_examples' depends on axioms: [propext, Classical.choice, Quot.sound]
'SafeLearning.CompleteAppliedExercises.correlation_matrix_output' depends on axioms: [propext,
 Classical.choice,
 Quot.sound]
'SafeLearning.CompleteAppliedExpectationDomains.actual_countable_absolute_integrability_is_the_weighted_absolute_sum_finite' depends on axioms: [propext,
 Classical.choice,
 Quot.sound]
'SafeLearning.CompleteAppliedExpectationDomains.actual_density_absolute_integrability_is_the_weighted_quantity_integrable' depends on axioms: [propext,
 Classical.choice,
 Quot.sound]
'SafeLearning.CompleteAppliedExpectationDomains.actual_density_absolute_integrability_is_the_weighted_absolute_integral_finite' depends on axioms: [propext,
 Classical.choice,
 Quot.sound]
'SafeLearning.CompleteAppliedExpectations.actual_integrability_is_finiteness_of_the_absolute_mean' depends on axioms: [propext,
 Classical.choice,
 Quot.sound]
'SafeLearning.CompleteAppliedExpectations.actual_expectation_is_the_integral_under_the_true_law' depends on axioms: [propext,
 Classical.choice,
 Quot.sound]
'SafeLearning.CompleteAppliedExpectations.actual_countable_law_expectation_is_the_mass_weighted_sum' depends on axioms: [propext,
 Classical.choice,
 Quot.sound]
'SafeLearning.CompleteAppliedExpectations.actual_density_law_expectation_is_the_density_weighted_integral' depends on axioms: [propext,
 Classical.choice,
 Quot.sound]
'SafeLearning.CompleteAppliedExpectations.actual_expectation_linearity_without_independence' depends on axioms: [propext,
 Classical.choice,
 Quot.sound]
'SafeLearning.CompleteAppliedExpectations.actual_indicator_values_and_expectation' depends on axioms: [propext,
 Classical.choice,
 Quot.sound]
'SafeLearning.CompleteAppliedExpectations.actual_positive_step_indicator_is_the_positive_event' depends on axioms: [propext,
 Classical.choice,
 Quot.sound]
'SafeLearning.CompleteAppliedExpectations.actual_nonnegative_query_indicator_is_a_measurable_event' depends on axioms: [propext,
 Classical.choice,
 Quot.sound]
'SafeLearning.CompleteAppliedExponentialMartingale.actual_conditional_mgf' depends on axioms: [propext,
 Classical.choice,
 Quot.sound]
'SafeLearning.CompleteAppliedExponentialMartingale.exponential_initial_positive' depends on axioms: [propext,
 Classical.choice,
 Quot.sound]
'SafeLearning.CompleteAppliedExponentialMartingale.exponential_step' depends on axioms: [propext,
 Classical.choice,
 Quot.sound]
'SafeLearning.CompleteAppliedExponentialMartingale.exponential_adapted' depends on axioms: [propext,
 Classical.choice,
 Quot.sound]
'SafeLearning.CompleteAppliedExponentialMartingale.exponential_integrable' depends on axioms: [propext,
 Classical.choice,
 Quot.sound]
'SafeLearning.CompleteAppliedExponentialMartingale.exponential_conditional_step' depends on axioms: [propext,
 Classical.choice,
 Quot.sound]
'SafeLearning.CompleteAppliedExponentialMartingale.actual_exponential_supermartingale' depends on axioms: [propext,
 Classical.choice,
 Quot.sound]
'SafeLearning.CompleteAppliedExponentialMartingale.bounded_difference_exponential_supermartingale' depends on axioms: [propext,
 Classical.choice,
 Quot.sound]
'SafeLearning.CompleteAppliedFailureCounts.pattern_iff_failed_trials' depends on axioms: [propext,
 Classical.choice,
 Quot.sound]
'SafeLearning.CompleteAppliedFailureCounts.actual_pattern_probability' depends on axioms: [propext,
 Classical.choice,
 Quot.sound]
'SafeLearning.CompleteAppliedFailureCounts.all_pairs_listed' depends on axioms: [propext, Classical.choice, Quot.sound]
'SafeLearning.CompleteAppliedFailureCounts.distinct_listed_pairs' depends on axioms: [propext,
 Classical.choice,
 Quot.sound]
'SafeLearning.CompleteAppliedFailureCounts.exactly_two_is_disjoint_union' depends on axioms: [propext,
 Classical.choice,
 Quot.sound]
'SafeLearning.CompleteAppliedFailureCounts.actual_four_trial_probabilities' depends on axioms: [propext,
 Classical.choice,
 Quot.sound]
'SafeLearning.CompleteAppliedFiniteBregman.actual_negative_entropy_frechet_derivative' depends on axioms: [propext,
 Classical.choice,
 Quot.sound]
'SafeLearning.CompleteAppliedFiniteBregman.actual_entropy_derivative_linear_action' depends on axioms: [propext,
 Classical.choice,
 Quot.sound]
'SafeLearning.CompleteAppliedFiniteBregman.actual_finite_KL_is_entropy_bregman' depends on axioms: [propext,
 Classical.choice,
 Quot.sound]
'SafeLearning.CompleteAppliedFiniteBregman.actual_finite_bregman_nonnegative_and_identity' depends on axioms: [propext,
 Classical.choice,
 Quot.sound]
'SafeLearning.CompleteAppliedFiniteClaims.finite_indicator_expectation' depends on axioms: [propext,
 Classical.choice,
 Quot.sound]
'SafeLearning.CompleteAppliedFiniteClaims.finiteExpectation_const_mul' depends on axioms: [propext,
 Classical.choice,
 Quot.sound]
'SafeLearning.CompleteAppliedFiniteClaims.finite_constant_on_event' depends on axioms: [propext,
 Classical.choice,
 Quot.sound]
'SafeLearning.CompleteAppliedFiniteClaims.conditional_constant_loss' depends on axioms: [propext,
 Classical.choice,
 Quot.sound]
'SafeLearning.CompleteAppliedFiniteClaims.conditional_fault_loss' depends on axioms: [propext,
 Classical.choice,
 Quot.sound]
'SafeLearning.CompleteAppliedFiniteClaims.finite_covariance_quadratic' depends on axioms: [propext,
 Classical.choice,
 Quot.sound]
'SafeLearning.CompleteAppliedFiniteClaims.quarter_weighted_average' depends on axioms: [propext,
 Classical.choice,
 Quot.sound]
'SafeLearning.CompleteAppliedFiniteClaims.quarter_action_reward' depends on axioms: [propext,
 Classical.choice,
 Quot.sound]
'SafeLearning.CompleteAppliedFiniteClaims.ten_percent_fault_conditioning' depends on axioms: [propext,
 Classical.choice,
 Quot.sound]
'SafeLearning.CompleteAppliedFiniteClaims.cost_standard_deviation_rounding' depends on axioms: [propext,
 Classical.choice,
 Quot.sound]
'SafeLearning.CompleteAppliedFiniteEntropy.actual_finite_weights_sum' depends on axioms: [propext,
 Classical.choice,
 Quot.sound]
'SafeLearning.CompleteAppliedFiniteEntropy.actual_entropy_sum' depends on axioms: [propext,
 Classical.choice,
 Quot.sound]
'SafeLearning.CompleteAppliedFiniteEntropy.actual_entropy_nonnegative' depends on axioms: [propext,
 Classical.choice,
 Quot.sound]
'SafeLearning.CompleteAppliedFiniteEntropy.actual_uniform_mass' depends on axioms: [propext,
 Classical.choice,
 Quot.sound]
'SafeLearning.CompleteAppliedFiniteEntropy.actual_uniform_kl_entropy_identity' depends on axioms: [propext,
 Classical.choice,
 Quot.sound]
'SafeLearning.CompleteAppliedFiniteEntropy.actual_entropy_upper_bound' depends on axioms: [propext,
 Classical.choice,
 Quot.sound]
'SafeLearning.CompleteAppliedFiniteEntropy.actual_maximum_entropy_iff_uniform' depends on axioms: [propext,
 Classical.choice,
 Quot.sound]
'SafeLearning.CompleteAppliedFiniteKL.actual_finite_density' depends on axioms: [propext, Classical.choice, Quot.sound]
'SafeLearning.CompleteAppliedFiniteKL.actual_finite_absolute_continuity' depends on axioms: [propext,
 Classical.choice,
 Quot.sound]
'SafeLearning.CompleteAppliedFiniteKL.actual_finite_rn_derivative' depends on axioms: [propext,
 Classical.choice,
 Quot.sound]
'SafeLearning.CompleteAppliedFiniteKL.actual_finite_kl_integral' depends on axioms: [propext,
 Classical.choice,
 Quot.sound]
'SafeLearning.CompleteAppliedFiniteKL.actual_finite_kl_sum' depends on axioms: [propext, Classical.choice, Quot.sound]
'SafeLearning.CompleteAppliedFiniteKL.actual_finite_kl_is_finite' depends on axioms: [propext,
 Classical.choice,
 Quot.sound]
'SafeLearning.CompleteAppliedFiniteKL.actual_missing_support_infinite_kl' depends on axioms: [propext,
 Classical.choice,
 Quot.sound]
'SafeLearning.CompleteAppliedFiniteKLSupport.actual_support_density' depends on axioms: [propext,
 Classical.choice,
 Quot.sound]
'SafeLearning.CompleteAppliedFiniteKLSupport.actual_support_absolute_continuity' depends on axioms: [propext,
 Classical.choice,
 Quot.sound]
'SafeLearning.CompleteAppliedFiniteKLSupport.actual_support_kl_sum' depends on axioms: [propext,
 Classical.choice,
 Quot.sound]
'SafeLearning.CompleteAppliedFiniteKLSupport.actual_support_kl_full_definition' depends on axioms: [propext,
 Classical.choice,
 Quot.sound]
'SafeLearning.CompleteAppliedFiniteKLSupport.actual_finite_gibbs_nonnegative' depends on axioms: [propext,
 Classical.choice,
 Quot.sound]
'SafeLearning.CompleteAppliedFiniteKLSupport.actual_finite_gibbs_equality' depends on axioms: [propext,
 Classical.choice,
 Quot.sound]
'SafeLearning.CompleteAppliedFiniteKLSupport.actual_zero_weight_log_convention' depends on axioms: [propext,
 Classical.choice,
 Quot.sound]
'SafeLearning.CompleteAppliedFinitePinsker.actual_event_indicator_law' depends on axioms: [propext,
 Classical.choice,
 Quot.sound]
'SafeLearning.CompleteAppliedFinitePinsker.actual_finite_tv_has_attaining_event' depends on axioms: [propext,
 Classical.choice,
 Quot.sound]
'SafeLearning.CompleteAppliedFinitePinsker.actual_finite_pinsker_squared' depends on axioms: [propext,
 Classical.choice,
 Quot.sound]
'SafeLearning.CompleteAppliedFinitePinsker.actual_finite_pinsker_finite_real' depends on axioms: [propext,
 Classical.choice,
 Quot.sound]
'SafeLearning.CompleteAppliedFiniteVariation.actual_finite_event_sum' depends on axioms: [propext,
 Classical.choice,
 Quot.sound]
'SafeLearning.CompleteAppliedFiniteVariation.zero_sum_positive_mass' depends on axioms: [propext,
 Classical.choice,
 Quot.sound]
'SafeLearning.CompleteAppliedFiniteVariation.actual_event_difference_sum' depends on axioms: [propext,
 Classical.choice,
 Quot.sound]
'SafeLearning.CompleteAppliedFiniteVariation.arbitrary_event_zero_sum_bound' depends on axioms: [propext,
 Classical.choice,
 Quot.sound]
'SafeLearning.CompleteAppliedFiniteVariation.actual_finite_event_tv_bound' depends on axioms: [propext,
 Classical.choice,
 Quot.sound]
'SafeLearning.CompleteAppliedFiniteVariation.actual_finite_total_variation' depends on axioms: [propext,
 Classical.choice,
 Quot.sound]
'SafeLearning.CompleteAppliedFiniteVariation.actual_finite_tv_symmetric' depends on axioms: [propext,
 Classical.choice,
 Quot.sound]
'SafeLearning.CompleteAppliedFiniteVariation.actual_finite_tv_range' depends on axioms: [propext,
 Classical.choice,
 Quot.sound]
'SafeLearning.CompleteAppliedGaussianEntropy.actual_gaussian_log_density' depends on axioms: [propext,
 Classical.choice,
 Quot.sound]
'SafeLearning.CompleteAppliedGaussianEntropy.actual_gaussian_centered_square_integrable' depends on axioms: [propext,
 Classical.choice,
 Quot.sound]
'SafeLearning.CompleteAppliedGaussianEntropy.actual_gaussian_log_density_integrable' depends on axioms: [propext,
 Classical.choice,
 Quot.sound]
'SafeLearning.CompleteAppliedGaussianEntropy.actual_gaussian_centered_square_integral' depends on axioms: [propext,
 Classical.choice,
 Quot.sound]
'SafeLearning.CompleteAppliedGaussianEntropy.actual_gaussian_density_entropy_integral' depends on axioms: [propext,
 Classical.choice,
 Quot.sound]
'SafeLearning.CompleteAppliedGaussianEntropy.actual_gaussian_differential_entropy' depends on axioms: [propext,
 Classical.choice,
 Quot.sound]
'SafeLearning.CompleteAppliedGaussianEntropyConsequences.actual_negative_entropy_variance_positive' depends on axioms: [propext,
 Classical.choice,
 Quot.sound]
'SafeLearning.CompleteAppliedGaussianEntropyConsequences.actual_probability_density_with_negative_entropy' depends on axioms: [propext,
 Classical.choice,
 Quot.sound]
'SafeLearning.CompleteAppliedGaussianEntropyConsequences.actual_nonzero_scaling_variance_nonzero' depends on axioms: [propext,
 Classical.choice,
 Quot.sound]
'SafeLearning.CompleteAppliedGaussianEntropyConsequences.actual_scaled_gaussian_law' depends on axioms: [propext,
 Classical.choice,
 Quot.sound]
'SafeLearning.CompleteAppliedGaussianEntropyConsequences.actual_scaled_gaussian_entropy' depends on axioms: [propext,
 Classical.choice,
 Quot.sound]
'SafeLearning.CompleteAppliedGaussianEntropyConsequences.actual_scaled_density_entropy_integral' depends on axioms: [propext,
 Classical.choice,
 Quot.sound]
'SafeLearning.CompleteAppliedGridConfidence.grid_log_threshold' depends on axioms: [propext,
 Classical.choice,
 Quot.sound]
'SafeLearning.CompleteAppliedGridConfidence.log400_enclosure' depends on axioms: [propext, Classical.choice, Quot.sound]
'SafeLearning.CompleteAppliedGridConfidence.grid_sample_minimum' depends on axioms: [propext,
 Classical.choice,
 Quot.sound]
'SafeLearning.CompleteAppliedGridConfidence.grid_rounding' depends on axioms: [propext, Classical.choice, Quot.sound]
'SafeLearning.CompleteAppliedGridConfidence.ten_actual_mean_confidence' depends on axioms: [propext,
 Classical.choice,
 Quot.sound]
'SafeLearning.CompleteAppliedGridConfidence.ten_pointwise_only' depends on axioms: [propext,
 Classical.choice,
 Quot.sound]
'SafeLearning.CompleteAppliedIIDProducts.actual_product_coordinate_laws' depends on axioms: [propext,
 Classical.choice,
 Quot.sound]
'SafeLearning.CompleteAppliedIIDProducts.actual_product_coordinates_independent' depends on axioms: [propext,
 Classical.choice,
 Quot.sound]
'SafeLearning.CompleteAppliedIIDProducts.actual_iid_training_law' depends on axioms: [propext,
 Classical.choice,
 Quot.sound]
'SafeLearning.CompleteAppliedIIDProducts.actual_training_event_probability' depends on axioms: [propext,
 Classical.choice,
 Quot.sound]
'SafeLearning.CompleteAppliedIIDProducts.actual_bernoulli_atom_probabilities' depends on axioms: [propext,
 Classical.choice,
 Quot.sound]
'SafeLearning.CompleteAppliedIIDProducts.actual_bernoulli_mean_and_variance' depends on axioms: [propext,
 Classical.choice,
 Quot.sound]
'SafeLearning.CompleteAppliedIIDProducts.actual_indicator_has_source_bernoulli_law' depends on axioms: [propext,
 Classical.choice,
 Quot.sound]
'SafeLearning.CompleteAppliedIIDProducts.zero_factorial_convention' does not depend on any axioms
'SafeLearning.CompleteAppliedInformation.actual_binary_entropy' depends on axioms: [propext,
 Classical.choice,
 Quot.sound]
'SafeLearning.CompleteAppliedInformation.source_binary_entropy_formula' depends on axioms: [propext,
 Classical.choice,
 Quot.sound]
'SafeLearning.CompleteAppliedInformation.actual_fair_entropy' depends on axioms: [propext, Classical.choice, Quot.sound]
'SafeLearning.CompleteAppliedInformation.actual_biased_entropy' depends on axioms: [propext,
 Classical.choice,
 Quot.sound]
'SafeLearning.CompleteAppliedInformation.fair_entropy_strictly_larger' depends on axioms: [propext,
 Classical.choice,
 Quot.sound]
'SafeLearning.CompleteAppliedInformation.actual_entropy_in_bits' depends on axioms: [propext,
 Classical.choice,
 Quot.sound]
'SafeLearning.CompleteAppliedInformation.actual_finite_kl_reconstruction' depends on axioms: [propext,
 Classical.choice,
 Quot.sound]
'SafeLearning.CompleteAppliedInformation.actual_binary_event_probability' depends on axioms: [propext,
 Classical.choice,
 Quot.sound]
'SafeLearning.CompleteAppliedInformation.actual_binary_event_difference_bound' depends on axioms: [propext,
 Classical.choice,
 Quot.sound]
'SafeLearning.CompleteAppliedInformation.actual_binary_total_variation' depends on axioms: [propext,
 Classical.choice,
 Quot.sound]
'SafeLearning.CompleteAppliedInformation.source_total_variations' depends on axioms: [propext,
 Classical.choice,
 Quot.sound]
'SafeLearning.CompleteAppliedInformation.actual_source_kl_directions' depends on axioms: [propext,
 Classical.choice,
 Quot.sound]
'SafeLearning.CompleteAppliedInformation.actual_source_kl_log_forms' depends on axioms: [propext,
 Classical.choice,
 Quot.sound]
'SafeLearning.CompleteAppliedInformation.actual_support_mismatch_directions' depends on axioms: [propext,
 Classical.choice,
 Quot.sound]
'SafeLearning.CompleteAppliedInformation.source_entropy_and_kl_rounding' depends on axioms: [propext,
 Classical.choice,
 Quot.sound]
'SafeLearning.CompleteAppliedInformation.actual_kl_directions_unequal' depends on axioms: [propext,
 Classical.choice,
 Quot.sound]
'SafeLearning.CompleteAppliedInformation.source_finite_direction_pinsker_and_rounding' depends on axioms: [propext,
 Classical.choice,
 Quot.sound]
'SafeLearning.CompleteAppliedInformationBridges.actual_binary_tv_half_atom_sum' depends on axioms: [propext,
 Classical.choice,
 Quot.sound]
'SafeLearning.CompleteAppliedInformationBridges.actual_infinite_direction_pinsker_is_vacuous' depends on axioms: [propext,
 Classical.choice,
 Quot.sound]
'SafeLearning.CompleteAppliedInformationExamples.actual_source_positive_support' depends on axioms: [propext,
 Classical.choice,
 Quot.sound]
'SafeLearning.CompleteAppliedInformationExamples.actual_source_directional_log_ratios' depends on axioms: [propext,
 Classical.choice,
 Quot.sound]
'SafeLearning.CompleteAppliedInformationExamples.actual_source_directional_log_forms' depends on axioms: [propext,
 Classical.choice,
 Quot.sound]
'SafeLearning.CompleteAppliedInformationExamples.actual_source_total_variation' depends on axioms: [propext,
 Classical.choice,
 Quot.sound]
'SafeLearning.CompleteAppliedInformationExamples.actual_source_pinsker_both_directions' depends on axioms: [propext,
 Classical.choice,
 Quot.sound]
'SafeLearning.CompleteAppliedInformationExamples.actual_source_KL_rounding' depends on axioms: [propext,
 Classical.choice,
 Quot.sound]
'SafeLearning.CompleteAppliedInformationExamples.actual_source_sqrt_KL_rounding' depends on axioms: [propext,
 Classical.choice,
 Quot.sound]
'SafeLearning.CompleteAppliedInformationExamples.actual_missing_support_source_direction' depends on axioms: [propext,
 Classical.choice,
 Quot.sound]
'SafeLearning.CompleteAppliedInformationExamples.actual_reverse_excluded_law_KL' depends on axioms: [propext,
 Classical.choice,
 Quot.sound]
'SafeLearning.CompleteAppliedInformationExamples.actual_reverse_excluded_KL_rounding' depends on axioms: [propext,
 Classical.choice,
 Quot.sound]
'SafeLearning.CompleteAppliedInformationExamples.actual_finite_KL_constraint_preserves_old_support' depends on axioms: [propext,
 Classical.choice,
 Quot.sound]
'SafeLearning.CompleteAppliedInformationPrecision.actual_source_six_log_summand_roundings' depends on axioms: [propext,
 Classical.choice,
 Quot.sound]
'SafeLearning.CompleteAppliedInformationPrecision.actual_source_KL_decimals_are_strict_approximations' depends on axioms: [propext,
 Classical.choice,
 Quot.sound]
'SafeLearning.CompleteAppliedInformationPrecision.actual_source_rounded_input_square_root_approximations' depends on axioms: [propext,
 Classical.choice,
 Quot.sound]
'SafeLearning.CompleteAppliedInformationPrecision.actual_source_pinsker_small_positive_gaps' depends on axioms: [propext,
 Classical.choice,
 Quot.sound]
'SafeLearning.CompleteAppliedLargeNumbers.actual_strong_law_for_integrable_iid_samples' depends on axioms: [propext,
 Classical.choice,
 Quot.sound]
'SafeLearning.CompleteAppliedLargeNumbers.actual_sample_means_are_measurable' depends on axioms: [propext,
 Classical.choice,
 Quot.sound]
'SafeLearning.CompleteAppliedLargeNumbers.actual_mean_of_each_nonempty_iid_sample_mean' depends on axioms: [propext,
 Classical.choice,
 Quot.sound]
'SafeLearning.CompleteAppliedLargeNumbers.actual_iid_sample_mean_is_square_integrable' depends on axioms: [propext,
 Classical.choice,
 Quot.sound]
'SafeLearning.CompleteAppliedLargeNumbers.actual_iid_sample_mean_variance' depends on axioms: [propext,
 Classical.choice,
 Quot.sound]
'SafeLearning.CompleteAppliedLargeNumbers.actual_chebyshev_bound_for_iid_sample_means' depends on axioms: [propext,
 Classical.choice,
 Quot.sound]
'SafeLearning.CompleteAppliedLargeNumbers.actual_strict_chebyshev_bound_for_iid_sample_means' depends on axioms: [propext,
 Classical.choice,
 Quot.sound]
'SafeLearning.CompleteAppliedLargeNumbers.actual_weak_law_follows_from_the_chebyshev_variance_bound' depends on axioms: [propext,
 Classical.choice,
 Quot.sound]
'SafeLearning.CompleteAppliedLargeNumbers.actual_finite_variance_is_square_integrability' depends on axioms: [propext,
 Classical.choice,
 Quot.sound]
'SafeLearning.CompleteAppliedLargeNumbers.actual_weak_law_under_the_literal_finite_variance_assumption' depends on axioms: [propext,
 Classical.choice,
 Quot.sound]
'SafeLearning.CompleteAppliedLookahead.actual_lookahead_increment_one' depends on axioms: [propext,
 Classical.choice,
 Quot.sound]
'SafeLearning.CompleteAppliedLookahead.actual_lookahead_conditional_mean_one' depends on axioms: [propext,
 Classical.choice,
 Quot.sound]
'SafeLearning.CompleteAppliedLookahead.actual_lookahead_accumulation' depends on axioms: [propext,
 Classical.choice,
 Quot.sound]
'SafeLearning.CompleteAppliedLookahead.lookahead_not_known_from_past' depends on axioms: [propext,
 Classical.choice,
 Quot.sound]
'SafeLearning.CompleteAppliedLookahead.actual_lookahead_walk_not_martingale' depends on axioms: [propext,
 Classical.choice,
 Quot.sound]
'SafeLearning.CompleteAppliedMartingale.walk_initial_and_step' depends on axioms: [propext,
 Classical.choice,
 Quot.sound]
'SafeLearning.CompleteAppliedMartingale.walk_adapted' depends on axioms: [propext, Classical.choice, Quot.sound]
'SafeLearning.CompleteAppliedMartingale.next_sign_independent_past' depends on axioms: [propext,
 Classical.choice,
 Quot.sound]
'SafeLearning.CompleteAppliedMartingale.fair_sign_moments' depends on axioms: [propext, Classical.choice, Quot.sound]
'SafeLearning.CompleteAppliedMartingale.next_conditional_mean_zero' depends on axioms: [propext,
 Classical.choice,
 Quot.sound]
'SafeLearning.CompleteAppliedMartingale.actual_fair_walk_martingale' depends on axioms: [propext,
 Classical.choice,
 Quot.sound]
'SafeLearning.CompleteAppliedMartingale.multiplier_measurable_and_bound' depends on axioms: [propext,
 Classical.choice,
 Quot.sound]
'SafeLearning.CompleteAppliedMartingale.actual_predictable_increment_zero_mean' depends on axioms: [propext,
 Classical.choice,
 Quot.sound]
'SafeLearning.CompleteAppliedMeasurePinsker.actual_event_indicator_measurable' depends on axioms: [propext,
 Classical.choice,
 Quot.sound]
'SafeLearning.CompleteAppliedMeasurePinsker.actual_event_indicator_law' depends on axioms: [propext,
 Classical.choice,
 Quot.sound]
'SafeLearning.CompleteAppliedMeasurePinsker.actual_measurable_event_pinsker_squared' depends on axioms: [propext,
 Classical.choice,
 Quot.sound]
'SafeLearning.CompleteAppliedMeasurePinsker.actual_measure_tv_range' depends on axioms: [propext,
 Classical.choice,
 Quot.sound]
'SafeLearning.CompleteAppliedMeasurePinsker.actual_measure_pinsker_finite_real' depends on axioms: [propext,
 Classical.choice,
 Quot.sound]
'SafeLearning.CompleteAppliedMeasurePinsker.actual_measure_pinsker_squared' depends on axioms: [propext,
 Classical.choice,
 Quot.sound]
'SafeLearning.CompleteAppliedMixtures.half_mixture_integral' depends on axioms: [propext, Classical.choice, Quot.sound]
'SafeLearning.CompleteAppliedMixtures.half_mixture_memLp' depends on axioms: [propext, Classical.choice, Quot.sound]
'SafeLearning.CompleteAppliedMixtures.half_mixture_mean' depends on axioms: [propext, Classical.choice, Quot.sound]
'SafeLearning.CompleteAppliedMixtures.half_mixture_variance' depends on axioms: [propext, Classical.choice, Quot.sound]
'SafeLearning.CompleteAppliedMixtures.disagreement_variance_five' depends on axioms: [propext,
 Classical.choice,
 Quot.sound]
'SafeLearning.CompleteAppliedMixtures.ensemble_variance_two' depends on axioms: [propext, Classical.choice, Quot.sound]
'SafeLearning.CompleteAppliedMixtures.unsupported_action_counterexample' depends on axioms: [propext,
 Classical.choice,
 Quot.sound]
'SafeLearning.CompleteAppliedNetwork.relu_abs_bound' depends on axioms: [propext, Classical.choice, Quot.sound]
'SafeLearning.CompleteAppliedNetwork.score_abs_bound' depends on axioms: [propext, Classical.choice, Quot.sound]
'SafeLearning.CompleteAppliedNetwork.nominal_score' depends on axioms: [propext, Classical.choice, Quot.sound]
'SafeLearning.CompleteAppliedNetwork.normalized_error' depends on axioms: [propext, Classical.choice, Quot.sound]
'SafeLearning.CompleteAppliedNetwork.robust_nomination' depends on axioms: [propext, Classical.choice, Quot.sound]
'SafeLearning.CompleteAppliedNetwork.score_middle' depends on axioms: [propext, Classical.choice, Quot.sound]
'SafeLearning.CompleteAppliedNetwork.nominal_interval_exact_minimum' depends on axioms: [propext,
 Classical.choice,
 Quot.sound]
'SafeLearning.CompleteAppliedNetwork.nominal_interval_minimum_attained' depends on axioms: [propext,
 Classical.choice,
 Quot.sound]
'SafeLearning.CompleteAppliedNetwork.score_upper_piece' depends on axioms: [propext, Classical.choice, Quot.sound]
'SafeLearning.CompleteAppliedNetwork.biased_nomination_values' depends on axioms: [propext,
 Classical.choice,
 Quot.sound]
'SafeLearning.CompleteAppliedNetwork.noise_bias_combination' depends on axioms: [propext, Classical.choice, Quot.sound]
'SafeLearning.CompleteAppliedNetwork.allowed_actual_flip' depends on axioms: [propext, Classical.choice, Quot.sound]
'SafeLearning.CompleteAppliedNetwork.tie_distance_exact' depends on axioms: [propext, Classical.choice, Quot.sound]
'SafeLearning.CompleteAppliedNetwork.closed_interval_not_strictly_positive' depends on axioms: [propext,
 Classical.choice,
 Quot.sound]
'SafeLearning.CompleteAppliedPolicy.readyProbability_is_probability' depends on axioms: [propext,
 Classical.choice,
 Quot.sound]
'SafeLearning.CompleteAppliedPolicy.readyProbability_transition' depends on axioms: [propext,
 Classical.choice,
 Quot.sound]
'SafeLearning.CompleteAppliedPolicy.readyProbability_closed' depends on axioms: [propext, Classical.choice, Quot.sound]
'SafeLearning.CompleteAppliedPolicy.geometric_discounted_probability' depends on axioms: [propext,
 Classical.choice,
 Quot.sound]
'SafeLearning.CompleteAppliedPolicy.wear_discount_small' depends on axioms: [propext, Classical.choice, Quot.sound]
'SafeLearning.CompleteAppliedPolicy.discounted_ready_summable' depends on axioms: [propext,
 Classical.choice,
 Quot.sound]
'SafeLearning.CompleteAppliedPolicy.discounted_ready_sum' depends on axioms: [propext, Classical.choice, Quot.sound]
'SafeLearning.CompleteAppliedPolicy.productionReturn_formula' depends on axioms: [propext, Classical.choice, Quot.sound]
'SafeLearning.CompleteAppliedPolicy.maintenanceReturn_formula' depends on axioms: [propext,
 Classical.choice,
 Quot.sound]
'SafeLearning.CompleteAppliedPolicy.nominal_production_semantics' depends on axioms: [propext,
 Classical.choice,
 Quot.sound]
'SafeLearning.CompleteAppliedPolicy.nominal_maintenance_semantics' depends on axioms: [propext,
 Classical.choice,
 Quot.sound]
'SafeLearning.CompleteAppliedPolicy.nominal_reward_bellman' depends on axioms: [propext, Classical.choice, Quot.sound]
'SafeLearning.CompleteAppliedPolicy.nominal_cost_bellman' depends on axioms: [propext, Classical.choice, Quot.sound]
'SafeLearning.CompleteAppliedPolicy.reward_bellman_coefficient' depends on axioms: [propext,
 Classical.choice,
 Quot.sound]
'SafeLearning.CompleteAppliedPolicy.immediate_policy_reward' depends on axioms: [propext, Classical.choice, Quot.sound]
'SafeLearning.CompleteAppliedPolicy.J_strictMono' depends on axioms: [propext, Classical.choice, Quot.sound]
'SafeLearning.CompleteAppliedPolicy.J_derivative' depends on axioms: [propext, Classical.choice, Quot.sound]
'SafeLearning.CompleteAppliedPolicy.wear_cost_derivative' depends on axioms: [propext, Classical.choice, Quot.sound]
'SafeLearning.CompleteAppliedPolicy.half_budget' depends on axioms: [propext, Classical.choice, Quot.sound]
'SafeLearning.CompleteAppliedPolicy.quarter_budget' depends on axioms: [propext, Classical.choice, Quot.sound]
'SafeLearning.CompleteAppliedPolicy.nominal_optimal' depends on axioms: [propext, Classical.choice, Quot.sound]
'SafeLearning.CompleteAppliedPolicy.tightened_optimal' depends on axioms: [propext, Classical.choice, Quot.sound]
'SafeLearning.CompleteAppliedPolicy.policy_values' depends on axioms: [propext, Classical.choice, Quot.sound]
'SafeLearning.CompleteAppliedPolicy.robust_budget_equivalence' depends on axioms: [propext,
 Classical.choice,
 Quot.sound]
'SafeLearning.CompleteAppliedPolicy.robust_half_fails' depends on axioms: [propext, Classical.choice, Quot.sound]
'SafeLearning.CompleteAppliedPolicy.stationary_balance_unique' depends on axioms: [propext,
 Classical.choice,
 Quot.sound]
'SafeLearning.CompleteAppliedPolicy.stationary_values' depends on axioms: [propext, Classical.choice, Quot.sound]
'SafeLearning.CompleteAppliedPolicyModel.worn_tail' depends on axioms: [propext, Classical.choice, Quot.sound]
'SafeLearning.CompleteAppliedPolicyModel.worn_production_semantics' depends on axioms: [propext,
 Classical.choice,
 Quot.sound]
'SafeLearning.CompleteAppliedPolicyModel.worn_maintenance_semantics' depends on axioms: [propext,
 Classical.choice,
 Quot.sound]
'SafeLearning.CompleteAppliedPolicyModel.stationary_law_preserved' depends on axioms: [propext,
 Classical.choice,
 Quot.sound]
'SafeLearning.CompleteAppliedPolicyModel.stationary_marginals' depends on axioms: [propext,
 Classical.choice,
 Quot.sound]
'SafeLearning.CompleteAppliedPolicyModel.stationary_one_shift_expectations' depends on axioms: [propext,
 Classical.choice,
 Quot.sound]
'SafeLearning.CompleteAppliedPolicyModel.stationary_worn_events' depends on axioms: [propext,
 Classical.choice,
 Quot.sound]
'SafeLearning.CompleteAppliedPolicyModel.stationary_twenty_repairs' depends on axioms: [propext,
 Classical.choice,
 Quot.sound]
'SafeLearning.CompleteAppliedPolicyModel.ready_production_pathwise_return' depends on axioms: [propext,
 Classical.choice,
 Quot.sound]
'SafeLearning.CompleteAppliedPolicyModel.ready_maintenance_pathwise_return' depends on axioms: [propext,
 Classical.choice,
 Quot.sound]
'SafeLearning.CompleteAppliedProbability.conveyor_events' depends on axioms: [propext, Classical.choice, Quot.sound]
'SafeLearning.CompleteAppliedProbability.conveyor_conditionals' depends on axioms: [propext,
 Classical.choice,
 Quot.sound]
'SafeLearning.CompleteAppliedProbability.changed_conveyor_events' depends on axioms: [propext,
 Classical.choice,
 Quot.sound]
'SafeLearning.CompleteAppliedProbability.cost_table_events_and_moments' depends on axioms: [propext,
 Classical.choice,
 Quot.sound]
'SafeLearning.CompleteAppliedProbability.cost_table_mean_not_outcome' depends on axioms: [propext,
 Classical.choice,
 Quot.sound]
'SafeLearning.CompleteAppliedProbability.cost_table_standard_deviation' depends on axioms: [propext,
 Classical.choice,
 Quot.sound]
'SafeLearning.CompleteAppliedProbability.signs_moments' depends on axioms: [propext, Classical.choice, Quot.sound]
'SafeLearning.CompleteAppliedProbability.signs_not_independent' depends on axioms: [propext,
 Classical.choice,
 Quot.sound]
'SafeLearning.CompleteAppliedProbability.fair_die_conditioning' depends on axioms: [propext,
 Classical.choice,
 Quot.sound]
'SafeLearning.CompleteAppliedProbability.inspection_decision_threshold' depends on axioms: [propext,
 Classical.choice,
 Quot.sound]
'SafeLearning.CompleteAppliedProbability.conveyor_expected_costs' depends on axioms: [propext,
 Classical.choice,
 Quot.sound]
'SafeLearning.CompleteAppliedProbability.conveyor_action_optimality' depends on axioms: [propext,
 Classical.choice,
 Quot.sound]
'SafeLearning.CompleteAppliedProbability.changed_rule_worse' depends on axioms: [propext, Classical.choice, Quot.sound]
'SafeLearning.CompleteAppliedProbability.complement_probability' depends on axioms: [propext,
 Classical.choice,
 Quot.sound]
'SafeLearning.CompleteAppliedProbability.finite_batch_union_bound' depends on axioms: [propext,
 Classical.choice,
 Quot.sound]
'SafeLearning.CompleteAppliedProbability.batch_sufficient_bound' depends on axioms: [propext,
 Classical.choice,
 Quot.sound]
'SafeLearning.CompleteAppliedProbability.batch_original_fails' depends on axioms: [propext,
 Classical.choice,
 Quot.sound]
'SafeLearning.CompleteAppliedProbability.independent_average_variance' depends on axioms: [propext,
 Classical.choice,
 Quot.sound]
'SafeLearning.CompleteAppliedProbability.shared_offset_average_variance' depends on axioms: [propext,
 Classical.choice,
 Quot.sound]
'SafeLearning.CompleteAppliedProbability.shared_offset_limit' depends on axioms: [propext, Classical.choice, Quot.sound]
'SafeLearning.CompleteAppliedProbability.shared_offset_numbers' depends on axioms: [propext,
 Classical.choice,
 Quot.sound]
'SafeLearning.CompleteAppliedProbability.calibration_quadratic' depends on axioms: [propext,
 Classical.choice,
 Quot.sound]
'SafeLearning.CompleteAppliedProbability.calibration_precisions' depends on axioms: [propext,
 Classical.choice,
 Quot.sound]
'SafeLearning.CompleteAppliedProbability.original_c2_bayes' depends on axioms: [propext, Classical.choice, Quot.sound]
'SafeLearning.CompleteAppliedProbabilityModel.independent_batch_failure' depends on axioms: [propext,
 Classical.choice,
 Quot.sound]
'SafeLearning.CompleteAppliedProbabilityModel.largest_independent_failure_rate' depends on axioms: [propext,
 Classical.choice,
 Quot.sound]
'SafeLearning.CompleteAppliedProbabilityModel.original_batch_rounding' depends on axioms: [propext,
 Classical.choice,
 Quot.sound]
'SafeLearning.CompleteAppliedProbabilityModel.largest_rate_rounding' depends on axioms: [propext,
 Classical.choice,
 Quot.sound]
'SafeLearning.CompleteAppliedProbabilityModel.conditional_conveyor_losses' depends on axioms: [propext,
 Classical.choice,
 Quot.sound]
'SafeLearning.CompleteAppliedProbabilityModel.signs_conditional_dependence' depends on axioms: [propext,
 Classical.choice,
 Quot.sound]
'SafeLearning.CompleteAppliedProbabilitySpace.actual_events_are_closed_under_complement_and_countable_union' depends on axioms: [propext,
 Classical.choice,
 Quot.sound]
'SafeLearning.CompleteAppliedProbabilitySpace.actual_probability_is_in_the_unit_interval' depends on axioms: [propext,
 Classical.choice,
 Quot.sound]
'SafeLearning.CompleteAppliedProbabilitySpace.actual_total_probability_is_one' depends on axioms: [propext,
 Classical.choice,
 Quot.sound]
'SafeLearning.CompleteAppliedProbabilitySpace.actual_countable_disjoint_event_probabilities_are_summable_and_add' depends on axioms: [propext,
 Classical.choice,
 Quot.sound]
'SafeLearning.CompleteAppliedProbabilitySpace.actual_probability_complement_and_monotonicity' depends on axioms: [propext,
 Classical.choice,
 Quot.sound]
'SafeLearning.CompleteAppliedProbabilitySpace.actual_law_is_the_true_event_pushforward' depends on axioms: [propext,
 Classical.choice,
 Quot.sound]
'SafeLearning.CompleteAppliedProbabilitySpace.actual_random_variable_has_its_actual_probability_law' depends on axioms: [propext,
 Classical.choice,
 Quot.sound]
'SafeLearning.CompleteAppliedProbabilitySpace.actual_random_sequence_is_measurable_from_its_coordinates' depends on axioms: [propext,
 Classical.choice,
 Quot.sound]
'SafeLearning.CompleteAppliedReturns.discounted_expectation_interchange' depends on axioms: [propext,
 Classical.choice,
 Quot.sound]
'SafeLearning.CompleteAppliedRiskPrecision.actual_source_standard_deviation_is_not_exact_printed_decimal' depends on axioms: [propext,
 Classical.choice,
 Quot.sound]
'SafeLearning.CompleteAppliedRiskPrecision.actual_rounded_input_product_and_precision' depends on axioms: [propext,
 Classical.choice,
 Quot.sound]
'SafeLearning.CompleteAppliedRiskPrimer.actual_source_integral' depends on axioms: [propext,
 Classical.choice,
 Quot.sound]
'SafeLearning.CompleteAppliedRiskPrimer.actual_source_CDF' depends on axioms: [propext, Classical.choice, Quot.sound]
'SafeLearning.CompleteAppliedRiskPrimer.actual_source_mean_and_positive_probability' depends on axioms: [propext,
 Classical.choice,
 Quot.sound]
'SafeLearning.CompleteAppliedRiskPrimer.actual_source_quantile' depends on axioms: [propext,
 Classical.choice,
 Quot.sound]
'SafeLearning.CompleteAppliedRiskPrimer.actual_source_split_tail' depends on axioms: [propext,
 Classical.choice,
 Quot.sound]
'SafeLearning.CompleteAppliedRiskPrimer.actual_source_every_tail_upper' depends on axioms: [propext,
 Classical.choice,
 Quot.sound]
'SafeLearning.CompleteAppliedRiskPrimer.actual_source_fractional_CVaR' depends on axioms: [propext,
 Classical.choice,
 Quot.sound]
'SafeLearning.CompleteAppliedRiskPrimer.actual_source_RU_piecewise' depends on axioms: [propext,
 Classical.choice,
 Quot.sound]
'SafeLearning.CompleteAppliedRiskPrimer.actual_source_RU_unique_minimum' depends on axioms: [propext,
 Classical.choice,
 Quot.sound]
'SafeLearning.CompleteAppliedRiskPrimer.actual_source_CVaR_RU_identity' depends on axioms: [propext,
 Classical.choice,
 Quot.sound]
'SafeLearning.CompleteAppliedRiskPrimer.actual_source_excess_at_VaR' depends on axioms: [propext,
 Classical.choice,
 Quot.sound]
'SafeLearning.CompleteAppliedRiskPrimer.actual_source_variance_and_standard_deviation' depends on axioms: [propext,
 Classical.choice,
 Quot.sound]
'SafeLearning.CompleteAppliedRiskPrimer.actual_source_mean_chance_accept_tail_reject' depends on axioms: [propext,
 Classical.choice,
 Quot.sound]
'SafeLearning.CompleteAppliedSampling.bernoulli_trial_bounded' depends on axioms: [propext,
 Classical.choice,
 Quot.sound]
'SafeLearning.CompleteAppliedSampling.bernoulli_trial_moments' depends on axioms: [propext,
 Classical.choice,
 Quot.sound]
'SafeLearning.CompleteAppliedSampling.bernoulli_random_variable_moments' depends on axioms: [propext,
 Classical.choice,
 Quot.sound]
'SafeLearning.CompleteAppliedSampling.bernoulli_average_mean_and_variance' depends on axioms: [propext,
 Classical.choice,
 Quot.sound]
'SafeLearning.CompleteAppliedSampling.duplicated_average_identity' depends on axioms: [propext,
 Classical.choice,
 Quot.sound]
'SafeLearning.CompleteAppliedSampling.source_copied_vs_independent' depends on axioms: [propext,
 Classical.choice,
 Quot.sound]
'SafeLearning.CompleteAppliedSampling.source_standard_deviations' depends on axioms: [propext,
 Classical.choice,
 Quot.sound]
'SafeLearning.CompleteAppliedScalarAttraction.actual_local_attraction_iff_negative_rate' depends on axioms: [propext,
 Classical.choice,
 Quot.sound]
'SafeLearning.CompleteAppliedScalarAttraction.actual_zero_rate_has_arbitrarily_small_nonattracted_states' depends on axioms: [propext,
 Classical.choice,
 Quot.sound]
'SafeLearning.CompleteAppliedScalarAttraction.actual_feedback_local_asymptotic_stability_iff' depends on axioms: [propext,
 Classical.choice,
 Quot.sound]
'SafeLearning.CompleteAppliedScalarAttraction.actual_zero_rate_is_stable_but_not_locally_attractive' depends on axioms: [propext,
 Classical.choice,
 Quot.sound]
'SafeLearning.CompleteAppliedScalarAttraction.actual_strictly_faster_certificate_example' depends on axioms: [propext,
 Classical.choice,
 Quot.sound]
'SafeLearning.CompleteAppliedScalarConsequences.actual_comparison_ODE_solution_initial_and_derivative' depends on axioms: [propext,
 Classical.choice,
 Quot.sound]
'SafeLearning.CompleteAppliedScalarConsequences.actual_comparison_sublevel_time_iff' depends on axioms: [propext,
 Classical.choice,
 Quot.sound]
'SafeLearning.CompleteAppliedScalarConsequences.actual_source_sublevel_time_four_decimal_rounding' depends on axioms: [propext,
 Classical.choice,
 Quot.sound]
'SafeLearning.CompleteAppliedScalarConsequences.actual_source_barrier_gradient' depends on axioms: [propext,
 Classical.choice,
 Quot.sound]
'SafeLearning.CompleteAppliedScalarConsequences.actual_source_barrier_derivative_along_trajectory' depends on axioms: [propext,
 Classical.choice,
 Quot.sound]
'SafeLearning.CompleteAppliedScalarODE.actual_linear_solution_initial' depends on axioms: [propext,
 Classical.choice,
 Quot.sound]
'SafeLearning.CompleteAppliedScalarODE.actual_linear_solution_ODE' depends on axioms: [propext,
 Classical.choice,
 Quot.sound]
'SafeLearning.CompleteAppliedScalarODE.actual_linear_ODE_unique' depends on axioms: [propext,
 Classical.choice,
 Quot.sound]
'SafeLearning.CompleteAppliedScalarODE.actual_linear_all_initial_attraction_iff' depends on axioms: [propext,
 Classical.choice,
 Quot.sound]
'SafeLearning.CompleteAppliedScalarODE.actual_nonpositive_rate_is_stable' depends on axioms: [propext,
 Classical.choice,
 Quot.sound]
'SafeLearning.CompleteAppliedScalarODE.actual_positive_rate_grows' depends on axioms: [propext,
 Classical.choice,
 Quot.sound]
'SafeLearning.CompleteAppliedScalarODE.actual_positive_rate_is_unstable' depends on axioms: [propext,
 Classical.choice,
 Quot.sound]
'SafeLearning.CompleteAppliedScalarODE.actual_stability_iff_nonpositive_rate' depends on axioms: [propext,
 Classical.choice,
 Quot.sound]
'SafeLearning.CompleteAppliedScalarODE.actual_feedback_linear_plant' depends on axioms: [propext,
 Classical.choice,
 Quot.sound]
'SafeLearning.CompleteAppliedScalarODE.actual_feedback_stability_and_attraction' depends on axioms: [propext,
 Classical.choice,
 Quot.sound]
'SafeLearning.CompleteAppliedScalarODE.actual_quadratic_certificate_derivative' depends on axioms: [propext,
 Classical.choice,
 Quot.sound]
'SafeLearning.CompleteAppliedScalarODE.actual_quadratic_certificate_solution' depends on axioms: [propext,
 Classical.choice,
 Quot.sound]
'SafeLearning.CompleteAppliedScalarODE.actual_quadratic_ODE_certificate' depends on axioms: [propext,
 Classical.choice,
 Quot.sound]
'SafeLearning.CompleteAppliedScalarODEBridges.actual_positive_rate_all_nonzero_magnitudes_grow' depends on axioms: [propext,
 Classical.choice,
 Quot.sound]
'SafeLearning.CompleteAppliedScalarODEBridges.actual_feedback_all_nonzero_magnitudes_grow' depends on axioms: [propext,
 Classical.choice,
 Quot.sound]
'SafeLearning.CompleteAppliedScalarODEBridges.actual_existing_linear_trajectory_equals_solution' depends on axioms: [propext,
 Classical.choice,
 Quot.sound]
'SafeLearning.CompleteAppliedScalarODEBridges.actual_existing_linear_trajectory_converges' depends on axioms: [propext,
 Classical.choice,
 Quot.sound]
'SafeLearning.CompleteAppliedScalarODEBridges.actual_source_quadratic_gradient' depends on axioms: [propext,
 Classical.choice,
 Quot.sound]
'SafeLearning.CompleteAppliedScalarTrajectories.actual_three_input_recursion' depends on axioms: [propext,
 Classical.choice,
 Quot.sound]
'SafeLearning.CompleteAppliedScalarTrajectories.actual_constant_input_unique_equilibrium' depends on axioms: [propext,
 Classical.choice,
 Quot.sound]
'SafeLearning.CompleteAppliedScalarTrajectories.actual_feedback_closed_loop' depends on axioms: [propext,
 Classical.choice,
 Quot.sound]
'SafeLearning.CompleteAppliedScalarTrajectories.actual_feedback_unique_equilibrium' depends on axioms: [propext,
 Classical.choice,
 Quot.sound]
'SafeLearning.CompleteAppliedScalarTrajectories.actual_feedback_recursion_solution_and_limit' depends on axioms: [propext,
 Classical.choice,
 Quot.sound]
'SafeLearning.CompleteAppliedScalarTrajectories.actual_feedback_initial_four_readings' depends on axioms: [propext,
 Classical.choice,
 Quot.sound]
'SafeLearning.CompleteAppliedScalarTrajectories.actual_scalar_derivative_comparison' depends on axioms: [propext,
 Classical.choice,
 Quot.sound]
'SafeLearning.CompleteAppliedScalarTrajectories.actual_negative_derivative_comparison' depends on axioms: [propext,
 Classical.choice,
 Quot.sound]
'SafeLearning.CompleteAppliedScalarTrajectories.actual_sublevel_entry_time' depends on axioms: [propext,
 Classical.choice,
 Quot.sound]
'SafeLearning.CompleteAppliedScalarTrajectories.actual_sublevel_entry_time_rounding' depends on axioms: [propext,
 Classical.choice,
 Quot.sound]
'SafeLearning.CompleteAppliedScalarTrajectories.actual_safety_filter_constraint' depends on axioms: [propext,
 Classical.choice,
 Quot.sound]
'SafeLearning.CompleteAppliedScalarTrajectories.actual_safety_filter_unique_projection' depends on axioms: [propext,
 Classical.choice,
 Quot.sound]
'SafeLearning.CompleteAppliedScalarTrajectories.actual_safe_boundary_inputs' depends on axioms: [propext,
 Classical.choice,
 Quot.sound]
'SafeLearning.CompleteAppliedScalarTrajectories.actual_continuously_enforced_safety' depends on axioms: [propext,
 Classical.choice,
 Quot.sound]
'SafeLearning.CompleteAppliedScalarTrajectories.actual_one_sample_check_is_insufficient' depends on axioms: [propext,
 Classical.choice,
 Quot.sound]
'SafeLearning.CompleteAppliedStopping.bounded_optional_stopping' depends on axioms: [propext,
 Classical.choice,
 Quot.sound]
'SafeLearning.CompleteAppliedStopping.finite_ville' depends on axioms: [propext, Classical.choice, Quot.sound]
'SafeLearning.CompleteAppliedStopping.ville' depends on axioms: [propext, Classical.choice, Quot.sound]
'SafeLearning.CompleteAppliedStopping.finite_almost_sure_optional_stopping' depends on axioms: [propext,
 Classical.choice,
 Quot.sound]
'SafeLearning.CompleteAppliedStopping.first_hit_truncated_proof' depends on axioms: [propext,
 Classical.choice,
 Quot.sound]
'SafeLearning.CompleteAppliedSystems.thermalA_enclosure' depends on axioms: [propext, Classical.choice, Quot.sound]
'SafeLearning.CompleteAppliedSystems.thermal_coefficients' depends on axioms: [propext, Classical.choice, Quot.sound]
'SafeLearning.CompleteAppliedSystems.heldThermal_initial' depends on axioms: [propext, Classical.choice, Quot.sound]
'SafeLearning.CompleteAppliedSystems.heldThermal_derivative' depends on axioms: [propext, Classical.choice, Quot.sound]
'SafeLearning.CompleteAppliedSystems.sampled_thermal' depends on axioms: [propext, Classical.choice, Quot.sound]
'SafeLearning.CompleteAppliedSystems.shifted_temperature' depends on axioms: [propext, Classical.choice, Quot.sound]
'SafeLearning.CompleteAppliedSystems.equilibrium_input' depends on axioms: [propext, Classical.choice, Quot.sound]
'SafeLearning.CompleteAppliedSystems.sampled_feedback' depends on axioms: [propext, Classical.choice, Quot.sound]
'SafeLearning.CompleteAppliedSystems.actuator_admissible' depends on axioms: [propext, Classical.choice, Quot.sound]
'SafeLearning.CompleteAppliedSystems.sampled_thermal_invariant' depends on axioms: [propext,
 Classical.choice,
 Quot.sound]
'SafeLearning.CompleteAppliedSystems.geometric_trajectory' depends on axioms: [propext, Classical.choice, Quot.sound]
'SafeLearning.CompleteAppliedSystems.sampled_convergence' depends on axioms: [propext, Classical.choice, Quot.sound]
'SafeLearning.CompleteAppliedSystems.thermal_lyapunov' depends on axioms: [propext, Classical.choice, Quot.sound]
'SafeLearning.CompleteAppliedSystems.thermal_lyapunov_strict' depends on axioms: [propext, Classical.choice, Quot.sound]
'SafeLearning.CompleteAppliedSystems.held_feedback_formula' depends on axioms: [propext, Classical.choice, Quot.sound]
'SafeLearning.CompleteAppliedSystems.intersample_multiplier' depends on axioms: [propext, Classical.choice, Quot.sound]
'SafeLearning.CompleteAppliedSystems.intersample_thermal_invariant' depends on axioms: [propext,
 Classical.choice,
 Quot.sound]
'SafeLearning.CompleteAppliedSystems.deadline_readings' depends on axioms: [propext, Classical.choice, Quot.sound]
'SafeLearning.CompleteAppliedSystems.robust_scalar_interval' depends on axioms: [propext, Classical.choice, Quot.sound]
'SafeLearning.CompleteAppliedSystems.disturbed_gain_interval' depends on axioms: [propext, Classical.choice, Quot.sound]
'SafeLearning.CompleteAppliedSystems.saturated_map_invariant' depends on axioms: [propext, Classical.choice, Quot.sound]
'SafeLearning.CompleteAppliedSystems.brake_dynamics' depends on axioms: [propext, Classical.choice, Quot.sound]
'SafeLearning.CompleteAppliedSystems.brake_clearance_constant' depends on axioms: [propext,
 Classical.choice,
 Quot.sound]
'SafeLearning.CompleteAppliedSystems.stopping_distance' depends on axioms: [propext, Classical.choice, Quot.sound]
'SafeLearning.CompleteAppliedSystems.braking_all_time_safe' depends on axioms: [propext, Classical.choice, Quot.sound]
'SafeLearning.CompleteAppliedSystems.delayed_brake_condition' depends on axioms: [propext, Classical.choice, Quot.sound]
'SafeLearning.CompleteAppliedSystems.braking_examples' depends on axioms: [propext, Classical.choice, Quot.sound]
'SafeLearning.CompleteAppliedSystems.worst_case_delay' depends on axioms: [propext, Classical.choice, Quot.sound]
'SafeLearning.CompleteAppliedSystems.uncertain_braking_guarantee' depends on axioms: [propext,
 Classical.choice,
 Quot.sound]
'SafeLearning.CompleteAppliedTailBounds.actual_markov' depends on axioms: [propext, Classical.choice, Quot.sound]
'SafeLearning.CompleteAppliedTailBounds.source_markov_two_thresholds' depends on axioms: [propext,
 Classical.choice,
 Quot.sound]
'SafeLearning.CompleteAppliedTailBounds.threshold_one_bound_sharp' depends on axioms: [propext,
 Classical.choice,
 Quot.sound]
'SafeLearning.CompleteAppliedTailRisk.actual_loss_expectation_formula' depends on axioms: [propext,
 Classical.choice,
 Quot.sound]
'SafeLearning.CompleteAppliedTailRisk.actual_loss_cdf' depends on axioms: [propext, Classical.choice, Quot.sound]
'SafeLearning.CompleteAppliedTailRisk.actual_cdf_at_atoms' depends on axioms: [propext, Classical.choice, Quot.sound]
'SafeLearning.CompleteAppliedTailRisk.actual_loss_quantiles' depends on axioms: [propext, Classical.choice, Quot.sound]
'SafeLearning.CompleteAppliedTailRisk.split_tail_actual_mass_and_moments' depends on axioms: [propext,
 Classical.choice,
 Quot.sound]
'SafeLearning.CompleteAppliedTailRisk.split_tail_is_genuinely_worst' depends on axioms: [propext,
 Classical.choice,
 Quot.sound]
'SafeLearning.CompleteAppliedTailRisk.actual_full_atom_conditional_mean' depends on axioms: [propext,
 Classical.choice,
 Quot.sound]
'SafeLearning.CompleteAppliedTailRisk.actual_excess_objective' depends on axioms: [propext,
 Classical.choice,
 Quot.sound]
'SafeLearning.CompleteAppliedTailRisk.actual_excess_objective_piecewise' depends on axioms: [propext,
 Classical.choice,
 Quot.sound]
'SafeLearning.CompleteAppliedTailRisk.actual_global_minimum_at_kink' depends on axioms: [propext,
 Classical.choice,
 Quot.sound]
'SafeLearning.CompleteAppliedTailRisk.actual_excess_at_minimum' depends on axioms: [propext,
 Classical.choice,
 Quot.sound]
'SafeLearning.CompleteAppliedTailRiskOptima.actual_tail_average_integrals' depends on axioms: [propext,
 Classical.choice,
 Quot.sound]
'SafeLearning.CompleteAppliedTailRiskOptima.actual_three_atom_cvar' depends on axioms: [propext,
 Classical.choice,
 Quot.sound]
'SafeLearning.CompleteAppliedTailRiskOptima.actual_p7_cvar' depends on axioms: [propext, Classical.choice, Quot.sound]
'SafeLearning.CompleteAppliedTailRiskOptima.actual_p11_cvar' depends on axioms: [propext, Classical.choice, Quot.sound]
'SafeLearning.CompleteAppliedTailRiskOptima.actual_three_atom_variational_identity' depends on axioms: [propext,
 Classical.choice,
 Quot.sound]
'SafeLearning.CompleteAppliedTailRiskOptima.actual_p7_variational_identity' depends on axioms: [propext,
 Classical.choice,
 Quot.sound]
'SafeLearning.CompleteAppliedTailRiskOptima.actual_p11_variational_identity' depends on axioms: [propext,
 Classical.choice,
 Quot.sound]
'SafeLearning.CompleteAppliedTailRiskOptima.actual_probability_beyond_quantile' depends on axioms: [propext,
 Classical.choice,
 Quot.sound]
'SafeLearning.CompleteAppliedTailRiskOptima.actual_objective_strictly_decreases_before_kink' depends on axioms: [propext,
 Classical.choice,
 Quot.sound]
'SafeLearning.CompleteAppliedTailRiskOptima.actual_objective_strictly_increases_after_kink' depends on axioms: [propext,
 Classical.choice,
 Quot.sound]
'SafeLearning.CompleteAppliedTailRiskOptima.actual_means_differ_from_cvar' depends on axioms: [propext,
 Classical.choice,
 Quot.sound]
'SafeLearning.CompleteAppliedTailRiskSlopes.actual_tail_probability' depends on axioms: [propext,
 Classical.choice,
 Quot.sound]
'SafeLearning.CompleteAppliedTailRiskSlopes.actual_tail_probabilities_on_intervals' depends on axioms: [propext,
 Classical.choice,
 Quot.sound]
'SafeLearning.CompleteAppliedTailRiskSlopes.actual_objective_derivative_below_zero' depends on axioms: [propext,
 Classical.choice,
 Quot.sound]
'SafeLearning.CompleteAppliedTailRiskSlopes.actual_objective_derivative_zero_ten' depends on axioms: [propext,
 Classical.choice,
 Quot.sound]
'SafeLearning.CompleteAppliedTailRiskSlopes.actual_objective_derivative_ten_hundred' depends on axioms: [propext,
 Classical.choice,
 Quot.sound]
'SafeLearning.CompleteAppliedTailRiskSlopes.actual_objective_derivative_above_hundred' depends on axioms: [propext,
 Classical.choice,
 Quot.sound]
'SafeLearning.CompleteAppliedTailRiskSlopes.actual_tail_derivative_identity' depends on axioms: [propext,
 Classical.choice,
 Quot.sound]
'SafeLearning.CompleteAppliedTailRiskSlopes.actual_objective_not_differentiable_at_minimum' depends on axioms: [propext,
 Classical.choice,
 Quot.sound]
'SafeLearning.CompleteAppliedTwoAtomRisk.actual_two_atom_expectation' depends on axioms: [propext,
 Classical.choice,
 Quot.sound]
'SafeLearning.CompleteAppliedTwoAtomRisk.actual_two_atom_mean' depends on axioms: [propext,
 Classical.choice,
 Quot.sound]
'SafeLearning.CompleteAppliedTwoAtomRisk.actual_two_atom_cdf' depends on axioms: [propext, Classical.choice, Quot.sound]
'SafeLearning.CompleteAppliedTwoAtomRisk.actual_low_quantile' depends on axioms: [propext, Classical.choice, Quot.sound]
'SafeLearning.CompleteAppliedTwoAtomRisk.actual_high_quantile' depends on axioms: [propext,
 Classical.choice,
 Quot.sound]
'SafeLearning.CompleteAppliedTwoAtomRisk.actual_fractional_tail_upper' depends on axioms: [propext,
 Classical.choice,
 Quot.sound]
'SafeLearning.CompleteAppliedTwoAtomRisk.p7_actual_mean_and_quantile' depends on axioms: [propext,
 Classical.choice,
 Quot.sound]
'SafeLearning.CompleteAppliedTwoAtomRisk.p7_actual_worst_tail' depends on axioms: [propext,
 Classical.choice,
 Quot.sound]
'SafeLearning.CompleteAppliedTwoAtomRisk.p11_actual_mean_budget_and_quantile' depends on axioms: [propext,
 Classical.choice,
 Quot.sound]
'SafeLearning.CompleteAppliedTwoAtomRisk.p11_actual_failure_probability' depends on axioms: [propext,
 Classical.choice,
 Quot.sound]
'SafeLearning.CompleteAppliedTwoAtomRisk.p11_actual_worst_tail' depends on axioms: [propext,
 Classical.choice,
 Quot.sound]
'SafeLearning.CompleteAppliedTwoAtomRisk.actual_risk_objective' depends on axioms: [propext,
 Classical.choice,
 Quot.sound]
'SafeLearning.CompleteAppliedTwoAtomRisk.p7_actual_risk_objective_piecewise' depends on axioms: [propext,
 Classical.choice,
 Quot.sound]
'SafeLearning.CompleteAppliedTwoAtomRisk.p11_actual_risk_objective_piecewise' depends on axioms: [propext,
 Classical.choice,
 Quot.sound]
'SafeLearning.CompleteAppliedTwoAtomRisk.p7_actual_risk_global_minimum' depends on axioms: [propext,
 Classical.choice,
 Quot.sound]
'SafeLearning.CompleteAppliedTwoAtomRisk.p11_actual_risk_global_minimum' depends on axioms: [propext,
 Classical.choice,
 Quot.sound]
'SafeLearning.CompleteAppliedUniformBias.uniform_support' depends on axioms: [propext, Classical.choice, Quot.sound]
'SafeLearning.CompleteAppliedUniformBias.uniform_mean_one' depends on axioms: [propext, Classical.choice, Quot.sound]
'SafeLearning.CompleteAppliedUniformBias.uniform_integrable' depends on axioms: [propext, Classical.choice, Quot.sound]
'SafeLearning.CompleteAppliedUniformBias.centered_uniform_subgaussian' depends on axioms: [propext,
 Classical.choice,
 Quot.sound]
'SafeLearning.CompleteAppliedUniformBias.uniform_sample_mean_converges_to_one' depends on axioms: [propext,
 Classical.choice,
 Quot.sound]
'SafeLearning.CompleteAppliedUniformBias.uniform_sample_mean_does_not_converge_to_zero' depends on axioms: [propext,
 Classical.choice,
 Quot.sound]
'SafeLearning.CompleteAppliedUniformBias.removed_bias_is_still_in_the_observation' depends on axioms: [propext,
 Classical.choice,
 Quot.sound]
'SafeLearning.CompleteAppliedUniformBias.actual_uniform_mgf_quadratic_remainder' depends on axioms: [propext,
 Classical.choice,
 Quot.sound]
'SafeLearning.CompleteAppliedUniformBias.positive_uniform_mgf_violates_parameter_two' depends on axioms: [propext,
 Classical.choice,
 Quot.sound]
'SafeLearning.CompleteAppliedUniformBias.uniform_not_subgaussian_parameter_two' depends on axioms: [propext,
 Classical.choice,
 Quot.sound]
'SafeLearning.CompleteAppliedValidation.bernoulli_support_mean' depends on axioms: [propext,
 Classical.choice,
 Quot.sound]
'SafeLearning.CompleteAppliedValidation.bounded_independent_average_lower_tail' depends on axioms: [propext,
 Classical.choice,
 Quot.sound]
'SafeLearning.CompleteAppliedValidation.bernoulli_upper_confidence' depends on axioms: [propext,
 Classical.choice,
 Quot.sound]
'SafeLearning.CompleteAppliedValidation.validation_1000_confidence' depends on axioms: [propext,
 Classical.choice,
 Quot.sound]
'SafeLearning.CompleteAppliedValidation.zero_failure_probability' depends on axioms: [propext,
 Classical.choice,
 Quot.sound]
'SafeLearning.CompleteAppliedValidation.zero_failure_null_bound' depends on axioms: [propext,
 Classical.choice,
 Quot.sound]
'SafeLearning.CompleteAppliedValidation.zero_failure_299_bound' depends on axioms: [propext,
 Classical.choice,
 Quot.sound]
'SafeLearning.CompleteAppliedValidation.twenty_zero_failure_false_accept_bound' depends on axioms: [propext,
 Classical.choice,
 Quot.sound]
'SafeLearning.CompleteAppliedValidationNumbers.log20_enclosure' depends on axioms: [propext,
 Classical.choice,
 Quot.sound]
'SafeLearning.CompleteAppliedValidationNumbers.validation_radius_rounding' depends on axioms: [propext,
 Classical.choice,
 Quot.sound]
'SafeLearning.CompleteAppliedValidationNumbers.validation_radius_rounded_038702' depends on axioms: [propext,
 Classical.choice,
 Quot.sound]
'SafeLearning.CompleteAppliedValidationNumbers.validation_radius_exceeds_one_percent' depends on axioms: [propext,
 Classical.choice,
 Quot.sound]
'SafeLearning.CompleteAppliedValidationNumbers.log99_enclosure' depends on axioms: [propext,
 Classical.choice,
 Quot.sound]
'SafeLearning.CompleteAppliedValidationNumbers.single_log_ratio_rounding' depends on axioms: [propext,
 Classical.choice,
 Quot.sound]
'SafeLearning.CompleteAppliedValidationNumbers.twenty_log_ratio_rounding' depends on axioms: [propext,
 Classical.choice,
 Quot.sound]
'SafeLearning.CompleteAppliedValidationNumbers.single_real_sample_minimum' depends on axioms: [propext,
 Classical.choice,
 Quot.sound]
'SafeLearning.CompleteAppliedValidationNumbers.twenty_real_sample_minimum' depends on axioms: [propext,
 Classical.choice,
 Quot.sound]
'SafeLearning.CompleteAppliedValidationNumbers.exact_log_sample_threshold' depends on axioms: [propext,
 Classical.choice,
 Quot.sound]
'SafeLearning.CompleteAppliedValidationNumbers.single_power_strict' depends on axioms: [propext,
 Classical.choice,
 Quot.sound]
'SafeLearning.CompleteAppliedValidationNumbers.twenty_power_strict' depends on axioms: [propext,
 Classical.choice,
 Quot.sound]
'SafeLearning.CompleteAppliedValidationTests.actual_single_zero_failure_minimum' depends on axioms: [propext,
 Classical.choice,
 Quot.sound]
'SafeLearning.CompleteAppliedValidationTests.actual_twenty_budget_zero_failure_minimum' depends on axioms: [propext,
 Classical.choice,
 Quot.sound]
'SafeLearning.CompleteAppliedValidationTests.actual_299_zero_failure_strict' depends on axioms: [propext,
 Classical.choice,
 Quot.sound]
'SafeLearning.CompleteAppliedValidationTests.zero_observation_confidence' depends on axioms: [propext,
 Classical.choice,
 Quot.sound]
'SafeLearning.CompleteAppliedValidationTests.positive_zero_failure_probability_at_two_percent' depends on axioms: [propext,
 Classical.choice,
 Quot.sound]
'SafeLearning.CompleteAppliedValidationTests.zero_failures_do_not_imply_zero_population' depends on axioms: [propext,
 Classical.choice,
 Quot.sound]
'SafeLearning.CompleteAppliedValidationTests.twenty_simultaneous_acceptance_confidence' depends on axioms: [propext,
 Classical.choice,
 Quot.sound]
'SafeLearning.CompleteAppliedValidationTests.selected_predeclared_controller_confidence' depends on axioms: [propext,
 Classical.choice,
 Quot.sound]
'SafeLearning.CompleteAppliedVariationBridges.actual_strict_event_attains_finite_TV' depends on axioms: [propext,
 Classical.choice,
 Quot.sound]
'SafeLearning.CompleteAppliedVariationBridges.actual_strict_event_indicator_preserves_TV' depends on axioms: [propext,
 Classical.choice,
 Quot.sound]
'SafeLearning.CompleteAppliedVariationBridges.actual_measurable_TV_symmetric' depends on axioms: [propext,
 Classical.choice,
 Quot.sound]
'SafeLearning.CompleteAppliedVariationBridges.actual_arbitrary_measure_pinsker_both_directions' depends on axioms: [propext,
 Classical.choice,
 Quot.sound]
'SafeLearning.CompleteAppliedVariationMetric.actual_finite_tv_zero_iff' depends on axioms: [propext,
 Classical.choice,
 Quot.sound]
'SafeLearning.CompleteAppliedVariationMetric.actual_finite_tv_triangle' depends on axioms: [propext,
 Classical.choice,
 Quot.sound]
'SafeLearning.CompleteAppliedVariationMetric.weighted_zero_sum_bound' depends on axioms: [propext,
 Classical.choice,
 Quot.sound]
'SafeLearning.CompleteAppliedVariationMetric.actual_bounded_expectation_difference' depends on axioms: [propext,
 Classical.choice,
 Quot.sound]
'SafeLearning.CompleteAppliedZeroConfidence.zero_probability_inversion' depends on axioms: [propext,
 Classical.choice,
 Quot.sound]
'SafeLearning.CompleteAppliedZeroConfidence.zero_probability_strict_inversion' depends on axioms: [propext,
 Classical.choice,
 Quot.sound]
'SafeLearning.CompleteAppliedZeroConfidence.zero_upper_mem_unit_interval' depends on axioms: [propext,
 Classical.choice,
 Quot.sound]
'SafeLearning.CompleteAppliedZeroConfidence.zero_upper_boundary_equation' depends on axioms: [propext,
 Classical.choice,
 Quot.sound]
'SafeLearning.CompleteAppliedZeroConfidence.zero_upper_unique_equation' depends on axioms: [propext,
 Classical.choice,
 Quot.sound]
'SafeLearning.CompleteAppliedZeroConfidence.zero_report_measurable' depends on axioms: [propext,
 Classical.choice,
 Quot.sound]
'SafeLearning.CompleteAppliedZeroConfidence.zero_report_confidence' depends on axioms: [propext,
 Classical.choice,
 Quot.sound]
'SafeLearning.CompleteAppliedZeroConfidence.proposed_rate_above_limit_rare_zero' depends on axioms: [propext,
 Classical.choice,
 Quot.sound]
'SafeLearning.CompleteAppliedZeroConfidence.hundred_run_exact_boundary' depends on axioms: [propext,
 Classical.choice,
 Quot.sound]
'SafeLearning.CompleteAppliedZeroConfidence.hundred_run_upper_rounding' depends on axioms: [propext,
 Classical.choice,
 Quot.sound]
'SafeLearning.CompleteAppliedZeroConfidence.hundred_run_report_confidence' depends on axioms: [propext,
 Classical.choice,
 Quot.sound]
'SafeLearning.CompleteAppliedZeroConfidence.hundred_run_zero_does_not_identify_zero' depends on axioms: [propext,
 Classical.choice,
 Quot.sound]
'SafeLearning.CompleteBarrierAEComparison.genuine_ae_one_sided_invariance' depends on axioms: [propext,
 Classical.choice,
 Quot.sound]
'SafeLearning.CompleteBarrierAbsolutelyContinuous.genuine_ae_integrating_factor' depends on axioms: [propext,
 Classical.choice,
 Quot.sound]
'SafeLearning.CompleteBarrierAbsolutelyContinuous.genuine_ae_forward_invariance' depends on axioms: [propext,
 Classical.choice,
 Quot.sound]
'SafeLearning.CompleteBarrierControlAffine.genuine_control_affine_lie_identity' depends on axioms: [propext,
 Classical.choice,
 Quot.sound]
'SafeLearning.CompleteBarrierControlAffine.genuine_control_affine_exponential_bound' depends on axioms: [propext,
 Classical.choice,
 Quot.sound]
'SafeLearning.CompleteBarrierControlAffine.genuine_control_affine_safety' depends on axioms: [propext,
 Classical.choice,
 Quot.sound]
'SafeLearning.CompleteBarrierDegenerateCBF.genuine_degenerate_cbf_witness' depends on axioms: [propext,
 Classical.choice,
 Quot.sound]
'SafeLearning.CompleteBarrierDegenerateControl.genuine_controller_discontinuous' depends on axioms: [propext,
 Classical.choice,
 Quot.sound]
'SafeLearning.CompleteBarrierDegenerateControl.genuine_discontinuous_controller_continuous_closed_loop' depends on axioms: [propext,
 Classical.choice,
 Quot.sound]
'SafeLearning.CompleteBarrierDiscontinuousSign.field_at_zero' depends on axioms: [propext, Classical.choice, Quot.sound]
'SafeLearning.CompleteBarrierDiscontinuousSign.genuine_measurable_field' depends on axioms: [propext,
 Classical.choice,
 Quot.sound]
'SafeLearning.CompleteBarrierDiscontinuousSign.hypothetical_solution_zero' depends on axioms: [propext,
 Classical.choice,
 Quot.sound]
'SafeLearning.CompleteBarrierDiscontinuousSign.genuine_no_caratheodory_solution' depends on axioms: [propext,
 Classical.choice,
 Quot.sound]
'SafeLearning.CompleteBarrierDomainControl.genuine_control_affine_nonlinear_comparison' depends on axioms: [propext,
 Classical.choice,
 Quot.sound]
'SafeLearning.CompleteBarrierDomainControl.genuine_cubic_extended_classK' depends on axioms: [propext,
 Classical.choice,
 Quot.sound]
'SafeLearning.CompleteBarrierExamples.actual_safe_interval' depends on axioms: [propext, Classical.choice, Quot.sound]
'SafeLearning.CompleteBarrierExamples.actual_safe_boundary' depends on axioms: [propext, Classical.choice, Quot.sound]
'SafeLearning.CompleteBarrierExamples.barrier_values' depends on axioms: [propext, Classical.choice, Quot.sound]
'SafeLearning.CompleteBarrierExamples.allowed_input_at_half' depends on axioms: [propext, Classical.choice, Quot.sound]
'SafeLearning.CompleteBarrierExamples.allowed_input_at_boundary' depends on axioms: [propext,
 Classical.choice,
 Quot.sound]
'SafeLearning.CompleteBarrierExamples.approaching_boundary_restricts_inputs' depends on axioms: [propext,
 Classical.choice,
 Quot.sound]
'SafeLearning.CompleteBarrierExamples.explicit_feedback_initial' depends on axioms: [propext,
 Classical.choice,
 Quot.sound]
'SafeLearning.CompleteBarrierExamples.explicit_feedback_derivative' depends on axioms: [propext,
 Classical.choice,
 Quot.sound]
'SafeLearning.CompleteBarrierExamples.boundary_inward' depends on axioms: [propext, Classical.choice, Quot.sound]
'SafeLearning.CompleteBarrierExamples.scalar_actuator_set' depends on axioms: [propext, Classical.choice, Quot.sound]
'SafeLearning.CompleteBarrierExamples.infeasible_actuator_set' depends on axioms: [propext,
 Classical.choice,
 Quot.sound]
'SafeLearning.CompleteBarrierExamples.all_actuators_feasible_at_two' depends on axioms: [propext,
 Classical.choice,
 Quot.sound]
'SafeLearning.CompleteBarrierExamples.no_global_actuator_certificate' depends on axioms: [propext,
 Classical.choice,
 Quot.sound]
'SafeLearning.CompleteBarrierExamples.robust_input_comparison' depends on axioms: [propext,
 Classical.choice,
 Quot.sound]
'SafeLearning.CompleteBarrierExamples.high_order_actual_auxiliary' depends on axioms: [propext,
 Classical.choice,
 Quot.sound]
'SafeLearning.CompleteBarrierExamples.regular_defining_function_exposes_outward_derivative' depends on axioms: [propext,
 Classical.choice,
 Quot.sound]
'SafeLearning.CompleteBarrierExamples.held_affine_derivative' depends on axioms: [propext, Classical.choice, Quot.sound]
'SafeLearning.CompleteBarrierExamples.held_ode_unique_on_interval' depends on axioms: [propext,
 Classical.choice,
 Quot.sound]
'SafeLearning.CompleteBarrierExamples.actual_held_interval_safety' depends on axioms: [propext,
 Classical.choice,
 Quot.sound]
'SafeLearning.CompleteBarrierExamples.original_and_shifted_feasible_plans' depends on axioms: [propext,
 Classical.choice,
 Quot.sound]
'SafeLearning.CompleteBarrierExamples.terminal_controller_invariant' depends on axioms: [propext,
 Classical.choice,
 Quot.sound]
'SafeLearning.CompleteBarrierExamples.exact_original_shield' depends on axioms: [propext]
'SafeLearning.CompleteBarrierExamples.exact_robust_shield' depends on axioms: [propext, Quot.sound]
'SafeLearning.CompleteBarrierExamples.exact_winning_set' depends on axioms: [propext, Quot.sound]
'SafeLearning.CompleteBarrierFallback.zero_coefficient_every_input_maximizes' depends on axioms: [propext,
 Classical.choice,
 Quot.sound]
'SafeLearning.CompleteBarrierFallback.nonzero_coefficient_no_maximum' depends on axioms: [propext,
 Classical.choice,
 Quot.sound]
'SafeLearning.CompleteBarrierFallback.compact_maximizing_fallback' depends on axioms: [propext,
 Classical.choice,
 Quot.sound]
'SafeLearning.CompleteBarrierFallback.cbf_inputs_closed' depends on axioms: [propext, Classical.choice, Quot.sound]
'SafeLearning.CompleteBarrierFallback.cbf_inputs_convex' depends on axioms: [propext, Classical.choice, Quot.sound]
'SafeLearning.CompleteBarrierFallback.actual_minimum_norm_fallback' depends on axioms: [propext,
 Classical.choice,
 Quot.sound]
'SafeLearning.CompleteBarrierFilippovC1.genuine_local_control_affine_bound' depends on axioms: [propext,
 Classical.choice,
 Quot.sound]
'SafeLearning.CompleteBarrierFilippovC1.genuine_c1_filippov_barrier' depends on axioms: [propext,
 Classical.choice,
 Quot.sound]
'SafeLearning.CompleteBarrierFilippovC1.genuine_existing_filippov_solution_bound' depends on axioms: [propext,
 Classical.choice,
 Quot.sound]
'SafeLearning.CompleteBarrierFilippovHalfspaces.genuine_closed_halfspace' depends on axioms: [propext,
 Classical.choice,
 Quot.sound]
'SafeLearning.CompleteBarrierFilippovHalfspaces.genuine_convex_halfspace' depends on axioms: [propext,
 Classical.choice,
 Quot.sound]
'SafeLearning.CompleteBarrierFilippovHalfspaces.genuine_nearby_approximate_inequality' depends on axioms: [propext,
 Classical.choice,
 Quot.sound]
'SafeLearning.CompleteBarrierFilippovHalfspaces.genuine_filippov_inequality_preservation' depends on axioms: [propext,
 Classical.choice,
 Quot.sound]
'SafeLearning.CompleteBarrierFiniteEscape.genuine_reciprocal_positive_before_escape' depends on axioms: [propext,
 Classical.choice,
 Quot.sound]
'SafeLearning.CompleteBarrierFiniteEscape.genuine_reciprocal_derivative' depends on axioms: [propext,
 Classical.choice,
 Quot.sound]
'SafeLearning.CompleteBarrierFiniteEscape.genuine_escaping_state_solves_actual_ODE' depends on axioms: [propext,
 Classical.choice,
 Quot.sound]
'SafeLearning.CompleteBarrierFiniteEscape.actual_initial_condition_and_bounded_disturbance' depends on axioms: [propext,
 Classical.choice,
 Quot.sound]
'SafeLearning.CompleteBarrierFiniteEscape.genuine_any_positive_time_before_escape_is_unsafe' depends on axioms: [propext,
 Classical.choice,
 Quot.sound]
'SafeLearning.CompleteBarrierFiniteEscape.genuine_finite_time_escape' depends on axioms: [propext,
 Classical.choice,
 Quot.sound]
'SafeLearning.CompleteBarrierFiniteEscape.genuine_small_disturbance_boundary_points_inward' depends on axioms: [propext,
 Classical.choice,
 Quot.sound]
'SafeLearning.CompleteBarrierFiniteEscape.genuine_differentiable_local_inflated_set_invariance' depends on axioms: [propext,
 Classical.choice,
 Quot.sound]
'SafeLearning.CompleteBarrierFiniteEscape.genuine_large_disturbance_points_outward' depends on axioms: [propext,
 Classical.choice,
 Quot.sound]
'SafeLearning.CompleteBarrierISSf.genuine_global_issf_trajectory_invariance' depends on axioms: [propext,
 Classical.choice,
 Quot.sound]
'SafeLearning.CompleteBarrierISSf.genuine_alpha_extended_class_K' depends on axioms: [propext,
 Classical.choice,
 Quot.sound]
'SafeLearning.CompleteBarrierISSf.genuine_inflation_class_K_infinity' depends on axioms: [propext,
 Classical.choice,
 Quot.sound]
'SafeLearning.CompleteBarrierISSf.genuine_inflation_shrinks_with_bound' depends on axioms: [propext,
 Classical.choice,
 Quot.sound]
'SafeLearning.CompleteBarrierISSf.actual_beta_inverse_iota_identity' depends on axioms: [propext,
 Classical.choice,
 Quot.sound]
'SafeLearning.CompleteBarrierISSf.genuine_barrier_has_no_finite_lower_bound' depends on axioms: [propext,
 Classical.choice,
 Quot.sound]
'SafeLearning.CompleteBarrierLocalISSf.genuine_boundary_nonpositive' depends on axioms: [propext,
 Classical.choice,
 Quot.sound]
'SafeLearning.CompleteBarrierLocalISSf.genuine_ae_local_inflated_set_invariance' depends on axioms: [propext,
 Classical.choice,
 Quot.sound]
'SafeLearning.CompleteBarrierLocalISSf.genuine_quarter_radius_ae_invariance' depends on axioms: [propext,
 Classical.choice,
 Quot.sound]
'SafeLearning.CompleteBarrierLocalISSf.genuine_any_small_bound_inflation' depends on axioms: [propext,
 Classical.choice,
 Quot.sound]
'SafeLearning.CompleteBarrierLocalISSf.genuine_local_inflation_class_K_infinity' depends on axioms: [propext,
 Classical.choice,
 Quot.sound]
'SafeLearning.CompleteBarrierLocalISSf.genuine_any_small_bound_ae_ISSf' depends on axioms: [propext,
 Classical.choice,
 Quot.sound]
'SafeLearning.CompleteBarrierLocalISSf.genuine_actual_barrier_and_controller_identities' depends on axioms: [propext,
 Classical.choice,
 Quot.sound]
'SafeLearning.CompleteBarrierLocalISSf.genuine_reciprocal_change_of_variable' depends on axioms: [propext,
 Classical.choice,
 Quot.sound]
'SafeLearning.CompleteBarrierLocalISSf.genuine_nominal_safeguarding' depends on axioms: [propext,
 Classical.choice,
 Quot.sound]
'SafeLearning.CompleteBarrierNonlinearComparison.genuine_nonlinear_comparison' depends on axioms: [propext,
 Classical.choice,
 Quot.sound]
'SafeLearning.CompleteBarrierNonlinearComparison.genuine_monotone_ode_uniqueness' depends on axioms: [propext,
 Classical.choice,
 Quot.sound]
'SafeLearning.CompleteBarrierNonlinearComparison.genuine_comparison_nonnegative' depends on axioms: [propext,
 Classical.choice,
 Quot.sound]
'SafeLearning.CompleteBarrierNonlinearComparison.genuine_nonlinear_invariance' depends on axioms: [propext,
 Classical.choice,
 Quot.sound]
'SafeLearning.CompleteBarrierNonlinearDomainComparison.genuine_nonlinear_comparison' depends on axioms: [propext,
 Classical.choice,
 Quot.sound]
'SafeLearning.CompleteBarrierNonlinearDomainComparison.genuine_monotone_ode_uniqueness' depends on axioms: [propext,
 Classical.choice,
 Quot.sound]
'SafeLearning.CompleteBarrierNonlinearDomainComparison.genuine_comparison_nonnegative' depends on axioms: [propext,
 Classical.choice,
 Quot.sound]
'SafeLearning.CompleteBarrierNonlinearDomainComparison.genuine_nonlinear_invariance' depends on axioms: [propext,
 Classical.choice,
 Quot.sound]
'SafeLearning.CompleteBarrierNonlinearDomainComparison.cubic_no_constant_factor_cancellation' depends on axioms: [propext,
 Classical.choice,
 Quot.sound]
'SafeLearning.CompleteBarrierNonuniqueSolutions.genuine_continuous_field' depends on axioms: [propext,
 Classical.choice,
 Quot.sound]
'SafeLearning.CompleteBarrierNonuniqueSolutions.genuine_measurable_field' depends on axioms: [propext,
 Classical.choice,
 Quot.sound]
'SafeLearning.CompleteBarrierNonuniqueSolutions.stationary_solution' depends on axioms: [propext,
 Classical.choice,
 Quot.sound]
'SafeLearning.CompleteBarrierNonuniqueSolutions.moving_solution' depends on axioms: [propext,
 Classical.choice,
 Quot.sound]
'SafeLearning.CompleteBarrierNonuniqueSolutions.genuine_two_distinct_ac_solutions' depends on axioms: [propext,
 Classical.choice,
 Quot.sound]
'SafeLearning.CompleteBarrierSignFilippov.genuine_positive_point_outside_null_set' depends on axioms: [propext,
 Classical.choice,
 Quot.sound]
'SafeLearning.CompleteBarrierSignFilippov.genuine_negative_point_outside_null_set' depends on axioms: [propext,
 Classical.choice,
 Quot.sound]
'SafeLearning.CompleteBarrierSignFilippov.genuine_sign_filippov_at_zero' depends on axioms: [propext,
 Classical.choice,
 Quot.sound]
'SafeLearning.CompleteBarrierSignFilippov.genuine_stationary_filippov_solution' depends on axioms: [propext,
 Classical.choice,
 Quot.sound]
'SafeLearning.CompleteBarrierTrajectories.stable_linear_ode_unique' depends on axioms: [propext,
 Classical.choice,
 Quot.sound]
'SafeLearning.CompleteBarrierTrajectories.actual_unit_equilibrium_trajectory' depends on axioms: [propext,
 Classical.choice,
 Quot.sound]
'SafeLearning.CompleteBarrierTrajectories.actual_zero_equilibrium_trajectory' depends on axioms: [propext,
 Classical.choice,
 Quot.sound]
'SafeLearning.CompleteBarrierTrajectories.unit_equilibrium_vector_field_lipschitz' depends on axioms: [propext,
 Classical.choice,
 Quot.sound]
'SafeLearning.CompleteBarrierTrajectories.unit_equilibrium_vector_field_smooth' depends on axioms: [propext,
 Classical.choice,
 Quot.sound]
'SafeLearning.CompleteBarrierTrajectories.cubic_actual_derivative' depends on axioms: [propext,
 Classical.choice,
 Quot.sound]
'SafeLearning.CompleteBarrierTrajectories.counterexample_position_ode' depends on axioms: [propext,
 Classical.choice,
 Quot.sound]
'SafeLearning.CompleteBarrierTrajectories.counterexample_velocity_ode' depends on axioms: [propext,
 Classical.choice,
 Quot.sound]
'SafeLearning.CompleteBarrierTrajectories.final_auxiliary_identically_zero' depends on axioms: [propext,
 Classical.choice,
 Quot.sound]
'SafeLearning.CompleteBarrierTrajectories.auxiliary_initial_assumption_is_necessary' depends on axioms: [propext,
 Classical.choice,
 Quot.sound]
'SafeLearning.CompleteBarrierVectorChainRule.genuine_c1_ac_composition' depends on axioms: [propext,
 Classical.choice,
 Quot.sound]
'SafeLearning.CompleteBarrierVectorChainRule.genuine_ae_vector_chain_rule' depends on axioms: [propext,
 Classical.choice,
 Quot.sound]
'SafeLearning.CompleteBarrierVectorChainRule.genuine_vector_exponential_barrier' depends on axioms: [propext,
 Classical.choice,
 Quot.sound]
'SafeLearning.CompleteBarrierVectorChainRule.genuine_vector_linear_invariance' depends on axioms: [propext,
 Classical.choice,
 Quot.sound]
'SafeLearning.CompleteBarrierVectorChainRule.genuine_vector_nonlinear_invariance' depends on axioms: [propext,
 Classical.choice,
 Quot.sound]
'SafeLearning.CompleteBookProjects.projectInterval_mem' depends on axioms: [propext, Classical.choice, Quot.sound]
'SafeLearning.CompleteBookProjects.projectInterval_of_below' depends on axioms: [propext, Classical.choice, Quot.sound]
'SafeLearning.CompleteBookProjects.projectInterval_of_above' depends on axioms: [propext, Classical.choice, Quot.sound]
'SafeLearning.CompleteBookProjects.projectInterval_of_mem' depends on axioms: [propext, Classical.choice, Quot.sound]
'SafeLearning.CompleteBookProjects.projectInterval_optimal' depends on axioms: [propext, Classical.choice, Quot.sound]
'SafeLearning.CompleteBookProjects.projectInterval_unique' depends on axioms: [propext, Classical.choice, Quot.sound]
'SafeLearning.CompleteBookProjects.intersect_intervals' depends on axioms: [propext, Classical.choice, Quot.sound]
'SafeLearning.CompleteBookProjects.tank_robust_interval_iff' depends on axioms: [propext, Classical.choice, Quot.sound]
'SafeLearning.CompleteBookProjects.tank_measurement_range' depends on axioms: [propext, Classical.choice, Quot.sound]
'SafeLearning.CompleteBookProjects.tank_original_decision' depends on axioms: [propext, Classical.choice, Quot.sound]
'SafeLearning.CompleteBookProjects.tank_upper_decision' depends on axioms: [propext, Classical.choice, Quot.sound]
'SafeLearning.CompleteBookProjects.tank_large_disturbance_interval' depends on axioms: [propext,
 Classical.choice,
 Quot.sound]
'SafeLearning.CompleteBookProjects.tank_large_disturbance_empty' depends on axioms: [propext,
 Classical.choice,
 Quot.sound]
'SafeLearning.CompleteBookProjects.tank_large_disturbance_valid_counterexample' depends on axioms: [propext,
 Classical.choice,
 Quot.sound]
'SafeLearning.CompleteBookProjects.tank_feedback_quantifiers' depends on axioms: [propext, Classical.choice, Quot.sound]
'SafeLearning.CompleteBookProjects.tuning_lower_valid' depends on axioms: [propext, Classical.choice, Quot.sound]
'SafeLearning.CompleteBookProjects.tuning_first_set' depends on axioms: [propext, Classical.choice, Quot.sound]
'SafeLearning.CompleteBookProjects.tuning_second_set' depends on axioms: [propext, Classical.choice, Quot.sound]
'SafeLearning.CompleteBookProjects.tuning_union' depends on axioms: [propext, Classical.choice, Quot.sound]
'SafeLearning.CompleteBookProjects.tuning_query_values' depends on axioms: [propext, Classical.choice, Quot.sound]
'SafeLearning.CompleteBookProjects.tuning_noisier_set' depends on axioms: [propext, Classical.choice, Quot.sound]
'SafeLearning.CompleteBookProjects.tuning_noisier_query' depends on axioms: [propext, Classical.choice, Quot.sound]
'SafeLearning.CompleteBookProjects.tuning_performance_underdetermined' depends on axioms: [propext,
 Classical.choice,
 Quot.sound]
'SafeLearning.CompleteBookProjects.zero_lipschitz_constant' depends on axioms: [propext, Classical.choice, Quot.sound]
'SafeLearning.CompleteBookProjects.zero_lipschitz_lower_certificate' depends on axioms: [propext,
 Classical.choice,
 Quot.sound]
'SafeLearning.CompleteBookProjects.negative_lower_underdetermined' depends on axioms: [propext,
 Classical.choice,
 Quot.sound]
'SafeLearning.CompleteBookProjects.score_box_lower' depends on axioms: [propext, Classical.choice, Quot.sound]
'SafeLearning.CompleteBookProjects.score_box_tie' depends on axioms: [propext, Classical.choice, Quot.sound]
'SafeLearning.CompleteBookProjects.normalized_physical_box' depends on axioms: [propext, Classical.choice, Quot.sound]
'SafeLearning.CompleteBookProjects.normalized_score_lower' depends on axioms: [propext, Classical.choice, Quot.sound]
'SafeLearning.CompleteBookProjects.unnormalized_radius_is_different' depends on axioms: [propext,
 Classical.choice,
 Quot.sound]
'SafeLearning.CompleteBookProjects.score_euclidean_strict' depends on axioms: [propext, Classical.choice, Quot.sound]
'SafeLearning.CompleteBookProjects.score_euclidean_one_fifth' depends on axioms: [propext, Classical.choice, Quot.sound]
'SafeLearning.CompleteBookProjects.score_critical_tie' depends on axioms: [propext, Classical.choice, Quot.sound]
'SafeLearning.CompleteBookProjects.strict_radii_no_largest' depends on axioms: [propext, Classical.choice, Quot.sound]
'SafeLearning.CompleteBookProjects.conformal_ranks' depends on axioms: [propext, Classical.choice, Quot.sound]
'SafeLearning.CompleteBookProjects.unavailable_rank_infinite' depends on axioms: [propext, Classical.choice, Quot.sound]
'SafeLearning.CompleteBookProjects.infinite_threshold_covers' depends on axioms: [propext, Classical.choice, Quot.sound]
'SafeLearning.CompleteBookProjects.four_failure_arithmetic' depends on axioms: [propext, Classical.choice, Quot.sound]
'SafeLearning.CompleteBookProjects.four_failure_union' depends on axioms: [propext, Classical.choice, Quot.sound]
'SafeLearning.CompleteBookProjects.four_failure_allocated' depends on axioms: [propext, Classical.choice, Quot.sound]
'SafeLearning.CompleteBudgetValue.feasible_reward_bound' depends on axioms: [propext, Classical.choice, Quot.sound]
'SafeLearning.CompleteBudgetValue.feasible_rewards_bounded' depends on axioms: [propext, Classical.choice, Quot.sound]
'SafeLearning.CompleteBudgetValue.interior_attainer' depends on axioms: [propext, Classical.choice, Quot.sound]
'SafeLearning.CompleteBudgetValue.actual_interior_optimal_value' depends on axioms: [propext,
 Classical.choice,
 Quot.sound]
'SafeLearning.CompleteBudgetValue.actual_optimal_value_derivative' depends on axioms: [propext,
 Classical.choice,
 Quot.sound]
'SafeLearning.CompleteBudgetValue.budget_value_at_tighter_budget' depends on axioms: [propext,
 Classical.choice,
 Quot.sound]
'SafeLearning.CompleteBudgetValue.tighter_budget_multiplier_derivative' depends on axioms: [propext,
 Classical.choice,
 Quot.sound]
'SafeLearning.CompleteBudgetValue.mixture_lagrangian_bound' depends on axioms: [propext, Classical.choice, Quot.sound]
'SafeLearning.CompleteBudgetValue.mixture_dual_attained' depends on axioms: [propext, Classical.choice, Quot.sound]
'SafeLearning.CompleteBudgetValue.mixture_dual_actual_supremum' depends on axioms: [propext,
 Classical.choice,
 Quot.sound]
'SafeLearning.CompleteBudgetValue.actual_dual_price_attained' depends on axioms: [propext, Classical.choice, Quot.sound]
'SafeLearning.CompleteBudgetValue.actual_dual_price_optimal' depends on axioms: [propext, Classical.choice, Quot.sound]
'SafeLearning.CompleteBudgetValue.actual_dual_price_unique' depends on axioms: [propext, Classical.choice, Quot.sound]
'SafeLearning.CompleteCompactLyapunov.sublevel_forward_invariance' depends on axioms: [propext,
 Classical.choice,
 Quot.sound]
'SafeLearning.CompleteCompactLyapunov.trajectory_values_antitone' depends on axioms: [propext,
 Classical.choice,
 Quot.sound]
'SafeLearning.CompleteCompactLyapunov.compact_strict_lyapunov_convergence' depends on axioms: [propext,
 Classical.choice,
 Quot.sound]
'SafeLearning.CompleteCompactLyapunov.actual_lyapunov_values_converge_to_zero' depends on axioms: [propext,
 Classical.choice,
 Quot.sound]
'SafeLearning.CompleteConformal.strictRank_permute' depends on axioms: [propext, Classical.choice, Quot.sound]
'SafeLearning.CompleteConformal.badIndices_card_bound' depends on axioms: [propext, Classical.choice, Quot.sound]
'SafeLearning.CompleteConformal.measurable_strictRank' depends on axioms: [propext, Classical.choice, Quot.sound]
'SafeLearning.CompleteConformal.measurableSet_bad_rank' depends on axioms: [propext, Classical.choice, Quot.sound]
'SafeLearning.CompleteConformal.exchangeable_bad_rank_equal' depends on axioms: [propext, Classical.choice, Quot.sound]
'SafeLearning.CompleteConformal.measurableSet_badEvent' depends on axioms: [propext, Classical.choice, Quot.sound]
'SafeLearning.CompleteConformal.bad_indicator_count' depends on axioms: [propext, Classical.choice, Quot.sound]
'SafeLearning.CompleteConformal.sum_bad_probabilities_le' depends on axioms: [propext, Classical.choice, Quot.sound]
'SafeLearning.CompleteConformal.exchangeable_rank_failure_bound' depends on axioms: [propext,
 Classical.choice,
 Quot.sound]
'SafeLearning.CompleteConformal.calibration_failure_iff' depends on axioms: [propext, Classical.choice, Quot.sound]
'SafeLearning.CompleteConformal.unavailable_calibration_rank' depends on axioms: [propext, Classical.choice, Quot.sound]
'SafeLearning.CompleteConformal.conformal_failure_bound' depends on axioms: [propext, Classical.choice, Quot.sound]
'SafeLearning.CompleteConformal.conformal_success_bound' depends on axioms: [propext, Classical.choice, Quot.sound]
'SafeLearning.CompleteConformal.conformalRank_le' depends on axioms: [propext, Classical.choice, Quot.sound]
'SafeLearning.CompleteConformal.conformalRank_coverage_arithmetic' depends on axioms: [propext,
 Classical.choice,
 Quot.sound]
'SafeLearning.CompleteConformal.split_conformal_coverage' depends on axioms: [propext, Classical.choice, Quot.sound]
'SafeLearning.CompleteConformal.rank_nineteen_ten_percent' depends on axioms: [propext, Classical.choice, Quot.sound]
'SafeLearning.CompleteConformal.rank_nineteen_one_percent' depends on axioms: [propext, Classical.choice, Quot.sound]
'SafeLearning.CompleteConformal.nineteen_calibration_coverage' depends on axioms: [propext,
 Classical.choice,
 Quot.sound]
'SafeLearning.CompleteConformal.nineteen_one_percent_infinite' depends on axioms: [propext,
 Classical.choice,
 Quot.sound]
'SafeLearning.CompleteConformalCounterexample.absolute_residual_realization' depends on axioms: [propext,
 Classical.choice,
 Quot.sound]
'SafeLearning.CompleteConformalCounterexample.uniform_permutation' depends on axioms: [propext,
 Classical.choice,
 Quot.sound]
'SafeLearning.CompleteConformalCounterexample.permutation_identDistrib' depends on axioms: [propext,
 Classical.choice,
 Quot.sound]
'SafeLearning.CompleteConformalCounterexample.scores_exchangeable' depends on axioms: [propext,
 Classical.choice,
 Quot.sound]
'SafeLearning.CompleteConformalCounterexample.calibration_nonempty' depends on axioms: [propext,
 Classical.choice,
 Quot.sound]
'SafeLearning.CompleteConformalCounterexample.clipped_failure_iff' depends on axioms: [propext,
 Classical.choice,
 Quot.sound]
'SafeLearning.CompleteConformalCounterexample.actual_clipped_failure_probability' depends on axioms: [propext,
 Classical.choice,
 Quot.sound]
'SafeLearning.CompleteConformalCounterexample.clipped_maximum_fails_ninety_nine_percent' depends on axioms: [propext,
 Classical.choice,
 Quot.sound]
'SafeLearning.CompleteCoreBook.mode_expectation' depends on axioms: [propext, Classical.choice, Quot.sound]
'SafeLearning.CompleteCoreBook.mode_discounted_return' depends on axioms: [propext, Classical.choice, Quot.sound]
'SafeLearning.CompleteCoreBook.original_reward_semantics' depends on axioms: [propext, Classical.choice, Quot.sound]
'SafeLearning.CompleteCoreBook.original_cost_semantics' depends on axioms: [propext, Classical.choice, Quot.sound]
'SafeLearning.CompleteCoreBook.tighter_budget_optimum' depends on axioms: [propext, Classical.choice, Quot.sound]
'SafeLearning.CompleteCoreBook.tighter_budget_attained' depends on axioms: [propext, Classical.choice, Quot.sound]
'SafeLearning.CompleteCoreBook.tighter_budget_unique_reward' depends on axioms: [propext, Classical.choice, Quot.sound]
'SafeLearning.CompleteCoreBook.interior_budget_multiplier' depends on axioms: [propext, Classical.choice, Quot.sound]
'SafeLearning.CompleteCoreBook.changed_discount_reward' depends on axioms: [propext, Classical.choice, Quot.sound]
'SafeLearning.CompleteCoreBook.changed_discount_cost' depends on axioms: [propext, Classical.choice, Quot.sound]
'SafeLearning.CompleteCoreBook.changed_discount_optimum' depends on axioms: [propext, Classical.choice, Quot.sound]
'SafeLearning.CompleteCoreBook.changed_discount_attainer_and_reuse' depends on axioms: [propext,
 Classical.choice,
 Quot.sound]
'SafeLearning.CompleteCoreBook.monitoring_next_action' depends on axioms: [propext, Classical.choice, Quot.sound]
'SafeLearning.CompleteCoreBook.monitoring_discounted_accounting' depends on axioms: [propext,
 Classical.choice,
 Quot.sound]
'SafeLearning.CompleteCoreBook.pathwise_resource_must_cover_realizations' depends on axioms: [propext,
 Classical.choice,
 Quot.sound]
'SafeLearning.CompleteCoreBook.ellipse_candidate_feasible' depends on axioms: [propext, Classical.choice, Quot.sound]
'SafeLearning.CompleteCoreBook.ellipse_global_optimum' depends on axioms: [propext, Classical.choice, Quot.sound]
'SafeLearning.CompleteCoreBook.ellipse_kkt' depends on axioms: [propext, Classical.choice, Quot.sound]
'SafeLearning.CompleteCoreBook.metric_comparison' depends on axioms: [propext, Classical.choice, Quot.sound]
'SafeLearning.CompleteCoreBook.sufficient_constraint_values' depends on axioms: [propext, Classical.choice, Quot.sound]
'SafeLearning.CompleteCoreBook.positive_upper_bound_underdetermines_violation' depends on axioms: [propext,
 Classical.choice,
 Quot.sound]
'SafeLearning.CompleteCoreBook.tightened_constraint_sufficient' depends on axioms: [propext,
 Classical.choice,
 Quot.sound]
'SafeLearning.CompleteCoreBook.scalar_tube_iff' depends on axioms: [propext, Classical.choice, Quot.sound]
'SafeLearning.CompleteCoreBook.noisier_tube_radius' depends on axioms: [propext, Classical.choice, Quot.sound]
'SafeLearning.CompleteCoreBook.noisier_tube_and_band' depends on axioms: [propext, Classical.choice, Quot.sound]
'SafeLearning.CompleteCoreBook.accuracy_error_iff' depends on axioms: [propext, Classical.choice, Quot.sound]
'SafeLearning.CompleteCoreBook.tightened_nominal_interval' depends on axioms: [propext, Classical.choice, Quot.sound]
'SafeLearning.CompleteCoreBook.tube_envelope_converges' depends on axioms: [propext, Classical.choice, Quot.sound]
'SafeLearning.CompleteCoreControl.barrier_integrating_factor' depends on axioms: [propext, Classical.choice, Quot.sound]
'SafeLearning.CompleteCoreControl.barrier_invariance' depends on axioms: [propext, Classical.choice, Quot.sound]
'SafeLearning.CompleteCoreControl.clearance_from_derivative' depends on axioms: [propext, Classical.choice, Quot.sound]
'SafeLearning.CompleteCoreControl.delayed_measurement_error' depends on axioms: [propext, Classical.choice, Quot.sound]
'SafeLearning.CompleteCoreControl.held_clearance_from_ode' depends on axioms: [propext, Classical.choice, Quot.sound]
'SafeLearning.CompleteCoreControl.held_clearance_safety' depends on axioms: [propext, Classical.choice, Quot.sound]
'SafeLearning.CompleteCoreControl.noisier_barrier_command' depends on axioms: [propext, Classical.choice, Quot.sound]
'SafeLearning.CompleteCoreControl.failed_drive_feasible' depends on axioms: [propext, Classical.choice, Quot.sound]
'SafeLearning.CompleteCoreControl.failed_drive_boundary_impossible' depends on axioms: [propext,
 Classical.choice,
 Quot.sound]
'SafeLearning.CompleteCoreControl.failed_drive_eventual_escape' depends on axioms: [propext,
 Classical.choice,
 Quot.sound]
'SafeLearning.CompleteCoreControl.nonpositive_drive_upper_trajectory' depends on axioms: [propext,
 Classical.choice,
 Quot.sound]
'SafeLearning.CompleteCoreControl.nonpositive_time_varying_drive_eventual_escape' depends on axioms: [propext,
 Classical.choice,
 Quot.sound]
'SafeLearning.CompleteCoreControl.delayed_barrier_command' depends on axioms: [propext, Classical.choice, Quot.sound]
'SafeLearning.CompleteCoreControl.noisy_projection_optimal' depends on axioms: [propext, Classical.choice, Quot.sound]
'SafeLearning.CompleteCoreControl.delayed_projection_optimal' depends on axioms: [propext, Classical.choice, Quot.sound]
'SafeLearning.CompleteCoreControl.failed_drive_critical_only_zero' depends on axioms: [propext,
 Classical.choice,
 Quot.sound]
'SafeLearning.CompleteCoreControl.cube_defines_halfline' depends on axioms: [propext, Classical.choice, Quot.sound]
'SafeLearning.CompleteCoreControl.cube_boundary_derivative' depends on axioms: [propext, Classical.choice, Quot.sound]
'SafeLearning.CompleteCoreControl.outward_trajectory_derivative' depends on axioms: [propext,
 Classical.choice,
 Quot.sound]
'SafeLearning.CompleteCoreControl.zero_gradient_does_not_imply_invariance' depends on axioms: [propext,
 Classical.choice,
 Quot.sound]
'SafeLearning.CompleteCoreControl.continuous_feedback_derivative' depends on axioms: [propext,
 Classical.choice,
 Quot.sound]
'SafeLearning.CompleteCoreControl.continuous_feedback_positive' depends on axioms: [propext,
 Classical.choice,
 Quot.sound]
'SafeLearning.CompleteCoreControl.held_first_interval_iff' depends on axioms: [propext, Classical.choice, Quot.sound]
'SafeLearning.CompleteCoreControl.held_first_interval_counterexample' depends on axioms: [propext,
 Classical.choice,
 Quot.sound]
'SafeLearning.CompleteCoreControl.high_order_derivatives' depends on axioms: [propext, Classical.choice, Quot.sound]
'SafeLearning.CompleteCoreControl.high_order_initial_check' depends on axioms: [propext, Classical.choice, Quot.sound]
'SafeLearning.CompleteCoreControl.input_to_state_square' depends on axioms: [propext, Classical.choice, Quot.sound]
'SafeLearning.CompleteCoreControl.input_to_state_inflated_boundary' depends on axioms: [propext,
 Classical.choice,
 Quot.sound]
'SafeLearning.CompleteCoreControl.small_disturbance_boundary' depends on axioms: [propext, Classical.choice, Quot.sound]
'SafeLearning.CompleteCoreEntryModel.mode_weight_zero' depends on axioms: [propext, Classical.choice, Quot.sound]
'SafeLearning.CompleteCoreEntryModel.mode_weight_one' depends on axioms: [propext, Classical.choice, Quot.sound]
'SafeLearning.CompleteCoreEntryModel.actual_entry_probability' depends on axioms: [propext,
 Classical.choice,
 Quot.sound]
'SafeLearning.CompleteCoreEntryModel.actual_entry_never_zero' depends on axioms: [propext, Classical.choice, Quot.sound]
'SafeLearning.CompleteCoreEntryModel.one_step_actual_indicator_expectation' depends on axioms: [propext,
 Classical.choice,
 Quot.sound]
'SafeLearning.CompleteCoreEntryModel.actual_pathwise_indicator_return' depends on axioms: [propext,
 Classical.choice,
 Quot.sound]
'SafeLearning.CompleteCoreEntryModel.actual_indicator_return_equals_mode_return' depends on axioms: [propext,
 Classical.choice,
 Quot.sound]
'SafeLearning.CompleteCoreEntryModel.tighter_budget_actual_entry_probability' depends on axioms: [propext,
 Classical.choice,
 Quot.sound]
'SafeLearning.CompleteCoreMaterialLimits.barrier_nominal_objective_minimal' depends on axioms: [propext,
 Classical.choice,
 Quot.sound]
'SafeLearning.CompleteCoreMaterialLimits.barrier_nominal_objective_unique' depends on axioms: [propext,
 Classical.choice,
 Quot.sound]
'SafeLearning.CompleteCoreMaterialLimits.actual_increment_right_limit_at_one' depends on axioms: [propext,
 Classical.choice,
 Quot.sound]
'SafeLearning.CompleteCoreProbability.uniform_test_mass' depends on axioms: [propext, Classical.choice, Quot.sound]
'SafeLearning.CompleteCoreProbability.exceptional_probability' depends on axioms: [propext,
 Classical.choice,
 Quot.sound]
'SafeLearning.CompleteCoreProbability.squared_error_indicator' depends on axioms: [propext,
 Classical.choice,
 Quot.sound]
'SafeLearning.CompleteCoreProbability.actual_mean_squared_error' depends on axioms: [propext,
 Classical.choice,
 Quot.sound]
'SafeLearning.CompleteCoreProbability.maximum_error_attained' depends on axioms: [propext, Classical.choice, Quot.sound]
'SafeLearning.CompleteCoreProbability.small_rms_does_not_bound_uniform_error' depends on axioms: [propext,
 Classical.choice,
 Quot.sound]
'SafeLearning.CompleteCoreProbability.rms_numeric_enclosure' depends on axioms: [propext, Classical.choice, Quot.sound]
'SafeLearning.CompleteCoreProbability.independent_missed_interval' depends on axioms: [propext,
 Classical.choice,
 Quot.sound]
'SafeLearning.CompleteCoreProbability.miss_probability_numeric' depends on axioms: [propext,
 Classical.choice,
 Quot.sound]
'SafeLearning.CompleteCoreProbability.miss_probability_real_bridge' depends on axioms: [propext,
 Classical.choice,
 Quot.sound]
'SafeLearning.CompleteCoreProbability.four_success_union_bound' depends on axioms: [propext,
 Classical.choice,
 Quot.sound]
'SafeLearning.CompleteCoreProbability.four_success_allocated_bound' depends on axioms: [propext,
 Classical.choice,
 Quot.sound]
'SafeLearning.CompleteCoreProbability.four_independent_successes' depends on axioms: [propext,
 Classical.choice,
 Quot.sound]
'SafeLearning.CompleteCoreProbability.four_independent_success_lower_bound' depends on axioms: [propext,
 Classical.choice,
 Quot.sound]
'SafeLearning.CompleteCoreProbability.disjoint_failure_probabilities' depends on axioms: [propext,
 Classical.choice,
 Quot.sound]
'SafeLearning.CompleteCoreProbability.disjoint_joint_success' depends on axioms: [propext, Classical.choice, Quot.sound]
'SafeLearning.CompleteCoreProbability.multiplying_marginals_invalid' depends on axioms: [propext,
 Classical.choice,
 Quot.sound]
'SafeLearning.CompleteCoreReturns.one_step_mode_expectation' depends on axioms: [propext, Classical.choice, Quot.sound]
'SafeLearning.CompleteCoreReturns.pathwise_mode_return' depends on axioms: [propext, Classical.choice, Quot.sound]
'SafeLearning.CompleteCoreReturns.optimal_reward_budget_derivative' depends on axioms: [propext,
 Classical.choice,
 Quot.sound]
'SafeLearning.CompleteCoreReturns.discounted_constant_budget_meaning' depends on axioms: [propext,
 Classical.choice,
 Quot.sound]
'SafeLearning.CompleteCoreReturns.normalized_mode_occupancy' depends on axioms: [propext, Classical.choice, Quot.sound]
'SafeLearning.CompleteCoreReturns.mixed_half_discount_returns' depends on axioms: [propext,
 Classical.choice,
 Quot.sound]
'SafeLearning.CompleteCoreReturns.mixed_occupancies_example' depends on axioms: [propext, Classical.choice, Quot.sound]
'SafeLearning.CompleteCoreReturns.constant_cost_discount_doubling' depends on axioms: [propext,
 Classical.choice,
 Quot.sound]
'SafeLearning.CompleteDiscountedFlow.actual_trajectory' depends on axioms: [propext]
'SafeLearning.CompleteDiscountedFlow.initial_state_occupancy' depends on axioms: [propext, Classical.choice, Quot.sound]
'SafeLearning.CompleteDiscountedFlow.successor_visitation_summable' depends on axioms: [propext,
 Classical.choice,
 Quot.sound]
'SafeLearning.CompleteDiscountedFlow.geometric_tail' depends on axioms: [propext, Classical.choice, Quot.sound]
'SafeLearning.CompleteDiscountedFlow.absorbing_state_occupancy' depends on axioms: [propext,
 Classical.choice,
 Quot.sound]
'SafeLearning.CompleteDiscountedFlow.normalized_occupancy_sum' depends on axioms: [propext,
 Classical.choice,
 Quot.sound]
'SafeLearning.CompleteDiscountedFlow.actual_flow_equations' depends on axioms: [propext, Classical.choice, Quot.sound]
'SafeLearning.CompleteDiscountedFlow.flow_coordinates_unique' depends on axioms: [propext, Classical.choice, Quot.sound]
'SafeLearning.CompleteDiscountedFlow.return_successor_term' depends on axioms: [propext, Classical.choice, Quot.sound]
'SafeLearning.CompleteDiscountedFlow.actual_infinite_return' depends on axioms: [propext, Classical.choice, Quot.sound]
'SafeLearning.CompleteDiscountedFlow.normalized_reward_return_identity' depends on axioms: [propext,
 Classical.choice,
 Quot.sound]
'SafeLearning.CompleteDualPIAmplitude.actual_pure_trajectory_energy_constant' depends on axioms: [propext,
 Classical.choice,
 Quot.sound]
'SafeLearning.CompleteDualPIAmplitude.actual_pure_trajectories_have_bounded_amplitudes' depends on axioms: [propext,
 Classical.choice,
 Quot.sound]
'SafeLearning.CompleteDualPIAmplitude.actual_nonzero_pure_state_has_neither_coordinate_decay' depends on axioms: [propext,
 Classical.choice,
 Quot.sound]
'SafeLearning.CompleteDualPIHalfEnvelope.actual_geometric_envelope_half_time' depends on axioms: [propext,
 Classical.choice,
 Quot.sound]
'SafeLearning.CompleteDualPIHalfEnvelope.actual_source_first_integer_half_iteration' depends on axioms: [propext,
 Classical.choice,
 Quot.sound]
'SafeLearning.CompleteDualPIHalfEnvelope.every_complex_geometric_mode_has_the_exact_source_envelope' depends on axioms: [propext,
 Classical.choice,
 Quot.sound]
'SafeLearning.CompleteDualPIJury.real_pair_jury_criterion' depends on axioms: [propext, Classical.choice, Quot.sound]
'SafeLearning.CompleteDualPIJury.norm_lt_one_iff_normSq_lt_one' depends on axioms: [propext,
 Classical.choice,
 Quot.sound]
'SafeLearning.CompleteDualPIJury.actual_characteristic_has_root' depends on axioms: [propext,
 Classical.choice,
 Quot.sound]
'SafeLearning.CompleteDualPIJury.actual_real_characteristic_other_root' depends on axioms: [propext,
 Classical.choice,
 Quot.sound]
'SafeLearning.CompleteDualPIJury.all_roots_strictly_inside_unit_disk_iff_jury' depends on axioms: [propext,
 Classical.choice,
 Quot.sound]
'SafeLearning.CompleteDualPIJury.actual_uncurved_spectral_stability_region' depends on axioms: [propext,
 Classical.choice,
 Quot.sound]
'SafeLearning.CompleteDualPIJury.actual_curved_spectral_stability_region' depends on axioms: [propext,
 Classical.choice,
 Quot.sound]
'SafeLearning.CompleteDualPIJury.pure_integral_never_strictly_spectrally_stable' depends on axioms: [propext,
 Classical.choice,
 Quot.sound]
'SafeLearning.CompleteDualPILinearModel.actual_state_matrix' depends on axioms: [propext, Classical.choice, Quot.sound]
'SafeLearning.CompleteDualPILinearModel.actual_shifted_integral_recurrence' depends on axioms: [propext,
 Classical.choice,
 Quot.sound]
'SafeLearning.CompleteDualPILinearModel.actual_trace_and_determinant' depends on axioms: [propext,
 Classical.choice,
 Quot.sound]
'SafeLearning.CompleteDualPILinearModel.actual_characteristic_determinant' depends on axioms: [propext,
 Classical.choice,
 Quot.sound]
'SafeLearning.CompleteDualPILinearModel.actual_complex_root_factorization' depends on axioms: [propext,
 Classical.choice,
 Quot.sound]
'SafeLearning.CompleteDualPILinearModel.actual_all_complex_roots' depends on axioms: [propext,
 Classical.choice,
 Quot.sound]
'SafeLearning.CompleteDualPILinearModel.actual_complex_root_modulus' depends on axioms: [propext,
 Classical.choice,
 Quot.sound]
'SafeLearning.CompleteDualPILinearModel.actual_any_nonreal_root_has_source_modulus' depends on axioms: [propext,
 Classical.choice,
 Quot.sound]
'SafeLearning.CompleteDualPILinearModel.pure_integral_roots_have_unit_modulus' depends on axioms: [propext,
 Classical.choice,
 Quot.sound]
'SafeLearning.CompleteDualPILinearModel.proportional_complex_roots_decay_factor' depends on axioms: [propext,
 Classical.choice,
 Quot.sound]
'SafeLearning.CompleteDualPILinearModel.actual_curved_jury_gain_region' depends on axioms: [propext,
 Classical.choice,
 Quot.sound]
'SafeLearning.CompleteDualPILinearModel.actual_uncurved_jury_gain_region' depends on axioms: [propext,
 Classical.choice,
 Quot.sound]
'SafeLearning.CompleteDualPILinearModel.actual_pure_integral_energy_conserved' depends on axioms: [propext,
 Classical.choice,
 Quot.sound]
'SafeLearning.CompleteDualPILinearModel.actual_pure_integral_energy_positive' depends on axioms: [propext,
 Classical.choice,
 Quot.sound]
'SafeLearning.CompleteDualPILinearModel.actual_source_numeric_trace_and_discriminant' depends on axioms: [propext,
 Classical.choice,
 Quot.sound]
'SafeLearning.CompleteDualPILinearModel.actual_source_damped_modulus_rounding' depends on axioms: [propext,
 Classical.choice,
 Quot.sound]
'SafeLearning.CompleteDualPILinearModel.learning_rate_and_cost_scale_gain_identities' depends on axioms: [propext,
 Classical.choice,
 Quot.sound]
'SafeLearning.CompleteDualPINumerics.complex_cos_fourth_order_remainder' depends on axioms: [propext,
 Classical.choice,
 Quot.sound]
'SafeLearning.CompleteDualPINumerics.real_cos_fourth_order_remainder' depends on axioms: [propext,
 Classical.choice,
 Quot.sound]
'SafeLearning.CompleteDualPINumerics.actual_source_angle_cosine_brackets' depends on axioms: [propext,
 Classical.choice,
 Quot.sound]
'SafeLearning.CompleteDualPINumerics.actual_source_angle_rounds_to_2003' depends on axioms: [propext,
 Classical.choice,
 Quot.sound]
'SafeLearning.CompleteDualPINumerics.actual_source_period_rounds_to_31' depends on axioms: [propext,
 Classical.choice,
 Quot.sound]
'SafeLearning.CompleteDualPINumerics.actual_half_envelope_logarithmic_identity' depends on axioms: [propext,
 Classical.choice,
 Quot.sound]
'SafeLearning.CompleteDualPINumerics.actual_source_half_envelope_rounds_to_62' depends on axioms: [propext,
 Classical.choice,
 Quot.sound]
'SafeLearning.CompleteDualPIOscillation.actual_pure_trajectory_is_source_loop' depends on axioms: [propext,
 Classical.choice,
 Quot.sound]
'SafeLearning.CompleteDualPIOscillation.actual_every_pure_trajectory_preserves_energy' depends on axioms: [propext,
 Classical.choice,
 Quot.sound]
'SafeLearning.CompleteDualPIOscillation.actual_nonzero_pure_trajectory_does_not_decay_to_origin' depends on axioms: [propext,
 Classical.choice,
 Quot.sound]
'SafeLearning.CompleteDualPIOscillation.actual_pure_integral_has_a_nondecaying_source_trajectory' depends on axioms: [propext,
 Classical.choice,
 Quot.sound]
'SafeLearning.CompleteDualPIOscillation.actual_pure_integral_frequency_angle' depends on axioms: [propext,
 Classical.choice,
 Quot.sound]
'SafeLearning.CompleteDualPIOscillation.actual_angular_mode_has_constant_pure_amplitude' depends on axioms: [propext,
 Classical.choice,
 Quot.sound]
'SafeLearning.CompleteDualPIRecurrenceDecay.actual_quadratic_root_pair' depends on axioms: [propext,
 Classical.choice,
 Quot.sound]
'SafeLearning.CompleteDualPIRecurrenceDecay.every_complex_factored_recurrence_decays' depends on axioms: [propext,
 Classical.choice,
 Quot.sound]
'SafeLearning.CompleteDualPIRecurrenceDecay.every_quadratic_recurrence_with_stable_roots_decays' depends on axioms: [propext,
 Classical.choice,
 Quot.sound]
'SafeLearning.CompleteDualPIRecurrenceDecay.actual_every_control_loop_coordinate_decays_when_roots_stable' depends on axioms: [propext,
 Classical.choice,
 Quot.sound]
'SafeLearning.CompleteDualPIStability.actual_complex_loop_eigenmode' depends on axioms: [propext,
 Classical.choice,
 Quot.sound]
'SafeLearning.CompleteDualPIStability.every_actual_loop_trajectory_decays_iff_all_roots_stable' depends on axioms: [propext,
 Classical.choice,
 Quot.sound]
'SafeLearning.CompleteDualPIStability.actual_all_source_uncurved_trajectories_decay_iff_gain_region' depends on axioms: [propext,
 Classical.choice,
 Quot.sound]
'SafeLearning.CompleteDualPIStability.actual_all_curved_trajectories_decay_iff_gain_region' depends on axioms: [propext,
 Classical.choice,
 Quot.sound]
'SafeLearning.CompleteDuality.bounded_lagrangian_from_bounded_returns' depends on axioms: [propext,
 Classical.choice,
 Quot.sound]
'SafeLearning.CompleteDuality.reward_lagrangian_bounded_above' depends on axioms: [propext,
 Classical.choice,
 Quot.sound]
'SafeLearning.CompleteDuality.lagrangian_affine' depends on axioms: [propext, Classical.choice, Quot.sound]
'SafeLearning.CompleteDuality.reward_dual_convex' depends on axioms: [propext, Classical.choice, Quot.sound]
'SafeLearning.CompleteDuality.feasible_reward_le_dual' depends on axioms: [propext, Classical.choice, Quot.sound]
'SafeLearning.CompleteDuality.exact_maximizer_subgradient' depends on axioms: [propext, Classical.choice, Quot.sound]
'SafeLearning.CompleteDuality.cost_lagrangian_bounded_below' depends on axioms: [propext, Classical.choice, Quot.sound]
'SafeLearning.CompleteDuality.cost_dual_mirror' depends on axioms: [propext, Classical.choice, Quot.sound]
'SafeLearning.CompleteDuality.cost_lagrangian_affine' depends on axioms: [propext, Classical.choice, Quot.sound]
'SafeLearning.CompleteDuality.cost_dual_concave' depends on axioms: [propext, Classical.choice, Quot.sound]
'SafeLearning.CompleteDuality.cost_dual_le_feasible_cost' depends on axioms: [propext, Classical.choice, Quot.sound]
'SafeLearning.CompleteDuality.reward_primal_le_each_dual' depends on axioms: [propext, Classical.choice, Quot.sound]
'SafeLearning.CompleteDuality.reward_weak_duality' depends on axioms: [propext, Classical.choice, Quot.sound]
'SafeLearning.CompleteDuality.cost_each_dual_le_primal' depends on axioms: [propext, Classical.choice, Quot.sound]
'SafeLearning.CompleteDuality.cost_weak_duality' depends on axioms: [propext, Classical.choice, Quot.sound]
'SafeLearning.CompleteDuality.walk_lagrangian_bound' depends on axioms: [propext, Classical.choice, Quot.sound]
'SafeLearning.CompleteDuality.walk_dual_attained' depends on axioms: [propext, Classical.choice, Quot.sound]
'SafeLearning.CompleteDuality.walk_dual_actual_supremum' depends on axioms: [propext, Classical.choice, Quot.sound]
'SafeLearning.CompleteDuality.walk_dual_minimum' depends on axioms: [propext, Classical.choice, Quot.sound]
'SafeLearning.CompleteDuality.walk_dual_unique_minimum' depends on axioms: [propext, Classical.choice, Quot.sound]
'SafeLearning.CompleteDuality.walk_dual_piecewise' depends on axioms: [propext, Classical.choice, Quot.sound]
'SafeLearning.CompleteDuality.walk_dual_max_formula' depends on axioms: [propext, Classical.choice, Quot.sound]
'SafeLearning.CompleteDuality.walk_dual_abs_form' depends on axioms: [propext, Classical.choice, Quot.sound]
'SafeLearning.CompleteDuality.walk_dual_kink' depends on axioms: [propext, Classical.choice, Quot.sound]
'SafeLearning.CompleteDuality.walk_dual_convex' depends on axioms: [propext, Classical.choice, Quot.sound]
'SafeLearning.CompleteDuality.walk_primal_optimum' depends on axioms: [propext, Classical.choice, Quot.sound]
'SafeLearning.CompleteDuality.walk_primal_attained_and_all_lagrangian_maximizers' depends on axioms: [propext,
 Classical.choice,
 Quot.sound]
'SafeLearning.CompleteDuality.scalar_lagrangian_derivative' depends on axioms: [propext, Classical.choice, Quot.sound]
'SafeLearning.CompleteDuality.projected_descent_sign' depends on axioms: [propext, Classical.choice, Quot.sound]
'SafeLearning.CompleteDuality.orthant_scalar_projection' depends on axioms: [propext, Classical.choice, Quot.sound]
'SafeLearning.CompleteDuality.orthant_projection_global_minimum' depends on axioms: [propext,
 Classical.choice,
 Quot.sound]
'SafeLearning.CompleteDuality.violation_increases_multiplier' depends on axioms: [propext, Classical.choice, Quot.sound]
'SafeLearning.CompleteDuality.strict_violation_strictly_increases_multiplier' depends on axioms: [propext,
 Classical.choice,
 Quot.sound]
'SafeLearning.CompleteDuality.attained_reward_dual' depends on axioms: [propext, Classical.choice, Quot.sound]
'SafeLearning.CompleteDuality.attained_cost_dual' depends on axioms: [propext, Classical.choice, Quot.sound]
'SafeLearning.CompleteDuality.slack_decreases_projected_multiplier' depends on axioms: [propext,
 Classical.choice,
 Quot.sound]
'SafeLearning.CompleteExponentialBarrier.genuine_double_integrator_barrier_derivatives' depends on axioms: [propext,
 Classical.choice,
 Quot.sound]
'SafeLearning.CompleteExponentialBarrier.actual_companion_dynamics' depends on axioms: [propext,
 Classical.choice,
 Quot.sound]
'SafeLearning.CompleteExponentialBarrier.exact_affine_ECBF_constraint' depends on axioms: [propext,
 Classical.choice,
 Quot.sound]
'SafeLearning.CompleteExponentialBarrier.actual_closed_loop_characteristic_polynomial' depends on axioms: [propext,
 Classical.choice,
 Quot.sound]
'SafeLearning.CompleteExponentialBarrier.actual_real_pole_factorization' depends on axioms: [propext,
 Classical.choice,
 Quot.sound]
'SafeLearning.CompleteExponentialBarrier.actual_real_roots_and_discriminant' depends on axioms: [propext,
 Classical.choice,
 Quot.sound]
'SafeLearning.CompleteExponentialBarrier.genuine_auxiliary_derivative' depends on axioms: [propext,
 Classical.choice,
 Quot.sound]
'SafeLearning.CompleteExponentialBarrier.actual_initial_auxiliary_condition' depends on axioms: [propext,
 Classical.choice,
 Quot.sound]
'SafeLearning.CompleteExponentialBarrier.correct_positive_margin_ratio' depends on axioms: [propext,
 Classical.choice,
 Quot.sound]
'SafeLearning.CompleteExponentialBarrier.zero_margin_initial_condition' depends on axioms: [propext,
 Classical.choice,
 Quot.sound]
'SafeLearning.CompleteExponentialBarrier.actual_second_initial_condition' depends on axioms: [propext,
 Classical.choice,
 Quot.sound]
'SafeLearning.CompleteExponentialBarrier.literal_negative_eigenvalue_condition_is_impossible' depends on axioms: [propext,
 Classical.choice,
 Quot.sound]
'SafeLearning.CompleteExponentialBarrier.actual_admissible_source_choice' depends on axioms: [propext,
 Classical.choice,
 Quot.sound]
'SafeLearning.CompleteExponentialBarrierClassK.actual_positive_linear_extended_class_K' depends on axioms: [propext,
 Classical.choice,
 Quot.sound]
'SafeLearning.CompleteExponentialBarrierClassK.both_actual_nested_functions_are_class_K' depends on axioms: [propext,
 Classical.choice,
 Quot.sound]
'SafeLearning.CompleteExponentialBarrierConsequences.actual_F_minus_GK' depends on axioms: [propext,
 Classical.choice,
 Quot.sound]
'SafeLearning.CompleteExponentialBarrierConsequences.actual_gain_row_evaluation' depends on axioms: [propext,
 Classical.choice,
 Quot.sound]
'SafeLearning.CompleteExponentialBarrierConsequences.actual_source_G_and_mu_dynamics' depends on axioms: [propext,
 Classical.choice,
 Quot.sound]
'SafeLearning.CompleteExponentialBarrierConsequences.all_initial_margin_cases' depends on axioms: [propext,
 Classical.choice,
 Quot.sound]
'SafeLearning.CompleteExponentialBarrierConsequences.actual_zero_auxiliary_requires_rate_condition' depends on axioms: [propext,
 Classical.choice,
 Quot.sound]
'SafeLearning.CompleteExponentialBarrierConsequences.totalized_zero_denominator_does_not_test_initial_safety' depends on axioms: [propext,
 Classical.choice,
 Quot.sound]
'SafeLearning.CompleteExponentialBarrierConsequences.actual_zero_auxiliary_feasible_initial_input' depends on axioms: [propext,
 Classical.choice,
 Quot.sound]
'SafeLearning.CompleteExponentialBarrierSafety.actual_nested_barrier_forward_invariance' depends on axioms: [propext,
 Classical.choice,
 Quot.sound]
'SafeLearning.CompleteExponentialBarrierSafety.actual_source_choice_keeps_position_safe' depends on axioms: [propext,
 Classical.choice,
 Quot.sound]
'SafeLearning.CompleteExponentialBarrierSafety.positive_linear_class_K' depends on axioms: [propext,
 Classical.choice,
 Quot.sound]
'SafeLearning.CompleteExponentialBarrierSafety.literal_nested_linear_constraint' depends on axioms: [propext,
 Classical.choice,
 Quot.sound]
'SafeLearning.CompleteFiniteCMDPFlow.actual_occupancy_satisfies_flow' depends on axioms: [propext,
 Classical.choice,
 Quot.sound]
'SafeLearning.CompleteFiniteCMDPFlow.actual_all_feasible_flows_have_total_mass_one' depends on axioms: [propext,
 Classical.choice,
 Quot.sound]
'SafeLearning.CompleteFiniteCMDPFlow.actual_feasible_coordinate_bound' depends on axioms: [propext,
 Classical.choice,
 Quot.sound]
'SafeLearning.CompleteFiniteCMDPFlow.actual_nonnegative_flow_polyhedron_is_convex' depends on axioms: [propext,
 Classical.choice,
 Quot.sound]
'SafeLearning.CompleteFiniteCMDPLinearProgram.actual_reward_functional_continuous' depends on axioms: [propext,
 Classical.choice,
 Quot.sound]
'SafeLearning.CompleteFiniteCMDPLinearProgram.actual_flow_polyhedron_closed' depends on axioms: [propext,
 Classical.choice,
 Quot.sound]
'SafeLearning.CompleteFiniteCMDPLinearProgram.actual_flow_polyhedron_in_unit_box' depends on axioms: [propext,
 Classical.choice,
 Quot.sound]
'SafeLearning.CompleteFiniteCMDPLinearProgram.actual_flow_polyhedron_compact' depends on axioms: [propext,
 Classical.choice,
 Quot.sound]
'SafeLearning.CompleteFiniteCMDPLinearProgram.actual_flow_polyhedron_bounded' depends on axioms: [propext,
 Classical.choice,
 Quot.sound]
'SafeLearning.CompleteFiniteCMDPLinearProgram.actual_cost_feasible_closed' depends on axioms: [propext,
 Classical.choice,
 Quot.sound]
'SafeLearning.CompleteFiniteCMDPLinearProgram.actual_cost_feasible_compact' depends on axioms: [propext,
 Classical.choice,
 Quot.sound]
'SafeLearning.CompleteFiniteCMDPLinearProgram.actual_cost_feasible_convex' depends on axioms: [propext,
 Classical.choice,
 Quot.sound]
'SafeLearning.CompleteFiniteCMDPLinearProgram.actual_policy_cost_feasible_iff' depends on axioms: [propext,
 Classical.choice,
 Quot.sound]
'SafeLearning.CompleteFiniteCMDPLinearProgram.actual_achievable_pairs_equal_flow_linear_image' depends on axioms: [propext,
 Classical.choice,
 Quot.sound]
'SafeLearning.CompleteFiniteCMDPLinearProgram.actual_achievable_pairs_convex' depends on axioms: [propext,
 Classical.choice,
 Quot.sound]
'SafeLearning.CompleteFiniteCMDPLinearProgram.actual_cost_feasible_finite_linear_halfspaces' depends on axioms: [propext,
 Classical.choice,
 Quot.sound]
'SafeLearning.CompleteFiniteCMDPLinearProgram.actual_cost_feasible_bounded_finite_halfspace_representation' depends on axioms: [propext,
 Classical.choice,
 Quot.sound]
'SafeLearning.CompleteFiniteCMDPLinearProgram.actual_feasible_lp_has_an_optimal_recovered_policy' depends on axioms: [propext,
 Classical.choice,
 Quot.sound]
'SafeLearning.CompleteFiniteCMDPOccupancy.actual_state_nonneg' depends on axioms: [propext,
 Classical.choice,
 Quot.sound]
'SafeLearning.CompleteFiniteCMDPOccupancy.actual_joint_nonneg' depends on axioms: [propext,
 Classical.choice,
 Quot.sound]
'SafeLearning.CompleteFiniteCMDPOccupancy.actual_joint_state_marginal' depends on axioms: [propext,
 Classical.choice,
 Quot.sound]
'SafeLearning.CompleteFiniteCMDPOccupancy.actual_state_total_mass' depends on axioms: [propext,
 Classical.choice,
 Quot.sound]
'SafeLearning.CompleteFiniteCMDPOccupancy.actual_joint_total_mass' depends on axioms: [propext,
 Classical.choice,
 Quot.sound]
'SafeLearning.CompleteFiniteCMDPOccupancy.actual_state_mass_le_one' depends on axioms: [propext,
 Classical.choice,
 Quot.sound]
'SafeLearning.CompleteFiniteCMDPOccupancy.actual_joint_mass_le_one' depends on axioms: [propext,
 Classical.choice,
 Quot.sound]
'SafeLearning.CompleteFiniteCMDPOccupancy.actual_joint_discounted_series_summable' depends on axioms: [propext,
 Classical.choice,
 Quot.sound]
'SafeLearning.CompleteFiniteCMDPOccupancy.actual_occupancy_nonneg' depends on axioms: [propext,
 Classical.choice,
 Quot.sound]
'SafeLearning.CompleteFiniteCMDPOccupancy.finite_double_sum_tsum' depends on axioms: [propext,
 Classical.choice,
 Quot.sound]
'SafeLearning.CompleteFiniteCMDPOccupancy.actual_discounted_reward_series_summable' depends on axioms: [propext,
 Classical.choice,
 Quot.sound]
'SafeLearning.CompleteFiniteCMDPOccupancy.actual_occupancy_linear_functional' depends on axioms: [propext,
 Classical.choice,
 Quot.sound]
'SafeLearning.CompleteFiniteCMDPOccupancy.actual_occupancy_total_mass' depends on axioms: [propext,
 Classical.choice,
 Quot.sound]
'SafeLearning.CompleteFiniteCMDPOccupancy.actual_reward_return_identity' depends on axioms: [propext,
 Classical.choice,
 Quot.sound]
'SafeLearning.CompleteFiniteCMDPOccupancy.actual_state_discounted_series_summable' depends on axioms: [propext,
 Classical.choice,
 Quot.sound]
'SafeLearning.CompleteFiniteCMDPOccupancy.actual_occupancy_state_marginal' depends on axioms: [propext,
 Classical.choice,
 Quot.sound]
'SafeLearning.CompleteFiniteCMDPOccupancy.actual_joint_transition_law' depends on axioms: [propext,
 Classical.choice,
 Quot.sound]
'SafeLearning.CompleteFiniteCMDPOccupancy.actual_discounted_bellman_flow' depends on axioms: [propext,
 Classical.choice,
 Quot.sound]
'SafeLearning.CompleteFiniteCMDPRecovery.actual_stochastic_discounted_fixed_point_unique' depends on axioms: [propext,
 Classical.choice,
 Quot.sound]
'SafeLearning.CompleteFiniteCMDPRecovery.actual_nonnegative_row_marginal' depends on axioms: [propext,
 Classical.choice,
 Quot.sound]
'SafeLearning.CompleteFiniteCMDPRecovery.actual_zero_nonnegative_row_has_zero_coordinates' depends on axioms: [propext,
 Classical.choice,
 Quot.sound]
'SafeLearning.CompleteFiniteCMDPRecovery.actual_recovered_action_nonneg' depends on axioms: [propext,
 Classical.choice,
 Quot.sound]
'SafeLearning.CompleteFiniteCMDPRecovery.actual_recovered_action_normalized' depends on axioms: [propext,
 Classical.choice,
 Quot.sound]
'SafeLearning.CompleteFiniteCMDPRecovery.actual_recovered_row_action_product' depends on axioms: [propext,
 Classical.choice,
 Quot.sound]
'SafeLearning.CompleteFiniteCMDPRecovery.actual_stationary_occupancy_factorization' depends on axioms: [propext,
 Classical.choice,
 Quot.sound]
'SafeLearning.CompleteFiniteCMDPRecovery.actual_stationary_kernel_probability_law' depends on axioms: [propext,
 Classical.choice,
 Quot.sound]
'SafeLearning.CompleteFiniteCMDPRecovery.actual_flow_factorization_gives_kernel_fixed_point' depends on axioms: [propext,
 Classical.choice,
 Quot.sound]
'SafeLearning.CompleteFiniteCMDPRecovery.actual_every_feasible_flow_is_realized_by_recovered_stationary_policy' depends on axioms: [propext,
 Classical.choice,
 Quot.sound]
'SafeLearning.CompleteFoundationsAffineRKHS.actual_rkhs_evaluation' depends on axioms: [propext,
 Classical.choice,
 Quot.sound]
'SafeLearning.CompleteFoundationsAffineRKHS.actual_feature_inner' depends on axioms: [propext,
 Classical.choice,
 Quot.sound]
'SafeLearning.CompleteFoundationsAffineRKHS.actual_reproducing_identity' depends on axioms: [propext,
 Classical.choice,
 Quot.sound]
'SafeLearning.CompleteFoundationsAffineRKHS.actual_kernel_section' depends on axioms: [propext,
 Classical.choice,
 Quot.sound]
'SafeLearning.CompleteFoundationsAffineRKHS.actual_rkhs_kernel' depends on axioms: [propext,
 Classical.choice,
 Quot.sound]
'SafeLearning.CompleteFoundationsAffineRKHS.actual_sample_gram' depends on axioms: [propext,
 Classical.choice,
 Quot.sound]
'SafeLearning.CompleteFoundationsAffineRKHS.actual_feature_sum' depends on axioms: [propext,
 Classical.choice,
 Quot.sound]
'SafeLearning.CompleteFoundationsAffineRKHS.actual_gram_sum_of_squares' depends on axioms: [propext,
 Classical.choice,
 Quot.sound]
'SafeLearning.CompleteFoundationsAffineRKHS.actual_sample_gram_positive' depends on axioms: [propext,
 Classical.choice,
 Quot.sound]
'SafeLearning.CompleteFoundationsAffineRKHS.actual_interpolation_unique' depends on axioms: [propext,
 Classical.choice,
 Quot.sound]
'SafeLearning.CompleteFoundationsAffineRKHS.actual_fitted_function' depends on axioms: [propext,
 Classical.choice,
 Quot.sound]
'SafeLearning.CompleteFoundationsAffineRKHS.actual_fitted_rkhs_squared_norm' depends on axioms: [propext,
 Classical.choice,
 Quot.sound]
'SafeLearning.CompleteFoundationsAffineRKHS.actual_fitted_representer' depends on axioms: [propext,
 Classical.choice,
 Quot.sound]
'SafeLearning.CompleteFoundationsAffineRKHS.actual_fitted_kernel_representer' depends on axioms: [propext,
 Classical.choice,
 Quot.sound]
'SafeLearning.CompleteFoundationsAffineRKHS.actual_feature_norm' depends on axioms: [propext,
 Classical.choice,
 Quot.sound]
'SafeLearning.CompleteFoundationsAffineRKHS.actual_reproducing_cauchy_schwarz' depends on axioms: [propext,
 Classical.choice,
 Quot.sound]
'SafeLearning.CompleteFoundationsAffineRKHS.actual_domain_conclusions' depends on axioms: [propext,
 Classical.choice,
 Quot.sound]
'SafeLearning.CompleteFoundationsAlgorithms.scaling_iteration' depends on axioms: [propext,
 Classical.choice,
 Quot.sound]
'SafeLearning.CompleteFoundationsAlgorithms.scaling_converges_iff' depends on axioms: [propext,
 Classical.choice,
 Quot.sound]
'SafeLearning.CompleteFoundationsAlgorithms.scalar_gradient_converges_iff' depends on axioms: [propext,
 Classical.choice,
 Quot.sound]
'SafeLearning.CompleteFoundationsAlgorithms.scalar_gradient_objective_decreases' depends on axioms: [propext,
 Classical.choice,
 Quot.sound]
'SafeLearning.CompleteFoundationsAlgorithms.expanding_scaling_norm' depends on axioms: [propext,
 Classical.choice,
 Quot.sound]
'SafeLearning.CompleteFoundationsAlgorithms.diagonal_iteration' depends on axioms: [propext,
 Classical.choice,
 Quot.sound]
'SafeLearning.CompleteFoundationsAlgorithms.slow_coordinate_objective' depends on axioms: [propext,
 Classical.choice,
 Quot.sound]
'SafeLearning.CompleteFoundationsAlgorithms.balanced_step_objective' depends on axioms: [propext,
 Classical.choice,
 Quot.sound]
'SafeLearning.CompleteFoundationsAlgorithms.slow_coordinate_minimal_budget' depends on axioms: [propext,
 Classical.choice,
 Quot.sound]
'SafeLearning.CompleteFoundationsAlgorithms.balanced_step_minimal_budget' depends on axioms: [propext,
 Classical.choice,
 Quot.sound]
'SafeLearning.CompleteFoundationsAlgorithms.best_constant_diagonal_step' depends on axioms: [propext,
 Classical.choice,
 Quot.sound]
'SafeLearning.CompleteFoundationsAlgorithms.diagonal_newton_one_step' depends on axioms: [propext,
 Classical.choice,
 Quot.sound]
'SafeLearning.CompleteFoundationsAlgorithms.diagonal_gradient_and_hessian' depends on axioms: [propext,
 Classical.choice,
 Quot.sound]
'SafeLearning.CompleteFoundationsAlgorithms.newton_diagonal_independent_of_conditioning' depends on axioms: [propext,
 Classical.choice,
 Quot.sound]
'SafeLearning.CompleteFoundationsAlgorithms.unstable_diagonal_coordinate' depends on axioms: [propext,
 Classical.choice,
 Quot.sound]
'SafeLearning.CompleteFoundationsAugmentedModels.actual_augmented_branches' depends on axioms: [propext,
 Classical.choice,
 Quot.sound]
'SafeLearning.CompleteFoundationsAugmentedModels.actual_augmented_upper_completed_square' depends on axioms: [propext,
 Classical.choice,
 Quot.sound]
'SafeLearning.CompleteFoundationsAugmentedModels.actual_augmented_global_unique' depends on axioms: [propext,
 Classical.choice,
 Quot.sound]
'SafeLearning.CompleteFoundationsAugmentedModels.actual_augmented_candidate_and_update' depends on axioms: [propext,
 Classical.choice,
 Quot.sound]
'SafeLearning.CompleteFoundationsAugmentedModels.actual_augmented_polynomial_derivative' depends on axioms: [propext,
 Classical.choice,
 Quot.sound]
'SafeLearning.CompleteFoundationsAugmentedModels.actual_augmented_candidate_true_stationarity' depends on axioms: [propext,
 Classical.choice,
 Quot.sound]
'SafeLearning.CompleteFoundationsAugmentedModels.actual_multiplier_range' depends on axioms: [propext,
 Classical.choice,
 Quot.sound]
'SafeLearning.CompleteFoundationsAugmentedModels.actual_primal_step_formula' depends on axioms: [propext,
 Classical.choice,
 Quot.sound]
'SafeLearning.CompleteFoundationsAugmentedModels.actual_running_iteration' depends on axioms: [propext,
 Classical.choice,
 Quot.sound]
'SafeLearning.CompleteFoundationsAugmentedModels.actual_source_three_pairs' depends on axioms: [propext,
 Classical.choice,
 Quot.sound]
'SafeLearning.CompleteFoundationsAugmentedModels.actual_running_primal_and_multiplier_limits' depends on axioms: [propext,
 Classical.choice,
 Quot.sound]
'SafeLearning.CompleteFoundationsAugmentedModels.actual_source_paired_iteration_limit' depends on axioms: [propext,
 Classical.choice,
 Quot.sound]
'SafeLearning.CompleteFoundationsAugmentedModels.actual_quad_source_candidates' depends on axioms: [propext,
 Classical.choice,
 Quot.sound]
'SafeLearning.CompleteFoundationsAugmentedModels.actual_quadratic_penalty_both_open_branch_curvatures' depends on axioms: [propext,
 Classical.choice,
 Quot.sound]
'SafeLearning.CompleteFoundationsBackupGames.actual_safety_is_worst_margin_nonnegative' depends on axioms: [propext,
 Classical.choice,
 Quot.sound]
'SafeLearning.CompleteFoundationsBackupGames.actual_safe_controllers' depends on axioms: [propext,
 Classical.choice,
 Quot.sound]
'SafeLearning.CompleteFoundationsBackupGames.actual_worst_margins' depends on axioms: [propext,
 Classical.choice,
 Quot.sound]
'SafeLearning.CompleteFoundationsBackupGames.actual_unique_max_min' depends on axioms: [propext,
 Classical.choice,
 Quot.sound]
'SafeLearning.CompleteFoundationsBackupGames.actual_unique_largest_single_margin' depends on axioms: [propext,
 Classical.choice,
 Quot.sound]
'SafeLearning.CompleteFoundationsBackupGames.actual_single_margin_rule_selects_unsafe' depends on axioms: [propext,
 Classical.choice,
 Quot.sound]
'SafeLearning.CompleteFoundationsBackupGames.actual_source_domains' depends on axioms: [propext,
 Classical.choice,
 Quot.sound]
'SafeLearning.CompleteFoundationsBackupGames.actual_saddle_inequalities' depends on axioms: [propext,
 Classical.choice,
 Quot.sound]
'SafeLearning.CompleteFoundationsBackupGames.actual_unique_inner_y' depends on axioms: [propext,
 Classical.choice,
 Quot.sound]
'SafeLearning.CompleteFoundationsBackupGames.actual_unique_inner_x' depends on axioms: [propext,
 Classical.choice,
 Quot.sound]
'SafeLearning.CompleteFoundationsBackupGames.actual_inner_supremum' depends on axioms: [propext,
 Classical.choice,
 Quot.sound]
'SafeLearning.CompleteFoundationsBackupGames.actual_inner_infimum' depends on axioms: [propext,
 Classical.choice,
 Quot.sound]
'SafeLearning.CompleteFoundationsBackupGames.actual_min_max_and_max_min' depends on axioms: [propext,
 Classical.choice,
 Quot.sound]
'SafeLearning.CompleteFoundationsBackupGames.actual_unique_outer_choices' depends on axioms: [propext,
 Classical.choice,
 Quot.sound]
'SafeLearning.CompleteFoundationsBackupGames.actual_separate_minimization_is_different' depends on axioms: [propext,
 Classical.choice,
 Quot.sound]
'SafeLearning.CompleteFoundationsBackupGames.actual_square_jensen' depends on axioms: [propext,
 Classical.choice,
 Quot.sound]
'SafeLearning.CompleteFoundationsBackupGames.actual_convex_and_concave_roles' depends on axioms: [propext,
 Classical.choice,
 Quot.sound]
'SafeLearning.CompleteFoundationsBlockModels.actual_independent_block_action' depends on axioms: [propext,
 Classical.choice,
 Quot.sound]
'SafeLearning.CompleteFoundationsBlockModels.actual_block_source_values' depends on axioms: [propext,
 Classical.choice,
 Quot.sound]
'SafeLearning.CompleteFoundationsBlockModels.actual_block_representation' depends on axioms: [propext,
 Classical.choice,
 Quot.sound]
'SafeLearning.CompleteFoundationsBlockModels.actual_determinant_from_blocks' depends on axioms: [propext,
 Classical.choice,
 Quot.sound]
'SafeLearning.CompleteFoundationsBlockModels.generic_block_diagonal_determinant' depends on axioms: [propext,
 Classical.choice,
 Quot.sound]
'SafeLearning.CompleteFoundationsBlockModels.generic_block_diagonal_trace' depends on axioms: [propext,
 Classical.choice,
 Quot.sound]
'SafeLearning.CompleteFoundationsBlockModels.actual_schur_completed_square' depends on axioms: [propext,
 Classical.choice,
 Quot.sound]
'SafeLearning.CompleteFoundationsBlockModels.actual_schur_symmetry' depends on axioms: [propext,
 Classical.choice,
 Quot.sound]
'SafeLearning.CompleteFoundationsBlockModels.actual_schur_psd_iff' depends on axioms: [propext,
 Classical.choice,
 Quot.sound]
'SafeLearning.CompleteFoundationsBlockModels.actual_schur_pd_iff' depends on axioms: [propext,
 Classical.choice,
 Quot.sound]
'SafeLearning.CompleteFoundationsBlockModels.actual_schur_boundary' depends on axioms: [propext,
 Classical.choice,
 Quot.sound]
'SafeLearning.CompleteFoundationsBlockModels.actual_schur_negative_direction' depends on axioms: [propext,
 Classical.choice,
 Quot.sound]
'SafeLearning.CompleteFoundationsBlockModels.actual_update_base_inverse' depends on axioms: [propext,
 Classical.choice,
 Quot.sound]
'SafeLearning.CompleteFoundationsBlockModels.actual_shared_update_quantities' depends on axioms: [propext,
 Classical.choice,
 Quot.sound]
'SafeLearning.CompleteFoundationsBlockModels.actual_rank_one_update_matrix' depends on axioms: [propext,
 Classical.choice,
 Quot.sound]
'SafeLearning.CompleteFoundationsBlockModels.actual_update_determinant' depends on axioms: [propext,
 Classical.choice,
 Quot.sound]
'SafeLearning.CompleteFoundationsBlockModels.actual_rank_one_inverse_formula' depends on axioms: [propext,
 Classical.choice,
 Quot.sound]
'SafeLearning.CompleteFoundationsBlockModels.actual_independent_inverse_check' depends on axioms: [propext,
 Classical.choice,
 Quot.sound]
'SafeLearning.CompleteFoundationsBlockModels.actual_log_determinant_increase' depends on axioms: [propext,
 Classical.choice,
 Quot.sound]
'SafeLearning.CompleteFoundationsBlockModels.actual_log_determinant_decimal' depends on axioms: [propext,
 Classical.choice,
 Quot.sound]
'SafeLearning.CompleteFoundationsBook.measurement_interval_exact' depends on axioms: [propext,
 Classical.choice,
 Quot.sound]
'SafeLearning.CompleteFoundationsBook.temperature_reading_rule' depends on axioms: [propext,
 Classical.choice,
 Quot.sound]
'SafeLearning.CompleteFoundationsBook.reading_examples' depends on axioms: [propext, Classical.choice, Quot.sound]
'SafeLearning.CompleteFoundationsBook.chamber_command_exact' depends on axioms: [propext, Classical.choice, Quot.sound]
'SafeLearning.CompleteFoundationsBook.chamber_exercise_commands' depends on axioms: [propext,
 Classical.choice,
 Quot.sound]
'SafeLearning.CompleteFoundationsBook.chamber_worked_commands' depends on axioms: [propext,
 Classical.choice,
 Quot.sound]
'SafeLearning.CompleteFoundationsBook.anticipative_command' depends on axioms: [propext, Classical.choice, Quot.sound]
'SafeLearning.CompleteFoundationsBook.chamber_nominal_feedback' depends on axioms: [propext,
 Classical.choice,
 Quot.sound]
'SafeLearning.CompleteFoundationsBook.chamber_no_fixed_command' depends on axioms: [propext,
 Classical.choice,
 Quot.sound]
'SafeLearning.CompleteFoundationsBook.chamber_feedback_range' depends on axioms: [propext, Classical.choice, Quot.sound]
'SafeLearning.CompleteFoundationsBook.chamber_invariance' depends on axioms: [propext, Classical.choice, Quot.sound]
'SafeLearning.CompleteFoundationsBook.affine_recurrence_envelope' depends on axioms: [propext,
 Classical.choice,
 Quot.sound]
'SafeLearning.CompleteFoundationsBook.affine_recurrence_realization' depends on axioms: [propext,
 Classical.choice,
 Quot.sound]
'SafeLearning.CompleteFoundationsBook.exercise_error_envelope' depends on axioms: [propext,
 Classical.choice,
 Quot.sound]
'SafeLearning.CompleteFoundationsBook.error_exercise_minimal_index' depends on axioms: [propext,
 Classical.choice,
 Quot.sound]
'SafeLearning.CompleteFoundationsBook.error_floor_unattainable' depends on axioms: [propext,
 Classical.choice,
 Quot.sound]
'SafeLearning.CompleteFoundationsBook.worked_error_budget' depends on axioms: [propext, Classical.choice, Quot.sound]
'SafeLearning.CompleteFoundationsBook.balanced_reconstruction' depends on axioms: [propext,
 Classical.choice,
 Quot.sound]
'SafeLearning.CompleteFoundationsBook.balanced_error_geometry' depends on axioms: [propext,
 Classical.choice,
 Quot.sound]
'SafeLearning.CompleteFoundationsBook.sum_measurement_all_solutions' depends on axioms: [propext,
 Classical.choice,
 Quot.sound]
'SafeLearning.CompleteFoundationsBook.sum_measurement_identification' depends on axioms: [propext,
 Classical.choice,
 Quot.sound]
'SafeLearning.CompleteFoundationsBook.sum_measurement_counterexample' depends on axioms: [propext,
 Classical.choice,
 Quot.sound]
'SafeLearning.CompleteFoundationsBook.sum_measurement_unique_minimum' depends on axioms: [propext,
 Classical.choice,
 Quot.sound]
'SafeLearning.CompleteFoundationsBook.normalized_output_ball_bound' depends on axioms: [propext,
 Classical.choice,
 Quot.sound]
'SafeLearning.CompleteFoundationsBook.normalized_output_attainer' depends on axioms: [propext,
 Classical.choice,
 Quot.sound]
'SafeLearning.CompleteFoundationsBook.normalized_box_bound' depends on axioms: [propext, Classical.choice, Quot.sound]
'SafeLearning.CompleteFoundationsBook.normalized_output_decimal_bound' depends on axioms: [propext,
 Classical.choice,
 Quot.sound]
'SafeLearning.CompleteFoundationsBook.three_sensor_loss_identity' depends on axioms: [propext,
 Classical.choice,
 Quot.sound]
'SafeLearning.CompleteFoundationsBook.three_sensor_unique_optimum' depends on axioms: [propext,
 Classical.choice,
 Quot.sound]
'SafeLearning.CompleteFoundationsBook.three_sensor_residual_certificate' depends on axioms: [propext,
 Classical.choice,
 Quot.sound]
'SafeLearning.CompleteFoundationsBook.allocation_cost_identity' depends on axioms: [propext,
 Classical.choice,
 Quot.sound]
'SafeLearning.CompleteFoundationsBook.allocation_kkt' depends on axioms: [propext, Classical.choice, Quot.sound]
'SafeLearning.CompleteFoundationsBook.allocation_unique_optimum' depends on axioms: [propext,
 Classical.choice,
 Quot.sound]
'SafeLearning.CompleteFoundationsBook.allocation_value_derivative' depends on axioms: [propext,
 Classical.choice,
 Quot.sound]
'SafeLearning.CompleteFoundationsBook.allocation_sensitivity_exact' depends on axioms: [propext,
 Classical.choice,
 Quot.sound]
'SafeLearning.CompleteFoundationsBook.allocation_transfer' depends on axioms: [propext, Classical.choice, Quot.sound]
'SafeLearning.CompleteFoundationsBook.sum_line_projection' depends on axioms: [propext, Classical.choice, Quot.sound]
'SafeLearning.CompleteFoundationsBook.allocation_numerical_checks' depends on axioms: [propext,
 Classical.choice,
 Quot.sound]
'SafeLearning.CompleteFoundationsBook.robust_clearance_exact' depends on axioms: [propext, Classical.choice, Quot.sound]
'SafeLearning.CompleteFoundationsBook.robust_clearance_feasible' depends on axioms: [propext,
 Classical.choice,
 Quot.sound]
'SafeLearning.CompleteFoundationsBook.clearance_optimum' depends on axioms: [propext, Classical.choice, Quot.sound]
'SafeLearning.CompleteFoundationsBook.clearance_kkt' depends on axioms: [propext, Classical.choice, Quot.sound]
'SafeLearning.CompleteFoundationsBook.nonrobust_clearance_failure' depends on axioms: [propext,
 Classical.choice,
 Quot.sound]
'SafeLearning.CompleteFoundationsBook.chamber_exercise_numerics' depends on axioms: [propext,
 Classical.choice,
 Quot.sound]
'SafeLearning.CompleteFoundationsBook.balanced_assembly_examples' depends on axioms: [propext,
 Classical.choice,
 Quot.sound]
'SafeLearning.CompleteFoundationsBook.balanced_stretch' depends on axioms: [propext, Classical.choice, Quot.sound]
'SafeLearning.CompleteFoundationsBook.nearparallel_reconstruction' depends on axioms: [propext,
 Classical.choice,
 Quot.sound]
'SafeLearning.CompleteFoundationsBook.nearparallel_error_example' depends on axioms: [propext,
 Classical.choice,
 Quot.sound]
'SafeLearning.CompleteFoundationsBook.sensor_gram_positive' depends on axioms: [propext, Classical.choice, Quot.sound]
'SafeLearning.CompleteFoundationsBook.least_squares_direction_derivative' depends on axioms: [propext,
 Classical.choice,
 Quot.sound]
'SafeLearning.CompleteFoundationsBook.clearance_tangent_error' depends on axioms: [propext,
 Classical.choice,
 Quot.sound]
'SafeLearning.CompleteFoundationsBook.robust_clearance_decimal_bounds' depends on axioms: [propext,
 Classical.choice,
 Quot.sound]
'SafeLearning.CompleteFoundationsBook.robust_multiplier_decimal_bound' depends on axioms: [propext,
 Classical.choice,
 Quot.sound]
'SafeLearning.CompleteFoundationsBook.nonrobust_clearance_decimal_bounds' depends on axioms: [propext,
 Classical.choice,
 Quot.sound]
'SafeLearning.CompleteFoundationsBook.normal_equations_three_sensor' depends on axioms: [propext,
 Classical.choice,
 Quot.sound]
'SafeLearning.CompleteFoundationsBook.allocation_tangent_gradient' depends on axioms: [propext,
 Classical.choice,
 Quot.sound]
'SafeLearning.CompleteFoundationsBoxedQP.actual_norm_objective' depends on axioms: [propext,
 Classical.choice,
 Quot.sound]
'SafeLearning.CompleteFoundationsBoxedQP.actual_objective_gradient' depends on axioms: [propext,
 Classical.choice,
 Quot.sound]
'SafeLearning.CompleteFoundationsBoxedQP.actual_objective_strictly_convex' depends on axioms: [propext,
 Classical.choice,
 Quot.sound]
'SafeLearning.CompleteFoundationsBoxedQP.actual_constraints_iff' depends on axioms: [propext,
 Classical.choice,
 Quot.sound]
'SafeLearning.CompleteFoundationsBoxedQP.actual_lagrangian_gradient' depends on axioms: [propext,
 Classical.choice,
 Quot.sound]
'SafeLearning.CompleteFoundationsBoxedQP.actual_boxed_feasible_set_convex' depends on axioms: [propext,
 Classical.choice,
 Quot.sound]
'SafeLearning.CompleteFoundationsBoxedQP.actual_halfspace_only_zero_projection' depends on axioms: [propext,
 Classical.choice,
 Quot.sound]
'SafeLearning.CompleteFoundationsBoxedQP.actual_zero_projection_violates_box' depends on axioms: [propext,
 Classical.choice,
 Quot.sound]
'SafeLearning.CompleteFoundationsBoxedQP.actual_zero_source_kkt' depends on axioms: [propext,
 Classical.choice,
 Quot.sound]
'SafeLearning.CompleteFoundationsBoxedQP.actual_zero_boxed_unique_global_optimum' depends on axioms: [propext,
 Classical.choice,
 Quot.sound]
'SafeLearning.CompleteFoundationsBoxedQP.actual_box_maximum_and_infeasibility' depends on axioms: [propext,
 Classical.choice,
 Quot.sound]
'SafeLearning.CompleteFoundationsBoxedQP.actual_halfspace_only_reference_projection' depends on axioms: [propext,
 Classical.choice,
 Quot.sound]
'SafeLearning.CompleteFoundationsBoxedQP.actual_reference_projection_and_clipping' depends on axioms: [propext,
 Classical.choice,
 Quot.sound]
'SafeLearning.CompleteFoundationsBoxedQP.actual_reference_source_kkt' depends on axioms: [propext,
 Classical.choice,
 Quot.sound]
'SafeLearning.CompleteFoundationsBoxedQP.actual_reference_boxed_unique_global_optimum' depends on axioms: [propext,
 Classical.choice,
 Quot.sound]
'SafeLearning.CompleteFoundationsBoxedQP.actual_grid_search_agrees' depends on axioms: [propext,
 Classical.choice,
 Quot.sound]
'SafeLearning.CompleteFoundationsBoxedQP.actual_slack_restores_solvability_without_original_guarantee' depends on axioms: [propext,
 Classical.choice,
 Quot.sound]
'SafeLearning.CompleteFoundationsCalculusModels.actual_quadratic_gradient' depends on axioms: [propext,
 Classical.choice,
 Quot.sound]
'SafeLearning.CompleteFoundationsCalculusModels.actual_quadratic_gradient_function' depends on axioms: [propext,
 Classical.choice,
 Quot.sound]
'SafeLearning.CompleteFoundationsCalculusModels.actual_quadratic_hessian' depends on axioms: [propext,
 Classical.choice,
 Quot.sound]
'SafeLearning.CompleteFoundationsCalculusModels.actual_quadratic_hessian_symmetric' depends on axioms: [propext,
 Classical.choice,
 Quot.sound]
'SafeLearning.CompleteFoundationsCalculusModels.actual_quadratic_gradient_coordinates' depends on axioms: [propext,
 Classical.choice,
 Quot.sound]
'SafeLearning.CompleteFoundationsCalculusModels.actual_directional_derivative' depends on axioms: [propext,
 Classical.choice,
 Quot.sound]
'SafeLearning.CompleteFoundationsCalculusModels.actual_vertical_displacement' depends on axioms: [propext,
 Classical.choice,
 Quot.sound]
'SafeLearning.CompleteFoundationsCalculusModels.actual_vertical_bigO' depends on axioms: [propext,
 Classical.choice,
 Quot.sound]
'SafeLearning.CompleteFoundationsCalculusModels.actual_margin_gradient' depends on axioms: [propext,
 Classical.choice,
 Quot.sound]
'SafeLearning.CompleteFoundationsCalculusModels.actual_curve_velocity' depends on axioms: [propext,
 Classical.choice,
 Quot.sound]
'SafeLearning.CompleteFoundationsCalculusModels.actual_substituted_curve' depends on axioms: [propext,
 Classical.choice,
 Quot.sound]
'SafeLearning.CompleteFoundationsCalculusModels.actual_substitution_derivative' depends on axioms: [propext,
 Classical.choice,
 Quot.sound]
'SafeLearning.CompleteFoundationsCalculusModels.actual_chain_rule_derivative' depends on axioms: [propext,
 Classical.choice,
 Quot.sound]
'SafeLearning.CompleteFoundationsCalculusModels.actual_curve_source_values' depends on axioms: [propext,
 Classical.choice,
 Quot.sound]
'SafeLearning.CompleteFoundationsCalculusModels.actual_least_squares_gradient' depends on axioms: [propext,
 Classical.choice,
 Quot.sound]
'SafeLearning.CompleteFoundationsCalculusModels.actual_least_squares_hessian' depends on axioms: [propext,
 Classical.choice,
 Quot.sound]
'SafeLearning.CompleteFoundationsCalculusModels.actual_least_square_expansion' depends on axioms: [propext,
 Classical.choice,
 Quot.sound]
'SafeLearning.CompleteFoundationsCalculusModels.actual_least_square_gradient' depends on axioms: [propext,
 Classical.choice,
 Quot.sound]
'SafeLearning.CompleteFoundationsCalculusModels.actual_least_square_residual_gradient' depends on axioms: [propext,
 Classical.choice,
 Quot.sound]
'SafeLearning.CompleteFoundationsCalculusModels.actual_least_square_hessian' depends on axioms: [propext,
 Classical.choice,
 Quot.sound]
'SafeLearning.CompleteFoundationsCalculusModels.actual_least_square_unique_minimum' depends on axioms: [propext,
 Classical.choice,
 Quot.sound]
'SafeLearning.CompleteFoundationsCalculusModels.actual_least_square_matrix_invertible' depends on axioms: [propext,
 Classical.choice,
 Quot.sound]
'SafeLearning.CompleteFoundationsCalculusModels.actual_least_square_source_values' depends on axioms: [propext,
 Classical.choice,
 Quot.sound]
'SafeLearning.CompleteFoundationsCholeskyComplexity.actual_program_operation_count_is_at_most_cubic' depends on axioms: [propext,
 Classical.choice,
 Quot.sound]
'SafeLearning.CompleteFoundationsCholeskyComplexity.actual_source_cholesky_program_is_big_o_cubic' depends on axioms: [propext,
 Classical.choice,
 Quot.sound]
'SafeLearning.CompleteFoundationsCholeskyCost.actual_accumulator_evaluation' depends on axioms: [propext,
 Classical.choice,
 Quot.sound]
'SafeLearning.CompleteFoundationsCholeskyCost.actual_accumulator_operation_count' depends on axioms: [propext,
 Classical.choice,
 Quot.sound]
'SafeLearning.CompleteFoundationsCholeskyCost.actual_cell_evaluation' depends on axioms: [propext,
 Classical.choice,
 Quot.sound]
'SafeLearning.CompleteFoundationsCholeskyCost.actual_positive_recursion_cell_is_factor_entry' depends on axioms: [propext,
 Classical.choice,
 Quot.sound]
'SafeLearning.CompleteFoundationsCholeskyCost.actual_cell_operation_count' depends on axioms: [propext,
 Classical.choice,
 Quot.sound]
'SafeLearning.CompleteFoundationsCholeskyCost.actual_row_operation_count' depends on axioms: [propext,
 Classical.choice,
 Quot.sound]
'SafeLearning.CompleteFoundationsCholeskyCost.actual_program_cost_as_squares' depends on axioms: [propext,
 Classical.choice,
 Quot.sound]
'SafeLearning.CompleteFoundationsCholeskyCost.actual_program_cost_polynomial' depends on axioms: [propext,
 Classical.choice,
 Quot.sound]
'SafeLearning.CompleteFoundationsCholeskyCost.actual_cost_independent_of_entries' depends on axioms: [propext,
 Classical.choice,
 Quot.sound]
'SafeLearning.CompleteFoundationsCholeskyCost.actual_cubic_leading_term' depends on axioms: [propext,
 Classical.choice,
 Quot.sound]
'SafeLearning.CompleteFoundationsCholeskyFamily.actual_source_matrix_hermitian' depends on axioms: [propext,
 Classical.choice,
 Quot.sound]
'SafeLearning.CompleteFoundationsCholeskyFamily.actual_source_quadratic_completion' depends on axioms: [propext,
 Classical.choice,
 Quot.sound]
'SafeLearning.CompleteFoundationsCholeskyFamily.actual_source_positive_definite_iff' depends on axioms: [propext,
 Classical.choice,
 Quot.sound]
'SafeLearning.CompleteFoundationsCholeskyFamily.actual_source_positive_semidefinite_iff' depends on axioms: [propext,
 Classical.choice,
 Quot.sound]
'SafeLearning.CompleteFoundationsCholeskyFamily.actual_source_cholesky_matrix_identity' depends on axioms: [propext,
 Classical.choice,
 Quot.sound]
'SafeLearning.CompleteFoundationsCholeskyFamily.actual_source_cholesky_lower_triangular' depends on axioms: [propext,
 Classical.choice,
 Quot.sound]
'SafeLearning.CompleteFoundationsCholeskyFamily.actual_source_symbolic_pivots' depends on axioms: [propext,
 Classical.choice,
 Quot.sound]
'SafeLearning.CompleteFoundationsCholeskyFamily.actual_source_cholesky_positive_diagonal_iff' depends on axioms: [propext,
 Classical.choice,
 Quot.sound]
'SafeLearning.CompleteFoundationsCholeskyFamily.actual_source_leading_principal_minors' depends on axioms: [propext,
 Classical.choice,
 Quot.sound]
'SafeLearning.CompleteFoundationsCholeskyFamily.actual_source_four_psd_singular_and_actual_null_vector' depends on axioms: [propext,
 Classical.choice,
 Quot.sound]
'SafeLearning.CompleteFoundationsCholeskyFamily.actual_source_five_exact_factor' depends on axioms: [propext,
 Classical.choice,
 Quot.sound]
'SafeLearning.CompleteFoundationsCholeskyFamily.actual_source_forward_solve_unique' depends on axioms: [propext,
 Classical.choice,
 Quot.sound]
'SafeLearning.CompleteFoundationsCholeskyFamily.actual_source_backward_solve_unique' depends on axioms: [propext,
 Classical.choice,
 Quot.sound]
'SafeLearning.CompleteFoundationsCholeskyFamily.actual_source_original_solution' depends on axioms: [propext,
 Classical.choice,
 Quot.sound]
'SafeLearning.CompleteFoundationsCholeskyFamily.actual_source_five_log_determinant' depends on axioms: [propext,
 Classical.choice,
 Quot.sound]
'SafeLearning.CompleteFoundationsCholeskyRecursion.actual_lower_factor_entry' depends on axioms: [propext,
 Classical.choice,
 Quot.sound]
'SafeLearning.CompleteFoundationsCholeskyRecursion.actual_diagonal_recursion' depends on axioms: [propext,
 Classical.choice,
 Quot.sound]
'SafeLearning.CompleteFoundationsCholeskyRecursion.actual_off_diagonal_recursion' depends on axioms: [propext,
 Classical.choice,
 Quot.sound]
'SafeLearning.CompleteFoundationsCholeskyRecursion.actual_positive_triangular_factor_unique' depends on axioms: [propext,
 Classical.choice,
 Quot.sound]
'SafeLearning.CompleteFoundationsCholeskyRecursion.actual_factor_gives_positive_recursion' depends on axioms: [propext,
 Classical.choice,
 Quot.sound]
'SafeLearning.CompleteFoundationsCholeskyRecursion.actual_positive_recursion_gives_factor' depends on axioms: [propext,
 Classical.choice,
 Quot.sound]
'SafeLearning.CompleteFoundationsCholeskyRecursion.actual_positive_recursion_iff_positive_definite' depends on axioms: [propext,
 Classical.choice,
 Quot.sound]
'SafeLearning.CompleteFoundationsCholeskyRecursion.actual_cholesky_factor_exists_uniquely' depends on axioms: [propext,
 Classical.choice,
 Quot.sound]
'SafeLearning.CompleteFoundationsConditionedQuadratic.actual_hessian_coordinates' depends on axioms: [propext,
 Classical.choice,
 Quot.sound]
'SafeLearning.CompleteFoundationsConditionedQuadratic.actual_frechet_derivative' depends on axioms: [propext,
 Classical.choice,
 Quot.sound]
'SafeLearning.CompleteFoundationsConditionedQuadratic.actual_gradient' depends on axioms: [propext,
 Classical.choice,
 Quot.sound]
'SafeLearning.CompleteFoundationsConditionedQuadratic.gradient_identification' depends on axioms: [propext,
 Classical.choice,
 Quot.sound]
'SafeLearning.CompleteFoundationsConditionedQuadratic.actual_hessian_derivative' depends on axioms: [propext,
 Classical.choice,
 Quot.sound]
'SafeLearning.CompleteFoundationsConditionedQuadratic.actual_gradient_step' depends on axioms: [propext,
 Classical.choice,
 Quot.sound]
'SafeLearning.CompleteFoundationsConditionedQuadratic.actual_source_trajectory' depends on axioms: [propext,
 Classical.choice,
 Quot.sound]
'SafeLearning.CompleteFoundationsConditionedQuadratic.actual_source_objective' depends on axioms: [propext,
 Classical.choice,
 Quot.sound]
'SafeLearning.CompleteFoundationsConditionedQuadratic.actual_source_iteration_budgets' depends on axioms: [propext,
 Classical.choice,
 Quot.sound]
'SafeLearning.CompleteFoundationsConditionedQuadratic.actual_newton_correction' depends on axioms: [propext,
 Classical.choice,
 Quot.sound]
'SafeLearning.CompleteFoundationsConditionedQuadratic.actual_newton_step_solves' depends on axioms: [propext,
 Classical.choice,
 Quot.sound]
'SafeLearning.CompleteFoundationsConditionedQuadratic.actual_source_newton_data' depends on axioms: [propext,
 Classical.choice,
 Quot.sound]
'SafeLearning.CompleteFoundationsConditionedQuadratic.actual_inverse_curvature' depends on axioms: [propext,
 Classical.choice,
 Quot.sound]
'SafeLearning.CompleteFoundationsConditionedQuadratic.actual_source_condition_number' depends on axioms: [propext,
 Classical.choice,
 Quot.sound]
'SafeLearning.CompleteFoundationsConditionedQuadratic.actual_inner_coordinates' depends on axioms: [propext,
 Classical.choice,
 Quot.sound]
'SafeLearning.CompleteFoundationsConditionedQuadratic.actual_source_curvature_bounds' depends on axioms: [propext,
 Classical.choice,
 Quot.sound]
'SafeLearning.CompleteFoundationsConditionedQuadratic.generic_best_constant_step' depends on axioms: [propext,
 Classical.choice,
 Quot.sound]
'SafeLearning.CompleteFoundationsConditionedQuadratic.generic_interval_factor_bound' depends on axioms: [propext,
 Classical.choice,
 Quot.sound]
'SafeLearning.CompleteFoundationsConditionedQuadratic.generic_actual_diagonal_update_norm' depends on axioms: [propext,
 Classical.choice,
 Quot.sound]
'SafeLearning.CompleteFoundationsConditionedQuadratic.generic_quadratic_optimal_step' depends on axioms: [propext,
 Classical.choice,
 Quot.sound]
'SafeLearning.CompleteFoundationsConditionedQuadratic.actual_symmetric_quadratic_optimal_step' depends on axioms: [propext,
 Classical.choice,
 Quot.sound]
'SafeLearning.CompleteFoundationsConditionedQuadratic.actual_diagonal_update_norm' depends on axioms: [propext,
 Classical.choice,
 Quot.sound]
'SafeLearning.CompleteFoundationsConditionedQuadratic.actual_source_step_factors' depends on axioms: [propext,
 Classical.choice,
 Quot.sound]
'SafeLearning.CompleteFoundationsConditionedQuadratic.actual_unstable_ten_percent' depends on axioms: [propext,
 Classical.choice,
 Quot.sound]
'SafeLearning.CompleteFoundationsConditionedQuadratic.source_log_identities' depends on axioms: [propext,
 Classical.choice,
 Quot.sound]
'SafeLearning.CompleteFoundationsConditionedQuadratic.source_logarithmic_thresholds' depends on axioms: [propext,
 Classical.choice,
 Quot.sound]
'SafeLearning.CompleteFoundationsConditionedQuadratic.actual_slow_log_threshold_decimal' depends on axioms: [propext,
 Classical.choice,
 Quot.sound]
'SafeLearning.CompleteFoundationsConditionedQuadratic.actual_balanced_log_threshold_decimal' depends on axioms: [propext,
 Classical.choice,
 Quot.sound]
'SafeLearning.CompleteFoundationsCongruence.congruence_quadratic_identity' depends on axioms: [propext,
 Classical.choice,
 Quot.sound]
'SafeLearning.CompleteFoundationsCongruence.congruence_psd' depends on axioms: [propext, Classical.choice, Quot.sound]
'SafeLearning.CompleteFoundationsCongruence.congruence_pd_iff_injective' depends on axioms: [propext,
 Classical.choice,
 Quot.sound]
'SafeLearning.CompleteFoundationsCongruence.congruence_pd_iff_independent_columns' depends on axioms: [propext,
 Classical.choice,
 Quot.sound]
'SafeLearning.CompleteFoundationsCongruence.inverse_congruence_identity' depends on axioms: [propext,
 Classical.choice,
 Quot.sound]
'SafeLearning.CompleteFoundationsCongruence.invertible_congruence_psd_iff' depends on axioms: [propext,
 Classical.choice,
 Quot.sound]
'SafeLearning.CompleteFoundationsCongruence.invertible_congruence_pd_iff' depends on axioms: [propext,
 Classical.choice,
 Quot.sound]
'SafeLearning.CompleteFoundationsCongruence.complex_congruence_quadratic_identity' depends on axioms: [propext,
 Classical.choice,
 Quot.sound]
'SafeLearning.CompleteFoundationsCongruence.complex_congruence_psd' depends on axioms: [propext,
 Classical.choice,
 Quot.sound]
'SafeLearning.CompleteFoundationsCongruence.complex_congruence_pd_iff_independent_columns' depends on axioms: [propext,
 Classical.choice,
 Quot.sound]
'SafeLearning.CompleteFoundationsCongruence.complex_inverse_congruence_identity' depends on axioms: [propext,
 Classical.choice,
 Quot.sound]
'SafeLearning.CompleteFoundationsCongruence.complex_invertible_congruence_iff' depends on axioms: [propext,
 Classical.choice,
 Quot.sound]
'SafeLearning.CompleteFoundationsCongruence.real_gram_psd' depends on axioms: [propext, Classical.choice, Quot.sound]
'SafeLearning.CompleteFoundationsCongruence.real_gram_pd_iff_independent_columns' depends on axioms: [propext,
 Classical.choice,
 Quot.sound]
'SafeLearning.CompleteFoundationsCongruence.singular_congruence_counterexample' depends on axioms: [propext,
 Classical.choice,
 Quot.sound]
'SafeLearning.CompleteFoundationsCongruence.rectangular_congruence_counterexample' depends on axioms: [propext,
 Classical.choice,
 Quot.sound]
'SafeLearning.CompleteFoundationsConjugateConsequences.actual_euclidean_pairing_objective_correspondence' depends on axioms: [propext,
 Classical.choice,
 Quot.sound]
'SafeLearning.CompleteFoundationsConjugateConsequences.actual_matrix_inverse_optimizer_has_zero_gradient' depends on axioms: [propext,
 Classical.choice,
 Quot.sound]
'SafeLearning.CompleteFoundationsConjugateConsequences.actual_shifted_function_has_derivative' depends on axioms: [propext,
 Classical.choice,
 Quot.sound]
'SafeLearning.CompleteFoundationsConjugateConsequences.actual_shifted_restricted_function_interior_correspondence' depends on axioms: [propext,
 Classical.choice,
 Quot.sound]
'SafeLearning.CompleteFoundationsConjugateConsequences.actual_shifted_function_derivative_at_two' depends on axioms: [propext,
 Classical.choice,
 Quot.sound]
'SafeLearning.CompleteFoundationsConstrainedModels.actual_weighted_distance_gradient' depends on axioms: [propext,
 Classical.choice,
 Quot.sound]
'SafeLearning.CompleteFoundationsConstrainedModels.actual_weighted_distance_hessian' depends on axioms: [propext,
 Classical.choice,
 Quot.sound]
'SafeLearning.CompleteFoundationsConstrainedModels.actual_weighted_distance_strict_convex' depends on axioms: [propext,
 Classical.choice,
 Quot.sound]
'SafeLearning.CompleteFoundationsConstrainedModels.actual_weighted_distance_unconstrained_minimum' depends on axioms: [propext,
 Classical.choice,
 Quot.sound]
'SafeLearning.CompleteFoundationsConstrainedModels.actual_scalar_lagrangian_derivative' depends on axioms: [propext,
 Classical.choice,
 Quot.sound]
'SafeLearning.CompleteFoundationsConstrainedModels.actual_scalar_kkt_certificates' depends on axioms: [propext,
 Classical.choice,
 Quot.sound]
'SafeLearning.CompleteFoundationsConstrainedModels.actual_scalar_global_optima' depends on axioms: [propext,
 Classical.choice,
 Quot.sound]
'SafeLearning.CompleteFoundationsConstrainedModels.actual_scalar_objective_decreases_until_three' depends on axioms: [propext,
 Classical.choice,
 Quot.sound]
'SafeLearning.CompleteFoundationsConstrainedModels.actual_scalar_objective_is_convex' depends on axioms: [propext,
 Classical.choice,
 Quot.sound]
'SafeLearning.CompleteFoundationsConstrainedModels.actual_scalar_constraint_is_affine' depends on axioms: [propext,
 Classical.choice,
 Quot.sound]
'SafeLearning.CompleteFoundationsConstrainedModels.actual_scalar_feasible_set_is_convex' depends on axioms: [propext,
 Classical.choice,
 Quot.sound]
'SafeLearning.CompleteFoundationsConstrainedModels.actual_affine_constraint_gradient' depends on axioms: [propext,
 Classical.choice,
 Quot.sound]
'SafeLearning.CompleteFoundationsConstrainedModels.actual_halfspace_lagrangian_gradient' depends on axioms: [propext,
 Classical.choice,
 Quot.sound]
'SafeLearning.CompleteFoundationsConstrainedModels.actual_halfspace_feasible_set_is_convex' depends on axioms: [propext,
 Classical.choice,
 Quot.sound]
'SafeLearning.CompleteFoundationsConstrainedModels.actual_halfspace_norm_objective' depends on axioms: [propext,
 Classical.choice,
 Quot.sound]
'SafeLearning.CompleteFoundationsConstrainedModels.actual_halfspace_hessian_is_identity' depends on axioms: [propext,
 Classical.choice,
 Quot.sound]
'SafeLearning.CompleteFoundationsConstrainedModels.actual_halfspace_global_unique_optimum' depends on axioms: [propext,
 Classical.choice,
 Quot.sound]
'SafeLearning.CompleteFoundationsConstrainedModels.actual_halfspace_source_kkt' depends on axioms: [propext,
 Classical.choice,
 Quot.sound]
'SafeLearning.CompleteFoundationsConstrainedModels.actual_halfspace_stationarity_iff' depends on axioms: [propext,
 Classical.choice,
 Quot.sound]
'SafeLearning.CompleteFoundationsConstrainedModels.actual_halfspace_active_constraint_solves_candidate' depends on axioms: [propext,
 Classical.choice,
 Quot.sound]
'SafeLearning.CompleteFoundationsConstrainedModels.actual_source_qp_expansion' depends on axioms: [propext,
 Classical.choice,
 Quot.sound]
'SafeLearning.CompleteFoundationsConstrainedModels.actual_source_qp_constraints' depends on axioms: [propext,
 Classical.choice,
 Quot.sound]
'SafeLearning.CompleteFoundationsConstrainedModels.actual_source_q_is_positive_definite' depends on axioms: [propext,
 Classical.choice,
 Quot.sound]
'SafeLearning.CompleteFoundationsConstrainedModels.actual_source_qp_unique_global_optimum' depends on axioms: [propext,
 Classical.choice,
 Quot.sound]
'SafeLearning.CompleteFoundationsConvergence.real_convergence_definition' depends on axioms: [propext,
 Classical.choice,
 Quot.sound]
'SafeLearning.CompleteFoundationsConvergence.vector_convergence_definition' depends on axioms: [propext,
 Classical.choice,
 Quot.sound]
'SafeLearning.CompleteFoundationsConvergence.coordinatewise_convergence' depends on axioms: [propext,
 Classical.choice,
 Quot.sound]
'SafeLearning.CompleteFoundationsConvergence.euclidean_coordinatewise_convergence' depends on axioms: [propext,
 Classical.choice,
 Quot.sound]
'SafeLearning.CompleteFoundationsConvergence.real_cauchy_definition' depends on axioms: [propext,
 Classical.choice,
 Quot.sound]
'SafeLearning.CompleteFoundationsConvergence.complete_converges_iff_cauchy' depends on axioms: [propext,
 Classical.choice,
 Quot.sound]
'SafeLearning.CompleteFoundationsConvergence.real_divergence_to_infinity_definition' depends on axioms: [propext,
 Classical.choice,
 Quot.sound]
'SafeLearning.CompleteFoundationsConvergence.limits_preserve_weak_order' depends on axioms: [propext,
 Classical.choice,
 Quot.sound]
'SafeLearning.CompleteFoundationsConvergence.reciprocal_strictness_disappears' depends on axioms: [propext,
 Classical.choice,
 Quot.sound]
'SafeLearning.CompleteFoundationsConvergence.reciprocal_tolerance_choice' depends on axioms: [propext,
 Classical.choice,
 Quot.sound]
'SafeLearning.CompleteFoundationsConvergence.limit_squeeze' depends on axioms: [propext, Classical.choice, Quot.sound]
'SafeLearning.CompleteFoundationsConvergence.finite_pointwise_uniform_tolerance' depends on axioms: [propext,
 Classical.choice,
 Quot.sound]
'SafeLearning.CompleteFoundationsConvexKink.actual_absolute_value_is_convex' depends on axioms: [propext,
 Classical.choice,
 Quot.sound]
'SafeLearning.CompleteFoundationsConvexKink.actual_zero_subgradient_iff_global_minimum' depends on axioms: [propext,
 Classical.choice,
 Quot.sound]
'SafeLearning.CompleteFoundationsConvexSets.actual_interval_combination' depends on axioms: [propext,
 Classical.choice,
 Quot.sound]
'SafeLearning.CompleteFoundationsConvexSets.actual_source_interval_convex' depends on axioms: [propext,
 Classical.choice,
 Quot.sound]
'SafeLearning.CompleteFoundationsConvexSets.actual_failed_midpoint' depends on axioms: [propext,
 Classical.choice,
 Quot.sound]
'SafeLearning.CompleteFoundationsConvexSets.actual_source_two_points_not_convex' depends on axioms: [propext,
 Classical.choice,
 Quot.sound]
'SafeLearning.CompleteFoundationsConvexSets.actual_euclidean_two_coordinate_norm_squared' depends on axioms: [propext,
 Classical.choice,
 Quot.sound]
'SafeLearning.CompleteFoundationsConvexSets.actual_disc_is_actual_euclidean_unit_ball' depends on axioms: [propext,
 Classical.choice,
 Quot.sound]
'SafeLearning.CompleteFoundationsConvexSets.actual_generic_norm_combination' depends on axioms: [propext,
 Classical.choice,
 Quot.sound]
'SafeLearning.CompleteFoundationsConvexSets.actual_disc_combination' depends on axioms: [propext,
 Classical.choice,
 Quot.sound]
'SafeLearning.CompleteFoundationsConvexSets.actual_source_disc_convex' depends on axioms: [propext,
 Classical.choice,
 Quot.sound]
'SafeLearning.CompleteFoundationsCubicGrids.nearest_coordinate' depends on axioms: [propext,
 Classical.choice,
 Quot.sound]
'SafeLearning.CompleteFoundationsCubicGrids.grid_point_injective' depends on axioms: [propext,
 Classical.choice,
 Quot.sound]
'SafeLearning.CompleteFoundationsCubicGrids.grid_cardinality' depends on axioms: [propext, Classical.choice, Quot.sound]
'SafeLearning.CompleteFoundationsCubicGrids.grid_spacing_formula' depends on axioms: [propext,
 Classical.choice,
 Quot.sound]
'SafeLearning.CompleteFoundationsCubicGrids.grid_point_in_cube' depends on axioms: [propext,
 Classical.choice,
 Quot.sound]
'SafeLearning.CompleteFoundationsCubicGrids.grid_members_in_cube' depends on axioms: [propext,
 Classical.choice,
 Quot.sound]
'SafeLearning.CompleteFoundationsCubicGrids.radius_nonnegative' depends on axioms: [propext,
 Classical.choice,
 Quot.sound]
'SafeLearning.CompleteFoundationsCubicGrids.radius_square' depends on axioms: [propext, Classical.choice, Quot.sound]
'SafeLearning.CompleteFoundationsCubicGrids.cube_grid_covers' depends on axioms: [propext, Classical.choice, Quot.sound]
'SafeLearning.CompleteFoundationsCubicGrids.cell_center_in_cube' depends on axioms: [propext,
 Classical.choice,
 Quot.sound]
'SafeLearning.CompleteFoundationsCubicGrids.cell_center_distance_lower' depends on axioms: [propext,
 Classical.choice,
 Quot.sound]
'SafeLearning.CompleteFoundationsCubicGrids.exact_cube_covering_radius' depends on axioms: [propext,
 Classical.choice,
 Quot.sound]
'SafeLearning.CompleteFoundationsCubicGrids.grid_margin' depends on axioms: [propext, Classical.choice, Quot.sound]
'SafeLearning.CompleteFoundationsCubicGrids.cell_center_infimum_distance' depends on axioms: [propext,
 Classical.choice,
 Quot.sound]
'SafeLearning.CompleteFoundationsCubicGrids.grid_margin_example_lipschitz' depends on axioms: [propext,
 Classical.choice,
 Quot.sound]
'SafeLearning.CompleteFoundationsCubicGrids.grid_margin_example_samples' depends on axioms: [propext,
 Classical.choice,
 Quot.sound]
'SafeLearning.CompleteFoundationsCubicGrids.grid_margin_example_center' depends on axioms: [propext,
 Classical.choice,
 Quot.sound]
'SafeLearning.CompleteFoundationsCubicGrids.one_dimension_source_margin' depends on axioms: [propext,
 Classical.choice,
 Quot.sound]
'SafeLearning.CompleteFoundationsCubicGrids.one_dimensional_distance' depends on axioms: [propext,
 Classical.choice,
 Quot.sound]
'SafeLearning.CompleteFoundationsCubicGrids.real_one_dimension_source_margin' depends on axioms: [propext,
 Classical.choice,
 Quot.sound]
'SafeLearning.CompleteFoundationsCubicGrids.three_dimension_source_margin' depends on axioms: [propext,
 Classical.choice,
 Quot.sound]
'SafeLearning.CompleteFoundationsCubicGrids.sqrt_three_enclosure' depends on axioms: [propext,
 Classical.choice,
 Quot.sound]
'SafeLearning.CompleteFoundationsCubicGrids.source_grid_decimal_enclosures' depends on axioms: [propext,
 Classical.choice,
 Quot.sound]
'SafeLearning.CompleteFoundationsCubicGrids.required_three_dimension_spacing' depends on axioms: [propext,
 Classical.choice,
 Quot.sound]
'SafeLearning.CompleteFoundationsCubicGrids.twelve_step_grid_suffices' depends on axioms: [propext,
 Classical.choice,
 Quot.sound]
'SafeLearning.CompleteFoundationsCubicGrids.twelve_grid_certifies' depends on axioms: [propext,
 Classical.choice,
 Quot.sound]
'SafeLearning.CompleteFoundationsCubicGrids.coarse_grid_cannot_certify_nonnegative' depends on axioms: [propext,
 Classical.choice,
 Quot.sound]
'SafeLearning.CompleteFoundationsCubicGrids.positive_function_consistent_with_coarse_samples' depends on axioms: [propext,
 Classical.choice,
 Quot.sound]
'SafeLearning.CompleteFoundationsCubicGrids.teaching_grid_cardinalities' depends on axioms: [propext,
 Classical.choice,
 Quot.sound]
'SafeLearning.CompleteFoundationsDefinitenessModels.singular_P_positive_semidefinite' depends on axioms: [propext,
 Classical.choice,
 Quot.sound]
'SafeLearning.CompleteFoundationsDefinitenessModels.singular_P_actual_form' depends on axioms: [propext,
 Classical.choice,
 Quot.sound]
'SafeLearning.CompleteFoundationsDefinitenessModels.singular_P_failure_witness' depends on axioms: [propext,
 Classical.choice,
 Quot.sound]
'SafeLearning.CompleteFoundationsDefinitenessModels.indefinite_Q_both_signs' depends on axioms: [propext,
 Classical.choice,
 Quot.sound]
'SafeLearning.CompleteFoundationsDefinitenessModels.cholesky_actual_factor' depends on axioms: [propext,
 Classical.choice,
 Quot.sound]
'SafeLearning.CompleteFoundationsDefinitenessModels.cholesky_positive_definite' depends on axioms: [propext,
 Classical.choice,
 Quot.sound]
'SafeLearning.CompleteFoundationsDefinitenessModels.forward_triangular_solve_unique' depends on axioms: [propext,
 Classical.choice,
 Quot.sound]
'SafeLearning.CompleteFoundationsDefinitenessModels.backward_triangular_solve_unique' depends on axioms: [propext,
 Classical.choice,
 Quot.sound]
'SafeLearning.CompleteFoundationsDefinitenessModels.cholesky_source_solution' depends on axioms: [propext,
 Classical.choice,
 Quot.sound]
'SafeLearning.CompleteFoundationsDefinitenessModels.cholesky_actual_log_determinant' depends on axioms: [propext,
 Classical.choice,
 Quot.sound]
'SafeLearning.CompleteFoundationsDefinitenessModels.ellipsoid_actual_form' depends on axioms: [propext,
 Classical.choice,
 Quot.sound]
'SafeLearning.CompleteFoundationsDefinitenessModels.ellipsoid_change_of_variables' depends on axioms: [propext,
 Classical.choice,
 Quot.sound]
'SafeLearning.CompleteFoundationsDefinitenessModels.ellipsoid_coefficient_norm' depends on axioms: [propext,
 Classical.choice,
 Quot.sound]
'SafeLearning.CompleteFoundationsDefinitenessModels.ellipsoid_margin_upper_bound' depends on axioms: [propext,
 Classical.choice,
 Quot.sound]
'SafeLearning.CompleteFoundationsDefinitenessModels.ellipsoid_attains' depends on axioms: [propext,
 Classical.choice,
 Quot.sound]
'SafeLearning.CompleteFoundationsDefinitenessModels.ellipsoid_actual_maximum' depends on axioms: [propext,
 Classical.choice,
 Quot.sound]
'SafeLearning.CompleteFoundationsDefinitenessModels.ellipsoid_semiaxes' depends on axioms: [propext,
 Classical.choice,
 Quot.sound]
'SafeLearning.CompleteFoundationsDefinitenessModels.ellipsoid_inverse_direction' depends on axioms: [propext,
 Classical.choice,
 Quot.sound]
'SafeLearning.CompleteFoundationsDiscountHorizons.actual_finite_geometric_induction' depends on axioms: [propext,
 Classical.choice,
 Quot.sound]
'SafeLearning.CompleteFoundationsDiscountHorizons.actual_triangular_nonnegative' depends on axioms: [propext,
 Classical.choice,
 Quot.sound]
'SafeLearning.CompleteFoundationsDiscountHorizons.actual_row_sum' depends on axioms: [propext,
 Classical.choice,
 Quot.sound]
'SafeLearning.CompleteFoundationsDiscountHorizons.actual_row_summable' depends on axioms: [propext,
 Classical.choice,
 Quot.sound]
'SafeLearning.CompleteFoundationsDiscountHorizons.actual_nonnegative_exchange' depends on axioms: [propext,
 Classical.choice,
 Quot.sound]
'SafeLearning.CompleteFoundationsDiscountHorizons.actual_tail_column' depends on axioms: [propext,
 Classical.choice,
 Quot.sound]
'SafeLearning.CompleteFoundationsDiscountHorizons.actual_source_two_tail_derivation' depends on axioms: [propext,
 Classical.choice,
 Quot.sound]
'SafeLearning.CompleteFoundationsDiscountHorizons.actual_horizon_probability_measure' depends on axioms: [propext,
 Classical.choice,
 Quot.sound]
'SafeLearning.CompleteFoundationsDiscountHorizons.actual_horizon_atoms' depends on axioms: [propext,
 Classical.choice,
 Quot.sound]
'SafeLearning.CompleteFoundationsDiscountHorizons.actual_horizon_integrable_and_mean' depends on axioms: [propext,
 Classical.choice,
 Quot.sound]
'SafeLearning.CompleteFoundationsDiscountHorizons.actual_source_discount_horizon_numbers' depends on axioms: [propext,
 Classical.choice,
 Quot.sound]
'SafeLearning.CompleteFoundationsExactPenaltyModels.actual_exact_penalty_branches' depends on axioms: [propext,
 Classical.choice,
 Quot.sound]
'SafeLearning.CompleteFoundationsExactPenaltyModels.actual_exact_penalty_upper_weight_global_unique' depends on axioms: [propext,
 Classical.choice,
 Quot.sound]
'SafeLearning.CompleteFoundationsExactPenaltyModels.actual_exact_penalty_below_weight_global_unique' depends on axioms: [propext,
 Classical.choice,
 Quot.sound]
'SafeLearning.CompleteFoundationsExactPenaltyModels.actual_exactness_threshold' depends on axioms: [propext,
 Classical.choice,
 Quot.sound]
'SafeLearning.CompleteFoundationsExactPenaltyModels.actual_exact_penalty_right_derivative' depends on axioms: [propext,
 Classical.choice,
 Quot.sound]
'SafeLearning.CompleteFoundationsExactPenaltyModels.actual_exact_penalty_one_sided_derivatives' depends on axioms: [propext,
 Classical.choice,
 Quot.sound]
'SafeLearning.CompleteFoundationsExactPenaltyModels.actual_exact_penalty_is_nondifferentiable_at_threshold' depends on axioms: [propext,
 Classical.choice,
 Quot.sound]
'SafeLearning.CompleteFoundationsExactPenaltyModels.actual_slack_objective_dominates_exact_penalty' depends on axioms: [propext,
 Classical.choice,
 Quot.sound]
'SafeLearning.CompleteFoundationsExactPenaltyModels.actual_slack_lower_price_optimum' depends on axioms: [propext,
 Classical.choice,
 Quot.sound]
'SafeLearning.CompleteFoundationsExactPenaltyModels.actual_slack_upper_price_optimum' depends on axioms: [propext,
 Classical.choice,
 Quot.sound]
'SafeLearning.CompleteFoundationsExactPenaltyModels.actual_source_slack_violation' depends on axioms: [propext,
 Classical.choice,
 Quot.sound]
'SafeLearning.CompleteFoundationsExactPenaltyModels.actual_finite_softening_feasible' depends on axioms: [propext,
 Classical.choice,
 Quot.sound]
'SafeLearning.CompleteFoundationsExactPenaltyModels.actual_nonconvex_constrained_global_minima' depends on axioms: [propext,
 Classical.choice,
 Quot.sound]
'SafeLearning.CompleteFoundationsExactPenaltyModels.actual_nonconvex_lagrangian_derivative' depends on axioms: [propext,
 Classical.choice,
 Quot.sound]
'SafeLearning.CompleteFoundationsExactPenaltyModels.actual_nonconvex_source_kkt' depends on axioms: [propext,
 Classical.choice,
 Quot.sound]
'SafeLearning.CompleteFoundationsExactPenaltyModels.actual_nonconvex_penalty_unbounded_below' depends on axioms: [propext,
 Classical.choice,
 Quot.sound]
'SafeLearning.CompleteFoundationsExerciseBridges.grow_image_monotone' depends on axioms: [propext,
 Classical.choice,
 Quot.sound]
'SafeLearning.CompleteFoundationsExerciseBridges.reach_five_strict_increases' depends on axioms: [propext,
 Classical.choice,
 Quot.sound]
'SafeLearning.CompleteFoundationsExerciseBridges.reach_five_unreachable' depends on axioms: [propext,
 Classical.choice,
 Quot.sound]
'SafeLearning.CompleteFoundationsExerciseBridges.half_shift_contraction' depends on axioms: [propext,
 Classical.choice,
 Quot.sound]
'SafeLearning.CompleteFoundationsExerciseBridges.closed_intervals_for_contraction' depends on axioms: [propext,
 Classical.choice,
 Quot.sound]
'SafeLearning.CompleteFoundationsExerciseBridges.half_shift_fixed_point' depends on axioms: [propext,
 Classical.choice,
 Quot.sound]
'SafeLearning.CompleteFoundationsExerciseBridges.negation_selfmap' depends on axioms: [propext,
 Classical.choice,
 Quot.sound]
'SafeLearning.CompleteFoundationsExerciseBridges.negation_fixed_point' depends on axioms: [propext,
 Classical.choice,
 Quot.sound]
'SafeLearning.CompleteFoundationsExerciseBridges.negation_iteration' depends on axioms: [propext,
 Classical.choice,
 Quot.sound]
'SafeLearning.CompleteFoundationsExerciseBridges.subtype_contraction_uniqueness' depends on axioms: [propext,
 Classical.choice,
 Quot.sound]
'SafeLearning.CompleteFoundationsExerciseBridges.half_discount_uniform_minimal' depends on axioms: [propext,
 Classical.choice,
 Quot.sound]
'SafeLearning.CompleteFoundationsExerciseBridges.constant_discounted_return_attains' depends on axioms: [propext,
 Classical.choice,
 Quot.sound]
'SafeLearning.CompleteFoundationsExerciseBridges.reciprocal_decimal_enclosure' depends on axioms: [propext,
 Classical.choice,
 Quot.sound]
'SafeLearning.CompleteFoundationsExerciseBridges.modeled_energy_conclusions' depends on axioms: [propext,
 Classical.choice,
 Quot.sound]
'SafeLearning.CompleteFoundationsExerciseBridges.arbitrarily_late_modeled_excursion' depends on axioms: [propext,
 Classical.choice,
 Quot.sound]
'SafeLearning.CompleteFoundationsExtendedConjugate.actual_extended_domain_and_objective' depends on axioms: [propext,
 Classical.choice,
 Quot.sound]
'SafeLearning.CompleteFoundationsExtendedConjugate.actual_completed_square' depends on axioms: [propext,
 Classical.choice,
 Quot.sound]
'SafeLearning.CompleteFoundationsExtendedConjugate.actual_every_admissible_objective_upper' depends on axioms: [propext,
 Classical.choice,
 Quot.sound]
'SafeLearning.CompleteFoundationsExtendedConjugate.actual_maximizing_argument' depends on axioms: [propext,
 Classical.choice,
 Quot.sound]
'SafeLearning.CompleteFoundationsExtendedConjugate.actual_extended_real_conjugate' depends on axioms: [propext,
 Classical.choice,
 Quot.sound]
'SafeLearning.CompleteFoundationsExtendedConjugate.actual_piecewise_conjugate_and_attainer' depends on axioms: [propext,
 Classical.choice,
 Quot.sound]
'SafeLearning.CompleteFoundationsExtendedConjugate.actual_fenchel_young' depends on axioms: [propext,
 Classical.choice,
 Quot.sound]
'SafeLearning.CompleteFoundationsExtendedConjugate.actual_two_fenchel_young_equalities' depends on axioms: [propext,
 Classical.choice,
 Quot.sound]
'SafeLearning.CompleteFoundationsExtendedConjugate.actual_negative_slopes_support_boundary' depends on axioms: [propext,
 Classical.choice,
 Quot.sound]
'SafeLearning.CompleteFoundationsExtendedConjugate.actual_unrestricted_negative_formula_fails_boundary_equality' depends on axioms: [propext,
 Classical.choice,
 Quot.sound]
'SafeLearning.CompleteFoundationsExtrema.fraction_image' depends on axioms: [propext, Classical.choice, Quot.sound]
'SafeLearning.CompleteFoundationsExtrema.fraction_strictly_increases' depends on axioms: [propext,
 Classical.choice,
 Quot.sound]
'SafeLearning.CompleteFoundationsExtrema.fraction_extrema' depends on axioms: [propext, Classical.choice, Quot.sound]
'SafeLearning.CompleteFoundationsExtrema.fraction_limit_at_infinity' depends on axioms: [propext,
 Classical.choice,
 Quot.sound]
'SafeLearning.CompleteFoundationsExtrema.multiplicative_initial_values' depends on axioms: [propext,
 Classical.choice,
 Quot.sound]
'SafeLearning.CompleteFoundationsExtrema.even_odd_monotonicity' depends on axioms: [propext,
 Classical.choice,
 Quot.sound]
'SafeLearning.CompleteFoundationsExtrema.sine_cosine_upper' depends on axioms: [propext, Classical.choice, Quot.sound]
'SafeLearning.CompleteFoundationsExtrema.sine_cosine_shift' depends on axioms: [propext, Classical.choice, Quot.sound]
'SafeLearning.CompleteFoundationsExtrema.sine_cosine_attains' depends on axioms: [propext, Classical.choice, Quot.sound]
'SafeLearning.CompleteFoundationsExtrema.sine_cosine_supremum' depends on axioms: [propext,
 Classical.choice,
 Quot.sound]
'SafeLearning.CompleteFoundationsExtrema.individual_trig_suprema' depends on axioms: [propext,
 Classical.choice,
 Quot.sound]
'SafeLearning.CompleteFoundationsExtrema.trig_decimal_and_strict_gap' depends on axioms: [propext,
 Classical.choice,
 Quot.sound]
'SafeLearning.CompleteFoundationsExtrema.bilinear_inner_supremum' depends on axioms: [propext,
 Classical.choice,
 Quot.sound]
'SafeLearning.CompleteFoundationsExtrema.bilinear_inner_infimum' depends on axioms: [propext,
 Classical.choice,
 Quot.sound]
'SafeLearning.CompleteFoundationsExtrema.bilinear_outer_values' depends on axioms: [propext,
 Classical.choice,
 Quot.sound]
'SafeLearning.CompleteFoundationsExtrema.actual_bilinear_minimax_values' depends on axioms: [propext,
 Classical.choice,
 Quot.sound]
'SafeLearning.CompleteFoundationsFeatures.feature_evaluation' depends on axioms: [propext, Classical.choice, Quot.sound]
'SafeLearning.CompleteFoundationsFeatures.gram_coefficient_evaluation' depends on axioms: [propext,
 Classical.choice,
 Quot.sound]
'SafeLearning.CompleteFoundationsFeatures.feature_norm_quadratic' depends on axioms: [propext,
 Classical.choice,
 Quot.sound]
'SafeLearning.CompleteFoundationsFeatures.feature_gram_psd' depends on axioms: [propext, Classical.choice, Quot.sound]
'SafeLearning.CompleteFoundationsFeatures.feature_null_quadratic_iff' depends on axioms: [propext,
 Classical.choice,
 Quot.sound]
'SafeLearning.CompleteFoundationsFeatures.reproducing_evaluation_bound' depends on axioms: [propext,
 Classical.choice,
 Quot.sound]
'SafeLearning.CompleteFoundationsFeatures.interpolant_orthogonal_residual' depends on axioms: [propext,
 Classical.choice,
 Quot.sound]
'SafeLearning.CompleteFoundationsFeatures.minimum_norm_interpolant' depends on axioms: [propext,
 Classical.choice,
 Quot.sound]
'SafeLearning.CompleteFoundationsFeatures.invertible_gram_interpolant' depends on axioms: [propext,
 Classical.choice,
 Quot.sound]
'SafeLearning.CompleteFoundationsFeatures.interpolant_norm_data_identity' depends on axioms: [propext,
 Classical.choice,
 Quot.sound]
'SafeLearning.CompleteFoundationsFinite.finite_orbit_collision' depends on axioms: [propext,
 Classical.choice,
 Quot.sound]
'SafeLearning.CompleteFoundationsFinite.orbit_reduce_at_collision' depends on axioms: [propext, Quot.sound]
'SafeLearning.CompleteFoundationsFinite.finite_orbit_early_occurrence' depends on axioms: [propext,
 Classical.choice,
 Quot.sound]
'SafeLearning.CompleteFoundationsFinite.finite_state_check_all_time' depends on axioms: [propext,
 Classical.choice,
 Quot.sound]
'SafeLearning.CompleteFoundationsFinite.four_state_first_five' depends on axioms: [propext]
'SafeLearning.CompleteFoundationsFinite.four_state_never_failure' depends on axioms: [propext,
 Classical.choice,
 Quot.sound]
'SafeLearning.CompleteFoundationsFinite.changing_rule_counterexample' depends on axioms: [propext, Quot.sound]
'SafeLearning.CompleteFoundationsFinite.increasing_cardinality_budget' depends on axioms: [propext,
 Classical.choice,
 Quot.sound]
'SafeLearning.CompleteFoundationsFiniteReachability.actual_grow_extensive' depends on axioms: [propext,
 Classical.choice,
 Quot.sound]
'SafeLearning.CompleteFoundationsFiniteReachability.actual_grow_monotone' depends on axioms: [propext,
 Classical.choice,
 Quot.sound]
'SafeLearning.CompleteFoundationsFiniteReachability.actual_grow_error_antitone' depends on axioms: [propext,
 Classical.choice,
 Quot.sound]
'SafeLearning.CompleteFoundationsFiniteReachability.actual_finite_strict_increase_budget' depends on axioms: [propext,
 Classical.choice,
 Quot.sound]
'SafeLearning.CompleteFoundationsFiniteReachability.actual_iteration_succ' depends on axioms: [propext,
 Classical.choice,
 Quot.sound]
'SafeLearning.CompleteFoundationsFiniteReachability.actual_source_certificate' depends on axioms: [propext,
 Classical.choice,
 Quot.sound]
'SafeLearning.CompleteFoundationsFiniteReachability.actual_half_error_iterates' depends on axioms: [propext,
 Classical.choice,
 Quot.sound]
'SafeLearning.CompleteFoundationsFiniteReachability.actual_half_error_stabilized' depends on axioms: [propext,
 Classical.choice,
 Quot.sound]
'SafeLearning.CompleteFoundationsFiniteReachability.actual_half_error_closure' depends on axioms: [propext,
 Classical.choice,
 Quot.sound]
'SafeLearning.CompleteFoundationsFiniteReachability.actual_half_error_two_strict_increases' depends on axioms: [propext,
 Classical.choice,
 Quot.sound]
'SafeLearning.CompleteFoundationsFiniteReachability.actual_zero_error_iterates' depends on axioms: [propext,
 Classical.choice,
 Quot.sound]
'SafeLearning.CompleteFoundationsFiniteReachability.actual_zero_error_stabilized' depends on axioms: [propext,
 Classical.choice,
 Quot.sound]
'SafeLearning.CompleteFoundationsFiniteReachability.actual_zero_error_closure' depends on axioms: [propext,
 Classical.choice,
 Quot.sound]
'SafeLearning.CompleteFoundationsFiniteReachability.actual_closure_cardinality_shrink' depends on axioms: [propext,
 Classical.choice,
 Quot.sound]
'SafeLearning.CompleteFoundationsFiniteReachability.actual_gateway_and_dip' depends on axioms: [propext,
 Classical.choice,
 Quot.sound]
'SafeLearning.CompleteFoundationsFunctionExamples.projection_integrals' depends on axioms: [propext,
 Classical.choice,
 Quot.sound]
'SafeLearning.CompleteFoundationsFunctionExamples.constant_projection_characterization' depends on axioms: [propext,
 Classical.choice,
 Quot.sound]
'SafeLearning.CompleteFoundationsFunctionExamples.projection_norms' depends on axioms: [propext,
 Classical.choice,
 Quot.sound]
'SafeLearning.CompleteFoundationsFunctionExamples.polynomial_l2_norm' depends on axioms: [propext,
 Classical.choice,
 Quot.sound]
'SafeLearning.CompleteFoundationsFunctionExamples.affine_feature_kernel' depends on axioms: [propext,
 Classical.choice,
 Quot.sound]
'SafeLearning.CompleteFoundationsFunctionExamples.affine_gram_quadratic' depends on axioms: [propext,
 Classical.choice,
 Quot.sound]
'SafeLearning.CompleteFoundationsFunctionExamples.affine_gram_pd' depends on axioms: [propext,
 Classical.choice,
 Quot.sound]
'SafeLearning.CompleteFoundationsFunctionExamples.affine_gram_inverse' depends on axioms: [propext,
 Classical.choice,
 Quot.sound]
'SafeLearning.CompleteFoundationsFunctionExamples.affine_interpolation_unique' depends on axioms: [propext,
 Classical.choice,
 Quot.sound]
'SafeLearning.CompleteFoundationsFunctionExamples.affine_interpolation_norm' depends on axioms: [propext,
 Classical.choice,
 Quot.sound]
'SafeLearning.CompleteFoundationsFunctionExamples.affine_representer' depends on axioms: [propext,
 Classical.choice,
 Quot.sound]
'SafeLearning.CompleteFoundationsFunctionExamples.affine_reproducing_bound' depends on axioms: [propext,
 Classical.choice,
 Quot.sound]
'SafeLearning.CompleteFoundationsFunctionExamples.affine_not_uniformly_bounded' depends on axioms: [propext,
 Classical.choice,
 Quot.sound]
'SafeLearning.CompleteFoundationsFunctionExamples.affine_compact_uniform_bound' depends on axioms: [propext,
 Classical.choice,
 Quot.sound]
'SafeLearning.CompleteFoundationsFunctionExamples.polynomial_feature_kernel' depends on axioms: [propext,
 Classical.choice,
 Quot.sound]
'SafeLearning.CompleteFoundationsFunctionExamples.riesz_representation' depends on axioms: [propext,
 Classical.choice,
 Quot.sound]
'SafeLearning.CompleteFoundationsGeneralizedEigen.actual_source_inverse' depends on axioms: [propext,
 Classical.choice,
 Quot.sound]
'SafeLearning.CompleteFoundationsGeneralizedEigen.actual_source_gram_and_generalized_matrix' depends on axioms: [propext,
 Classical.choice,
 Quot.sound]
'SafeLearning.CompleteFoundationsGeneralizedEigen.actual_source_matrix_is_not_symmetric' depends on axioms: [propext,
 Classical.choice,
 Quot.sound]
'SafeLearning.CompleteFoundationsGeneralizedEigen.actual_source_trace_determinant_and_charpoly' depends on axioms: [propext,
 Classical.choice,
 Quot.sound]
'SafeLearning.CompleteFoundationsGeneralizedEigen.actual_source_complex_characteristic_roots' depends on axioms: [propext,
 Classical.choice,
 Quot.sound]
'SafeLearning.CompleteFoundationsGeneralizedEigen.actual_source_all_real_characteristic_roots' depends on axioms: [propext,
 Classical.choice,
 Quot.sound]
'SafeLearning.CompleteFoundationsGeneralizedEigen.actual_source_all_complex_roots_are_real_nonnegative' depends on axioms: [propext,
 Classical.choice,
 Quot.sound]
'SafeLearning.CompleteFoundationsGeneralizedEigen.actual_source_normalization_square_and_inverse' depends on axioms: [propext,
 Classical.choice,
 Quot.sound]
'SafeLearning.CompleteFoundationsGeneralizedEigen.actual_source_similarity_to_normalized_gram' depends on axioms: [propext,
 Classical.choice,
 Quot.sound]
'SafeLearning.CompleteFoundationsGeneralizedEigen.actual_source_g_euclidean_norm_squared' depends on axioms: [propext,
 Classical.choice,
 Quot.sound]
'SafeLearning.CompleteFoundationsGeneralizedEigen.actual_source_normalized_gram_characteristic_roots' depends on axioms: [propext,
 Classical.choice,
 Quot.sound]
'SafeLearning.CompleteFoundationsGeneralizedEigen.actual_source_certificate_matrix_and_determinant' depends on axioms: [propext,
 Classical.choice,
 Quot.sound]
'SafeLearning.CompleteFoundationsGeneralizedEigen.actual_source_certificate_quadratic_completion' depends on axioms: [propext,
 Classical.choice,
 Quot.sound]
'SafeLearning.CompleteFoundationsGeneralizedEigen.actual_source_certificate_psd_iff' depends on axioms: [propext,
 Classical.choice,
 Quot.sound]
'SafeLearning.CompleteFoundationsGeneralizedEigen.actual_source_psd_threshold_and_largest_parameter' depends on axioms: [propext,
 Classical.choice,
 Quot.sound]
'SafeLearning.CompleteFoundationsGeneralizedEigen.actual_source_two_by_two_test' depends on axioms: [propext,
 Classical.choice,
 Quot.sound]
'SafeLearning.CompleteFoundationsGeneralizedEigen.actual_source_diagonals_nonnegative' depends on axioms: [propext,
 Classical.choice,
 Quot.sound]
'SafeLearning.CompleteFoundationsGeneralizedEigen.actual_source_nonzero_denominator' depends on axioms: [propext,
 Classical.choice,
 Quot.sound]
'SafeLearning.CompleteFoundationsGeneralizedEigen.actual_source_rayleigh_maximizer_iff' depends on axioms: [propext,
 Classical.choice,
 Quot.sound]
'SafeLearning.CompleteFoundationsGeneralizedEigen.actual_source_rayleigh_is_greatest_and_sharp_layer_gain' depends on axioms: [propext,
 Classical.choice,
 Quot.sound]
'SafeLearning.CompleteFoundationsGeneralizedEigenConsequences.actual_source_metric_is_positive_definite' depends on axioms: [propext,
 Classical.choice,
 Quot.sound]
'SafeLearning.CompleteFoundationsGeneralizedEigenConsequences.actual_source_positive_inverse_square_root' depends on axioms: [propext,
 Classical.choice,
 Quot.sound]
'SafeLearning.CompleteFoundationsGeneralizedEigenConsequences.actual_source_inverse_metric_reward_direction' depends on axioms: [propext,
 Classical.choice,
 Quot.sound]
'SafeLearning.CompleteFoundationsGeneralizedEigenConsequences.actual_source_weighted_matrix_input_and_output' depends on axioms: [propext,
 Classical.choice,
 Quot.sound]
'SafeLearning.CompleteFoundationsGeneralizedEigenConsequences.actual_source_largest_real_eigenvalue' depends on axioms: [propext,
 Classical.choice,
 Quot.sound]
'SafeLearning.CompleteFoundationsGeneralizedEigenConsequences.actual_source_gain_coefficient_iff' depends on axioms: [propext,
 Classical.choice,
 Quot.sound]
'SafeLearning.CompleteFoundationsGeneralizedEigenConsequences.actual_source_least_squared_matrix_gain_and_inverse_certificate' depends on axioms: [propext,
 Classical.choice,
 Quot.sound]
'SafeLearning.CompleteFoundationsGenericPenalty.actual_dual_value_lower_bounds_lagrangian' depends on axioms: [propext,
 Classical.choice,
 Quot.sound]
'SafeLearning.CompleteFoundationsGenericPenalty.actual_feasible_lagrangian_is_below_objective' depends on axioms: [propext,
 Classical.choice,
 Quot.sound]
'SafeLearning.CompleteFoundationsGenericPenalty.actual_weak_duality' depends on axioms: [propext,
 Classical.choice,
 Quot.sound]
'SafeLearning.CompleteFoundationsGenericPenalty.actual_dual_supremum_weak_bound' depends on axioms: [propext,
 Classical.choice,
 Quot.sound]
'SafeLearning.CompleteFoundationsGenericPenalty.actual_strong_duality_and_attainment' depends on axioms: [propext,
 Classical.choice,
 Quot.sound]
'SafeLearning.CompleteFoundationsGenericPenalty.actual_component_penalty_gap_nonnegative' depends on axioms: [propext,
 Classical.choice,
 Quot.sound]
'SafeLearning.CompleteFoundationsGenericPenalty.actual_component_penalty_gap_positive' depends on axioms: [propext,
 Classical.choice,
 Quot.sound]
'SafeLearning.CompleteFoundationsGenericPenalty.actual_sup_norm_weight_bounds_every_multiplier' depends on axioms: [propext,
 Classical.choice,
 Quot.sound]
'SafeLearning.CompleteFoundationsGenericPenalty.actual_penalty_lagrangian_gap' depends on axioms: [propext,
 Classical.choice,
 Quot.sound]
'SafeLearning.CompleteFoundationsGenericPenalty.actual_penalty_dominates_lagrangian' depends on axioms: [propext,
 Classical.choice,
 Quot.sound]
'SafeLearning.CompleteFoundationsGenericPenalty.actual_infeasible_penalty_strictly_dominates_lagrangian' depends on axioms: [propext,
 Classical.choice,
 Quot.sound]
'SafeLearning.CompleteFoundationsGenericPenalty.actual_feasible_penalty_equals_original' depends on axioms: [propext,
 Classical.choice,
 Quot.sound]
'SafeLearning.CompleteFoundationsGenericPenalty.actual_exact_penalty_optimal_value_and_feasibility' depends on axioms: [propext,
 Classical.choice,
 Quot.sound]
'SafeLearning.CompleteFoundationsGenericPenalty.actual_exact_penalty_infimum_and_argmin' depends on axioms: [propext,
 Classical.choice,
 Quot.sound]
'SafeLearning.CompleteFoundationsGeometry.cauchy_schwarz_general' depends on axioms: [propext,
 Classical.choice,
 Quot.sound]
'SafeLearning.CompleteFoundationsGeometry.cauchy_schwarz_equality' depends on axioms: [propext,
 Classical.choice,
 Quot.sound]
'SafeLearning.CompleteFoundationsGeometry.cauchy_schwarz_equality_including_zero' depends on axioms: [propext,
 Classical.choice,
 Quot.sound]
'SafeLearning.CompleteFoundationsGeometry.inner_product_quadratic_expansion' depends on axioms: [propext,
 Classical.choice,
 Quot.sound]
'SafeLearning.CompleteFoundationsGeometry.linear_ball_upper_bound' depends on axioms: [propext,
 Classical.choice,
 Quot.sound]
'SafeLearning.CompleteFoundationsGeometry.linear_ball_attainment' depends on axioms: [propext,
 Classical.choice,
 Quot.sound]
'SafeLearning.CompleteFoundationsGeometry.scalar_young_absolute' depends on axioms: [propext,
 Classical.choice,
 Quot.sound]
'SafeLearning.CompleteFoundationsGeometry.am_gm_sqrt' depends on axioms: [propext, Classical.choice, Quot.sound]
'SafeLearning.CompleteFoundationsGeometry.reciprocal_am_gm' depends on axioms: [propext, Classical.choice, Quot.sound]
'SafeLearning.CompleteFoundationsGeometry.reverse_triangle_general' depends on axioms: [propext,
 Classical.choice,
 Quot.sound]
'SafeLearning.CompleteFoundationsGeometry.norm_vanishes_iff' depends on axioms: [propext, Classical.choice, Quot.sound]
'SafeLearning.CompleteFoundationsGeometry.norm_scale' depends on axioms: [propext, Classical.choice, Quot.sound]
'SafeLearning.CompleteFoundationsGeometry.norm_triangle' depends on axioms: [propext, Classical.choice, Quot.sound]
'SafeLearning.CompleteFoundationsGeometry.operator_norm_bound' depends on axioms: [propext,
 Classical.choice,
 Quot.sound]
'SafeLearning.CompleteFoundationsGeometry.operator_norm_is_least' depends on axioms: [propext,
 Classical.choice,
 Quot.sound]
'SafeLearning.CompleteFoundationsGeometry.operator_product_bound' depends on axioms: [propext,
 Classical.choice,
 Quot.sound]
'SafeLearning.CompleteFoundationsGeometry.linear_map_lipschitz' depends on axioms: [propext,
 Classical.choice,
 Quot.sound]
'SafeLearning.CompleteFoundationsGeometry.positive_lipschitz_certified_ball' depends on axioms: [propext,
 Classical.choice,
 Quot.sound]
'SafeLearning.CompleteFoundationsGeometry.symmetric_orthonormal_eigenbasis' depends on axioms: [propext,
 Classical.choice,
 Quot.sound]
'SafeLearning.CompleteFoundationsGeometry.symmetric_spectral_decomposition' depends on axioms: [propext,
 Classical.choice,
 Quot.sound]
'SafeLearning.CompleteFoundationsGeometry.symmetric_psd_eigenvalues' depends on axioms: [propext,
 Classical.choice,
 Quot.sound]
'SafeLearning.CompleteFoundationsGeometry.symmetric_pd_eigenvalues' depends on axioms: [propext,
 Classical.choice,
 Quot.sound]
'SafeLearning.CompleteFoundationsGeometry.determinant_eigenvalue_product' depends on axioms: [propext,
 Classical.choice,
 Quot.sound]
'SafeLearning.CompleteFoundationsGeometry.trace_eigenvalue_sum' depends on axioms: [propext,
 Classical.choice,
 Quot.sound]
'SafeLearning.CompleteFoundationsGeometry.positive_definite_inverse' depends on axioms: [propext,
 Classical.choice,
 Quot.sound]
'SafeLearning.CompleteFoundationsGeometry.positive_definite_determinant' depends on axioms: [propext,
 Classical.choice,
 Quot.sound]
'SafeLearning.CompleteFoundationsGeometry.neumann_series_general' depends on axioms: [propext,
 Classical.choice,
 Quot.sound]
'SafeLearning.CompleteFoundationsGeometry.frobenius_submultiplicativity' depends on axioms: [propext,
 Classical.choice,
 Quot.sound]
'SafeLearning.CompleteFoundationsGeometry.frobenius_norm_formula' depends on axioms: [propext,
 Classical.choice,
 Quot.sound]
'SafeLearning.CompleteFoundationsGeometry.lipschitz_composition_general' depends on axioms: [propext,
 Classical.choice,
 Quot.sound]
'SafeLearning.CompleteFoundationsGramRegularization.self_dot_euclidean_norm_squared' depends on axioms: [propext,
 Classical.choice,
 Quot.sound]
'SafeLearning.CompleteFoundationsGramRegularization.gram_actual_quadratic_norm' depends on axioms: [propext,
 Classical.choice,
 Quot.sound]
'SafeLearning.CompleteFoundationsGramRegularization.positive_regularization_pd' depends on axioms: [propext,
 Classical.choice,
 Quot.sound]
'SafeLearning.CompleteFoundationsGramRegularization.positive_regularization_is_invertible' depends on axioms: [propext,
 Classical.choice,
 Quot.sound]
'SafeLearning.CompleteFoundationsGramRegularization.regularized_gram_exact_quadratic' depends on axioms: [propext,
 Classical.choice,
 Quot.sound]
'SafeLearning.CompleteFoundationsGramRegularization.regularized_gram_strict_quad_and_invertible' depends on axioms: [propext,
 Classical.choice,
 Quot.sound]
'SafeLearning.CompleteFoundationsGramRegularization.actual_regularized_l1_certificate' depends on axioms: [propext,
 Classical.choice,
 Quot.sound]
'SafeLearning.CompleteFoundationsGramRegularization.outer_actual_action' depends on axioms: [propext,
 Classical.choice,
 Quot.sound]
'SafeLearning.CompleteFoundationsGramRegularization.outer_psd' depends on axioms: [propext,
 Classical.choice,
 Quot.sound]
'SafeLearning.CompleteFoundationsGramRegularization.outer_actual_quadratic' depends on axioms: [propext,
 Classical.choice,
 Quot.sound]
'SafeLearning.CompleteFoundationsGramRegularization.outer_zero' depends on axioms: [propext,
 Classical.choice,
 Quot.sound]
'SafeLearning.CompleteFoundationsGramRegularization.outer_actual_rank' depends on axioms: [propext,
 Classical.choice,
 Quot.sound]
'SafeLearning.CompleteFoundationsGramRegularization.outer_eigen_direction' depends on axioms: [propext,
 Classical.choice,
 Quot.sound]
'SafeLearning.CompleteFoundationsGramRegularization.outer_orthogonal_directions' depends on axioms: [propext,
 Classical.choice,
 Quot.sound]
'SafeLearning.CompleteFoundationsGramRegularization.outer_psd_increase' depends on axioms: [propext,
 Classical.choice,
 Quot.sound]
'SafeLearning.CompleteFoundationsGridExamples.fine_grid_covers' depends on axioms: [propext,
 Classical.choice,
 Quot.sound]
'SafeLearning.CompleteFoundationsGridExamples.coarse_grid_covers' depends on axioms: [propext,
 Classical.choice,
 Quot.sound]
'SafeLearning.CompleteFoundationsGridExamples.fine_grid_inside' depends on axioms: [propext,
 Classical.choice,
 Quot.sound]
'SafeLearning.CompleteFoundationsGridExamples.coarse_grid_inside' depends on axioms: [propext,
 Classical.choice,
 Quot.sound]
'SafeLearning.CompleteFoundationsGridExamples.exact_fine_grid_margin' depends on axioms: [propext,
 Classical.choice,
 Quot.sound]
'SafeLearning.CompleteFoundationsGridExamples.exact_coarse_grid_margin' depends on axioms: [propext,
 Classical.choice,
 Quot.sound]
'SafeLearning.CompleteFoundationsGridExamples.coarse_grid_midpoint_distance' depends on axioms: [propext,
 Classical.choice,
 Quot.sound]
'SafeLearning.CompleteFoundationsGridExamples.fine_grid_midpoint_distance' depends on axioms: [propext,
 Classical.choice,
 Quot.sound]
'SafeLearning.CompleteFoundationsGridExamples.coarse_counterexample_lipschitz' depends on axioms: [propext,
 Classical.choice,
 Quot.sound]
'SafeLearning.CompleteFoundationsGridExamples.coarse_counterexample_samples' depends on axioms: [propext,
 Classical.choice,
 Quot.sound]
'SafeLearning.CompleteFoundationsGridExamples.coarse_counterexample_failure' depends on axioms: [propext,
 Classical.choice,
 Quot.sound]
'SafeLearning.CompleteFoundationsGridExamples.reciprocal_budget_iff' depends on axioms: [propext,
 Classical.choice,
 Quot.sound]
'SafeLearning.CompleteFoundationsGridExamples.square_root_budget_iff' depends on axioms: [propext,
 Classical.choice,
 Quot.sound]
'SafeLearning.CompleteFoundationsGridExamples.exact_budget_comparison' depends on axioms: [propext]
'SafeLearning.CompleteFoundationsGridExamples.geometric_accuracy_log_iff' depends on axioms: [propext,
 Classical.choice,
 Quot.sound]
'SafeLearning.CompleteFoundationsL2Models.constant_mem_l2' depends on axioms: [propext, Classical.choice, Quot.sound]
'SafeLearning.CompleteFoundationsL2Models.linear_mem_l2' depends on axioms: [propext, Classical.choice, Quot.sound]
'SafeLearning.CompleteFoundationsL2Models.actual_l2_inner_is_interval_integral' depends on axioms: [propext,
 Classical.choice,
 Quot.sound]
'SafeLearning.CompleteFoundationsL2Models.actual_source_inner_products' depends on axioms: [propext,
 Classical.choice,
 Quot.sound]
'SafeLearning.CompleteFoundationsL2Models.actual_source_squared_norms' depends on axioms: [propext,
 Classical.choice,
 Quot.sound]
'SafeLearning.CompleteFoundationsL2Models.actual_source_norms' depends on axioms: [propext,
 Classical.choice,
 Quot.sound]
'SafeLearning.CompleteFoundationsL2Models.actual_projection_characterization' depends on axioms: [propext,
 Classical.choice,
 Quot.sound]
'SafeLearning.CompleteFoundationsL2Models.actual_residual_orthogonality_and_norm' depends on axioms: [propext,
 Classical.choice,
 Quot.sound]
'SafeLearning.CompleteFoundationsL2Models.actual_classes_have_source_representatives' depends on axioms: [propext,
 Classical.choice,
 Quot.sound]
'SafeLearning.CompleteFoundationsLessonSeries.actual_finite_geometric_cancellation' depends on axioms: [propext,
 Classical.choice,
 Quot.sound]
'SafeLearning.CompleteFoundationsLessonSeries.actual_signed_geometric_series' depends on axioms: [propext,
 Classical.choice,
 Quot.sound]
'SafeLearning.CompleteFoundationsLessonSeries.actual_signed_geometric_tail' depends on axioms: [propext,
 Classical.choice,
 Quot.sound]
'SafeLearning.CompleteFoundationsLessonSeries.actual_geometric_prefix_tail_identity' depends on axioms: [propext,
 Classical.choice,
 Quot.sound]
'SafeLearning.CompleteFoundationsLessonSeries.actual_bounded_discounted_return_and_tail' depends on axioms: [propext,
 Classical.choice,
 Quot.sound]
'SafeLearning.CompleteFoundationsLessonSeries.actual_effective_horizon_example' depends on axioms: [propext,
 Classical.choice,
 Quot.sound]
'SafeLearning.CompleteFoundationsLimits.half_open_interval_extrema' depends on axioms: [propext,
 Classical.choice,
 Quot.sound]
'SafeLearning.CompleteFoundationsLimits.approaching_one_extrema' depends on axioms: [propext,
 Classical.choice,
 Quot.sound]
'SafeLearning.CompleteFoundationsLimits.open_interval_sup_and_no_argmax' depends on axioms: [propext,
 Classical.choice,
 Quot.sound]
'SafeLearning.CompleteFoundationsLimits.square_closed_interval_argmax' depends on axioms: [propext,
 Classical.choice,
 Quot.sound]
'SafeLearning.CompleteFoundationsLimits.half_open_square_no_minimum' depends on axioms: [propext,
 Classical.choice,
 Quot.sound]
'SafeLearning.CompleteFoundationsLimits.square_unique_minimum_on_real' depends on axioms: [propext,
 Classical.choice,
 Quot.sound]
'SafeLearning.CompleteFoundationsLimits.half_open_interval_topology' depends on axioms: [propext,
 Classical.choice,
 Quot.sound]
'SafeLearning.CompleteFoundationsLimits.reciprocal_sequence_limit' depends on axioms: [propext,
 Classical.choice,
 Quot.sound]
'SafeLearning.CompleteFoundationsLimits.affine_error_bound_limit' depends on axioms: [propext,
 Classical.choice,
 Quot.sound]
'SafeLearning.CompleteFoundationsLimits.polynomial_ratio_limit' depends on axioms: [propext,
 Classical.choice,
 Quot.sound]
'SafeLearning.CompleteFoundationsLimits.average_log_sqrt_limit' depends on axioms: [propext,
 Classical.choice,
 Quot.sound]
'SafeLearning.CompleteFoundationsLimits.bounded_average_regret_converges' depends on axioms: [propext,
 Classical.choice,
 Quot.sound]
'SafeLearning.CompleteFoundationsLimits.log_sqrt_product_counterexample' depends on axioms: [propext,
 Classical.choice,
 Quot.sound]
'SafeLearning.CompleteFoundationsLimits.sqrt_sublinear' depends on axioms: [propext, Classical.choice, Quot.sound]
'SafeLearning.CompleteFoundationsLipschitzCalculus.derivative_bound_iff_lipschitz' depends on axioms: [propext,
 Classical.choice,
 Quot.sound]
'SafeLearning.CompleteFoundationsLipschitzCalculus.c1_locally_lipschitz' depends on axioms: [propext,
 Classical.choice,
 Quot.sound]
'SafeLearning.CompleteFoundationsLipschitzCalculus.absolute_and_sine_lipschitz' depends on axioms: [propext,
 Classical.choice,
 Quot.sound]
'SafeLearning.CompleteFoundationsLipschitzCalculus.square_lipschitz_on_radius' depends on axioms: [propext,
 Classical.choice,
 Quot.sound]
'SafeLearning.CompleteFoundationsLipschitzCalculus.square_interval_sharp' depends on axioms: [propext,
 Classical.choice,
 Quot.sound]
'SafeLearning.CompleteFoundationsLipschitzCalculus.square_not_globally_lipschitz' depends on axioms: [propext,
 Classical.choice,
 Quot.sound]
'SafeLearning.CompleteFoundationsLipschitzCalculus.square_gradient_smooth' depends on axioms: [propext,
 Classical.choice,
 Quot.sound]
'SafeLearning.CompleteFoundationsLipschitzCalculus.square_gradient_constant_sharp' depends on axioms: [propext,
 Classical.choice,
 Quot.sound]
'SafeLearning.CompleteFoundationsLipschitzCalculus.square_locally_lipschitz' depends on axioms: [propext,
 Classical.choice,
 Quot.sound]
'SafeLearning.CompleteFoundationsLipschitzCalculus.step_not_continuous_at_zero' depends on axioms: [propext,
 Classical.choice,
 Quot.sound]
'SafeLearning.CompleteFoundationsLipschitzCalculus.sqrt_not_lipschitz_on_unit' depends on axioms: [propext,
 Classical.choice,
 Quot.sound]
'SafeLearning.CompleteFoundationsLipschitzCalculus.square_root_continuous_but_not_lipschitz' depends on axioms: [propext,
 Classical.choice,
 Quot.sound]
'SafeLearning.CompleteFoundationsLipschitzCalculus.real_lipschitz_chord_and_continuity' depends on axioms: [propext,
 Classical.choice,
 Quot.sound]
'SafeLearning.CompleteFoundationsLipschitzCalculus.composition_lipschitz' depends on axioms: [propext,
 Classical.choice,
 Quot.sound]
'SafeLearning.CompleteFoundationsLipschitzCalculus.two_argument_lipschitz' depends on axioms: [propext,
 Classical.choice,
 Quot.sound]
'SafeLearning.CompleteFoundationsLipschitzCalculus.sum_lipschitz' depends on axioms: [propext,
 Classical.choice,
 Quot.sound]
'SafeLearning.CompleteFoundationsLipschitzCalculus.scaled_lipschitz' depends on axioms: [propext,
 Classical.choice,
 Quot.sound]
'SafeLearning.CompleteFoundationsLipschitzCalculus.bounded_product_lipschitz' depends on axioms: [propext,
 Classical.choice,
 Quot.sound]
'SafeLearning.CompleteFoundationsLipschitzCalculus.reciprocal_lipschitz' depends on axioms: [propext,
 Classical.choice,
 Quot.sound]
'SafeLearning.CompleteFoundationsLipschitzCalculus.uniformly_close_infima' depends on axioms: [propext,
 Classical.choice,
 Quot.sound]
'SafeLearning.CompleteFoundationsLipschitzCalculus.infima_difference_le_sup' depends on axioms: [propext,
 Classical.choice,
 Quot.sound]
'SafeLearning.CompleteFoundationsLipschitzCalculus.nonexpansive_iterate' depends on axioms: [propext,
 Classical.choice,
 Quot.sound]
'SafeLearning.CompleteFoundationsLipschitzCalculus.nonexpansive_scalar_euler_iff' depends on axioms: [propext,
 Classical.choice,
 Quot.sound]
'SafeLearning.CompleteFoundationsLipschitzCalculus.nonexpansive_trajectory_margin_lipschitz' depends on axioms: [propext,
 Classical.choice,
 Quot.sound]
'SafeLearning.CompleteFoundationsLipschitzCalculus.scalar_quadratic_derivative' depends on axioms: [propext,
 Classical.choice,
 Quot.sound]
'SafeLearning.CompleteFoundationsLipschitzCalculus.scalar_gradient_general_iteration' depends on axioms: [propext,
 Classical.choice,
 Quot.sound]
'SafeLearning.CompleteFoundationsLipschitzCalculus.scalar_gradient_general_converges_iff' depends on axioms: [propext,
 Classical.choice,
 Quot.sound]
'SafeLearning.CompleteFoundationsLipschitzCalculus.scalar_gradient_zero_start' depends on axioms: [propext,
 Classical.choice,
 Quot.sound]
'SafeLearning.CompleteFoundationsLipschitzCalculus.scalar_gradient_zero_converges' depends on axioms: [propext,
 Classical.choice,
 Quot.sound]
'SafeLearning.CompleteFoundationsLogBacktracking.actual_derivative' depends on axioms: [propext,
 Classical.choice,
 Quot.sound]
'SafeLearning.CompleteFoundationsLogBacktracking.derivative_identification' depends on axioms: [propext,
 Classical.choice,
 Quot.sound]
'SafeLearning.CompleteFoundationsLogBacktracking.actual_second_derivative' depends on axioms: [propext,
 Classical.choice,
 Quot.sound]
'SafeLearning.CompleteFoundationsLogBacktracking.second_derivative_identification' depends on axioms: [propext,
 Classical.choice,
 Quot.sound]
'SafeLearning.CompleteFoundationsLogBacktracking.positive_hessian' depends on axioms: [propext,
 Classical.choice,
 Quot.sound]
'SafeLearning.CompleteFoundationsLogBacktracking.unique_global_minimum' depends on axioms: [propext,
 Classical.choice,
 Quot.sound]
'SafeLearning.CompleteFoundationsLogBacktracking.newton_direction_formula' depends on axioms: [propext,
 Classical.choice,
 Quot.sound]
'SafeLearning.CompleteFoundationsLogBacktracking.newton_equation' depends on axioms: [propext,
 Classical.choice,
 Quot.sound]
'SafeLearning.CompleteFoundationsLogBacktracking.actual_descent_direction' depends on axioms: [propext,
 Classical.choice,
 Quot.sound]
'SafeLearning.CompleteFoundationsLogBacktracking.source_four_numerics' depends on axioms: [propext,
 Classical.choice,
 Quot.sound]
'SafeLearning.CompleteFoundationsLogBacktracking.log_four_bounds' depends on axioms: [propext,
 Classical.choice,
 Quot.sound]
'SafeLearning.CompleteFoundationsLogBacktracking.source_armijo_decimal' depends on axioms: [propext,
 Classical.choice,
 Quot.sound]
'SafeLearning.CompleteFoundationsLogBacktracking.source_quarter_step_accepted' depends on axioms: [propext,
 Classical.choice,
 Quot.sound]
'SafeLearning.CompleteFoundationsLogBacktracking.source_larger_steps_rejected' depends on axioms: [propext,
 Classical.choice,
 Quot.sound]
'SafeLearning.CompleteFoundationsLogBacktracking.source_first_accepted_backtracking_index' depends on axioms: [propext,
 Classical.choice,
 Quot.sound]
'SafeLearning.CompleteFoundationsLogBacktracking.source_accepted_step_is_global_optimum' depends on axioms: [propext,
 Classical.choice,
 Quot.sound]
'SafeLearning.CompleteFoundationsLogBacktracking.full_newton_step_formula' depends on axioms: [propext,
 Classical.choice,
 Quot.sound]
'SafeLearning.CompleteFoundationsLogBacktracking.source_half_initial_iterations' depends on axioms: [propext,
 Classical.choice,
 Quot.sound]
'SafeLearning.CompleteFoundationsLogBacktracking.full_step_preserves_half_open_unit_interval' depends on axioms: [propext,
 Classical.choice,
 Quot.sound]
'SafeLearning.CompleteFoundationsLogBacktracking.source_half_iteration_in_domain' depends on axioms: [propext,
 Classical.choice,
 Quot.sound]
'SafeLearning.CompleteFoundationsLogBacktracking.source_half_error_closed_form' depends on axioms: [propext,
 Classical.choice,
 Quot.sound]
'SafeLearning.CompleteFoundationsLogBacktracking.source_half_iteration_converges' depends on axioms: [propext,
 Classical.choice,
 Quot.sound]
'SafeLearning.CompleteFoundationsLogBacktracking.source_three_domain_checks' depends on axioms: [propext,
 Classical.choice,
 Quot.sound]
'SafeLearning.CompleteFoundationsLogBacktracking.log_three_bounds' depends on axioms: [propext,
 Classical.choice,
 Quot.sound]
'SafeLearning.CompleteFoundationsLogBacktracking.source_three_quarter_accepted_and_decimals' depends on axioms: [propext,
 Classical.choice,
 Quot.sound]
'SafeLearning.CompleteFoundationsLogic.negations_instantiated' depends on axioms: [propext,
 Classical.choice,
 Quot.sound]
'SafeLearning.CompleteFoundationsLogic.finite_set_membership_inclusion' depends on axioms: [propext,
 Classical.choice,
 Quot.sound]
'SafeLearning.CompleteFoundationsLogic.shrinking_interval_union' depends on axioms: [propext,
 Classical.choice,
 Quot.sound]
'SafeLearning.CompleteFoundationsLogic.shrinking_interval_intersection' depends on axioms: [propext,
 Classical.choice,
 Quot.sound]
'SafeLearning.CompleteFoundationsLogic.interval_deMorgan' depends on axioms: [propext, Classical.choice, Quot.sound]
'SafeLearning.CompleteFoundationsLogic.finite_square_image' depends on axioms: [propext, Classical.choice, Quot.sound]
'SafeLearning.CompleteFoundationsLogic.composition_examples' depends on axioms: [propext, Classical.choice, Quot.sound]
'SafeLearning.CompleteFoundationsLogic.square_interval_image' depends on axioms: [propext, Classical.choice, Quot.sound]
'SafeLearning.CompleteFoundationsLogic.square_interval_preimage' depends on axioms: [propext,
 Classical.choice,
 Quot.sound]
'SafeLearning.CompleteFoundationsLogic.negative_square_preimage' depends on axioms: [propext,
 Classical.choice,
 Quot.sound]
'SafeLearning.CompleteFoundationsLogic.square_to_nonnegative_classification' depends on axioms: [propext,
 Classical.choice,
 Quot.sound]
'SafeLearning.CompleteFoundationsLogic.square_from_nonnegative_classification' depends on axioms: [propext,
 Classical.choice,
 Quot.sound]
'SafeLearning.CompleteFoundationsLogic.nonnegative_square_inverse' depends on axioms: [propext,
 Classical.choice,
 Quot.sound]
'SafeLearning.CompleteFoundationsLogic.affine_iterated_error' depends on axioms: [propext, Classical.choice, Quot.sound]
'SafeLearning.CompleteFoundationsLogic.quarter_iteration_error' depends on axioms: [propext,
 Classical.choice,
 Quot.sound]
'SafeLearning.CompleteFoundationsLogic.alternating_iteration_error' depends on axioms: [propext,
 Classical.choice,
 Quot.sound]
'SafeLearning.CompleteFoundationsLogic.alternating_iteration_minimal' depends on axioms: [propext,
 Classical.choice,
 Quot.sound]
'SafeLearning.CompleteFoundationsLogic.half_open_contraction_counterexample' depends on axioms: [propext,
 Classical.choice,
 Quot.sound]
'SafeLearning.CompleteFoundationsLogic.selfmap_counterexample' depends on axioms: [propext,
 Classical.choice,
 Quot.sound]
'SafeLearning.CompleteFoundationsLogic.strict_contraction_counterexample' depends on axioms: [propext,
 Classical.choice,
 Quot.sound]
'SafeLearning.CompleteFoundationsLogic.fixedpoint_uniqueness_does_not_supply_existence' depends on axioms: [propext,
 Classical.choice,
 Quot.sound]
'SafeLearning.CompleteFoundationsLogic.missing_endpoint_contraction' depends on axioms: [propext,
 Classical.choice,
 Quot.sound]
'SafeLearning.CompleteFoundationsLogic.invariant_and_rate_from_local_hypothesis' depends on axioms: [propext,
 Classical.choice,
 Quot.sound]
'SafeLearning.CompleteFoundationsLogic.alternating_unit_sequence_not_convergent' depends on axioms: [propext,
 Classical.choice,
 Quot.sound]
'SafeLearning.CompleteFoundationsLogic.geometric_invariant_rate' depends on axioms: [propext,
 Classical.choice,
 Quot.sound]
'SafeLearning.CompleteFoundationsLogic.telescoping_energy_budget' depends on axioms: [propext,
 Classical.choice,
 Quot.sound]
'SafeLearning.CompleteFoundationsLogic.telescoping_summability' depends on axioms: [propext,
 Classical.choice,
 Quot.sound]
'SafeLearning.CompleteFoundationsLogic.telescoping_state_convergence' depends on axioms: [propext,
 Classical.choice,
 Quot.sound]
'SafeLearning.CompleteFoundationsLogic.excursion_budget_finite' depends on axioms: [propext,
 Classical.choice,
 Quot.sound]
'SafeLearning.CompleteFoundationsLogic.arbitrarily_late_excursion' depends on axioms: [propext,
 Classical.choice,
 Quot.sound]
'SafeLearning.CompleteFoundationsMatrixConjugate.actual_inverse_stationary_solution' depends on axioms: [propext,
 Classical.choice,
 Quot.sound]
'SafeLearning.CompleteFoundationsMatrixConjugate.actual_symmetric_cross_pairing' depends on axioms: [propext,
 Classical.choice,
 Quot.sound]
'SafeLearning.CompleteFoundationsMatrixConjugate.actual_completed_square_identity' depends on axioms: [propext,
 Classical.choice,
 Quot.sound]
'SafeLearning.CompleteFoundationsMatrixConjugate.actual_global_objective_upper_and_equality_iff' depends on axioms: [propext,
 Classical.choice,
 Quot.sound]
'SafeLearning.CompleteFoundationsMatrixConjugate.actual_supremum_and_unique_attainer' depends on axioms: [propext,
 Classical.choice,
 Quot.sound]
'SafeLearning.CompleteFoundationsMatrixConjugate.actual_extended_real_source_conjugate' depends on axioms: [propext,
 Classical.choice,
 Quot.sound]
'SafeLearning.CompleteFoundationsMatrixConjugate.actual_pairing_Jensen_gap_identity' depends on axioms: [propext,
 Classical.choice,
 Quot.sound]
'SafeLearning.CompleteFoundationsMatrixConjugate.actual_pairing_objective_is_concave' depends on axioms: [propext,
 Classical.choice,
 Quot.sound]
'SafeLearning.CompleteFoundationsMatrixConjugate.actual_operator_coordinates' depends on axioms: [propext,
 Classical.choice,
 Quot.sound]
'SafeLearning.CompleteFoundationsMatrixConjugate.actual_euclidean_quadratic_correspondence' depends on axioms: [propext,
 Classical.choice,
 Quot.sound]
'SafeLearning.CompleteFoundationsMatrixConjugate.actual_euclidean_symmetric_pairing' depends on axioms: [propext,
 Classical.choice,
 Quot.sound]
'SafeLearning.CompleteFoundationsMatrixConjugate.actual_quadratic_gradient' depends on axioms: [propext,
 Classical.choice,
 Quot.sound]
'SafeLearning.CompleteFoundationsMatrixConjugate.actual_pairing_objective_gradient' depends on axioms: [propext,
 Classical.choice,
 Quot.sound]
'SafeLearning.CompleteFoundationsMatrixNormModels.small_matrix_l1_apply' depends on axioms: [propext,
 Classical.choice,
 Quot.sound]
'SafeLearning.CompleteFoundationsMatrixNormModels.small_matrix_l1_norm' depends on axioms: [propext,
 Classical.choice,
 Quot.sound]
'SafeLearning.CompleteFoundationsMatrixNormModels.small_matrix_l1_attainment' depends on axioms: [propext,
 Classical.choice,
 Quot.sound]
'SafeLearning.CompleteFoundationsMatrixNormModels.two_coordinate_supnorm' depends on axioms: [propext,
 Classical.choice,
 Quot.sound]
'SafeLearning.CompleteFoundationsMatrixNormModels.diagonal_two_spectral_norm' depends on axioms: [propext,
 Classical.choice,
 Quot.sound]
'SafeLearning.CompleteFoundationsMatrixNormModels.stretch_individual_norms' depends on axioms: [propext,
 Classical.choice,
 Quot.sound]
'SafeLearning.CompleteFoundationsMatrixNormModels.actual_stretch_product' depends on axioms: [propext,
 Classical.choice,
 Quot.sound]
'SafeLearning.CompleteFoundationsMatrixNormModels.stretch_product_norm_and_bound' depends on axioms: [propext,
 Classical.choice,
 Quot.sound]
'SafeLearning.CompleteFoundationsMatrixNormModels.stretch_product_every_vector' depends on axioms: [propext,
 Classical.choice,
 Quot.sound]
'SafeLearning.CompleteFoundationsMatrixNormModels.individual_stretch_directions' depends on axioms: [propext,
 Classical.choice,
 Quot.sound]
'SafeLearning.CompleteFoundationsMatrixNormModels.actual_tail_inverse' depends on axioms: [propext,
 Classical.choice,
 Quot.sound]
'SafeLearning.CompleteFoundationsMatrixNormModels.actual_tail_matrix' depends on axioms: [propext,
 Classical.choice,
 Quot.sound]
'SafeLearning.CompleteFoundationsMatrixNormModels.first_tail_coordinate_dominates' depends on axioms: [propext,
 Classical.choice,
 Quot.sound]
'SafeLearning.CompleteFoundationsMatrixNormModels.exact_spectral_tail_norm' depends on axioms: [propext,
 Classical.choice,
 Quot.sound]
'SafeLearning.CompleteFoundationsMatrixNormModels.spectral_tail_integer_power' depends on axioms: [propext,
 Classical.choice,
 Quot.sound]
'SafeLearning.CompleteFoundationsMatrixNormModels.exact_tail_threshold' depends on axioms: [propext,
 Classical.choice,
 Quot.sound]
'SafeLearning.CompleteFoundationsMatrixNormModels.tail_source_numbers_and_neumann_hypothesis' depends on axioms: [propext,
 Classical.choice,
 Quot.sound]
'SafeLearning.CompleteFoundationsMatrixNormModels.small_matrix_entry_sums' depends on axioms: [propext,
 Classical.choice,
 Quot.sound]
'SafeLearning.CompleteFoundationsMatrixNormModels.source_tail_ratio' depends on axioms: [propext,
 Classical.choice,
 Quot.sound]
'SafeLearning.CompleteFoundationsMatrixNormModels.first_basis_attains_tail' depends on axioms: [propext,
 Classical.choice,
 Quot.sound]
'SafeLearning.CompleteFoundationsMatrixNormModels.eight_term_indices' depends on axioms: [propext,
 Classical.choice,
 Quot.sound]
'SafeLearning.CompleteFoundationsMatrixNormModels.small_matrix_infinity_norm' depends on axioms: [propext,
 Classical.choice,
 Quot.sound]
'SafeLearning.CompleteFoundationsMatrixNormModels.small_matrix_frobenius_norm' depends on axioms: [propext,
 Classical.choice,
 Quot.sound]
'SafeLearning.CompleteFoundationsMatrixSensitivity.actual_generic_inverse_differential' depends on axioms: [propext,
 Classical.choice,
 Quot.sound]
'SafeLearning.CompleteFoundationsMatrixSensitivity.actual_generic_inverse_direction' depends on axioms: [propext,
 Classical.choice,
 Quot.sound]
'SafeLearning.CompleteFoundationsMatrixSensitivity.actual_generic_identity_determinant_direction' depends on axioms: [propext,
 Classical.choice,
 Quot.sound]
'SafeLearning.CompleteFoundationsMatrixSensitivity.actual_generic_determinant_direction' depends on axioms: [propext,
 Classical.choice,
 Quot.sound]
'SafeLearning.CompleteFoundationsMatrixSensitivity.actual_generic_log_determinant_direction' depends on axioms: [propext,
 Classical.choice,
 Quot.sound]
'SafeLearning.CompleteFoundationsMatrixSensitivity.actual_source_path' depends on axioms: [propext,
 Classical.choice,
 Quot.sound]
'SafeLearning.CompleteFoundationsMatrixSensitivity.actual_source_determinant' depends on axioms: [propext,
 Classical.choice,
 Quot.sound]
'SafeLearning.CompleteFoundationsMatrixSensitivity.actual_source_inverse' depends on axioms: [propext,
 Classical.choice,
 Quot.sound]
'SafeLearning.CompleteFoundationsMatrixSensitivity.actual_source_invertible' depends on axioms: [propext,
 Classical.choice,
 Quot.sound]
'SafeLearning.CompleteFoundationsMatrixSensitivity.actual_source_log_trace' depends on axioms: [propext,
 Classical.choice,
 Quot.sound]
'SafeLearning.CompleteFoundationsMatrixSensitivity.actual_source_log_derivative' depends on axioms: [propext,
 Classical.choice,
 Quot.sound]
'SafeLearning.CompleteFoundationsMatrixSensitivity.actual_source_log_expansion_derivative' depends on axioms: [propext,
 Classical.choice,
 Quot.sound]
'SafeLearning.CompleteFoundationsMatrixSensitivity.actual_source_inverse_formula' depends on axioms: [propext,
 Classical.choice,
 Quot.sound]
'SafeLearning.CompleteFoundationsMatrixSensitivity.actual_source_inverse_derivative' depends on axioms: [propext,
 Classical.choice,
 Quot.sound]
'SafeLearning.CompleteFoundationsMatrixSensitivity.actual_source_positive_definite' depends on axioms: [propext,
 Classical.choice,
 Quot.sound]
'SafeLearning.CompleteFoundationsMatrixSensitivity.actual_source_positive_neighbourhood' depends on axioms: [propext,
 Classical.choice,
 Quot.sound]
'SafeLearning.CompleteFoundationsMatrixSensitivity.actual_source_inverse_is_not_entrywise_reciprocal' depends on axioms: [propext,
 Classical.choice,
 Quot.sound]
'SafeLearning.CompleteFoundationsMinimaConsequences.actual_exp_strict_positivity' depends on axioms: [propext,
 Classical.choice,
 Quot.sound]
'SafeLearning.CompleteFoundationsMinimaConsequences.actual_exp_halfline_infimum' depends on axioms: [propext,
 Classical.choice,
 Quot.sound]
'SafeLearning.CompleteFoundationsMinimaConsequences.actual_halfspace_cauchy_chain' depends on axioms: [propext,
 Classical.choice,
 Quot.sound]
'SafeLearning.CompleteFoundationsMinimaConsequences.actual_source_halfspace_attains' depends on axioms: [propext,
 Classical.choice,
 Quot.sound]
'SafeLearning.CompleteFoundationsMinimaConsequences.actual_linear_diagonal_escape' depends on axioms: [propext,
 Classical.choice,
 Quot.sound]
'SafeLearning.CompleteFoundationsMinimaConsequences.actual_below_one_sublevel_closed_bounded' depends on axioms: [propext,
 Classical.choice,
 Quot.sound]
'SafeLearning.CompleteFoundationsMinimaConsequences.actual_sublevel_function_limit_at_infinity' depends on axioms: [propext,
 Classical.choice,
 Quot.sound]
'SafeLearning.CompleteFoundationsMinimaModels.actual_compact_continuous_minimum' depends on axioms: [propext,
 Classical.choice,
 Quot.sound]
'SafeLearning.CompleteFoundationsMinimaModels.actual_closed_coercive_minimum' depends on axioms: [propext,
 Classical.choice,
 Quot.sound]
'SafeLearning.CompleteFoundationsMinimaModels.actual_exp_infimum_and_no_minimum' depends on axioms: [propext,
 Classical.choice,
 Quot.sound]
'SafeLearning.CompleteFoundationsMinimaModels.actual_interval_quadratic_derivative' depends on axioms: [propext,
 Classical.choice,
 Quot.sound]
'SafeLearning.CompleteFoundationsMinimaModels.actual_interval_quadratic_minimum' depends on axioms: [propext,
 Classical.choice,
 Quot.sound]
'SafeLearning.CompleteFoundationsMinimaModels.actual_norm_squared' depends on axioms: [propext,
 Classical.choice,
 Quot.sound]
'SafeLearning.CompleteFoundationsMinimaModels.actual_halfspace_closed_nonempty' depends on axioms: [propext,
 Classical.choice,
 Quot.sound]
'SafeLearning.CompleteFoundationsMinimaModels.actual_norm_squared_coercive' depends on axioms: [propext,
 Classical.choice,
 Quot.sound]
'SafeLearning.CompleteFoundationsMinimaModels.actual_halfspace_norm_unique_minimum' depends on axioms: [propext,
 Classical.choice,
 Quot.sound]
'SafeLearning.CompleteFoundationsMinimaModels.actual_linear_objective_unbounded' depends on axioms: [propext,
 Classical.choice,
 Quot.sound]
'SafeLearning.CompleteFoundationsMinimaModels.actual_sublevel_value_range' depends on axioms: [propext,
 Classical.choice,
 Quot.sound]
'SafeLearning.CompleteFoundationsMinimaModels.actual_sublevel_below_one' depends on axioms: [propext,
 Classical.choice,
 Quot.sound]
'SafeLearning.CompleteFoundationsMinimaModels.actual_sublevel_interval' depends on axioms: [propext,
 Classical.choice,
 Quot.sound]
'SafeLearning.CompleteFoundationsMinimaModels.actual_sublevel_negative_empty' depends on axioms: [propext,
 Classical.choice,
 Quot.sound]
'SafeLearning.CompleteFoundationsMinimaModels.actual_sublevel_at_least_one' depends on axioms: [propext,
 Classical.choice,
 Quot.sound]
'SafeLearning.CompleteFoundationsMinimaModels.actual_sublevel_compact_iff' depends on axioms: [propext,
 Classical.choice,
 Quot.sound]
'SafeLearning.CompleteFoundationsMinimaModels.actual_sublevel_function_limit' depends on axioms: [propext,
 Classical.choice,
 Quot.sound]
'SafeLearning.CompleteFoundationsModelErrors.error_envelope_step' depends on axioms: [propext,
 Classical.choice,
 Quot.sound]
'SafeLearning.CompleteFoundationsModelErrors.recurrence_envelope' depends on axioms: [propext,
 Classical.choice,
 Quot.sound]
'SafeLearning.CompleteFoundationsModelErrors.envelope_geometric_form' depends on axioms: [propext,
 Classical.choice,
 Quot.sound]
'SafeLearning.CompleteFoundationsModelErrors.envelope_unit_factor' depends on axioms: [propext,
 Classical.choice,
 Quot.sound]
'SafeLearning.CompleteFoundationsModelErrors.model_distance_recurrence' depends on axioms: [propext,
 Classical.choice,
 Quot.sound]
'SafeLearning.CompleteFoundationsModelErrors.model_distance_envelope' depends on axioms: [propext,
 Classical.choice,
 Quot.sound]
'SafeLearning.CompleteFoundationsModelErrors.affine_iterations' depends on axioms: [propext,
 Classical.choice,
 Quot.sound]
'SafeLearning.CompleteFoundationsModelErrors.zero_predictor_iterations' depends on axioms: [propext,
 Classical.choice,
 Quot.sound]
'SafeLearning.CompleteFoundationsModelErrors.nonnegative_error_envelope' depends on axioms: [propext,
 Classical.choice,
 Quot.sound]
'SafeLearning.CompleteFoundationsModelErrors.actual_affine_model_attains_bound' depends on axioms: [propext,
 Classical.choice,
 Quot.sound]
'SafeLearning.CompleteFoundationsModelErrors.affine_model_one_step_error' depends on axioms: [propext,
 Classical.choice,
 Quot.sound]
'SafeLearning.CompleteFoundationsModelErrors.affine_model_lipschitz' depends on axioms: [propext,
 Classical.choice,
 Quot.sound]
'SafeLearning.CompleteFoundationsModelErrors.exact_source_error_envelope' depends on axioms: [propext,
 Classical.choice,
 Quot.sound]
'SafeLearning.CompleteFoundationsModelErrors.source_error_numbers' depends on axioms: [propext,
 Classical.choice,
 Quot.sound]
'SafeLearning.CompleteFoundationsModelErrors.source_true_margin_bounds' depends on axioms: [propext,
 Classical.choice,
 Quot.sound]
'SafeLearning.CompleteFoundationsModelErrors.source_bounds_nonnegative' depends on axioms: [propext,
 Classical.choice,
 Quot.sound]
'SafeLearning.CompleteFoundationsModelErrors.source_teaching_ten_step_bound' depends on axioms: [propext,
 Classical.choice,
 Quot.sound]
'SafeLearning.CompleteFoundationsNormDuality.actual_l1_norm_is_sum_absolute_values' depends on axioms: [propext,
 Classical.choice,
 Quot.sound]
'SafeLearning.CompleteFoundationsNormDuality.actual_l2_norm_squared' depends on axioms: [propext,
 Classical.choice,
 Quot.sound]
'SafeLearning.CompleteFoundationsNormDuality.actual_euclidean_pairing_is_dot' depends on axioms: [propext,
 Classical.choice,
 Quot.sound]
'SafeLearning.CompleteFoundationsNormDuality.actual_sign_absolute_bound_and_dot' depends on axioms: [propext,
 Classical.choice,
 Quot.sound]
'SafeLearning.CompleteFoundationsNormDuality.actual_infinity_ball_holder' depends on axioms: [propext,
 Classical.choice,
 Quot.sound]
'SafeLearning.CompleteFoundationsNormDuality.actual_sign_vector_attains_infinity_ball' depends on axioms: [propext,
 Classical.choice,
 Quot.sound]
'SafeLearning.CompleteFoundationsNormDuality.actual_infinity_ball_support_maximum' depends on axioms: [propext,
 Classical.choice,
 Quot.sound]
'SafeLearning.CompleteFoundationsNormDuality.actual_one_ball_holder' depends on axioms: [propext,
 Classical.choice,
 Quot.sound]
'SafeLearning.CompleteFoundationsNormDuality.actual_largest_coordinate_attains_one_ball' depends on axioms: [propext,
 Classical.choice,
 Quot.sound]
'SafeLearning.CompleteFoundationsNormDuality.actual_one_ball_support_maximum' depends on axioms: [propext,
 Classical.choice,
 Quot.sound]
'SafeLearning.CompleteFoundationsNormDuality.actual_euclidean_ball_support_maximum' depends on axioms: [propext,
 Classical.choice,
 Quot.sound]
'SafeLearning.CompleteFoundationsNormDuality.actual_infinity_ball_in_euclidean_ball' depends on axioms: [propext,
 Classical.choice,
 Quot.sound]
'SafeLearning.CompleteFoundationsNormDuality.actual_largest_absolute_coordinate_exists' depends on axioms: [propext,
 Classical.choice,
 Quot.sound]
'SafeLearning.CompleteFoundationsNormDuality.actual_one_ball_support_maximum_without_supplied_coordinate' depends on axioms: [propext,
 Classical.choice,
 Quot.sound]
'SafeLearning.CompleteFoundationsNormDuality.actual_constant_vector_attains_dimension_conversion' depends on axioms: [propext,
 Classical.choice,
 Quot.sound]
'SafeLearning.CompleteFoundationsNormExercises.actual_infinity_norm_at_most_euclidean_norm' depends on axioms: [propext,
 Classical.choice,
 Quot.sound]
'SafeLearning.CompleteFoundationsNormExercises.actual_euclidean_norm_at_most_one_norm' depends on axioms: [propext,
 Classical.choice,
 Quot.sound]
'SafeLearning.CompleteFoundationsNormExercises.actual_one_norm_at_most_dimension_factor_euclidean_norm' depends on axioms: [propext,
 Classical.choice,
 Quot.sound]
'SafeLearning.CompleteFoundationsNormExercises.actual_source_three_norms' depends on axioms: [propext,
 Classical.choice,
 Quot.sound]
'SafeLearning.CompleteFoundationsNormExercises.actual_source_norm_comparisons_and_rounding' depends on axioms: [propext,
 Classical.choice,
 Quot.sound]
'SafeLearning.CompleteFoundationsNormExercises.actual_source_infinity_ball_maximum' depends on axioms: [propext,
 Classical.choice,
 Quot.sound]
'SafeLearning.CompleteFoundationsNormExercises.actual_source_infinity_maximizing_point' depends on axioms: [propext,
 Classical.choice,
 Quot.sound]
'SafeLearning.CompleteFoundationsNormExercises.actual_source_euclidean_ball_maximum' depends on axioms: [propext,
 Classical.choice,
 Quot.sound]
'SafeLearning.CompleteFoundationsNormExercises.actual_source_euclidean_maximizing_point' depends on axioms: [propext,
 Classical.choice,
 Quot.sound]
'SafeLearning.CompleteFoundationsNormExercises.actual_source_one_ball_maximum' depends on axioms: [propext,
 Classical.choice,
 Quot.sound]
'SafeLearning.CompleteFoundationsNormExercises.actual_source_both_one_norm_maximizing_points' depends on axioms: [propext,
 Classical.choice,
 Quot.sound]
'SafeLearning.CompleteFoundationsNormExercises.actual_pixel_dimension_square_root' depends on axioms: [propext,
 Classical.choice,
 Quot.sound]
'SafeLearning.CompleteFoundationsNormExercises.actual_source_pixel_ball_inclusion' depends on axioms: [propext,
 Classical.choice,
 Quot.sound]
'SafeLearning.CompleteFoundationsNormExercises.actual_source_classifier_radius_conversion' depends on axioms: [propext,
 Classical.choice,
 Quot.sound]
'SafeLearning.CompleteFoundationsNormExercises.actual_pixel_conversion_is_attained' depends on axioms: [propext,
 Classical.choice,
 Quot.sound]
'SafeLearning.CompleteFoundationsNormExercises.actual_source_pixel_radius_values_and_rounding' depends on axioms: [propext,
 Classical.choice,
 Quot.sound]
'SafeLearning.CompleteFoundationsNormMaterial.actual_one_norm_at_most_dimension_infinity_norm' depends on axioms: [propext,
 Classical.choice,
 Quot.sound]
'SafeLearning.CompleteFoundationsNormMaterial.actual_all_source_norm_comparisons' depends on axioms: [propext,
 Classical.choice,
 Quot.sound]
'SafeLearning.CompleteFoundationsNormMaterial.actual_unit_coordinate_has_three_norms_one' depends on axioms: [propext,
 Classical.choice,
 Quot.sound]
'SafeLearning.CompleteFoundationsNormMaterial.actual_ones_vector_sharp_right_factors' depends on axioms: [propext,
 Classical.choice,
 Quot.sound]
'SafeLearning.CompleteFoundationsNormMaterial.actual_stacked_euclidean_norm_squared' depends on axioms: [propext,
 Classical.choice,
 Quot.sound]
'SafeLearning.CompleteFoundationsNormMaterial.actual_stacked_one_norm' depends on axioms: [propext,
 Classical.choice,
 Quot.sound]
'SafeLearning.CompleteFoundationsNormMaterial.actual_stacked_infinity_norm' depends on axioms: [propext,
 Classical.choice,
 Quot.sound]
'SafeLearning.CompleteFoundationsNormMaterial.actual_triangle_squared_from_cauchy_schwarz' depends on axioms: [propext,
 Classical.choice,
 Quot.sound]
'SafeLearning.CompleteFoundationsNormMaterial.actual_unit_ball_nonzero_radial_maximizer' depends on axioms: [propext,
 Classical.choice,
 Quot.sound]
'SafeLearning.CompleteFoundationsNormMaterial.actual_shifted_ball_support_is_greatest' depends on axioms: [propext,
 Classical.choice,
 Quot.sound]
'SafeLearning.CompleteFoundationsNormMaterial.actual_zero_objective_every_feasible_point_maximizes' depends on axioms: [propext,
 Classical.choice,
 Quot.sound]
'SafeLearning.CompleteFoundationsNormMaterial.actual_reverse_triangle_from_triangle' depends on axioms: [propext,
 Classical.choice,
 Quot.sound]
'SafeLearning.CompleteFoundationsNormMaterial.actual_every_norm_is_one_lipschitz' depends on axioms: [propext,
 Classical.choice,
 Quot.sound]
'SafeLearning.CompleteFoundationsNormMaterial.actual_punctured_unit_ball_excludes_zero' depends on axioms: [propext,
 Classical.choice,
 Quot.sound]
'SafeLearning.CompleteFoundationsNormMaterial.actual_radial_denominator_nonzero_iff' depends on axioms: [propext,
 Classical.choice,
 Quot.sound]
'SafeLearning.CompleteFoundationsOptimization.quadratic_frechet_derivative' depends on axioms: [propext,
 Classical.choice,
 Quot.sound]
'SafeLearning.CompleteFoundationsOptimization.exp_quadratic_frechet_derivative' depends on axioms: [propext,
 Classical.choice,
 Quot.sound]
'SafeLearning.CompleteFoundationsOptimization.legacy_exp_frechet_derivative' depends on axioms: [propext,
 Classical.choice,
 Quot.sound]
'SafeLearning.CompleteFoundationsOptimization.least_squares_frechet_derivative' depends on axioms: [propext,
 Classical.choice,
 Quot.sound]
'SafeLearning.CompleteFoundationsOptimization.quadratic_hessian_partials' depends on axioms: [propext,
 Classical.choice,
 Quot.sound]
'SafeLearning.CompleteFoundationsOptimization.derivative_numerical_values' depends on axioms: [propext,
 Classical.choice,
 Quot.sound]
'SafeLearning.CompleteFoundationsOptimization.quadratic_vertical_remainder' depends on axioms: [propext,
 Classical.choice,
 Quot.sound]
'SafeLearning.CompleteFoundationsOptimization.parameter_quadratic_psd' depends on axioms: [propext,
 Classical.choice,
 Quot.sound]
'SafeLearning.CompleteFoundationsOptimization.parameter_quadratic_convex_iff' depends on axioms: [propext,
 Classical.choice,
 Quot.sound]
'SafeLearning.CompleteFoundationsOptimization.parameter_strict_curvature_iff' depends on axioms: [propext,
 Classical.choice,
 Quot.sound]
'SafeLearning.CompleteFoundationsOptimization.restricted_square_conjugate_supremum' depends on axioms: [propext,
 Classical.choice,
 Quot.sound]
'SafeLearning.CompleteFoundationsOptimization.translated_square_conjugate_supremum' depends on axioms: [propext,
 Classical.choice,
 Quot.sound]
'SafeLearning.CompleteFoundationsOptimization.constrained_scalar_unique' depends on axioms: [propext,
 Classical.choice,
 Quot.sound]
'SafeLearning.CompleteFoundationsOptimization.scalar_kkt_certificates' depends on axioms: [propext,
 Classical.choice,
 Quot.sound]
'SafeLearning.CompleteFoundationsOptimization.halfspace_unique_optimum' depends on axioms: [propext,
 Classical.choice,
 Quot.sound]
'SafeLearning.CompleteFoundationsOptimization.halfspace_kkt_certificate' depends on axioms: [propext,
 Classical.choice,
 Quot.sound]
'SafeLearning.CompleteFoundationsOptimization.penalty_unique_optimum' depends on axioms: [propext,
 Classical.choice,
 Quot.sound]
'SafeLearning.CompleteFoundationsOptimization.approximate_kkt_minimal_tolerance' depends on axioms: [propext,
 Classical.choice,
 Quot.sound]
'SafeLearning.CompleteFoundationsOptimization.qp_unique_optimum' depends on axioms: [propext,
 Classical.choice,
 Quot.sound]
'SafeLearning.CompleteFoundationsOptimization.finite_controller_margins' depends on axioms: [propext,
 Classical.choice,
 Quot.sound]
'SafeLearning.CompleteFoundationsParameterizedConvex.actual_norm_square' depends on axioms: [propext,
 Classical.choice,
 Quot.sound]
'SafeLearning.CompleteFoundationsParameterizedConvex.actual_hessian_coordinates' depends on axioms: [propext,
 Classical.choice,
 Quot.sound]
'SafeLearning.CompleteFoundationsParameterizedConvex.actual_gradient' depends on axioms: [propext,
 Classical.choice,
 Quot.sound]
'SafeLearning.CompleteFoundationsParameterizedConvex.actual_hessian' depends on axioms: [propext,
 Classical.choice,
 Quot.sound]
'SafeLearning.CompleteFoundationsParameterizedConvex.actual_full_hessian_eigenvalues' depends on axioms: [propext,
 Classical.choice,
 Quot.sound]
'SafeLearning.CompleteFoundationsParameterizedConvex.actual_convex_iff' depends on axioms: [propext,
 Classical.choice,
 Quot.sound]
'SafeLearning.CompleteFoundationsParameterizedConvex.actual_sharp_lower_curvature' depends on axioms: [propext,
 Classical.choice,
 Quot.sound]
'SafeLearning.CompleteFoundationsParameterizedConvex.actual_strong_convex_constant' depends on axioms: [propext,
 Classical.choice,
 Quot.sound]
'SafeLearning.CompleteFoundationsParameterizedConvex.actual_strong_convex_iff' depends on axioms: [propext,
 Classical.choice,
 Quot.sound]
'SafeLearning.CompleteFoundationsParameterizedConvex.actual_boundary_flat_directions' depends on axioms: [propext,
 Classical.choice,
 Quot.sound]
'SafeLearning.CompleteFoundationsParameterizedConvex.actual_abs_all_subgradients' depends on axioms: [propext,
 Classical.choice,
 Quot.sound]
'SafeLearning.CompleteFoundationsParameterizedConvex.actual_zero_subgradient_and_global_minimum' depends on axioms: [propext,
 Classical.choice,
 Quot.sound]
'SafeLearning.CompleteFoundationsParameterizedConvex.actual_abs_no_derivative_at_zero' depends on axioms: [propext,
 Classical.choice,
 Quot.sound]
'SafeLearning.CompleteFoundationsParameterizedConvexConsequences.actual_smallest_eigenvalue_identity' depends on axioms: [propext,
 Classical.choice,
 Quot.sound]
'SafeLearning.CompleteFoundationsParameterizedConvexConsequences.actual_smallest_root_is_attained_and_lower' depends on axioms: [propext,
 Classical.choice,
 Quot.sound]
'SafeLearning.CompleteFoundationsParameterizedConvexConsequences.actual_both_boundary_objectives_are_full_squares' depends on axioms: [propext,
 Classical.choice,
 Quot.sound]
'SafeLearning.CompleteFoundationsParameterizedConvexConsequences.actual_both_boundaries_fail_positive_strong_convexity' depends on axioms: [propext,
 Classical.choice,
 Quot.sound]
'SafeLearning.CompleteFoundationsParsevalModels.actual_frobenius_squared' depends on axioms: [propext,
 Classical.choice,
 Quot.sound]
'SafeLearning.CompleteFoundationsParsevalModels.actual_error_entries' depends on axioms: [propext,
 Classical.choice,
 Quot.sound]
'SafeLearning.CompleteFoundationsParsevalModels.actual_objective_expansion' depends on axioms: [propext,
 Classical.choice,
 Quot.sound]
'SafeLearning.CompleteFoundationsParsevalModels.actual_error_is_symmetric' depends on axioms: [propext,
 Classical.choice,
 Quot.sound]
'SafeLearning.CompleteFoundationsParsevalModels.actual_entry_differential' depends on axioms: [propext,
 Classical.choice,
 Quot.sound]
'SafeLearning.CompleteFoundationsParsevalModels.actual_symmetric_trace_identity' depends on axioms: [propext,
 Classical.choice,
 Quot.sound]
'SafeLearning.CompleteFoundationsParsevalModels.actual_inner_coordinates' depends on axioms: [propext,
 Classical.choice,
 Quot.sound]
'SafeLearning.CompleteFoundationsParsevalModels.actual_parseval_gradient' depends on axioms: [propext,
 Classical.choice,
 Quot.sound]
'SafeLearning.CompleteFoundationsParsevalModels.actual_gradient_matrix' depends on axioms: [propext,
 Classical.choice,
 Quot.sound]
'SafeLearning.CompleteFoundationsParsevalModels.actual_source_data' depends on axioms: [propext,
 Classical.choice,
 Quot.sound]
'SafeLearning.CompleteFoundationsParsevalModels.actual_source_gradient_step' depends on axioms: [propext,
 Classical.choice,
 Quot.sound]
'SafeLearning.CompleteFoundationsParsevalModels.actual_source_step_decreases' depends on axioms: [propext,
 Classical.choice,
 Quot.sound]
'SafeLearning.CompleteFoundationsParsevalTrace.actual_trace_pair_coordinates' depends on axioms: [propext,
 Classical.choice,
 Quot.sound]
'SafeLearning.CompleteFoundationsParsevalTrace.actual_trace_pair_is_hilbert_inner' depends on axioms: [propext,
 Classical.choice,
 Quot.sound]
'SafeLearning.CompleteFoundationsParsevalTrace.actual_symmetric_source_trace_equalities' depends on axioms: [propext,
 Classical.choice,
 Quot.sound]
'SafeLearning.CompleteFoundationsParsevalTrace.actual_symmetric_trace_pair_is_inner' depends on axioms: [propext,
 Classical.choice,
 Quot.sound]
'SafeLearning.CompleteFoundationsParsevalTrace.actual_parseval_differential_is_source_inner' depends on axioms: [propext,
 Classical.choice,
 Quot.sound]
'SafeLearning.CompleteFoundationsParsevalTrace.actual_error_along_matrix_direction' depends on axioms: [propext,
 Classical.choice,
 Quot.sound]
'SafeLearning.CompleteFoundationsParsevalTrace.actual_error_matrix_directional_differential' depends on axioms: [propext,
 Classical.choice,
 Quot.sound]
'SafeLearning.CompleteFoundationsParsevalTrace.actual_parseval_directional_trace_derivative' depends on axioms: [propext,
 Classical.choice,
 Quot.sound]
'SafeLearning.CompleteFoundationsParsevalTrace.actual_squared_frobenius_directional_trace_derivative' depends on axioms: [propext,
 Classical.choice,
 Quot.sound]
'SafeLearning.CompleteFoundationsParsevalTrace.actual_parseval_finite_differences_converge' depends on axioms: [propext,
 Classical.choice,
 Quot.sound]
'SafeLearning.CompleteFoundationsParsevalTrace.actual_source_gram_matrix' depends on axioms: [propext,
 Classical.choice,
 Quot.sound]
'SafeLearning.CompleteFoundationsPenaltyModels.actual_objective_derivative' depends on axioms: [propext,
 Classical.choice,
 Quot.sound]
'SafeLearning.CompleteFoundationsPenaltyModels.actual_constraint_derivative' depends on axioms: [propext,
 Classical.choice,
 Quot.sound]
'SafeLearning.CompleteFoundationsPenaltyModels.actual_penalty_branch_formulas' depends on axioms: [propext,
 Classical.choice,
 Quot.sound]
'SafeLearning.CompleteFoundationsPenaltyModels.actual_right_polynomial_derivative' depends on axioms: [propext,
 Classical.choice,
 Quot.sound]
'SafeLearning.CompleteFoundationsPenaltyModels.actual_penalty_derivative_below_one' depends on axioms: [propext,
 Classical.choice,
 Quot.sound]
'SafeLearning.CompleteFoundationsPenaltyModels.actual_penalty_derivative_above_one' depends on axioms: [propext,
 Classical.choice,
 Quot.sound]
'SafeLearning.CompleteFoundationsPenaltyModels.actual_right_polynomial_curvature' depends on axioms: [propext,
 Classical.choice,
 Quot.sound]
'SafeLearning.CompleteFoundationsPenaltyModels.actual_objective_decreases_to_branch_endpoint' depends on axioms: [propext,
 Classical.choice,
 Quot.sound]
'SafeLearning.CompleteFoundationsPenaltyModels.actual_penalty_candidate_violation' depends on axioms: [propext,
 Classical.choice,
 Quot.sound]
'SafeLearning.CompleteFoundationsPenaltyModels.actual_right_branch_completed_square' depends on axioms: [propext,
 Classical.choice,
 Quot.sound]
'SafeLearning.CompleteFoundationsPenaltyModels.actual_penalty_generic_unique_global_optimum' depends on axioms: [propext,
 Classical.choice,
 Quot.sound]
'SafeLearning.CompleteFoundationsPenaltyModels.actual_practice_penalty_derivative_and_curvature' depends on axioms: [propext,
 Classical.choice,
 Quot.sound]
'SafeLearning.CompleteFoundationsPenaltyModels.actual_penalty_second_derivative_above_one' depends on axioms: [propext,
 Classical.choice,
 Quot.sound]
'SafeLearning.CompleteFoundationsPenaltyModels.actual_candidate_true_stationarity' depends on axioms: [propext,
 Classical.choice,
 Quot.sound]
'SafeLearning.CompleteFoundationsPenaltyModels.actual_practice_penalty_values_and_infeasibility' depends on axioms: [propext,
 Classical.choice,
 Quot.sound]
'SafeLearning.CompleteFoundationsPenaltyModels.actual_gradients_and_stationarity_residual' depends on axioms: [propext,
 Classical.choice,
 Quot.sound]
'SafeLearning.CompleteFoundationsPenaltyModels.actual_practice_approximate_kkt_numbers' depends on axioms: [propext,
 Classical.choice,
 Quot.sound]
'SafeLearning.CompleteFoundationsPenaltyModels.actual_practice_minimal_epsilon' depends on axioms: [propext,
 Classical.choice,
 Quot.sound]
'SafeLearning.CompleteFoundationsPenaltyModels.actual_practice_not_exact_kkt_despite_zero_stationarity' depends on axioms: [propext,
 Classical.choice,
 Quot.sound]
'SafeLearning.CompleteFoundationsPolygonLP.actual_compact_linear_maximum_at_extreme_point' depends on axioms: [propext,
 Classical.choice,
 Quot.sound]
'SafeLearning.CompleteFoundationsPolygonLP.actual_compact_linear_minimum_at_extreme_point' depends on axioms: [propext,
 Classical.choice,
 Quot.sound]
'SafeLearning.CompleteFoundationsPolygonLP.actual_polygon_nonempty' depends on axioms: [propext,
 Classical.choice,
 Quot.sound]
'SafeLearning.CompleteFoundationsPolygonLP.actual_polygon_closed' depends on axioms: [propext,
 Classical.choice,
 Quot.sound]
'SafeLearning.CompleteFoundationsPolygonLP.actual_polygon_in_closed_box' depends on axioms: [propext,
 Classical.choice,
 Quot.sound]
'SafeLearning.CompleteFoundationsPolygonLP.actual_polygon_compact' depends on axioms: [propext,
 Classical.choice,
 Quot.sound]
'SafeLearning.CompleteFoundationsPolygonLP.actual_polygon_bounded' depends on axioms: [propext,
 Classical.choice,
 Quot.sound]
'SafeLearning.CompleteFoundationsPolygonLP.actual_polygon_convex' depends on axioms: [propext,
 Classical.choice,
 Quot.sound]
'SafeLearning.CompleteFoundationsPolygonLP.actual_positive_weight_zero_sum' depends on axioms: [propext,
 Classical.choice,
 Quot.sound]
'SafeLearning.CompleteFoundationsPolygonLP.actual_vertex_0_is_extreme' depends on axioms: [propext,
 Classical.choice,
 Quot.sound]
'SafeLearning.CompleteFoundationsPolygonLP.actual_vertex_1_is_extreme' depends on axioms: [propext,
 Classical.choice,
 Quot.sound]
'SafeLearning.CompleteFoundationsPolygonLP.actual_vertex_2_is_extreme' depends on axioms: [propext,
 Classical.choice,
 Quot.sound]
'SafeLearning.CompleteFoundationsPolygonLP.actual_vertex_3_is_extreme' depends on axioms: [propext,
 Classical.choice,
 Quot.sound]
'SafeLearning.CompleteFoundationsPolygonLP.actual_three_positive_gaps_have_radius' depends on axioms: [propext,
 Classical.choice,
 Quot.sound]
'SafeLearning.CompleteFoundationsPolygonLP.actual_unlisted_point_has_two_sided_feasible_perturbation' depends on axioms: [propext,
 Classical.choice,
 Quot.sound]
'SafeLearning.CompleteFoundationsPolygonLP.actual_polygon_vertices_iff' depends on axioms: [propext,
 Classical.choice,
 Quot.sound]
'SafeLearning.CompleteFoundationsPolygonLP.actual_disallowed_corner' depends on axioms: [propext,
 Classical.choice,
 Quot.sound]
'SafeLearning.CompleteFoundationsPolygonLP.actual_source_vertex_objective_values' depends on axioms: [propext,
 Classical.choice,
 Quot.sound]
'SafeLearning.CompleteFoundationsPolygonLP.actual_whole_set_bound_and_unique_equality' depends on axioms: [propext,
 Classical.choice,
 Quot.sound]
'SafeLearning.CompleteFoundationsPolygonLP.actual_unique_global_maximum' depends on axioms: [propext,
 Classical.choice,
 Quot.sound]
'SafeLearning.CompleteFoundationsPowerDegeneracy.actual_action_coordinate' depends on axioms: [propext,
 Classical.choice,
 Quot.sound]
'SafeLearning.CompleteFoundationsPowerDegeneracy.actual_repeated_gram' depends on axioms: [propext,
 Classical.choice,
 Quot.sound]
'SafeLearning.CompleteFoundationsPowerDegeneracy.actual_axis_unit' depends on axioms: [propext,
 Classical.choice,
 Quot.sound]
'SafeLearning.CompleteFoundationsPowerDegeneracy.actual_repeated_top_directions' depends on axioms: [propext,
 Classical.choice,
 Quot.sound]
'SafeLearning.CompleteFoundationsPowerDegeneracy.actual_repeated_spectral_norm' depends on axioms: [propext,
 Classical.choice,
 Quot.sound]
'SafeLearning.CompleteFoundationsPowerDegeneracy.actual_lower_axis_and_gram_action' depends on axioms: [propext,
 Classical.choice,
 Quot.sound]
'SafeLearning.CompleteFoundationsPowerDegeneracy.actual_power_step_fixed' depends on axioms: [propext,
 Classical.choice,
 Quot.sound]
'SafeLearning.CompleteFoundationsPowerDegeneracy.actual_all_iterates_and_estimates' depends on axioms: [propext,
 Classical.choice,
 Quot.sound]
'SafeLearning.CompleteFoundationsPowerDegeneracy.actual_initial_dominant_projection_zero' depends on axioms: [propext,
 Classical.choice,
 Quot.sound]
'SafeLearning.CompleteFoundationsPowerDegeneracy.actual_estimates_do_not_reach_top' depends on axioms: [propext,
 Classical.choice,
 Quot.sound]
'SafeLearning.CompleteFoundationsPowerNormalization.actual_matrix_action_squared_bound' depends on axioms: [propext,
 Classical.choice,
 Quot.sound]
'SafeLearning.CompleteFoundationsPowerNormalization.actual_spectral_le_frobenius' depends on axioms: [propext,
 Classical.choice,
 Quot.sound]
'SafeLearning.CompleteFoundationsPowerNormalization.actual_frobenius_length_is_norm' depends on axioms: [propext,
 Classical.choice,
 Quot.sound]
'SafeLearning.CompleteFoundationsPowerNormalization.actual_unit_direction_estimate_is_lower_bound' depends on axioms: [propext,
 Classical.choice,
 Quot.sound]
'SafeLearning.CompleteFoundationsPowerNormalization.actual_upper_bound_normalizes' depends on axioms: [propext,
 Classical.choice,
 Quot.sound]
'SafeLearning.CompleteFoundationsPowerNormalization.actual_source_spectral_norm' depends on axioms: [propext,
 Classical.choice,
 Quot.sound]
'SafeLearning.CompleteFoundationsPowerNormalization.actual_source_gram' depends on axioms: [propext,
 Classical.choice,
 Quot.sound]
'SafeLearning.CompleteFoundationsPowerNormalization.actual_x_zero_unit' depends on axioms: [propext,
 Classical.choice,
 Quot.sound]
'SafeLearning.CompleteFoundationsPowerNormalization.actual_initial_action' depends on axioms: [propext,
 Classical.choice,
 Quot.sound]
'SafeLearning.CompleteFoundationsPowerNormalization.actual_initial_estimate' depends on axioms: [propext,
 Classical.choice,
 Quot.sound]
'SafeLearning.CompleteFoundationsPowerNormalization.actual_gram_action' depends on axioms: [propext,
 Classical.choice,
 Quot.sound]
'SafeLearning.CompleteFoundationsPowerNormalization.actual_gram_action_norm' depends on axioms: [propext,
 Classical.choice,
 Quot.sound]
'SafeLearning.CompleteFoundationsPowerNormalization.actual_power_iterate' depends on axioms: [propext,
 Classical.choice,
 Quot.sound]
'SafeLearning.CompleteFoundationsPowerNormalization.actual_x_one_unit' depends on axioms: [propext,
 Classical.choice,
 Quot.sound]
'SafeLearning.CompleteFoundationsPowerNormalization.actual_next_action' depends on axioms: [propext,
 Classical.choice,
 Quot.sound]
'SafeLearning.CompleteFoundationsPowerNormalization.actual_next_estimate' depends on axioms: [propext,
 Classical.choice,
 Quot.sound]
'SafeLearning.CompleteFoundationsPowerNormalization.actual_improvement_below_true_norm' depends on axioms: [propext,
 Classical.choice,
 Quot.sound]
'SafeLearning.CompleteFoundationsPowerNormalization.actual_failed_normalization' depends on axioms: [propext,
 Classical.choice,
 Quot.sound]
'SafeLearning.CompleteFoundationsPowerNormalization.actual_source_frobenius' depends on axioms: [propext,
 Classical.choice,
 Quot.sound]
'SafeLearning.CompleteFoundationsPowerNormalization.actual_guaranteed_normalizations' depends on axioms: [propext,
 Classical.choice,
 Quot.sound]
'SafeLearning.CompleteFoundationsPowerNormalization.actual_printed_decimal_enclosures' depends on axioms: [propext,
 Classical.choice,
 Quot.sound]
'SafeLearning.CompleteFoundationsPseudoinverse.actual_moore_penrose_identities' depends on axioms: [propext,
 Classical.choice,
 Quot.sound]
'SafeLearning.CompleteFoundationsPseudoinverse.actual_moore_penrose_unique' depends on axioms: [propext,
 Classical.choice,
 Quot.sound]
'SafeLearning.CompleteFoundationsPseudoinverse.actual_row_gram' depends on axioms: [propext,
 Classical.choice,
 Quot.sound]
'SafeLearning.CompleteFoundationsPseudoinverse.actual_row_pseudoinverse_formula' depends on axioms: [propext,
 Classical.choice,
 Quot.sound]
'SafeLearning.CompleteFoundationsPseudoinverse.actual_solution_from_pseudoinverse' depends on axioms: [propext,
 Classical.choice,
 Quot.sound]
'SafeLearning.CompleteFoundationsPseudoinverse.actual_equation_iff' depends on axioms: [propext,
 Classical.choice,
 Quot.sound]
'SafeLearning.CompleteFoundationsPseudoinverse.actual_null_direction' depends on axioms: [propext,
 Classical.choice,
 Quot.sound]
'SafeLearning.CompleteFoundationsPseudoinverse.solution_coordinates' depends on axioms: [propext,
 Classical.choice,
 Quot.sound]
'SafeLearning.CompleteFoundationsPseudoinverse.actual_all_solutions' depends on axioms: [propext,
 Classical.choice,
 Quot.sound]
'SafeLearning.CompleteFoundationsPseudoinverse.actual_orthogonality' depends on axioms: [propext,
 Classical.choice,
 Quot.sound]
'SafeLearning.CompleteFoundationsPseudoinverse.actual_squared_norms' depends on axioms: [propext,
 Classical.choice,
 Quot.sound]
'SafeLearning.CompleteFoundationsPseudoinverse.actual_unique_minimum_norm' depends on axioms: [propext,
 Classical.choice,
 Quot.sound]
'SafeLearning.CompleteFoundationsPseudoinverse.actual_parameter_injective' depends on axioms: [propext,
 Classical.choice,
 Quot.sound]
'SafeLearning.CompleteFoundationsPseudoinverse.actual_infinitely_many_solutions' depends on axioms: [propext,
 Classical.choice,
 Quot.sound]
'SafeLearning.CompleteFoundationsPseudoinverse.nonzero_row_squared_length_positive' depends on axioms: [propext,
 Classical.choice,
 Quot.sound]
'SafeLearning.CompleteFoundationsPseudoinverse.actual_nonzero_row_right_inverse' depends on axioms: [propext,
 Classical.choice,
 Quot.sound]
'SafeLearning.CompleteFoundationsPseudoinverse.actual_nonzero_row_pseudoinverse' depends on axioms: [propext,
 Classical.choice,
 Quot.sound]
'SafeLearning.CompleteFoundationsPseudoinverse.actual_general_row_formula' depends on axioms: [propext,
 Classical.choice,
 Quot.sound]
'SafeLearning.CompleteFoundationsQuadraticExercises.actual_scalar_derivative' depends on axioms: [propext,
 Classical.choice,
 Quot.sound]
'SafeLearning.CompleteFoundationsQuadraticExercises.actual_scalar_second_derivative' depends on axioms: [propext,
 Classical.choice,
 Quot.sound]
'SafeLearning.CompleteFoundationsQuadraticExercises.scalar_gradient_smooth' depends on axioms: [propext,
 Classical.choice,
 Quot.sound]
'SafeLearning.CompleteFoundationsQuadraticExercises.gradient_closed_form' depends on axioms: [propext,
 Classical.choice,
 Quot.sound]
'SafeLearning.CompleteFoundationsQuadraticExercises.gradient_recurrence' depends on axioms: [propext,
 Classical.choice,
 Quot.sound]
'SafeLearning.CompleteFoundationsQuadraticExercises.source_initial_iterates' depends on axioms: [propext,
 Classical.choice,
 Quot.sound]
'SafeLearning.CompleteFoundationsQuadraticExercises.source_alternating_signs' depends on axioms: [propext,
 Classical.choice,
 Quot.sound]
'SafeLearning.CompleteFoundationsQuadraticExercises.source_magnitude_strictly_decreases' depends on axioms: [propext,
 Classical.choice,
 Quot.sound]
'SafeLearning.CompleteFoundationsQuadraticExercises.source_coordinate_not_monotone' depends on axioms: [propext,
 Classical.choice,
 Quot.sound]
'SafeLearning.CompleteFoundationsQuadraticExercises.quarter_step_reaches_minimum' depends on axioms: [propext,
 Classical.choice,
 Quot.sound]
'SafeLearning.CompleteFoundationsQuadraticExercises.scalar_unique_global_minimum' depends on axioms: [propext,
 Classical.choice,
 Quot.sound]
'SafeLearning.CompleteFoundationsQuadraticExercises.half_step_forever_alternates' depends on axioms: [propext,
 Classical.choice,
 Quot.sound]
'SafeLearning.CompleteFoundationsQuadraticExercises.half_step_has_no_limit' depends on axioms: [propext,
 Classical.choice,
 Quot.sound]
'SafeLearning.CompleteFoundationsQuadraticExercises.generic_oversized_gradient_diverges' depends on axioms: [propext,
 Classical.choice,
 Quot.sound]
'SafeLearning.CompleteFoundationsQuadraticExercises.source_large_step_diverges' depends on axioms: [propext,
 Classical.choice,
 Quot.sound]
'SafeLearning.CompleteFoundationsQuadraticExercises.source_objective_decreases' depends on axioms: [propext,
 Classical.choice,
 Quot.sound]
'SafeLearning.CompleteFoundationsQuadraticForms.real_quadratic_double_sum' depends on axioms: [propext,
 Classical.choice,
 Quot.sound]
'SafeLearning.CompleteFoundationsQuadraticForms.real_quadratic_transpose' depends on axioms: [propext,
 Classical.choice,
 Quot.sound]
'SafeLearning.CompleteFoundationsQuadraticForms.real_quadratic_only_symmetric_part' depends on axioms: [propext,
 Classical.choice,
 Quot.sound]
'SafeLearning.CompleteFoundationsQuadraticForms.symmetric_part_is_symmetric' depends on axioms: [propext,
 Classical.choice,
 Quot.sound]
'SafeLearning.CompleteFoundationsQuadraticForms.plane_actual_form' depends on axioms: [propext,
 Classical.choice,
 Quot.sound]
'SafeLearning.CompleteFoundationsQuadraticForms.plane_completed_square' depends on axioms: [propext,
 Classical.choice,
 Quot.sound]
'SafeLearning.CompleteFoundationsQuadraticForms.plane_actual_determinant' depends on axioms: [propext,
 Classical.choice,
 Quot.sound]
'SafeLearning.CompleteFoundationsQuadraticForms.plane_pd_criterion' depends on axioms: [propext,
 Classical.choice,
 Quot.sound]
'SafeLearning.CompleteFoundationsQuadraticForms.plane_pd_iff_positive_pivot_and_determinant' depends on axioms: [propext,
 Classical.choice,
 Quot.sound]
'SafeLearning.CompleteFoundationsQuadraticForms.all_real_symmetric_plane_matrices' depends on axioms: [propext,
 Classical.choice,
 Quot.sound]
'SafeLearning.CompleteFoundationsQuadraticForms.generic_symmetric_plane_criterion' depends on axioms: [propext,
 Classical.choice,
 Quot.sound]
'SafeLearning.CompleteFoundationsQuadraticForms.real_psd_definition' depends on axioms: [propext,
 Classical.choice,
 Quot.sound]
'SafeLearning.CompleteFoundationsQuadraticForms.real_pd_definition' depends on axioms: [propext,
 Classical.choice,
 Quot.sound]
'SafeLearning.CompleteFoundationsQuadraticForms.real_negative_semidefinite_definition' depends on axioms: [propext,
 Classical.choice,
 Quot.sound]
'SafeLearning.CompleteFoundationsQuadraticForms.real_negative_definite_definition' depends on axioms: [propext,
 Classical.choice,
 Quot.sound]
'SafeLearning.CompleteFoundationsQuadraticForms.real_indefinite_iff_both_signs' depends on axioms: [propext,
 Classical.choice,
 Quot.sound]
'SafeLearning.CompleteFoundationsQuadraticForms.real_diagonal_psd_iff' depends on axioms: [propext,
 Classical.choice,
 Quot.sound]
'SafeLearning.CompleteFoundationsRates.polynomial_explicit_growth' depends on axioms: [propext,
 Classical.choice,
 Quot.sound]
'SafeLearning.CompleteFoundationsRates.polynomial_bigO_with_six' depends on axioms: [propext,
 Classical.choice,
 Quot.sound]
'SafeLearning.CompleteFoundationsRates.polynomial_reciprocal_bigO_with_half' depends on axioms: [propext,
 Classical.choice,
 Quot.sound]
'SafeLearning.CompleteFoundationsRates.polynomial_theta' depends on axioms: [propext, Classical.choice, Quot.sound]
'SafeLearning.CompleteFoundationsRates.polynomial_exact_ratio_limit' depends on axioms: [propext,
 Classical.choice,
 Quot.sound]
'SafeLearning.CompleteFoundationsRates.polynomial_not_littleO' depends on axioms: [propext,
 Classical.choice,
 Quot.sound]
'SafeLearning.CompleteFoundationsRates.cost_comparison_under_models' depends on axioms: [propext,
 Classical.choice,
 Quot.sound]
'SafeLearning.CompleteFoundationsRatesConsequences.actual_cumulative_bound_implies_average_bound' depends on axioms: [propext,
 Classical.choice,
 Quot.sound]
'SafeLearning.CompleteFoundationsRatesConsequences.actual_nonnegative_source_average_regret_tends_to_zero' depends on axioms: [propext,
 Classical.choice,
 Quot.sound]
'SafeLearning.CompleteFoundationsRatesConsequences.actual_source_regret_is_little_o' depends on axioms: [propext,
 Classical.choice,
 Quot.sound]
'SafeLearning.CompleteFoundationsRatesConsequences.actual_fixed_budget_decimals_are_strict_approximations' depends on axioms: [propext,
 Classical.choice,
 Quot.sound]
'SafeLearning.CompleteFoundationsRatesConsequences.actual_both_printed_decimals_are_not_equal' depends on axioms: [propext,
 Classical.choice,
 Quot.sound]
'SafeLearning.CompleteFoundationsRatesConsequences.actual_one_sided_source_bound_without_nonnegativity' depends on axioms: [propext,
 Classical.choice,
 Quot.sound]
'SafeLearning.CompleteFoundationsRatesConsequences.actual_one_sided_bound_alone_does_not_imply_zero_average' depends on axioms: [propext,
 Classical.choice,
 Quot.sound]
'SafeLearning.CompleteFoundationsRatesCosts.actual_log_cube_vs_sqrt' depends on axioms: [propext,
 Classical.choice,
 Quot.sound]
'SafeLearning.CompleteFoundationsRatesCosts.actual_sqrt_vs_two_thirds_ratio' depends on axioms: [propext,
 Classical.choice,
 Quot.sound]
'SafeLearning.CompleteFoundationsRatesCosts.actual_two_thirds_vs_t_over_log_ratio' depends on axioms: [propext,
 Classical.choice,
 Quot.sound]
'SafeLearning.CompleteFoundationsRatesCosts.actual_average_bound_limit' depends on axioms: [propext,
 Classical.choice,
 Quot.sound]
'SafeLearning.CompleteFoundationsRatesCosts.actual_average_bound_derivative' depends on axioms: [propext,
 Classical.choice,
 Quot.sound]
'SafeLearning.CompleteFoundationsRatesCosts.actual_average_bound_decreasing_after_exp_two' depends on axioms: [propext,
 Classical.choice,
 Quot.sound]
'SafeLearning.CompleteFoundationsRatesCosts.actual_log_quarter_million' depends on axioms: [propext,
 Classical.choice,
 Quot.sound]
'SafeLearning.CompleteFoundationsRatesCosts.actual_threshold_neighbor_log_bounds' depends on axioms: [propext,
 Classical.choice,
 Quot.sound]
'SafeLearning.CompleteFoundationsRatesCosts.actual_threshold_neighbors' depends on axioms: [propext,
 Classical.choice,
 Quot.sound]
'SafeLearning.CompleteFoundationsRatesCosts.actual_first_permanent_integer_budget' depends on axioms: [propext,
 Classical.choice,
 Quot.sound]
'SafeLearning.CompleteFoundationsRatesCosts.actual_log_fixed_budgets' depends on axioms: [propext,
 Classical.choice,
 Quot.sound]
'SafeLearning.CompleteFoundationsRatesCosts.actual_average_fixed_budget_roundings' depends on axioms: [propext,
 Classical.choice,
 Quot.sound]
'SafeLearning.CompleteFoundationsRatesCosts.actual_cubic_runtime_scaling' depends on axioms: [propext,
 Classical.choice,
 Quot.sound]
'SafeLearning.CompleteFoundationsRatesCosts.actual_cubic_cost_estimate' depends on axioms: [propext,
 Classical.choice,
 Quot.sound]
'SafeLearning.CompleteFoundationsRatesCosts.actual_grid_counts' depends on axioms: [propext,
 Classical.choice,
 Quot.sound]
'SafeLearning.CompleteFoundationsRatesCosts.actual_grid_type_cardinalities' depends on axioms: [propext,
 Classical.choice,
 Quot.sound]
'SafeLearning.CompleteFoundationsRatesDomain.actual_source_regret_is_little_o_without_initial_premise' depends on axioms: [propext,
 Classical.choice,
 Quot.sound]
'SafeLearning.CompleteFoundationsRatesDomain.actual_global_maximizer_comparator_gives_nonnegative_regret' depends on axioms: [propext,
 Classical.choice,
 Quot.sound]
'SafeLearning.CompleteFoundationsRatesDomain.actual_best_query_regret_le_average' depends on axioms: [propext,
 Classical.choice,
 Quot.sound]
'SafeLearning.CompleteFoundationsReachabilityJump.actual_threshold_first_three' depends on axioms: [propext,
 Classical.choice,
 Quot.sound]
'SafeLearning.CompleteFoundationsReachabilityJump.actual_gateway_reachable_at_threshold' depends on axioms: [propext,
 Classical.choice,
 Quot.sound]
'SafeLearning.CompleteFoundationsReachabilityJump.actual_right_neighborhood_fixed_set' depends on axioms: [propext,
 Classical.choice,
 Quot.sound]
'SafeLearning.CompleteFoundationsReachabilityJump.actual_all_time_right_neighborhood_invariant' depends on axioms: [propext,
 Classical.choice,
 Quot.sound]
'SafeLearning.CompleteFoundationsReachabilityJump.actual_gateway_lost_to_right' depends on axioms: [propext,
 Classical.choice,
 Quot.sound]
'SafeLearning.CompleteFoundationsReachabilityJump.actual_nearby_errors' depends on axioms: [propext,
 Classical.choice,
 Quot.sound]
'SafeLearning.CompleteFoundationsReachabilityJump.actual_nearby_error_limit' depends on axioms: [propext,
 Classical.choice,
 Quot.sound]
'SafeLearning.CompleteFoundationsReachabilityJump.actual_gateway_jump_values' depends on axioms: [propext,
 Classical.choice,
 Quot.sound]
'SafeLearning.CompleteFoundationsReachabilityJump.actual_reachability_indicator_is_discontinuous' depends on axioms: [propext,
 Classical.choice,
 Quot.sound]
'SafeLearning.CompleteFoundationsRegretRates.actual_logarithmic_average_limit' depends on axioms: [propext,
 Classical.choice,
 Quot.sound]
'SafeLearning.CompleteFoundationsRegretRates.actual_cumulative_bound_implies_average_bound' depends on axioms: [propext,
 Classical.choice,
 Quot.sound]
'SafeLearning.CompleteFoundationsRegretRates.actual_source_average_regret_tends_to_zero' depends on axioms: [propext,
 Classical.choice,
 Quot.sound]
'SafeLearning.CompleteFoundationsRegretRates.actual_log_ten_thousand_rounding' depends on axioms: [propext,
 Classical.choice,
 Quot.sound]
'SafeLearning.CompleteFoundationsRegretRates.actual_finite_budget_upper_bound' depends on axioms: [propext,
 Classical.choice,
 Quot.sound]
'SafeLearning.CompleteFoundationsRegretRates.actual_sqrt_rate_little_o' depends on axioms: [propext,
 Classical.choice,
 Quot.sound]
'SafeLearning.CompleteFoundationsRegretRates.actual_sqrt_product_and_ratio' depends on axioms: [propext,
 Classical.choice,
 Quot.sound]
'SafeLearning.CompleteFoundationsRegretRates.actual_product_is_not_little_o' depends on axioms: [propext,
 Classical.choice,
 Quot.sound]
'SafeLearning.CompleteFoundationsRegretRates.actual_trial_cumulative_identity' depends on axioms: [propext,
 Classical.choice,
 Quot.sound]
'SafeLearning.CompleteFoundationsRegretRates.actual_cumulative_nonnegative_and_bounded' depends on axioms: [propext,
 Classical.choice,
 Quot.sound]
'SafeLearning.CompleteFoundationsRegretRates.actual_trial_model_satisfies_source_bound' depends on axioms: [propext,
 Classical.choice,
 Quot.sound]
'SafeLearning.CompleteFoundationsRegretRates.actual_individual_trial_regrets_need_not_tend_to_zero' depends on axioms: [propext,
 Classical.choice,
 Quot.sound]
'SafeLearning.CompleteFoundationsSVDModels.actual_svd_product' depends on axioms: [propext,
 Classical.choice,
 Quot.sound]
'SafeLearning.CompleteFoundationsSVDModels.actual_svd_orthogonal' depends on axioms: [propext,
 Classical.choice,
 Quot.sound]
'SafeLearning.CompleteFoundationsSVDModels.actual_gram_matrix' depends on axioms: [propext,
 Classical.choice,
 Quot.sound]
'SafeLearning.CompleteFoundationsSVDModels.diagonal_all_eigenvalues' depends on axioms: [propext,
 Classical.choice,
 Quot.sound]
'SafeLearning.CompleteFoundationsSVDModels.actual_singular_values' depends on axioms: [propext,
 Classical.choice,
 Quot.sound]
'SafeLearning.CompleteFoundationsSVDModels.actual_signed_eigenvalues' depends on axioms: [propext,
 Classical.choice,
 Quot.sound]
'SafeLearning.CompleteFoundationsSVDModels.actual_spectral_norm' depends on axioms: [propext,
 Classical.choice,
 Quot.sound]
'SafeLearning.CompleteFoundationsSVDModels.actual_frobenius_norm' depends on axioms: [propext,
 Classical.choice,
 Quot.sound]
'SafeLearning.CompleteFoundationsSVDModels.actual_inverse' depends on axioms: [propext, Classical.choice, Quot.sound]
'SafeLearning.CompleteFoundationsSVDModels.actual_condition_number' depends on axioms: [propext,
 Classical.choice,
 Quot.sound]
'SafeLearning.CompleteFoundationsSVDModels.actual_coordinate_action' depends on axioms: [propext,
 Classical.choice,
 Quot.sound]
'SafeLearning.CompleteFoundationsSVDModels.actual_unit_circle_image' depends on axioms: [propext,
 Classical.choice,
 Quot.sound]
'SafeLearning.CompleteFoundationsSVDModels.actual_axis_stretches' depends on axioms: [propext,
 Classical.choice,
 Quot.sound]
'SafeLearning.CompleteFoundationsSequences.even_indices_atTop' depends on axioms: [propext, Quot.sound]
'SafeLearning.CompleteFoundationsSequences.odd_indices_atTop' depends on axioms: [propext, Quot.sound]
'SafeLearning.CompleteFoundationsSequences.reciprocal_tail' depends on axioms: [propext, Classical.choice, Quot.sound]
'SafeLearning.CompleteFoundationsSequences.alternating_limits' depends on axioms: [propext,
 Classical.choice,
 Quot.sound]
'SafeLearning.CompleteFoundationsSequences.additive_alternation_subsequences' depends on axioms: [propext,
 Classical.choice,
 Quot.sound]
'SafeLearning.CompleteFoundationsSequences.additive_alternation_bounds' depends on axioms: [propext,
 Classical.choice,
 Quot.sound]
'SafeLearning.CompleteFoundationsSequences.additive_alternation_extrema' depends on axioms: [propext,
 Classical.choice,
 Quot.sound]
'SafeLearning.CompleteFoundationsSequences.additive_alternation_lims' depends on axioms: [propext,
 Classical.choice,
 Quot.sound]
'SafeLearning.CompleteFoundationsSequences.multiplicative_alternation_subsequences' depends on axioms: [propext,
 Classical.choice,
 Quot.sound]
'SafeLearning.CompleteFoundationsSequences.multiplicative_alternation_bounds' depends on axioms: [propext,
 Classical.choice,
 Quot.sound]
'SafeLearning.CompleteFoundationsSequences.multiplicative_alternation_extrema' depends on axioms: [propext,
 Classical.choice,
 Quot.sound]
'SafeLearning.CompleteFoundationsSequences.multiplicative_alternation_lims' depends on axioms: [propext,
 Classical.choice,
 Quot.sound]
'SafeLearning.CompleteFoundationsSequences.tolerance_all_future' depends on axioms: [propext,
 Classical.choice,
 Quot.sound]
'SafeLearning.CompleteFoundationsSeries.discounted_return_bound' depends on axioms: [propext,
 Classical.choice,
 Quot.sound]
'SafeLearning.CompleteFoundationsSeries.discounted_tail_bound' depends on axioms: [propext,
 Classical.choice,
 Quot.sound]
'SafeLearning.CompleteFoundationsSeries.constant_discounted_tail' depends on axioms: [propext,
 Classical.choice,
 Quot.sound]
'SafeLearning.CompleteFoundationsSeries.half_discount_minimal_budget' depends on axioms: [propext,
 Classical.choice,
 Quot.sound]
'SafeLearning.CompleteFoundationsSeries.half_discount_numbers' depends on axioms: [propext,
 Classical.choice,
 Quot.sound]
'SafeLearning.CompleteFoundationsSeries.geometric_hasSum' depends on axioms: [propext, Classical.choice, Quot.sound]
'SafeLearning.CompleteFoundationsSeries.weighted_geometric_hasSum' depends on axioms: [propext,
 Classical.choice,
 Quot.sound]
'SafeLearning.CompleteFoundationsShiftedConjugate.actual_restricted_domain_and_objective' depends on axioms: [propext,
 Classical.choice,
 Quot.sound]
'SafeLearning.CompleteFoundationsShiftedConjugate.actual_completed_square_and_unrestricted_derivative' depends on axioms: [propext,
 Classical.choice,
 Quot.sound]
'SafeLearning.CompleteFoundationsShiftedConjugate.actual_unrestricted_unique_global_maximum' depends on axioms: [propext,
 Classical.choice,
 Quot.sound]
'SafeLearning.CompleteFoundationsShiftedConjugate.actual_admissible_objective_upper' depends on axioms: [propext,
 Classical.choice,
 Quot.sound]
'SafeLearning.CompleteFoundationsShiftedConjugate.actual_maximizing_argument' depends on axioms: [propext,
 Classical.choice,
 Quot.sound]
'SafeLearning.CompleteFoundationsShiftedConjugate.actual_extended_real_conjugate' depends on axioms: [propext,
 Classical.choice,
 Quot.sound]
'SafeLearning.CompleteFoundationsShiftedConjugate.actual_negative_case_strictly_decreasing_on_domain' depends on axioms: [propext,
 Classical.choice,
 Quot.sound]
'SafeLearning.CompleteFoundationsShiftedConjugate.actual_fenchel_young' depends on axioms: [propext,
 Classical.choice,
 Quot.sound]
'SafeLearning.CompleteFoundationsShiftedConjugate.actual_two_source_fenchel_checks' depends on axioms: [propext,
 Classical.choice,
 Quot.sound]
'SafeLearning.CompleteFoundationsShiftedConjugate.actual_source_w_two_equality_iff_ordinary_slope' depends on axioms: [propext,
 Classical.choice,
 Quot.sound]
'SafeLearning.CompleteFoundationsShiftedQuadratic.objective_frechet_derivative' depends on axioms: [propext,
 Classical.choice,
 Quot.sound]
'SafeLearning.CompleteFoundationsShiftedQuadratic.objective_actual_gradient' depends on axioms: [propext,
 Classical.choice,
 Quot.sound]
'SafeLearning.CompleteFoundationsShiftedQuadratic.gradient_identification' depends on axioms: [propext,
 Classical.choice,
 Quot.sound]
'SafeLearning.CompleteFoundationsShiftedQuadratic.hessian_coordinates' depends on axioms: [propext,
 Classical.choice,
 Quot.sound]
'SafeLearning.CompleteFoundationsShiftedQuadratic.gradient_is_Hx_minus_c' depends on axioms: [propext,
 Classical.choice,
 Quot.sound]
'SafeLearning.CompleteFoundationsShiftedQuadratic.gradient_actual_hessian' depends on axioms: [propext,
 Classical.choice,
 Quot.sound]
'SafeLearning.CompleteFoundationsShiftedQuadratic.objective_is_stated_matrix_quadratic' depends on axioms: [propext,
 Classical.choice,
 Quot.sound]
'SafeLearning.CompleteFoundationsShiftedQuadratic.hessian_positive_definite' depends on axioms: [propext,
 Classical.choice,
 Quot.sound]
'SafeLearning.CompleteFoundationsShiftedQuadratic.completed_square_identity' depends on axioms: [propext,
 Classical.choice,
 Quot.sound]
'SafeLearning.CompleteFoundationsShiftedQuadratic.unique_global_minimum' depends on axioms: [propext,
 Classical.choice,
 Quot.sound]
'SafeLearning.CompleteFoundationsShiftedQuadratic.stationary_equation_iff' depends on axioms: [propext,
 Classical.choice,
 Quot.sound]
'SafeLearning.CompleteFoundationsShiftedQuadratic.quadratic_taylor_model_exact' depends on axioms: [propext,
 Classical.choice,
 Quot.sound]
'SafeLearning.CompleteFoundationsShiftedQuadratic.newton_equation_unique' depends on axioms: [propext,
 Classical.choice,
 Quot.sound]
'SafeLearning.CompleteFoundationsShiftedQuadratic.full_newton_step_solves' depends on axioms: [propext,
 Classical.choice,
 Quot.sound]
'SafeLearning.CompleteFoundationsShiftedQuadratic.source_numerical_steps' depends on axioms: [propext,
 Classical.choice,
 Quot.sound]
'SafeLearning.CompleteFoundationsShiftedQuadratic.gradient_step_remaining_error' depends on axioms: [propext,
 Classical.choice,
 Quot.sound]
'SafeLearning.CompleteFoundationsShiftedQuadratic.actual_eigenvalues' depends on axioms: [propext,
 Classical.choice,
 Quot.sound]
'SafeLearning.CompleteFoundationsShiftedQuadratic.actual_matrix_inverse' depends on axioms: [propext,
 Classical.choice,
 Quot.sound]
'SafeLearning.CompleteFoundationsShiftedQuadratic.matrix_condition_number' depends on axioms: [propext,
 Classical.choice,
 Quot.sound]
'SafeLearning.CompleteFoundationsSolutionSensitivity.actual_differentiated_linear_system' depends on axioms: [propext,
 Classical.choice,
 Quot.sound]
'SafeLearning.CompleteFoundationsSolutionSensitivity.actual_sensitivity_is_linear_solve' depends on axioms: [propext,
 Classical.choice,
 Quot.sound]
'SafeLearning.CompleteFoundationsSolutionSensitivity.actual_invertible_sensitivity_solution' depends on axioms: [propext,
 Classical.choice,
 Quot.sound]
'SafeLearning.CompleteFoundationsSolutionSensitivity.actual_operator_coordinates' depends on axioms: [propext,
 Classical.choice,
 Quot.sound]
'SafeLearning.CompleteFoundationsSolutionSensitivity.actual_matrix_derivative' depends on axioms: [propext,
 Classical.choice,
 Quot.sound]
'SafeLearning.CompleteFoundationsSolutionSensitivity.actual_source_solution_iff' depends on axioms: [propext,
 Classical.choice,
 Quot.sound]
'SafeLearning.CompleteFoundationsSolutionSensitivity.actual_explicit_solution_derivative' depends on axioms: [propext,
 Classical.choice,
 Quot.sound]
'SafeLearning.CompleteFoundationsSolutionSensitivity.actual_equation_forces_source_sensitivity' depends on axioms: [propext,
 Classical.choice,
 Quot.sound]
'SafeLearning.CompleteFoundationsSolutionSensitivity.actual_source_zero_data' depends on axioms: [propext,
 Classical.choice,
 Quot.sound]
'SafeLearning.CompleteFoundationsSolutionSensitivity.actual_prediction_is_tangent' depends on axioms: [propext,
 Classical.choice,
 Quot.sound]
'SafeLearning.CompleteFoundationsSolutionSensitivity.actual_exact_prediction_difference' depends on axioms: [propext,
 Classical.choice,
 Quot.sound]
'SafeLearning.CompleteFoundationsSolutionSensitivity.actual_horizontal_norm' depends on axioms: [propext,
 Classical.choice,
 Quot.sound]
'SafeLearning.CompleteFoundationsSolutionSensitivity.actual_prediction_error' depends on axioms: [propext,
 Classical.choice,
 Quot.sound]
'SafeLearning.CompleteFoundationsSolutionSensitivity.actual_prediction_error_bigO' depends on axioms: [propext,
 Classical.choice,
 Quot.sound]
'SafeLearning.CompleteFoundationsSolutionSensitivity.actual_source_prediction_values' depends on axioms: [propext,
 Classical.choice,
 Quot.sound]
'SafeLearning.CompleteFoundationsSparseRegret.actual_nonnegative_trial_regrets' depends on axioms: [propext,
 Classical.choice,
 Quot.sound]
'SafeLearning.CompleteFoundationsSparseRegret.actual_trial_sum_is_counting_squares' depends on axioms: [propext,
 Classical.choice,
 Quot.sound]
'SafeLearning.CompleteFoundationsSparseRegret.actual_cumulative_square_count_upper_bound' depends on axioms: [propext,
 Classical.choice,
 Quot.sound]
'SafeLearning.CompleteFoundationsSparseRegret.actual_nonnegative_sparse_model_satisfies_source' depends on axioms: [propext,
 Classical.choice,
 Quot.sound]
'SafeLearning.CompleteFoundationsSparseRegret.actual_square_predecessor_trial_is_one' depends on axioms: [propext,
 Classical.choice,
 Quot.sound]
'SafeLearning.CompleteFoundationsSparseRegret.actual_nonnegative_trials_do_not_tend_to_zero' depends on axioms: [propext,
 Classical.choice,
 Quot.sound]
'SafeLearning.CompleteFoundationsSparseRegret.actual_average_vanishes_with_nonvanishing_nonnegative_trials' depends on axioms: [propext,
 Classical.choice,
 Quot.sound]
'SafeLearning.CompleteFoundationsSpectralModels.matrix_coordinate_action' depends on axioms: [propext,
 Classical.choice,
 Quot.sound]
'SafeLearning.CompleteFoundationsSpectralModels.inner_coordinate_formula' depends on axioms: [propext,
 Classical.choice,
 Quot.sound]
'SafeLearning.CompleteFoundationsSpectralModels.norm_squared_coordinates' depends on axioms: [propext,
 Classical.choice,
 Quot.sound]
'SafeLearning.CompleteFoundationsSpectralModels.source_A_action' depends on axioms: [propext,
 Classical.choice,
 Quot.sound]
'SafeLearning.CompleteFoundationsSpectralModels.source_eigenvectors' depends on axioms: [propext,
 Classical.choice,
 Quot.sound]
'SafeLearning.CompleteFoundationsSpectralModels.source_orthonormal' depends on axioms: [propext,
 Classical.choice,
 Quot.sound]
'SafeLearning.CompleteFoundationsSpectralModels.source_eigenbasis_spans' depends on axioms: [propext,
 Classical.choice,
 Quot.sound]
'SafeLearning.CompleteFoundationsSpectralModels.source_spectral_matrix_decomposition' depends on axioms: [propext,
 Classical.choice,
 Quot.sound]
'SafeLearning.CompleteFoundationsSpectralModels.source_all_eigenvalues' depends on axioms: [propext,
 Classical.choice,
 Quot.sound]
'SafeLearning.CompleteFoundationsSpectralModels.source_quadratic_expansion' depends on axioms: [propext,
 Classical.choice,
 Quot.sound]
'SafeLearning.CompleteFoundationsSpectralModels.rayleigh_bounds_and_equality' depends on axioms: [propext,
 Classical.choice,
 Quot.sound]
'SafeLearning.CompleteFoundationsSpectralModels.source_rayleigh_numerics' depends on axioms: [propext,
 Classical.choice,
 Quot.sound]
'SafeLearning.CompleteFoundationsSpectralModels.source_rayleigh_attainers' depends on axioms: [propext,
 Classical.choice,
 Quot.sound]
'SafeLearning.CompleteFoundationsSpectralModels.source_both_eigencomponents_nonzero' depends on axioms: [propext,
 Classical.choice,
 Quot.sound]
'SafeLearning.CompleteFoundationsSpectralModels.source_N_action' depends on axioms: [propext,
 Classical.choice,
 Quot.sound]
'SafeLearning.CompleteFoundationsSpectralModels.source_N_characteristic_polynomial' depends on axioms: [propext,
 Classical.choice,
 Quot.sound]
'SafeLearning.CompleteFoundationsSpectralModels.source_N_eigenvector_characterization' depends on axioms: [propext,
 Classical.choice,
 Quot.sound]
'SafeLearning.CompleteFoundationsSpectralModels.source_N_negative_form' depends on axioms: [propext,
 Classical.choice,
 Quot.sound]
'SafeLearning.CompleteFoundationsSpectralModels.source_symmetric_and_skew_parts' depends on axioms: [propext,
 Classical.choice,
 Quot.sound]
'SafeLearning.CompleteFoundationsSpectralModels.general_real_skew_quadratic_zero' depends on axioms: [propext,
 Classical.choice,
 Quot.sound]
'SafeLearning.CompleteFoundationsSpectralModels.source_forms_equal' depends on axioms: [propext,
 Classical.choice,
 Quot.sound]
'SafeLearning.CompleteFoundationsSpectralModels.symmetric_part_eigenvalues' depends on axioms: [propext,
 Classical.choice,
 Quot.sound]
'SafeLearning.CompleteFoundationsSpectralModels.source_N_not_symmetric' depends on axioms: [propext,
 Classical.choice,
 Quot.sound]
'SafeLearning.CompleteFoundationsSpectralModels.source_N_eigenvectors_never_orthogonal' depends on axioms: [propext,
 Classical.choice,
 Quot.sound]
'SafeLearning.CompleteFoundationsSpectralModels.source_N_has_no_orthonormal_eigenbasis' depends on axioms: [propext,
 Classical.choice,
 Quot.sound]
'SafeLearning.CompleteFoundationsStructuredModels.actual_reflection_orthogonal' depends on axioms: [propext,
 Classical.choice,
 Quot.sound]
'SafeLearning.CompleteFoundationsStructuredModels.actual_reflection_action' depends on axioms: [propext,
 Classical.choice,
 Quot.sound]
'SafeLearning.CompleteFoundationsStructuredModels.actual_reflection_preserves_every_norm' depends on axioms: [propext,
 Classical.choice,
 Quot.sound]
'SafeLearning.CompleteFoundationsStructuredModels.actual_reflection_source_values' depends on axioms: [propext,
 Classical.choice,
 Quot.sound]
'SafeLearning.CompleteFoundationsStructuredModels.actual_projection_properties' depends on axioms: [propext,
 Classical.choice,
 Quot.sound]
'SafeLearning.CompleteFoundationsStructuredModels.actual_projection_action' depends on axioms: [propext,
 Classical.choice,
 Quot.sound]
'SafeLearning.CompleteFoundationsStructuredModels.actual_projection_residual' depends on axioms: [propext,
 Classical.choice,
 Quot.sound]
'SafeLearning.CompleteFoundationsStructuredModels.actual_projection_image' depends on axioms: [propext,
 Classical.choice,
 Quot.sound]
'SafeLearning.CompleteFoundationsStructuredModels.actual_projection_is_unique_closest' depends on axioms: [propext,
 Classical.choice,
 Quot.sound]
'SafeLearning.CompleteFoundationsStructuredModels.actual_projection_source_values' depends on axioms: [propext,
 Classical.choice,
 Quot.sound]
'SafeLearning.CompleteFoundationsStructuredModels.actual_skew_one_add_is_invertible' depends on axioms: [propext,
 Classical.choice,
 Quot.sound]
'SafeLearning.CompleteFoundationsStructuredModels.actual_cayley_no_negative_one_eigenvector' depends on axioms: [propext,
 Classical.choice,
 Quot.sound]
'SafeLearning.CompleteFoundationsStructuredModels.actual_cayley_is_orthogonal' depends on axioms: [propext,
 Classical.choice,
 Quot.sound]
'SafeLearning.CompleteFoundationsStructuredModels.actual_quarter_inverse' depends on axioms: [propext,
 Classical.choice,
 Quot.sound]
'SafeLearning.CompleteFoundationsStructuredModels.actual_quarter_cayley' depends on axioms: [propext,
 Classical.choice,
 Quot.sound]
'SafeLearning.CompleteFoundationsStructuredModels.actual_clockwise_quarter_action' depends on axioms: [propext,
 Classical.choice,
 Quot.sound]
'SafeLearning.CompleteFoundationsStructuredModels.actual_negative_identity_is_orthogonal' depends on axioms: [propext,
 Classical.choice,
 Quot.sound]
'SafeLearning.CompleteFoundationsStructuredModels.actual_negative_identity_is_excluded' depends on axioms: [propext,
 Classical.choice,
 Quot.sound]
'SafeLearning.CompleteFoundationsTaylorModels.actual_gradient' depends on axioms: [propext,
 Classical.choice,
 Quot.sound]
'SafeLearning.CompleteFoundationsTaylorModels.actual_hessian' depends on axioms: [propext, Classical.choice, Quot.sound]
'SafeLearning.CompleteFoundationsTaylorModels.actual_origin_data' depends on axioms: [propext,
 Classical.choice,
 Quot.sound]
'SafeLearning.CompleteFoundationsTaylorModels.actual_taylor_model' depends on axioms: [propext,
 Classical.choice,
 Quot.sound]
'SafeLearning.CompleteFoundationsTaylorModels.actual_remainder_identity' depends on axioms: [propext,
 Classical.choice,
 Quot.sound]
'SafeLearning.CompleteFoundationsTaylorModels.actual_iterated_exponential_derivative' depends on axioms: [propext,
 Classical.choice,
 Quot.sound]
'SafeLearning.CompleteFoundationsTaylorModels.actual_scalar_taylor_polynomial' depends on axioms: [propext,
 Classical.choice,
 Quot.sound]
'SafeLearning.CompleteFoundationsTaylorModels.actual_positive_scalar_lagrange_remainder' depends on axioms: [propext,
 Classical.choice,
 Quot.sound]
'SafeLearning.CompleteFoundationsTaylorModels.actual_positive_remainder_bound' depends on axioms: [propext,
 Classical.choice,
 Quot.sound]
'SafeLearning.CompleteFoundationsTaylorModels.actual_third_derivative_and_interval_bound' depends on axioms: [propext,
 Classical.choice,
 Quot.sound]
'SafeLearning.CompleteFoundationsTaylorModels.actual_source_model_value' depends on axioms: [propext,
 Classical.choice,
 Quot.sound]
'SafeLearning.CompleteFoundationsTaylorModels.actual_source_remainder' depends on axioms: [propext,
 Classical.choice,
 Quot.sound]
'SafeLearning.CompleteFoundationsTaylorModels.actual_exp_tenth_decimal' depends on axioms: [propext,
 Classical.choice,
 Quot.sound]
'SafeLearning.CompleteFoundationsTaylorModels.actual_source_decimal_values' depends on axioms: [propext,
 Classical.choice,
 Quot.sound]
'SafeLearning.CompleteFoundationsTaylorModels.actual_omitted_half_error' depends on axioms: [propext,
 Classical.choice,
 Quot.sound]
'SafeLearning.CompleteFoundationsTaylorModels.actual_source_omitted_half_value' depends on axioms: [propext,
 Classical.choice,
 Quot.sound]
'SafeLearning.CompleteFoundationsTeaching.arithmetic_refresh' depends on axioms: [propext, Classical.choice, Quot.sound]
'SafeLearning.CompleteFoundationsTeaching.reciprocal_decreases' depends on axioms: [propext,
 Classical.choice,
 Quot.sound]
'SafeLearning.CompleteFoundationsTeaching.elementary_equations' depends on axioms: [propext,
 Classical.choice,
 Quot.sound]
'SafeLearning.CompleteFoundationsTeaching.disc_and_box' depends on axioms: [propext, Classical.choice, Quot.sound]
'SafeLearning.CompleteFoundationsTeaching.subset_antisymmetry' depends on axioms: [propext, Quot.sound]
'SafeLearning.CompleteFoundationsTeaching.indexed_deMorgan' depends on axioms: [propext, Classical.choice, Quot.sound]
'SafeLearning.CompleteFoundationsTeaching.logical_connectives' depends on axioms: [propext,
 Classical.choice,
 Quot.sound]
'SafeLearning.CompleteFoundationsTeaching.bounded_quantifier_negation' depends on axioms: [propext,
 Classical.choice,
 Quot.sound]
'SafeLearning.CompleteFoundationsTeaching.no_largest_real' depends on axioms: [propext, Classical.choice, Quot.sound]
'SafeLearning.CompleteFoundationsTeaching.viability_complement' depends on axioms: [propext,
 Classical.choice,
 Quot.sound]
'SafeLearning.CompleteFoundationsTeaching.shifted_equilibrium' depends on axioms: [propext]
'SafeLearning.CompleteFoundationsTeaching.image_intersection_counterexample' depends on axioms: [propext,
 Classical.choice,
 Quot.sound]
'SafeLearning.CompleteFoundationsTeaching.image_intersection_subset' depends on axioms: [propext,
 Classical.choice,
 Quot.sound]
'SafeLearning.CompleteFoundationsTeaching.projection_is_existential' depends on axioms: [propext, Quot.sound]
'SafeLearning.CompleteFoundationsTeaching.affine_bijection' depends on axioms: [propext, Classical.choice, Quot.sound]
'SafeLearning.CompleteFoundationsTeaching.norm_arbitrarily_small' depends on axioms: [propext,
 Classical.choice,
 Quot.sound]
'SafeLearning.CompleteFoundationsTeaching.banach_first_error_bound' depends on axioms: [propext,
 Classical.choice,
 Quot.sound]
'SafeLearning.CompleteFoundationsTeaching.contraction_unique_general' depends on axioms: [propext,
 Classical.choice,
 Quot.sound]
'SafeLearning.CompleteFoundationsTeaching.monotone_bounded_convergence' depends on axioms: [propext,
 Classical.choice,
 Quot.sound]
'SafeLearning.CompleteFoundationsTeaching.antitone_bounded_convergence' depends on axioms: [propext,
 Classical.choice,
 Quot.sound]
'SafeLearning.CompleteFoundationsTeaching.continuous_limits' depends on axioms: [propext, Classical.choice, Quot.sound]
'SafeLearning.CompleteFoundationsTeaching.limit_arithmetic' depends on axioms: [propext, Classical.choice, Quot.sound]
'SafeLearning.CompleteFoundationsTeaching.weierstrass_maximum' depends on axioms: [propext,
 Classical.choice,
 Quot.sound]
'SafeLearning.CompleteFoundationsTeaching.compact_positive_margin' depends on axioms: [propext,
 Classical.choice,
 Quot.sound]
'SafeLearning.CompleteFoundationsTeaching.heine_cantor' depends on axioms: [propext, Classical.choice, Quot.sound]
'SafeLearning.CompleteFoundationsTeaching.lipschitz_net_margin' depends on axioms: [propext,
 Classical.choice,
 Quot.sound]
'SafeLearning.CompleteFoundationsTeaching.norm_power_bound' depends on axioms: [propext, Classical.choice, Quot.sound]
'SafeLearning.CompleteFoundationsTeaching.exponential_tangent' depends on axioms: [propext,
 Classical.choice,
 Quot.sound]
'SafeLearning.CompleteFoundationsTeaching.logarithm_tangent' depends on axioms: [propext, Classical.choice, Quot.sound]
'SafeLearning.CompleteFoundationsTeaching.finite_square_classification' depends on axioms: [propext,
 Classical.choice,
 Quot.sound]
'SafeLearning.CompleteFoundationsTeaching.stabilized_reachFive' depends on axioms: [propext,
 Classical.choice,
 Quot.sound]
'SafeLearning.CompleteFoundationsTeaching.half_open_not_closed' depends on axioms: [propext,
 Classical.choice,
 Quot.sound]
'SafeLearning.CompleteFoundationsTeaching.half_open_counterexample_limit' depends on axioms: [propext,
 Classical.choice,
 Quot.sound]
'SafeLearning.CompleteFoundationsTeaching.sequence_initial_values' depends on axioms: [propext,
 Classical.choice,
 Quot.sound]
'SafeLearning.CompleteFoundationsTeaching.all_time_excursion_card' depends on axioms: [propext,
 Classical.choice,
 Quot.sound]
'SafeLearning.CompleteFoundationsTeaching.finite_excursion_last_index' depends on axioms: [propext,
 Classical.choice,
 Quot.sound]
'SafeLearning.CompleteFoundationsUniversalMatrices.actual_orthogonal_matrix_preserves_norm' depends on axioms: [propext,
 Classical.choice,
 Quot.sound]
'SafeLearning.CompleteFoundationsUniversalMatrices.actual_orthogonal_matrix_is_invertible' depends on axioms: [propext,
 Classical.choice,
 Quot.sound]
'SafeLearning.CompleteFoundationsUniversalMatrices.actual_equal_images_iff_null_difference' depends on axioms: [propext,
 Classical.choice,
 Quot.sound]
'SafeLearning.CompleteFoundationsUniversalMatrices.actual_matrix_determinant_lemma' depends on axioms: [propext,
 Classical.choice,
 Quot.sound]
'SafeLearning.CompleteFoundationsUniversalMatrices.actual_sylvester_determinant_identity' depends on axioms: [propext,
 Classical.choice,
 Quot.sound]
'SafeLearning.CompleteFoundationsVectorModels.vector_two_norm' depends on axioms: [propext,
 Classical.choice,
 Quot.sound]
'SafeLearning.CompleteFoundationsVectorModels.vector_two_inner' depends on axioms: [propext,
 Classical.choice,
 Quot.sound]
'SafeLearning.CompleteFoundationsVectorModels.source_three_lengths' depends on axioms: [propext,
 Classical.choice,
 Quot.sound]
'SafeLearning.CompleteFoundationsVectorModels.source_three_perpendicular' depends on axioms: [propext,
 Classical.choice,
 Quot.sound]
'SafeLearning.CompleteFoundationsVectorModels.source_three_length_comparison' depends on axioms: [propext,
 Classical.choice,
 Quot.sound]
'SafeLearning.CompleteFoundationsVectorModels.box_objective_upper' depends on axioms: [propext,
 Classical.choice,
 Quot.sound]
'SafeLearning.CompleteFoundationsVectorModels.box_objective_equals_dot' depends on axioms: [propext,
 Classical.choice,
 Quot.sound]
'SafeLearning.CompleteFoundationsVectorModels.euclidean_ball_inside_box' depends on axioms: [propext,
 Classical.choice,
 Quot.sound]
'SafeLearning.CompleteFoundationsVectorModels.box_maximum' depends on axioms: [propext, Classical.choice, Quot.sound]
'SafeLearning.CompleteFoundationsVectorModels.euclidean_objective_upper' depends on axioms: [propext,
 Classical.choice,
 Quot.sound]
'SafeLearning.CompleteFoundationsVectorModels.euclidean_maximum' depends on axioms: [propext,
 Classical.choice,
 Quot.sound]
'SafeLearning.CompleteFoundationsVectorModels.source_box_corner_outside_euclidean_ball' depends on axioms: [propext,
 Classical.choice,
 Quot.sound]
'SafeLearning.CompleteFoundationsVectorModels.distance_to_any_set_lipschitz' depends on axioms: [propext,
 Classical.choice,
 Quot.sound]
'SafeLearning.CompleteFoundationsVectorModels.nearest_point_exists' depends on axioms: [propext,
 Classical.choice,
 Quot.sound]
'SafeLearning.CompleteFoundationsVectorModels.distance_one_direction_via_nearest' depends on axioms: [propext,
 Classical.choice,
 Quot.sound]
'SafeLearning.CompleteFoundationsVectorModels.source_radial_point_attains' depends on axioms: [propext,
 Classical.choice,
 Quot.sound]
'SafeLearning.CompleteFoundationsVectorModels.source_disc_distance' depends on axioms: [propext,
 Classical.choice,
 Quot.sound]
'SafeLearning.CompleteFoundationsVectorModels.source_disc_perturbation' depends on axioms: [propext,
 Classical.choice,
 Quot.sound]
'SafeLearning.CompleteLyapunovAdaptiveValidation.genuine_product_bad_event_bound' depends on axioms: [propext,
 Classical.choice,
 Quot.sound]
'SafeLearning.CompleteLyapunovAdaptiveValidation.genuine_bad_event_measurable' depends on axioms: [propext,
 Classical.choice,
 Quot.sound]
'SafeLearning.CompleteLyapunovAdaptiveValidation.genuine_history_dependent_bad_event_bound' depends on axioms: [propext,
 Classical.choice,
 Quot.sound]
'SafeLearning.CompleteLyapunovAdaptiveValidation.genuine_five_adaptive_attempts_overall_confidence' depends on axioms: [propext,
 Classical.choice,
 Quot.sound]
'SafeLearning.CompleteLyapunovBoundComparison.actual_source_bound_formulas' depends on axioms: [propext,
 Classical.choice,
 Quot.sound]
'SafeLearning.CompleteLyapunovBoundComparison.actual_source_ratio_and_positive_bounds' depends on axioms: [propext,
 Classical.choice,
 Quot.sound]
'SafeLearning.CompleteLyapunovBoundComparison.genuine_all_positive_steps_ratio_divergence' depends on axioms: [propext,
 Classical.choice,
 Quot.sound]
'SafeLearning.CompleteLyapunovBoundComparison.genuine_ratio_tends_to_infinity' depends on axioms: [propext,
 Classical.choice,
 Quot.sound]
'SafeLearning.CompleteLyapunovCounterexample.square_positive_definite' depends on axioms: [propext,
 Classical.choice,
 Quot.sound]
'SafeLearning.CompleteLyapunovCounterexample.all_square_sublevels_compact' depends on axioms: [propext,
 Classical.choice,
 Quot.sound]
'SafeLearning.CompleteLyapunovCounterexample.bad_map_fixes_zero' depends on axioms: [propext,
 Classical.choice,
 Quot.sound]
'SafeLearning.CompleteLyapunovCounterexample.strict_square_decrease_everywhere_off_zero' depends on axioms: [propext,
 Classical.choice,
 Quot.sound]
'SafeLearning.CompleteLyapunovCounterexample.actual_orbit_initial' depends on axioms: [propext,
 Classical.choice,
 Quot.sound]
'SafeLearning.CompleteLyapunovCounterexample.actual_orbit_strictly_above_one' depends on axioms: [propext,
 Classical.choice,
 Quot.sound]
'SafeLearning.CompleteLyapunovCounterexample.actual_orbit_step' depends on axioms: [propext,
 Classical.choice,
 Quot.sound]
'SafeLearning.CompleteLyapunovCounterexample.actual_orbit_converges_to_one' depends on axioms: [propext,
 Classical.choice,
 Quot.sound]
'SafeLearning.CompleteLyapunovCounterexample.actual_images_converge_to_one' depends on axioms: [propext,
 Classical.choice,
 Quot.sound]
'SafeLearning.CompleteLyapunovCounterexample.actual_orbit_does_not_converge_to_zero' depends on axioms: [propext,
 Classical.choice,
 Quot.sound]
'SafeLearning.CompleteLyapunovCounterexample.actual_map_discontinuous_at_one' depends on axioms: [propext,
 Classical.choice,
 Quot.sound]
'SafeLearning.CompleteLyapunovCounterexample.actual_orbit_in_annulus' depends on axioms: [propext,
 Classical.choice,
 Quot.sound]
'SafeLearning.CompleteLyapunovCounterexample.increments_strictly_negative_on_annulus' depends on axioms: [propext,
 Classical.choice,
 Quot.sound]
'SafeLearning.CompleteLyapunovCounterexample.actual_annulus_compact' depends on axioms: [propext,
 Classical.choice,
 Quot.sound]
'SafeLearning.CompleteLyapunovCounterexample.actual_increment_sequence_converges_to_zero' depends on axioms: [propext,
 Classical.choice,
 Quot.sound]
'SafeLearning.CompleteLyapunovCounterexample.actual_increment_supremum_is_zero' depends on axioms: [propext,
 Classical.choice,
 Quot.sound]
'SafeLearning.CompleteLyapunovCounterexample.actual_increment_supremum_not_attained' depends on axioms: [propext,
 Classical.choice,
 Quot.sound]
'SafeLearning.CompleteLyapunovCounterexample.actual_boundary_increment' depends on axioms: [propext,
 Classical.choice,
 Quot.sound]
'SafeLearning.CompleteLyapunovExerciseModels.actual_linear_decrement' depends on axioms: [propext,
 Classical.choice,
 Quot.sound]
'SafeLearning.CompleteLyapunovExerciseModels.actual_square_sublevel_four' depends on axioms: [propext,
 Classical.choice,
 Quot.sound]
'SafeLearning.CompleteLyapunovExerciseModels.actual_linear_sublevel_image' depends on axioms: [propext,
 Classical.choice,
 Quot.sound]
'SafeLearning.CompleteLyapunovExerciseModels.actual_linear_image_is_inside_sublevel' depends on axioms: [propext,
 Classical.choice,
 Quot.sound]
'SafeLearning.CompleteLyapunovExerciseModels.actual_linear_decrease_iff_nonzero' depends on axioms: [propext,
 Classical.choice,
 Quot.sound]
'SafeLearning.CompleteLyapunovExerciseModels.fixed_equilibrium_has_zero_decrement' depends on axioms: [propext,
 Classical.choice,
 Quot.sound]
'SafeLearning.CompleteLyapunovExerciseModels.actual_weighted_quadratic_formula' depends on axioms: [propext,
 Classical.choice,
 Quot.sound]
'SafeLearning.CompleteLyapunovExerciseModels.actual_ellipse_axis_intersections' depends on axioms: [propext,
 Classical.choice,
 Quot.sound]
'SafeLearning.CompleteLyapunovExerciseModels.actual_ellipse_point_values' depends on axioms: [propext,
 Classical.choice,
 Quot.sound]
'SafeLearning.CompleteLyapunovExerciseModels.actual_same_euclidean_length_different_certificates' depends on axioms: [propext,
 Classical.choice,
 Quot.sound]
'SafeLearning.CompleteLyapunovExerciseModels.actual_uncertain_successor_interval' depends on axioms: [propext,
 Classical.choice,
 Quot.sound]
'SafeLearning.CompleteLyapunovExerciseModels.actual_uncertain_decrease_maximum' depends on axioms: [propext,
 Classical.choice,
 Quot.sound]
'SafeLearning.CompleteLyapunovExerciseModels.actual_uncertain_maximum_attained' depends on axioms: [propext,
 Classical.choice,
 Quot.sound]
'SafeLearning.CompleteLyapunovExerciseModels.actual_origin_disturbance_counterexample' depends on axioms: [propext,
 Classical.choice,
 Quot.sound]
'SafeLearning.CompleteLyapunovExerciseModels.actual_origin_successor_interval' depends on axioms: [propext,
 Classical.choice,
 Quot.sound]
'SafeLearning.CompleteLyapunovExerciseModels.actual_absolute_disturbance_all_time_counterexample' depends on axioms: [propext,
 Classical.choice,
 Quot.sound]
'SafeLearning.CompleteLyapunovExerciseModels.actual_expected_budget_and_slack' depends on axioms: [propext,
 Classical.choice,
 Quot.sound]
'SafeLearning.CompleteLyapunovExerciseModels.actual_sample_margin_transfer' depends on axioms: [propext,
 Classical.choice,
 Quot.sound]
'SafeLearning.CompleteLyapunovExerciseModels.actual_lipschitz_sample_transfer' depends on axioms: [propext,
 Classical.choice,
 Quot.sound]
'SafeLearning.CompleteLyapunovExerciseModels.actual_grid_radius_bounds' depends on axioms: [propext,
 Classical.choice,
 Quot.sound]
'SafeLearning.CompleteLyapunovExerciseModels.actual_coarse_grid_bound_allows_opposite_signs' depends on axioms: [propext,
 Classical.choice,
 Quot.sound]
'SafeLearning.CompleteLyapunovExerciseModels.actual_coarse_grid_compatible_positive_and_negative_models' depends on axioms: [propext,
 Classical.choice,
 Quot.sound]
'SafeLearning.CompleteLyapunovExerciseModels.actual_error_tube_one_step' depends on axioms: [propext,
 Classical.choice,
 Quot.sound]
'SafeLearning.CompleteLyapunovExerciseModels.actual_error_tube_all_time' depends on axioms: [propext,
 Classical.choice,
 Quot.sound]
'SafeLearning.CompleteLyapunovExerciseModels.actual_nominal_state_and_input_tightening' depends on axioms: [propext,
 Classical.choice,
 Quot.sound]
'SafeLearning.CompleteLyapunovExerciseModels.actual_mpc_objective_derivative' depends on axioms: [propext,
 Classical.choice,
 Quot.sound]
'SafeLearning.CompleteLyapunovExerciseModels.actual_mpc_complete_square' depends on axioms: [propext,
 Classical.choice,
 Quot.sound]
'SafeLearning.CompleteLyapunovExerciseModels.actual_mpc_unconstrained_unique_optimum' depends on axioms: [propext,
 Classical.choice,
 Quot.sound]
'SafeLearning.CompleteLyapunovExerciseModels.actual_mpc_objective_strictly_convex' depends on axioms: [propext,
 Classical.choice,
 Quot.sound]
'SafeLearning.CompleteLyapunovExerciseModels.actual_mpc_constrained_unique_optimum' depends on axioms: [propext,
 Classical.choice,
 Quot.sound]
'SafeLearning.CompleteLyapunovExerciseModels.actual_mpc_numeric_solution' depends on axioms: [propext,
 Classical.choice,
 Quot.sound]
'SafeLearning.CompleteLyapunovExerciseModels.actual_mpc_constrained_nearest_allowed_input' depends on axioms: [propext,
 Classical.choice,
 Quot.sound]
'SafeLearning.CompleteLyapunovInterpolation.genuine_closed_loop_increment_bound' depends on axioms: [propext,
 Classical.choice,
 Quot.sound]
'SafeLearning.CompleteLyapunovInterpolation.literal_source_composite_margin_and_tests' depends on axioms: [propext,
 Classical.choice,
 Quot.sound]
'SafeLearning.CompleteLyapunovInterpolation.genuine_segment_chain_rule' depends on axioms: [propext,
 Classical.choice,
 Quot.sound]
'SafeLearning.CompleteLyapunovInterpolation.genuine_increment_integral' depends on axioms: [propext,
 Classical.choice,
 Quot.sound]
'SafeLearning.CompleteLyapunovInterpolation.literal_source_small_step_constants' depends on axioms: [propext,
 Classical.choice,
 Quot.sound]
'SafeLearning.CompleteLyapunovMargins.uniform_strict_descent_on_compact' depends on axioms: [propext,
 Classical.choice,
 Quot.sound]
'SafeLearning.CompleteLyapunovMargins.positive_minimum_on_compact' depends on axioms: [propext,
 Classical.choice,
 Quot.sound]
'SafeLearning.CompleteLyapunovMargins.compact_positive_value_slice' depends on axioms: [propext,
 Classical.choice,
 Quot.sound]
'SafeLearning.CompleteLyapunovMargins.linear_lyapunov_descent_bound' depends on axioms: [propext,
 Classical.choice,
 Quot.sound]
'SafeLearning.CompleteLyapunovMargins.uniform_descent_incompatible_with_nonnegative_values' depends on axioms: [propext,
 Classical.choice,
 Quot.sound]
'SafeLearning.CompleteLyapunovMetricModels.actual_metric_sample_error_upper' depends on axioms: [propext,
 Classical.choice,
 Quot.sound]
'SafeLearning.CompleteLyapunovMetricModels.actual_metric_grid_radius_bounds' depends on axioms: [propext,
 Classical.choice,
 Quot.sound]
'SafeLearning.CompleteLyapunovMetricModels.actual_covered_region_has_strict_decrease' depends on axioms: [propext,
 Classical.choice,
 Quot.sound]
'SafeLearning.CompleteLyapunovNonlinearModels.actual_nonlinear_decrement' depends on axioms: [propext,
 Classical.choice,
 Quot.sound]
'SafeLearning.CompleteLyapunovNonlinearModels.actual_nonlinear_strict_decrease' depends on axioms: [propext,
 Classical.choice,
 Quot.sound]
'SafeLearning.CompleteLyapunovNonlinearModels.actual_nonlinear_strict_decrease_region' depends on axioms: [propext,
 Classical.choice,
 Quot.sound]
'SafeLearning.CompleteLyapunovNonlinearModels.actual_nonlinear_boundary_two_cycle' depends on axioms: [propext,
 Classical.choice,
 Quot.sound]
'SafeLearning.CompleteLyapunovNonlinearModels.actual_nonlinear_strict_sublevels_iff' depends on axioms: [propext,
 Classical.choice,
 Quot.sound]
'SafeLearning.CompleteLyapunovNonlinearModels.actual_nonlinear_uniform_decrement_on_positive_slice' depends on axioms: [propext,
 Classical.choice,
 Quot.sound]
'SafeLearning.CompleteLyapunovNonlinearModels.actual_nonlinear_sublevel_one_convergence' depends on axioms: [propext,
 Classical.choice,
 Quot.sound]
'SafeLearning.CompleteLyapunovNonlinearModels.actual_relative_policy_error_one_step' depends on axioms: [propext,
 Classical.choice,
 Quot.sound]
'SafeLearning.CompleteLyapunovNonlinearModels.actual_relative_policy_error_geometric_bound' depends on axioms: [propext,
 Classical.choice,
 Quot.sound]
'SafeLearning.CompleteLyapunovNonlinearModels.actual_relative_policy_error_converges_to_zero' depends on axioms: [propext,
 Classical.choice,
 Quot.sound]
'SafeLearning.CompleteLyapunovNonlinearModels.actual_relative_policy_error_square_decrement' depends on axioms: [propext,
 Classical.choice,
 Quot.sound]
'SafeLearning.CompleteLyapunovNonlinearModels.actual_absolute_policy_error_nonzero_equilibrium' depends on axioms: [propext,
 Classical.choice,
 Quot.sound]
'SafeLearning.CompleteLyapunovNormBridges.genuine_concatenated_l1_difference' depends on axioms: [propext,
 Classical.choice,
 Quot.sound]
'SafeLearning.CompleteLyapunovNormBridges.genuine_joint_l1_closed_loop_bound' depends on axioms: [propext,
 Classical.choice,
 Quot.sound]
'SafeLearning.CompleteLyapunovNormBridges.genuine_gradient_bound_implies_lipschitz' depends on axioms: [propext,
 Classical.choice,
 Quot.sound]
'SafeLearning.CompleteLyapunovNormBridges.genuine_small_step_composite_from_gradient_bound' depends on axioms: [propext,
 Classical.choice,
 Quot.sound]
'SafeLearning.CompleteLyapunovSmallStep.genuine_segment_distance_bound' depends on axioms: [propext,
 Classical.choice,
 Quot.sound]
'SafeLearning.CompleteLyapunovSmallStep.genuine_Euler_map_lipschitz_bound' depends on axioms: [propext,
 Classical.choice,
 Quot.sound]
'SafeLearning.CompleteLyapunovSmallStep.genuine_integrand_difference_bound' depends on axioms: [propext,
 Classical.choice,
 Quot.sound]
'SafeLearning.CompleteLyapunovSmallStep.genuine_small_step_increment_bound' depends on axioms: [propext,
 Classical.choice,
 Quot.sound]
'SafeLearning.CompleteLyapunovTrajectoryValidation.genuine_trajectory_measurable' depends on axioms: [propext,
 Classical.choice,
 Quot.sound]
'SafeLearning.CompleteLyapunovTrajectoryValidation.genuine_good_initial_states_measurable' depends on axioms: [propext,
 Classical.choice,
 Quot.sound]
'SafeLearning.CompleteLyapunovTrajectoryValidation.genuine_initial_state_failure_indicator_law' depends on axioms: [propext,
 Classical.choice,
 Quot.sound]
'SafeLearning.CompleteLyapunovTrajectoryValidation.genuine_initial_state_iid_trials_acceptance' depends on axioms: [propext,
 Classical.choice,
 Quot.sound]
'SafeLearning.CompleteLyapunovValidationConfidence.genuine_exact_hoeffding_exponent' depends on axioms: [propext,
 Classical.choice,
 Quot.sound]
'SafeLearning.CompleteLyapunovValidationConfidence.genuine_one_sided_acceptance_guarantee' depends on axioms: [propext,
 Classical.choice,
 Quot.sound]
'SafeLearning.CompleteLyapunovValidationConfidence.genuine_two_sided_acceptance_guarantee' depends on axioms: [propext,
 Classical.choice,
 Quot.sound]
'SafeLearning.CompleteLyapunovValidationConfidence.literal_source_one_and_two_sided_radii' depends on axioms: [propext,
 Classical.choice,
 Quot.sound]
'SafeLearning.CompleteLyapunovValidationNumbers.genuine_log200_log100_log1000_enclosures' depends on axioms: [propext,
 Classical.choice,
 Quot.sound]
'SafeLearning.CompleteLyapunovValidationNumbers.actual_sample_threshold_enclosures' depends on axioms: [propext,
 Classical.choice,
 Quot.sound]
'SafeLearning.CompleteLyapunovValidationNumbers.actual_minimal_integer_sample_sizes' depends on axioms: [propext,
 Classical.choice,
 Quot.sound]
'SafeLearning.CompleteLyapunovValidationNumbers.actual_validation_radius_enclosure' depends on axioms: [propext,
 Classical.choice,
 Quot.sound]
'SafeLearning.CompleteLyapunovValidationNumbers.actual_maximum_45_failures' depends on axioms: [propext,
 Classical.choice,
 Quot.sound]
'SafeLearning.CompleteLyapunovValidationNumbers.actual_successes_and_rounded_cutoff' depends on axioms: [propext,
 Classical.choice,
 Quot.sound]
'SafeLearning.CompleteLyapunovValidationNumbers.actual_repeated_testing_allocation_and_increase' depends on axioms: [propext,
 Classical.choice,
 Quot.sound]
'SafeLearning.CompleteModulesAOL.actual_inverse_square_root_diagonal_is_symmetric' depends on axioms: [propext,
 Classical.choice,
 Quot.sound]
'SafeLearning.CompleteModulesAOL.actual_inverse_square_root_normalizes_diagonal' depends on axioms: [propext,
 Classical.choice,
 Quot.sound]
'SafeLearning.CompleteModulesAOL.actual_rescaled_linear_layer_coordinate_energy' depends on axioms: [propext,
 Classical.choice,
 Quot.sound]
'SafeLearning.CompleteModulesAOL.actual_positive_diagonal_normalized_energy' depends on axioms: [propext,
 Classical.choice,
 Quot.sound]
'SafeLearning.CompleteModulesAOL.actual_positive_diagonal_gram_certificate_implies_rescaled_energy_bound' depends on axioms: [propext,
 Classical.choice,
 Quot.sound]
'SafeLearning.CompleteModulesAOL.actual_source_rescaled_linear_layer_is_nonexpansive' depends on axioms: [propext,
 Classical.choice,
 Quot.sound]
'SafeLearning.CompleteModulesBarrierBoundary.actual_determinant_tends_to_zero_at_finite_singular_boundary' depends on axioms: [propext,
 Classical.choice,
 Quot.sound]
'SafeLearning.CompleteModulesBarrierBoundary.actual_logdet_barrier_blows_up_at_finite_singular_boundary' depends on axioms: [propext,
 Classical.choice,
 Quot.sound]
'SafeLearning.CompleteModulesBarrierBoundary.actual_logdet_barrier_blows_up_at_noninvertible_finite_boundary' depends on axioms: [propext,
 Classical.choice,
 Quot.sound]
'SafeLearning.CompleteModulesBarrierGradient.actual_barrier_matrix_weight_derivative' depends on axioms: [propext,
 Classical.choice,
 Quot.sound]
'SafeLearning.CompleteModulesBarrierGradient.trace_of_actual_block_matrix' depends on axioms: [propext,
 Classical.choice,
 Quot.sound]
'SafeLearning.CompleteModulesBarrierGradient.trace_of_actual_offdiagonal_product' depends on axioms: [propext,
 Classical.choice,
 Quot.sound]
'SafeLearning.CompleteModulesBarrierGradient.actual_variation_trace_splits_into_weight_blocks' depends on axioms: [propext,
 Classical.choice,
 Quot.sound]
'SafeLearning.CompleteModulesBarrierGradient.actual_symmetric_variation_trace_is_gradient' depends on axioms: [propext,
 Classical.choice,
 Quot.sound]
'SafeLearning.CompleteModulesBarrierGradient.actual_logdet_barrier_weight_gradient' depends on axioms: [propext,
 Classical.choice,
 Quot.sound]
'SafeLearning.CompleteModulesBarrierGradient.actual_barrier_training_weight_gradient' depends on axioms: [propext,
 Classical.choice,
 Quot.sound]
'SafeLearning.CompleteModulesBarrierObjective.actual_scalar_training_matrix_determinant' depends on axioms: [propext,
 Classical.choice,
 Quot.sound]
'SafeLearning.CompleteModulesBarrierObjective.actual_example_barrier_objective_is_polynomial' depends on axioms: [propext,
 Classical.choice,
 Quot.sound]
'SafeLearning.CompleteModulesBarrierObjective.actual_polynomial_objective_gap' depends on axioms: [propext,
 Classical.choice,
 Quot.sound]
'SafeLearning.CompleteModulesBarrierObjective.actual_polynomial_negative_halfline_minimum' depends on axioms: [propext,
 Classical.choice,
 Quot.sound]
'SafeLearning.CompleteModulesBarrierObjective.actual_barrier_objective_has_feasible_nonglobal_local_minimum' depends on axioms: [propext,
 Classical.choice,
 Quot.sound]
'SafeLearning.CompleteModulesBarrierObjective.actual_training_loss_is_not_convex_on_certified_weights' depends on axioms: [propext,
 Classical.choice,
 Quot.sound]
'SafeLearning.CompleteModulesBarrierPath.actual_barrier_path_stationarity_identity' depends on axioms: [propext,
 Classical.choice,
 Quot.sound]
'SafeLearning.CompleteModulesBarrierPath.actual_barrier_path_is_positive' depends on axioms: [propext,
 Classical.choice,
 Quot.sound]
'SafeLearning.CompleteModulesBarrierPath.actual_barrier_path_stays_strictly_certified' depends on axioms: [propext,
 Classical.choice,
 Quot.sound]
'SafeLearning.CompleteModulesBarrierPath.actual_barrier_path_objective_gap' depends on axioms: [propext,
 Classical.choice,
 Quot.sound]
'SafeLearning.CompleteModulesBarrierPath.actual_barrier_path_is_global_minimum' depends on axioms: [propext,
 Classical.choice,
 Quot.sound]
'SafeLearning.CompleteModulesBarrierPath.actual_barrier_path_tends_to_boundary' depends on axioms: [propext,
 Classical.choice,
 Quot.sound]
'SafeLearning.CompleteModulesBarrierPath.actual_barrier_path_determinant_tends_to_zero' depends on axioms: [propext,
 Classical.choice,
 Quot.sound]
'SafeLearning.CompleteModulesBarrierPath.actual_path_limit_is_singular_but_certified_semidefinite' depends on axioms: [propext,
 Classical.choice,
 Quot.sound]
'SafeLearning.CompleteModulesBarrierPath.actual_path_limit_globally_minimizes_loss_on_closed_certificate' depends on axioms: [propext,
 Classical.choice,
 Quot.sound]
'SafeLearning.CompleteModulesBarrierPath.actual_fixed_interior_weight_barrier_term_vanishes' depends on axioms: [propext,
 Classical.choice,
 Quot.sound]
'SafeLearning.CompleteModulesBarrierSoundness.actual_barrier_reassociates_to_output_schur_block' depends on axioms: [propext,
 Classical.choice,
 Quot.sound]
'SafeLearning.CompleteModulesBarrierSoundness.actual_barrier_schur_complement_is_negative_lipsdp_certificate' depends on axioms: [propext,
 Classical.choice,
 Quot.sound]
'SafeLearning.CompleteModulesBarrierSoundness.actual_positive_barrier_implies_lipsdp_feasibility' depends on axioms: [propext,
 Classical.choice,
 Quot.sound]
'SafeLearning.CompleteModulesBarrierSoundness.actual_positive_barrier_has_positive_diagonal_multiplier' depends on axioms: [propext,
 Classical.choice,
 Quot.sound]
'SafeLearning.CompleteModulesBarrierSoundness.actual_accepted_positive_barrier_certifies_actual_network' depends on axioms: [propext,
 Classical.choice,
 Quot.sound]
'SafeLearning.CompleteModulesBarrierTraining.actual_training_matrix_is_symmetric' depends on axioms: [propext,
 Classical.choice,
 Quot.sound]
'SafeLearning.CompleteModulesBarrierTraining.actual_training_matrix_quadratic_identity' depends on axioms: [propext,
 Classical.choice,
 Quot.sound]
'SafeLearning.CompleteModulesBarrierTraining.actual_training_matrix_is_positive_definite' depends on axioms: [propext,
 Classical.choice,
 Quot.sound]
'SafeLearning.CompleteModulesBarrierTraining.actual_joint_training_endpoints_are_feasible' depends on axioms: [propext,
 Classical.choice,
 Quot.sound]
'SafeLearning.CompleteModulesBarrierTraining.actual_joint_training_midpoint_is_infeasible' depends on axioms: [propext,
 Classical.choice,
 Quot.sound]
'SafeLearning.CompleteModulesBarrierTraining.actual_jointly_trained_weight_and_multiplier_set_is_not_convex' depends on axioms: [propext,
 Classical.choice,
 Quot.sound]
'SafeLearning.CompleteModulesBarrierTraining.actual_finite_weight_step_can_leave_positive_definite_certificate' depends on axioms: [propext,
 Classical.choice,
 Quot.sound]
'SafeLearning.CompleteModulesBook.thermal_step' depends on axioms: [propext, Classical.choice, Quot.sound]
'SafeLearning.CompleteModulesBook.thermal_all_samples' depends on axioms: [propext, Classical.choice, Quot.sound]
'SafeLearning.CompleteModulesBook.peak_mean_examples' depends on axioms: [propext, Classical.choice, Quot.sound]
'SafeLearning.CompleteModulesBook.rare_spike_cvar_lower' depends on axioms: [propext, Classical.choice, Quot.sound]
'SafeLearning.CompleteModulesBook.rare_spike_cvar_attained' depends on axioms: [propext, Classical.choice, Quot.sound]
'SafeLearning.CompleteModulesBook.fleet_budget' depends on axioms: [propext, Classical.choice, Quot.sound]
'SafeLearning.CompleteModulesBook.thermal_energy_identity' depends on axioms: [propext, Classical.choice, Quot.sound]
'SafeLearning.CompleteModulesBook.thermal_energy_strict' depends on axioms: [propext, Classical.choice, Quot.sound]
'SafeLearning.CompleteModulesBook.thermal_disk_invariant' depends on axioms: [propext, Classical.choice, Quot.sound]
'SafeLearning.CompleteModulesBook.disk_coordinate_containment' depends on axioms: [propext,
 Classical.choice,
 Quot.sound]
'SafeLearning.CompleteModulesBook.startup_box_energy' depends on axioms: [propext, Classical.choice, Quot.sound]
'SafeLearning.CompleteModulesBook.thermal_starting_example' depends on axioms: [propext, Classical.choice, Quot.sound]
'SafeLearning.CompleteModulesBook.invariant_radius_iff' depends on axioms: [propext, Classical.choice, Quot.sound]
'SafeLearning.CompleteModulesBook.nonzero_forced_equilibrium' depends on axioms: [propext, Classical.choice, Quot.sound]
'SafeLearning.CompleteModulesBook.gp_midpoint_linear_solutions' depends on axioms: [propext,
 Classical.choice,
 Quot.sound]
'SafeLearning.CompleteModulesBook.gp_midpoint_unique_solution' depends on axioms: [propext,
 Classical.choice,
 Quot.sound]
'SafeLearning.CompleteModulesBook.gp_midpoint_reject_accept' depends on axioms: [propext, Classical.choice, Quot.sound]
'SafeLearning.CompleteModulesBook.repeated_gp_linear_system' depends on axioms: [propext, Classical.choice, Quot.sound]
'SafeLearning.CompleteModulesBook.repeated_gp_variance' depends on axioms: [propext, Classical.choice, Quot.sound]
'SafeLearning.CompleteModulesBook.repeated_gp_three_accept' depends on axioms: [propext, Classical.choice, Quot.sound]
'SafeLearning.CompleteModulesBook.constant_kernel_regularized_unique' depends on axioms: [propext,
 Classical.choice,
 Quot.sound]
'SafeLearning.CompleteModulesBook.midpoint_kernel_positive' depends on axioms: [propext, Classical.choice, Quot.sound]
'SafeLearning.CompleteModulesBook.midpoint_discrepancy_reject' depends on axioms: [propext,
 Classical.choice,
 Quot.sound]
'SafeLearning.CompleteModulesBook.residual_with_discrepancy' depends on axioms: [propext, Classical.choice, Quot.sound]
'SafeLearning.CompleteModulesBook.maximal_nominal' depends on axioms: [propext, Classical.choice, Quot.sound]
'SafeLearning.CompleteModulesBook.two_constraints_radius' depends on axioms: [propext, Classical.choice, Quot.sound]
'SafeLearning.CompleteModulesBook.gain_realization_radius' depends on axioms: [propext, Classical.choice, Quot.sound]
'SafeLearning.CompleteModulesBook.gain_proposals_fail' depends on axioms: [propext, Classical.choice, Quot.sound]
'SafeLearning.CompleteModulesBook.nominal_gain_positive_but_realization_fails' depends on axioms: [propext,
 Classical.choice,
 Quot.sound]
'SafeLearning.CompleteModulesBook.interval_realization_iff' depends on axioms: [propext, Classical.choice, Quot.sound]
'SafeLearning.CompleteModulesBook.losbo_command_interval' depends on axioms: [propext, Classical.choice, Quot.sound]
'SafeLearning.CompleteModulesBook.losbo_cones' depends on axioms: [propext, Classical.choice, Quot.sound]
'SafeLearning.CompleteModulesBook.losbo_union' depends on axioms: [propext, Classical.choice, Quot.sound]
'SafeLearning.CompleteModulesBook.backup_distance_triangle' depends on axioms: [propext, Classical.choice, Quot.sound]
'SafeLearning.CompleteModulesBook.backup_monitor_period' depends on axioms: [propext, Classical.choice, Quot.sound]
'SafeLearning.CompleteModulesBook.backup_examples' depends on axioms: [propext, Classical.choice, Quot.sound]
'SafeLearning.CompleteModulesBook.backup_library_decisions' depends on axioms: [propext, Classical.choice, Quot.sound]
'SafeLearning.CompleteModulesBook.backup_switch_and_transition' depends on axioms: [propext,
 Classical.choice,
 Quot.sound]
'SafeLearning.CompleteModulesBook.safe_cycle_values' depends on axioms: [propext, Classical.choice, Quot.sound]
'SafeLearning.CompleteModulesBook.rush_strict_threshold' depends on axioms: [propext, Classical.choice, Quot.sound]
'SafeLearning.CompleteModulesBook.rush_threshold_equality' depends on axioms: [propext, Classical.choice, Quot.sound]
'SafeLearning.CompleteModulesBook.rush_eight_tenths_threshold' depends on axioms: [propext,
 Classical.choice,
 Quot.sound]
'SafeLearning.CompleteModulesBook.lipsdp_sum_of_squares' depends on axioms: [propext, Classical.choice, Quot.sound]
'SafeLearning.CompleteModulesBook.lipsdp_negative_semidefinite' depends on axioms: [propext,
 Classical.choice,
 Quot.sound]
'SafeLearning.CompleteModulesBook.lipsdp_physical_budget' depends on axioms: [propext, Classical.choice, Quot.sound]
'SafeLearning.CompleteModulesBook.lipsdp_box_radius' depends on axioms: [propext, Classical.choice, Quot.sound]
'SafeLearning.CompleteModulesBook.coupled_multiplier_failure' depends on axioms: [propext, Classical.choice, Quot.sound]
'SafeLearning.CompleteModulesBook.gain_stack_bound' depends on axioms: [propext, Classical.choice, Quot.sound]
'SafeLearning.CompleteModulesBook.external_scale_certificate' depends on axioms: [propext, Classical.choice, Quot.sound]
'SafeLearning.CompleteModulesBook.six_stage_scale' depends on axioms: [propext, Classical.choice, Quot.sound]
'SafeLearning.CompleteModulesBook.normalized_target_incompatible' depends on axioms: [propext,
 Classical.choice,
 Quot.sound]
'SafeLearning.CompleteModulesBook.architecture_sensor_budget' depends on axioms: [propext, Classical.choice, Quot.sound]
'SafeLearning.CompleteModulesBook.biased_feedback_error' depends on axioms: [propext, Classical.choice, Quot.sound]
'SafeLearning.CompleteModulesBook.biased_invariant_and_ultimate' depends on axioms: [propext,
 Classical.choice,
 Quot.sound]
'SafeLearning.CompleteModulesBook.delayed_square_counterexample' depends on axioms: [propext,
 Classical.choice,
 Quot.sound]
'SafeLearning.CompleteModulesBook.verification_left_region' depends on axioms: [propext, Classical.choice, Quot.sound]
'SafeLearning.CompleteModulesBook.verification_middle_region' depends on axioms: [propext, Classical.choice, Quot.sound]
'SafeLearning.CompleteModulesBook.verification_right_region' depends on axioms: [propext, Classical.choice, Quot.sound]
'SafeLearning.CompleteModulesBook.verification_original_range' depends on axioms: [propext,
 Classical.choice,
 Quot.sound]
'SafeLearning.CompleteModulesBook.verification_changed_range' depends on axioms: [propext, Classical.choice, Quot.sound]
'SafeLearning.CompleteModulesBook.verification_extrema_attained' depends on axioms: [propext,
 Classical.choice,
 Quot.sound]
'SafeLearning.CompleteModulesBook.deterministic_temperature_pass' depends on axioms: [propext,
 Classical.choice,
 Quot.sound]
'SafeLearning.CompleteModulesBook.changed_temperature_pass' depends on axioms: [propext, Classical.choice, Quot.sound]
'SafeLearning.CompleteModulesBook.changed_zero_margin_attained' depends on axioms: [propext,
 Classical.choice,
 Quot.sound]
'SafeLearning.CompleteModulesBook.trajectory_conformal_size' depends on axioms: [propext, Classical.choice, Quot.sound]
'SafeLearning.CompleteModulesBook.trajectory_residual_transfer' depends on axioms: [propext,
 Classical.choice,
 Quot.sound]
'SafeLearning.CompleteModulesCayley.actual_skew_cayley_denominator_gram_is_positive' depends on axioms: [propext,
 Classical.choice,
 Quot.sound]
'SafeLearning.CompleteModulesCayley.actual_skew_cayley_denominator_is_invertible' depends on axioms: [propext,
 Classical.choice,
 Quot.sound]
'SafeLearning.CompleteModulesCayley.actual_skew_cayley_numerator_is_transposed_denominator' depends on axioms: [propext,
 Classical.choice,
 Quot.sound]
'SafeLearning.CompleteModulesCayley.actual_skew_cayley_numerator_is_invertible' depends on axioms: [propext,
 Classical.choice,
 Quot.sound]
'SafeLearning.CompleteModulesCayley.actual_cayley_is_orthogonal' depends on axioms: [propext,
 Classical.choice,
 Quot.sound]
'SafeLearning.CompleteModulesCayley.actual_cayley_has_determinant_one' depends on axioms: [propext,
 Classical.choice,
 Quot.sound]
'SafeLearning.CompleteModulesCayley.actual_cayley_plus_identity_is_twice_inverse' depends on axioms: [propext,
 Classical.choice,
 Quot.sound]
'SafeLearning.CompleteModulesCayley.actual_cayley_plus_identity_is_invertible' depends on axioms: [propext,
 Classical.choice,
 Quot.sound]
'SafeLearning.CompleteModulesCayley.actual_cayley_has_no_negative_one_eigenvector' depends on axioms: [propext,
 Classical.choice,
 Quot.sound]
'SafeLearning.CompleteModulesCayleyInverse.actual_inverse_cayley_right_denominator_identity' depends on axioms: [propext,
 Classical.choice,
 Quot.sound]
'SafeLearning.CompleteModulesCayleyInverse.actual_inverse_cayley_left_denominator_identity' depends on axioms: [propext,
 Classical.choice,
 Quot.sound]
'SafeLearning.CompleteModulesCayleyInverse.actual_inverse_cayley_is_source_inverse_formula' depends on axioms: [propext,
 Classical.choice,
 Quot.sound]
'SafeLearning.CompleteModulesCayleyInverse.actual_inverse_cayley_is_skew_symmetric' depends on axioms: [propext,
 Classical.choice,
 Quot.sound]
'SafeLearning.CompleteModulesCayleyInverse.actual_inverse_cayley_recovers_orthogonal' depends on axioms: [propext,
 Classical.choice,
 Quot.sound]
'SafeLearning.CompleteModulesCayleyInverse.actual_inverse_cayley_recovers_skew' depends on axioms: [propext,
 Classical.choice,
 Quot.sound]
'SafeLearning.CompleteModulesCayleyInverse.actual_cayley_preimage_is_unique' depends on axioms: [propext,
 Classical.choice,
 Quot.sound]
'SafeLearning.CompleteModulesCayleyInverse.actual_orthogonal_denominator_invertible_iff_no_negative_one_eigenvector' depends on axioms: [propext,
 Classical.choice,
 Quot.sound]
'SafeLearning.CompleteModulesCayleyInverse.actual_orthogonal_without_negative_one_has_unique_skew_preimage' depends on axioms: [propext,
 Classical.choice,
 Quot.sound]
'SafeLearning.CompleteModulesCayleyPlane.actual_plane_matrix_is_skew' depends on axioms: [propext,
 Classical.choice,
 Quot.sound]
'SafeLearning.CompleteModulesCayleyPlane.actual_plane_denominator_inverse' depends on axioms: [propext,
 Classical.choice,
 Quot.sound]
'SafeLearning.CompleteModulesCayleyPlane.actual_plane_cayley_formula' depends on axioms: [propext,
 Classical.choice,
 Quot.sound]
'SafeLearning.CompleteModulesCayleyPlane.actual_arctan_rotation_coordinates' depends on axioms: [propext,
 Classical.choice,
 Quot.sound]
'SafeLearning.CompleteModulesCayleyPlane.actual_plane_cayley_is_rotation' depends on axioms: [propext,
 Classical.choice,
 Quot.sound]
'SafeLearning.CompleteModulesCayleyPlane.actual_plane_cayley_angle_is_in_open_pi_interval' depends on axioms: [propext,
 Classical.choice,
 Quot.sound]
'SafeLearning.CompleteModulesCayleyPlane.actual_half_parameter_cayley_matrix' depends on axioms: [propext,
 Classical.choice,
 Quot.sound]
'SafeLearning.CompleteModulesCayleyPlane.actual_plane_cayley_never_produces_reflection' depends on axioms: [propext,
 Classical.choice,
 Quot.sound]
'SafeLearning.CompleteModulesCayleyPlane.actual_plane_cayley_never_produces_pi_rotation' depends on axioms: [propext,
 Classical.choice,
 Quot.sound]
'SafeLearning.CompleteModulesCayleyPlane.actual_half_arctan_terms_are_antitone' depends on axioms: [propext,
 Classical.choice,
 Quot.sound]
'SafeLearning.CompleteModulesCayleyPlane.actual_half_parameter_angle_rounds_to_53_13_degrees' depends on axioms: [propext,
 Classical.choice,
 Quot.sound]
'SafeLearning.CompleteModulesCayleyRange.actual_every_plane_skew_matrix_has_scalar_form' depends on axioms: [propext,
 Classical.choice,
 Quot.sound]
'SafeLearning.CompleteModulesCayleyRange.actual_plane_rotation_denominator_is_invertible' depends on axioms: [propext,
 Classical.choice,
 Quot.sound]
'SafeLearning.CompleteModulesCayleyRange.actual_plane_cayley_range_is_exact' depends on axioms: [propext,
 Classical.choice,
 Quot.sound]
'SafeLearning.CompleteModulesCayleyRange.actual_every_orthogonal_reflection_has_negative_one_eigenvector' depends on axioms: [propext,
 Classical.choice,
 Quot.sound]
'SafeLearning.CompleteModulesCholesky.actual_gram_factor_is_lower_triangular' depends on axioms: [propext,
 Classical.choice,
 Quot.sound]
'SafeLearning.CompleteModulesCholesky.actual_gram_factor_product' depends on axioms: [propext,
 Classical.choice,
 Quot.sound]
'SafeLearning.CompleteModulesCholesky.actual_gram_schmidt_diagonal_is_norm' depends on axioms: [propext,
 Classical.choice,
 Quot.sound]
'SafeLearning.CompleteModulesCholesky.actual_gram_factor_diagonal_is_positive' depends on axioms: [propext,
 Classical.choice,
 Quot.sound]
'SafeLearning.CompleteModulesCholesky.actual_positive_definite_matrix_has_cholesky' depends on axioms: [propext,
 Classical.choice,
 Quot.sound]
'SafeLearning.CompleteModulesCholesky.actual_positive_triangular_factor_implies_positive_definite' depends on axioms: [propext,
 Classical.choice,
 Quot.sound]
'SafeLearning.CompleteModulesCholesky.actual_cholesky_existence_iff_positive_definite' depends on axioms: [propext,
 Classical.choice,
 Quot.sound]
'SafeLearning.CompleteModulesCholesky.actual_exact_cholesky_failure_iff_not_positive_definite' depends on axioms: [propext,
 Classical.choice,
 Quot.sound]
'SafeLearning.CompleteModulesCholesky.actual_positive_definite_leading_principal_minors_are_positive' depends on axioms: [propext,
 Classical.choice,
 Quot.sound]
'SafeLearning.CompleteModulesCholesky.actual_cholesky_factor_reuses_inverse' depends on axioms: [propext,
 Classical.choice,
 Quot.sound]
'SafeLearning.CompleteModulesChords.actual_linear_activation_has_declared_slope' depends on axioms: [propext,
 Classical.choice,
 Quot.sound]
'SafeLearning.CompleteModulesChords.scalar_qc_iff_realizable_actual_increment' depends on axioms: [propext,
 Classical.choice,
 Quot.sound]
'SafeLearning.CompleteModulesChords.unit_interval_qc_is_scalar_product' depends on axioms: [propext,
 Classical.choice,
 Quot.sound]
'SafeLearning.CompleteModulesClassificationCertificate.actual_class_pair_gap_increment_is_weighted_feature_increment' depends on axioms: [propext,
 Classical.choice,
 Quot.sound]
'SafeLearning.CompleteModulesClassificationCertificate.actual_class_pair_gap_has_euclidean_increment_bound' depends on axioms: [propext,
 Classical.choice,
 Quot.sound]
'SafeLearning.CompleteModulesClassificationCertificate.actual_class_pair_margin_preserves_order_within_ratio_radius' depends on axioms: [propext,
 Classical.choice,
 Quot.sound]
'SafeLearning.CompleteModulesClassificationCertificate.actual_one_vs_rest_radius_preserves_unique_prediction' depends on axioms: [propext,
 Classical.choice,
 Quot.sound]
'SafeLearning.CompleteModulesClassificationLevels.actual_unnormalized_global_certificate_covers_both_closed_perturbation_levels' depends on axioms: [propext,
 Classical.choice,
 Quot.sound]
'SafeLearning.CompleteModulesClassificationLevels.actual_unnormalized_pairwise_certificate_covers_both_closed_perturbation_levels' depends on axioms: [propext,
 Classical.choice,
 Quot.sound]
'SafeLearning.CompleteModulesClassificationLevels.actual_larger_pixel_level_is_outside_both_normalized_strict_radius_criteria' depends on axioms: [propext,
 Classical.choice,
 Quot.sound]
'SafeLearning.CompleteModulesClassificationNorm.actual_distinct_class_basis_difference_has_norm_sqrt_two' depends on axioms: [propext,
 Classical.choice,
 Quot.sound]
'SafeLearning.CompleteModulesClassificationNorm.actual_class_row_difference_is_adjoint_basis_difference' depends on axioms: [propext,
 Classical.choice,
 Quot.sound]
'SafeLearning.CompleteModulesClassificationNorm.actual_class_row_difference_norm_is_bounded_by_sqrt_two_spectral_norm' depends on axioms: [propext,
 Classical.choice,
 Quot.sound]
'SafeLearning.CompleteModulesClassificationNorm.actual_one_vs_rest_global_radius_is_no_larger_than_pairwise_radius' depends on axioms: [propext,
 Classical.choice,
 Quot.sound]
'SafeLearning.CompleteModulesClassificationNorm.actual_quarter_scale_normalizer_increment' depends on axioms: [propext,
 Classical.choice,
 Quot.sound]
'SafeLearning.CompleteModulesClassificationNorm.actual_quarter_scale_normalizer_distance' depends on axioms: [propext,
 Classical.choice,
 Quot.sound]
'SafeLearning.CompleteModulesClassificationNorm.actual_normalized_radius_corresponds_to_pixel_radius' depends on axioms: [propext,
 Classical.choice,
 Quot.sound]
'SafeLearning.CompleteModulesClassificationNumbers.actual_source_class_one_is_unique_maximum' depends on axioms: [propext,
 Classical.choice,
 Quot.sound]
'SafeLearning.CompleteModulesClassificationNumbers.actual_source_logit_margins_and_global_radius' depends on axioms: [propext,
 Classical.choice,
 Quot.sound]
'SafeLearning.CompleteModulesClassificationNumbers.actual_source_pairwise_radius_and_runnerup_ratio' depends on axioms: [propext,
 Classical.choice,
 Quot.sound]
'SafeLearning.CompleteModulesClassificationNumbers.actual_source_global_radius_decimal_error' depends on axioms: [propext,
 Classical.choice,
 Quot.sound]
'SafeLearning.CompleteModulesClassificationNumbers.actual_source_runnerup_ratio_decimal_error' depends on axioms: [propext,
 Classical.choice,
 Quot.sound]
'SafeLearning.CompleteModulesClassificationNumbers.actual_source_pairwise_radius_relative_improvement_about_eighteen_percent' depends on axioms: [propext,
 Classical.choice,
 Quot.sound]
'SafeLearning.CompleteModulesClassificationNumbers.actual_source_pixel_perturbation_decimal_errors' depends on axioms: [propext,
 Classical.choice,
 Quot.sound]
'SafeLearning.CompleteModulesClassificationNumbers.actual_source_both_unnormalized_radii_exceed_both_perturbation_levels' depends on axioms: [propext,
 Classical.choice,
 Quot.sound]
'SafeLearning.CompleteModulesClassificationNumbers.actual_source_normalized_pixel_radii_and_decimal_bound' depends on axioms: [propext,
 Classical.choice,
 Quot.sound]
'SafeLearning.CompleteModulesClassificationNumbers.actual_source_normalized_pixel_radii_certify_only_smaller_level' depends on axioms: [propext,
 Classical.choice,
 Quot.sound]
'SafeLearning.CompleteModulesClassificationRoundingCounterexample.actual_source_global_radius_squared' depends on axioms: [propext,
 Classical.choice,
 Quot.sound]
'SafeLearning.CompleteModulesClassificationRoundingCounterexample.actual_source_global_radius_is_not_printed_rounded_decimal' depends on axioms: [propext,
 Classical.choice,
 Quot.sound]
'SafeLearning.CompleteModulesClassificationRoundingCounterexample.actual_source_runnerup_ratio_is_not_printed_rounded_decimal' depends on axioms: [propext,
 Classical.choice,
 Quot.sound]
'SafeLearning.CompleteModulesClassificationRoundingCounterexample.actual_source_small_perturbation_is_not_printed_rounded_decimal' depends on axioms: [propext,
 Classical.choice,
 Quot.sound]
'SafeLearning.CompleteModulesClassificationRoundingCounterexample.actual_source_large_perturbation_is_not_printed_rounded_decimal' depends on axioms: [propext,
 Classical.choice,
 Quot.sound]
'SafeLearning.CompleteModulesClassificationRoundingCounterexample.actual_source_normalized_global_radius_is_not_printed_rounded_decimal' depends on axioms: [propext,
 Classical.choice,
 Quot.sound]
'SafeLearning.CompleteModulesComplexBasics.actual_imaginary_unit_squared' depends on axioms: [propext,
 Classical.choice,
 Quot.sound]
'SafeLearning.CompleteModulesComplexBasics.actual_complex_conjugate_coordinates' depends on axioms: [propext,
 Classical.choice,
 Quot.sound]
'SafeLearning.CompleteModulesComplexBasics.actual_complex_modulus_squared_coordinates' depends on axioms: [propext,
 Classical.choice,
 Quot.sound]
'SafeLearning.CompleteModulesComplexBasics.actual_complex_modulus_squared_is_conjugate_product' depends on axioms: [propext,
 Classical.choice,
 Quot.sound]
'SafeLearning.CompleteModulesComplexBasics.actual_matrix_adjoint_entries' depends on axioms: [propext,
 Classical.choice,
 Quot.sound]
'SafeLearning.CompleteModulesComplexBasics.actual_matrix_hermitian_definition' depends on axioms: [propext,
 Classical.choice,
 Quot.sound]
'SafeLearning.CompleteModulesComplexBasics.actual_matrix_unitarity_definition' depends on axioms: [propext,
 Classical.choice,
 Quot.sound]
'SafeLearning.CompleteModulesComplexBasics.actual_complex_vector_squared_norm_is_adjoint_product' depends on axioms: [propext,
 Classical.choice,
 Quot.sound]
'SafeLearning.CompleteModulesComplexBasics.actual_imaginary_matrix_is_skew_hermitian' depends on axioms: [propext,
 Classical.choice,
 Quot.sound]
'SafeLearning.CompleteModulesComplexBasics.actual_imaginary_matrix_is_unitary' depends on axioms: [propext,
 Classical.choice,
 Quot.sound]
'SafeLearning.CompleteModulesComplexCayley.actual_complex_skew_denominator_gram_is_positive' depends on axioms: [propext,
 Classical.choice,
 Quot.sound]
'SafeLearning.CompleteModulesComplexCayley.actual_complex_skew_denominator_is_invertible' depends on axioms: [propext,
 Classical.choice,
 Quot.sound]
'SafeLearning.CompleteModulesComplexCayley.actual_complex_skew_numerator_is_adjoint_denominator' depends on axioms: [propext,
 Classical.choice,
 Quot.sound]
'SafeLearning.CompleteModulesComplexCayley.actual_complex_skew_numerator_is_invertible' depends on axioms: [propext,
 Classical.choice,
 Quot.sound]
'SafeLearning.CompleteModulesComplexCayley.actual_complex_cayley_is_unitary' depends on axioms: [propext,
 Classical.choice,
 Quot.sound]
'SafeLearning.CompleteModulesComplexCayley.actual_complex_cayley_determinant_has_unit_norm' depends on axioms: [propext,
 Classical.choice,
 Quot.sound]
'SafeLearning.CompleteModulesComplexCayley.actual_complex_cayley_plus_identity_is_twice_inverse' depends on axioms: [propext,
 Classical.choice,
 Quot.sound]
'SafeLearning.CompleteModulesComplexCayley.actual_complex_cayley_plus_identity_is_invertible' depends on axioms: [propext,
 Classical.choice,
 Quot.sound]
'SafeLearning.CompleteModulesComplexCayley.actual_complex_cayley_has_no_negative_one_eigenvector' depends on axioms: [propext,
 Classical.choice,
 Quot.sound]
'SafeLearning.CompleteModulesComplexCayleyCounterexample.actual_imaginary_matrix_is_skew_hermitian' depends on axioms: [propext,
 Classical.choice,
 Quot.sound]
'SafeLearning.CompleteModulesComplexCayleyCounterexample.actual_imaginary_cayley_denominator_inverse' depends on axioms: [propext,
 Classical.choice,
 Quot.sound]
'SafeLearning.CompleteModulesComplexCayleyCounterexample.actual_imaginary_cayley_is_negative_imaginary' depends on axioms: [propext,
 Classical.choice,
 Quot.sound]
'SafeLearning.CompleteModulesComplexCayleyCounterexample.actual_imaginary_cayley_is_unitary' depends on axioms: [propext,
 Classical.choice,
 Quot.sound]
'SafeLearning.CompleteModulesComplexCayleyCounterexample.actual_imaginary_cayley_determinant_is_not_one' depends on axioms: [propext,
 Classical.choice,
 Quot.sound]
'SafeLearning.CompleteModulesComplexCayleyCounterexample.actual_complex_skew_cayley_does_not_preserve_real_determinant_claim' depends on axioms: [propext,
 Classical.choice,
 Quot.sound]
'SafeLearning.CompleteModulesComplexCayleyInverse.actual_inverse_cayley_right_denominator_identity' depends on axioms: [propext,
 Classical.choice,
 Quot.sound]
'SafeLearning.CompleteModulesComplexCayleyInverse.actual_inverse_cayley_left_denominator_identity' depends on axioms: [propext,
 Classical.choice,
 Quot.sound]
'SafeLearning.CompleteModulesComplexCayleyInverse.actual_inverse_cayley_is_source_inverse_formula' depends on axioms: [propext,
 Classical.choice,
 Quot.sound]
'SafeLearning.CompleteModulesComplexCayleyInverse.actual_inverse_cayley_is_skew_hermitian' depends on axioms: [propext,
 Classical.choice,
 Quot.sound]
'SafeLearning.CompleteModulesComplexCayleyInverse.actual_inverse_cayley_recovers_unitary' depends on axioms: [propext,
 Classical.choice,
 Quot.sound]
'SafeLearning.CompleteModulesComplexCayleyInverse.actual_inverse_cayley_recovers_skew' depends on axioms: [propext,
 Classical.choice,
 Quot.sound]
'SafeLearning.CompleteModulesComplexCayleyInverse.actual_cayley_preimage_is_unique' depends on axioms: [propext,
 Classical.choice,
 Quot.sound]
'SafeLearning.CompleteModulesComplexCayleyInverse.actual_unitary_denominator_invertible_iff_no_negative_one_eigenvector' depends on axioms: [propext,
 Classical.choice,
 Quot.sound]
'SafeLearning.CompleteModulesComplexCayleyInverse.actual_unitary_without_negative_one_has_unique_skew_preimage' depends on axioms: [propext,
 Classical.choice,
 Quot.sound]
'SafeLearning.CompleteModulesConformal.ninety_nine_finite_rank_iff' depends on axioms: [propext,
 Classical.choice,
 Quot.sound]
'SafeLearning.CompleteModulesConformal.rank_ninety_nine_one_percent' depends on axioms: [propext,
 Classical.choice,
 Quot.sound]
'SafeLearning.CompleteModulesConformal.whole_trajectory_ninety_nine_coverage' depends on axioms: [propext,
 Classical.choice,
 Quot.sound]
'SafeLearning.CompleteModulesConformal.finite_horizon_score_iff' depends on axioms: [propext,
 Classical.choice,
 Quot.sound]
'SafeLearning.CompleteModulesConformal.nine_calibration_rank' depends on axioms: [propext, Classical.choice, Quot.sound]
'SafeLearning.CompleteModulesConformal.thirty_nine_calibration_rank' depends on axioms: [propext,
 Classical.choice,
 Quot.sound]
'SafeLearning.CompleteModulesDeterminantTaylor.actual_determinant_exact_second_order_expansion' depends on axioms: [propext,
 Classical.choice,
 Quot.sound]
'SafeLearning.CompleteModulesDeterminantTaylor.actual_determinant_second_order_remainder_is_bigO' depends on axioms: [propext,
 Classical.choice,
 Quot.sound]
'SafeLearning.CompleteModulesDeterminantTaylor.actual_determinant_perturbation_factorization' depends on axioms: [propext,
 Classical.choice,
 Quot.sound]
'SafeLearning.CompleteModulesDeterminantTaylor.actual_general_determinant_second_order_expansion' depends on axioms: [propext,
 Classical.choice,
 Quot.sound]
'SafeLearning.CompleteModulesDiagonalQC.scalar_qc_factorization' depends on axioms: [propext,
 Classical.choice,
 Quot.sound]
'SafeLearning.CompleteModulesDiagonalQC.scalar_qc_iff_admissible_chord' depends on axioms: [propext,
 Classical.choice,
 Quot.sound]
'SafeLearning.CompleteModulesDiagonalQC.diagonal_qc_from_actual_activations' depends on axioms: [propext,
 Classical.choice,
 Quot.sound]
'SafeLearning.CompleteModulesDiagonalQC.all_diagonal_qcs_iff_coordinate_qcs' depends on axioms: [propext,
 Classical.choice,
 Quot.sound]
'SafeLearning.CompleteModulesDiagonalQC.all_diagonal_qcs_iff_independent_diagonal_slopes' depends on axioms: [propext,
 Classical.choice,
 Quot.sound]
'SafeLearning.CompleteModulesDiagonalQC.diagonal_qc_matrix_is_stated_block' depends on axioms: [propext,
 Classical.choice,
 Quot.sound]
'SafeLearning.CompleteModulesDiagonalQC.diagonal_qc_is_actual_block_quadratic' depends on axioms: [propext,
 Classical.choice,
 Quot.sound]
'SafeLearning.CompleteModulesDissipation.actual_storage_dissipation_telescopes' depends on axioms: [propext,
 Classical.choice,
 Quot.sound]
'SafeLearning.CompleteModulesDissipation.actual_nonnegative_storage_implies_finite_energy_gain' depends on axioms: [propext,
 Classical.choice,
 Quot.sound]
'SafeLearning.CompleteModulesDissipation.actual_zero_initial_storage_implies_signal_norm_gain' depends on axioms: [propext,
 Classical.choice,
 Quot.sound]
'SafeLearning.CompleteModulesDissipation.actual_storage_dissipation_with_square_summable_input_has_bounded_square_summable_output' depends on axioms: [propext,
 Classical.choice,
 Quot.sound]
'SafeLearning.CompleteModulesDissipation.actual_practice_energy_three_has_output_energy_at_most_twelve' depends on axioms: [propext,
 Classical.choice,
 Quot.sound]
'SafeLearning.CompleteModulesDynamicCascade.actual_connected_dynamic_cascade_has_every_finite_weighted_energy_bound' depends on axioms: [propext,
 Classical.choice,
 Quot.sound]
'SafeLearning.CompleteModulesDynamicCascade.actual_linear_output_gram_dominance_bounds_weighted_energy' depends on axioms: [propext,
 Classical.choice,
 Quot.sound]
'SafeLearning.CompleteModulesDynamicCascade.actual_dynamic_cascade_euclidean_output_bound_from_source_endpoint_weights' depends on axioms: [propext,
 Classical.choice,
 Quot.sound]
'SafeLearning.CompleteModulesDynamicLayer.actual_bilinear_matrix_pullback' depends on axioms: [propext,
 Classical.choice,
 Quot.sound]
'SafeLearning.CompleteModulesDynamicLayer.actual_quadratic_state_increment_expansion' depends on axioms: [propext,
 Classical.choice,
 Quot.sound]
'SafeLearning.CompleteModulesDynamicLayer.actual_layer_certificate_quadratic_identity' depends on axioms: [propext,
 Classical.choice,
 Quot.sound]
'SafeLearning.CompleteModulesDynamicLayerSoundness.actual_dynamic_preactivation_difference_cancels_bias' depends on axioms: [propext,
 Classical.choice,
 Quot.sound]
'SafeLearning.CompleteModulesDynamicLayerSoundness.actual_dynamic_layer_activation_increment_satisfies_qc' depends on axioms: [propext,
 Classical.choice,
 Quot.sound]
'SafeLearning.CompleteModulesDynamicLayerSoundness.actual_dynamic_layer_lmi_implies_storage_dissipation' depends on axioms: [propext,
 Classical.choice,
 Quot.sound]
'SafeLearning.CompleteModulesDynamicLayerSoundness.actual_weighted_storage_dissipation_telescopes' depends on axioms: [propext,
 Classical.choice,
 Quot.sound]
'SafeLearning.CompleteModulesDynamicLayerTrajectory.actual_layer_lmi_bounds_every_finite_trajectory_weighted_energy' depends on axioms: [propext,
 Classical.choice,
 Quot.sound]
'SafeLearning.CompleteModulesDynamicLayerTrajectory.actual_layer_lmi_bounds_zero_initial_trajectory_weighted_energy' depends on axioms: [propext,
 Classical.choice,
 Quot.sound]
'SafeLearning.CompleteModulesDynamicLayerTrajectory.actual_identity_quadratic_is_coordinate_energy' depends on axioms: [propext,
 Classical.choice,
 Quot.sound]
'SafeLearning.CompleteModulesDynamicLayerTrajectory.actual_euclidean_layer_lmi_bounds_every_zero_initial_trajectory_energy' depends on axioms: [propext,
 Classical.choice,
 Quot.sound]
'SafeLearning.CompleteModulesDynamicLayerTrajectory.actual_dynamic_layer_certificate_dimension_is_state_plus_input_plus_output' depends on axioms: [propext,
 Classical.choice,
 Quot.sound]
'SafeLearning.CompleteModulesDynamicLayerTrajectory.actual_three_tap_dynamic_certificate_has_signal_length_independent_dimension' depends on axioms: [propext,
 Classical.choice,
 Quot.sound]
'SafeLearning.CompleteModulesDynamicNetwork.actual_connected_dynamic_network_lmis_imply_euclidean_gain' depends on axioms: [propext,
 Classical.choice,
 Quot.sound]
'SafeLearning.CompleteModulesDynamics.thermal_gain_positive_lt_one' depends on axioms: [propext,
 Classical.choice,
 Quot.sound]
'SafeLearning.CompleteModulesDynamics.thermal_norm_residual_square' depends on axioms: [propext,
 Classical.choice,
 Quot.sound]
'SafeLearning.CompleteModulesDynamics.thermal_exact_squared_norm_bound' depends on axioms: [propext,
 Classical.choice,
 Quot.sound]
'SafeLearning.CompleteModulesDynamics.thermal_gain_eigenvector' depends on axioms: [propext,
 Classical.choice,
 Quot.sound]
'SafeLearning.CompleteModulesDynamics.thermal_radius_gain' depends on axioms: [propext, Classical.choice, Quot.sound]
'SafeLearning.CompleteModulesDynamics.thermal_unit_disk_with_disturbance_budget' depends on axioms: [propext,
 Classical.choice,
 Quot.sound]
'SafeLearning.CompleteModulesDynamics.l2_triangle' depends on axioms: [propext, Classical.choice, Quot.sound]
'SafeLearning.CompleteModulesDynamics.thermal_l2_gain' depends on axioms: [propext, Classical.choice, Quot.sound]
'SafeLearning.CompleteModulesDynamics.thermal_disturbed_step' depends on axioms: [propext, Classical.choice, Quot.sound]
'SafeLearning.CompleteModulesDynamics.thermal_disturbed_unit_disk' depends on axioms: [propext,
 Classical.choice,
 Quot.sound]
'SafeLearning.CompleteModulesDynamics.thermal_constant_forcing_equilibrium' depends on axioms: [propext,
 Classical.choice,
 Quot.sound]
'SafeLearning.CompleteModulesDynamics.thermal_forced_trajectory_not_zero' depends on axioms: [propext,
 Classical.choice,
 Quot.sound]
'SafeLearning.CompleteModulesDynamics.delayed_storage_bounds' depends on axioms: [propext, Classical.choice, Quot.sound]
'SafeLearning.CompleteModulesDynamics.delayed_storage_exact_decrease' depends on axioms: [propext,
 Classical.choice,
 Quot.sound]
'SafeLearning.CompleteModulesDynamics.delayed_storage_contraction' depends on axioms: [propext,
 Classical.choice,
 Quot.sound]
'SafeLearning.CompleteModulesDynamics.delayed_trajectory_energy' depends on axioms: [propext,
 Classical.choice,
 Quot.sound]
'SafeLearning.CompleteModulesDynamics.delayed_trajectory_energy_tends_zero' depends on axioms: [propext,
 Classical.choice,
 Quot.sound]
'SafeLearning.CompleteModulesEigenProduct.actual_constant_multiset_product' depends on axioms: [propext,
 Classical.choice,
 Quot.sound]
'SafeLearning.CompleteModulesEigenProduct.actual_complex_characteristic_roots_count' depends on axioms: [propext,
 Classical.choice,
 Quot.sound]
'SafeLearning.CompleteModulesEigenProduct.actual_complex_determinant_is_eigenvalue_product' depends on axioms: [propext,
 Classical.choice,
 Quot.sound]
'SafeLearning.CompleteModulesEigenProduct.actual_real_determinant_is_actual_complex_eigenvalue_product' depends on axioms: [propext,
 Classical.choice,
 Quot.sound]
'SafeLearning.CompleteModulesEigenProduct.actual_characteristic_root_is_actual_matrix_spectral_value' depends on axioms: [propext,
 Classical.choice,
 Quot.sound]
'SafeLearning.CompleteModulesEllipsoidConcavity.actual_quadratic_jensen_gap_identity' depends on axioms: [propext,
 Classical.choice,
 Quot.sound]
'SafeLearning.CompleteModulesEllipsoidConcavity.actual_psd_quadratic_is_nonnegative' depends on axioms: [propext,
 Classical.choice,
 Quot.sound]
'SafeLearning.CompleteModulesEllipsoidConcavity.actual_positive_semidefinite_storage_ellipsoid_is_convex' depends on axioms: [propext,
 Classical.choice,
 Quot.sound]
'SafeLearning.CompleteModulesEllipsoidConcavity.actual_quadratic_is_concave_on_a_positive_storage_ellipsoid_iff_negative_semidefinite' depends on axioms: [propext,
 Classical.choice,
 Quot.sound]
'SafeLearning.CompleteModulesEllipsoidCorollaries.actual_source_normalized_matrix_is_positive_semidefinite' depends on axioms: [propext,
 Classical.choice,
 Quot.sound]
'SafeLearning.CompleteModulesEllipsoidCorollaries.actual_source_true_largest_normalized_eigenvalue_is_five_fourths' depends on axioms: [propext,
 Classical.choice,
 Quot.sound]
'SafeLearning.CompleteModulesEllipsoidCorollaries.actual_source_smallest_certificate_multiplier_is_five_fourths' depends on axioms: [propext,
 Classical.choice,
 Quot.sound]
'SafeLearning.CompleteModulesEllipsoidCorollaries.actual_source_certificate_and_maximizer_complementary_slackness' depends on axioms: [propext,
 Classical.choice,
 Quot.sound]
'SafeLearning.CompleteModulesEllipsoidExample.actual_source_storage_is_positive_definite' depends on axioms: [propext,
 Classical.choice,
 Quot.sound]
'SafeLearning.CompleteModulesEllipsoidExample.actual_source_objective_is_symmetric' depends on axioms: [propext,
 Classical.choice,
 Quot.sound]
'SafeLearning.CompleteModulesEllipsoidExample.actual_source_storage_inverse' depends on axioms: [propext,
 Classical.choice,
 Quot.sound]
'SafeLearning.CompleteModulesEllipsoidExample.actual_source_inverse_positive_square_root' depends on axioms: [propext,
 Classical.choice,
 Quot.sound]
'SafeLearning.CompleteModulesEllipsoidExample.actual_source_normalized_matrix' depends on axioms: [propext,
 Classical.choice,
 Quot.sound]
'SafeLearning.CompleteModulesEllipsoidExample.actual_source_normalized_trace_and_determinant' depends on axioms: [propext,
 Classical.choice,
 Quot.sound]
'SafeLearning.CompleteModulesEllipsoidExample.actual_source_normalized_complete_characteristic_roots' depends on axioms: [propext,
 Classical.choice,
 Quot.sound]
'SafeLearning.CompleteModulesEllipsoidExample.actual_source_storage_and_objective_quadratic_identities' depends on axioms: [propext,
 Classical.choice,
 Quot.sound]
'SafeLearning.CompleteModulesEllipsoidExample.actual_source_cauchy_schwarz_upper_bound' depends on axioms: [propext,
 Classical.choice,
 Quot.sound]
'SafeLearning.CompleteModulesEllipsoidExample.actual_source_maximizer_has_energy_one_and_objective_five_fourths' depends on axioms: [propext,
 Classical.choice,
 Quot.sound]
'SafeLearning.CompleteModulesEllipsoidExample.actual_source_ellipsoid_maximum_is_five_fourths' depends on axioms: [propext,
 Classical.choice,
 Quot.sound]
'SafeLearning.CompleteModulesEllipsoidExample.actual_source_maximizer_is_in_the_printed_equality_direction' depends on axioms: [propext,
 Classical.choice,
 Quot.sound]
'SafeLearning.CompleteModulesEllipsoidHomogenization.actual_homogenized_quadratic_identity' depends on axioms: [propext,
 Classical.choice,
 Quot.sound]
'SafeLearning.CompleteModulesEllipsoidHomogenization.actual_homogenized_matrix_psd_iff_the_literal_two_conditions' depends on axioms: [propext,
 Classical.choice,
 Quot.sound]
'SafeLearning.CompleteModulesEllipsoidHomogenization.actual_s_procedure_global_residual_iff_the_source_homogenized_block_psd' depends on axioms: [propext,
 Classical.choice,
 Quot.sound]
'SafeLearning.CompleteModulesEllipsoidLagrange.actual_attained_ellipsoid_optimum_obeys_generic_kkt' depends on axioms: [propext,
 Classical.choice,
 Quot.sound]
'SafeLearning.CompleteModulesEllipsoidNegative.actual_negative_definite_objective_is_strictly_negative_at_nonzero_vectors' depends on axioms: [propext,
 Classical.choice,
 Quot.sound]
'SafeLearning.CompleteModulesEllipsoidNegative.actual_negative_definite_objective_has_zero_ellipsoid_maximum' depends on axioms: [propext,
 Classical.choice,
 Quot.sound]
'SafeLearning.CompleteModulesEllipsoidNegative.actual_negative_definiteness_survives_the_inverse_root_congruence' depends on axioms: [propext,
 Classical.choice,
 Quot.sound]
'SafeLearning.CompleteModulesEllipsoidNegative.actual_negative_definite_objective_has_negative_true_largest_normalized_eigenvalue' depends on axioms: [propext,
 Classical.choice,
 Quot.sound]
'SafeLearning.CompleteModulesEllipsoidNegative.actual_identity_negative_identity_example_has_largest_eigenvalue_minus_one' depends on axioms: [propext,
 Classical.choice,
 Quot.sound]
'SafeLearning.CompleteModulesEllipsoidOptimum.actual_matrix_congruence_quadratic_identity' depends on axioms: [propext,
 Classical.choice,
 Quot.sound]
'SafeLearning.CompleteModulesEllipsoidOptimum.actual_inverse_root_change_of_variable_energy' depends on axioms: [propext,
 Classical.choice,
 Quot.sound]
'SafeLearning.CompleteModulesEllipsoidOptimum.actual_inverse_root_change_of_variable_quadratic' depends on axioms: [propext,
 Classical.choice,
 Quot.sound]
'SafeLearning.CompleteModulesEllipsoidOptimum.actual_ellipsoid_value_set_is_exactly_the_normalized_unit_ball_value_set' depends on axioms: [propext,
 Classical.choice,
 Quot.sound]
'SafeLearning.CompleteModulesEllipsoidOptimum.actual_ellipsoid_quadratic_maximum' depends on axioms: [propext,
 Classical.choice,
 Quot.sound]
'SafeLearning.CompleteModulesEllipsoidOptimum.actual_smallest_nonnegative_s_procedure_multiplier' depends on axioms: [propext,
 Classical.choice,
 Quot.sound]
'SafeLearning.CompleteModulesEllipsoidOptimum.actual_ellipsoid_primal_and_multiplier_dual_have_the_same_attained_optimum' depends on axioms: [propext,
 Classical.choice,
 Quot.sound]
'SafeLearning.CompleteModulesEllipsoidRoot.actual_inverse_positive_square_root_exists_squares_and_is_invertible' depends on axioms: [propext,
 Classical.choice,
 Quot.sound]
'SafeLearning.CompleteModulesEllipsoidRoot.actual_inverse_positive_square_root_congruence_normalizes_the_energy' depends on axioms: [propext,
 Classical.choice,
 Quot.sound]
'SafeLearning.CompleteModulesEllipsoidRoot.actual_normalized_quadratic_is_symmetric' depends on axioms: [propext,
 Classical.choice,
 Quot.sound]
'SafeLearning.CompleteModulesEllipsoidRoot.actual_ellipsoid_certificate_is_equivalent_to_the_normalized_spectral_shift' depends on axioms: [propext,
 Classical.choice,
 Quot.sound]
'SafeLearning.CompleteModulesEllipsoidRoot.actual_ellipsoid_certificate_iff_true_normalized_eigenvalue_bound' depends on axioms: [propext,
 Classical.choice,
 Quot.sound]
'SafeLearning.CompleteModulesEllipsoidSProcedure.actual_quadratic_homogeneity' depends on axioms: [propext,
 Classical.choice,
 Quot.sound]
'SafeLearning.CompleteModulesEllipsoidSProcedure.actual_constant_plus_symmetric_quadratic_nonnegative_iff' depends on axioms: [propext,
 Classical.choice,
 Quot.sound]
'SafeLearning.CompleteModulesEllipsoidSProcedure.actual_s_procedure_residual_is_the_literal_constant_plus_quadratic' depends on axioms: [propext,
 Classical.choice,
 Quot.sound]
'SafeLearning.CompleteModulesEllipsoidSProcedure.actual_s_procedure_residual_is_globally_nonnegative_iff_literal_matrix_conditions' depends on axioms: [propext,
 Classical.choice,
 Quot.sound]
'SafeLearning.CompleteModulesEllipsoidSProcedure.actual_ellipsoid_constraint_has_a_strictly_feasible_point' depends on axioms: [propext,
 Classical.choice,
 Quot.sound]
'SafeLearning.CompleteModulesEllipsoidSProcedure.actual_ellipsoid_inhomogeneous_s_lemma_equivalence' depends on axioms: [propext,
 Classical.choice,
 Quot.sound]
'SafeLearning.CompleteModulesEllipsoidSpectral.actual_maximum_eigenvalue_is_one_of_the_true_eigenvalues' depends on axioms: [propext,
 Classical.choice,
 Quot.sound]
'SafeLearning.CompleteModulesEllipsoidSpectral.actual_maximum_eigenvalue_bound_iff_every_true_eigenvalue_is_bounded' depends on axioms: [propext,
 Classical.choice,
 Quot.sound]
'SafeLearning.CompleteModulesEllipsoidSpectral.actual_symmetric_shift_is_psd_iff_bound_exceeds_the_true_largest_eigenvalue' depends on axioms: [propext,
 Classical.choice,
 Quot.sound]
'SafeLearning.CompleteModulesEllipsoidSpectral.actual_quadratic_unit_ball_upper_bound' depends on axioms: [propext,
 Classical.choice,
 Quot.sound]
'SafeLearning.CompleteModulesEllipsoidSpectral.actual_true_largest_eigenvector_has_unit_energy_and_its_eigenvalue' depends on axioms: [propext,
 Classical.choice,
 Quot.sound]
'SafeLearning.CompleteModulesEllipsoidSpectral.actual_unit_ball_quadratic_maximum' depends on axioms: [propext,
 Classical.choice,
 Quot.sound]
'SafeLearning.CompleteModulesEllipsoidSquareRoots.actual_positive_square_root_is_psd_and_squares_to_positive_storage' depends on axioms: [propext,
 Classical.choice,
 Quot.sound]
'SafeLearning.CompleteModulesEllipsoidSquareRoots.actual_positive_square_root_is_the_inverse_of_the_actual_inverse_square_root' depends on axioms: [propext,
 Classical.choice,
 Quot.sound]
'SafeLearning.CompleteModulesEllipsoidSquareRoots.actual_inverse_square_root_is_the_inverse_of_the_actual_positive_square_root' depends on axioms: [propext,
 Classical.choice,
 Quot.sound]
'SafeLearning.CompleteModulesEllipsoidSquareRoots.actual_source_change_of_variable_is_multiplication_by_the_positive_square_root' depends on axioms: [propext,
 Classical.choice,
 Quot.sound]
'SafeLearning.CompleteModulesEllipsoidStrictSpectrum.actual_true_largest_eigenvalue_strict_bound_iff_every_true_eigenvalue_strictly_bounded' depends on axioms: [propext,
 Classical.choice,
 Quot.sound]
'SafeLearning.CompleteModulesEllipsoidStrictSpectrum.actual_symmetric_shift_is_pd_iff_strict_true_largest_eigenvalue_bound' depends on axioms: [propext,
 Classical.choice,
 Quot.sound]
'SafeLearning.CompleteModulesEllipsoidStrictSpectrum.actual_negative_normalized_largest_eigenvalue_iff_the_source_objective_is_negative_definite' depends on axioms: [propext,
 Classical.choice,
 Quot.sound]
'SafeLearning.CompleteModulesEllipsoidStrictSpectrum.actual_zero_clipping_changes_the_true_largest_eigenvalue_iff_negative_definiteness' depends on axioms: [propext,
 Classical.choice,
 Quot.sound]
'SafeLearning.CompleteModulesEpigraph.actual_source_schur_quadratic_completion' depends on axioms: [propext,
 Classical.choice,
 Quot.sound]
'SafeLearning.CompleteModulesEpigraph.actual_source_schur_matrix_positive_semidefinite_iff' depends on axioms: [propext,
 Classical.choice,
 Quot.sound]
'SafeLearning.CompleteModulesEpigraph.actual_source_schur_matrix_positive_definite_iff' depends on axioms: [propext,
 Classical.choice,
 Quot.sound]
'SafeLearning.CompleteModulesEpigraph.actual_source_schur_boundary_rank_one_and_kernel' depends on axioms: [propext,
 Classical.choice,
 Quot.sound]
'SafeLearning.CompleteModulesEpigraph.actual_source_epigraph_quadratic_completion' depends on axioms: [propext,
 Classical.choice,
 Quot.sound]
'SafeLearning.CompleteModulesEpigraph.actual_source_epigraph_matrix_positive_semidefinite_iff' depends on axioms: [propext,
 Classical.choice,
 Quot.sound]
'SafeLearning.CompleteModulesEpigraph.actual_source_epigraph_matrix_positive_definite_iff' depends on axioms: [propext,
 Classical.choice,
 Quot.sound]
'SafeLearning.CompleteModulesEpigraph.actual_source_epigraph_matrix_is_affine_in_unknowns' depends on axioms: [propext,
 Classical.choice,
 Quot.sound]
'SafeLearning.CompleteModulesEpigraph.actual_source_epigraph_boundary_kernel' depends on axioms: [propext,
 Classical.choice,
 Quot.sound]
'SafeLearning.CompleteModulesEpigraph.actual_source_three_four_epigraph_least_bound' depends on axioms: [propext,
 Classical.choice,
 Quot.sound]
'SafeLearning.CompleteModulesFIRBase.actual_fir_state_space_realization' depends on axioms: [propext,
 Classical.choice,
 Quot.sound]
'SafeLearning.CompleteModulesFIRBase.actual_fir_state_matrix_is_nilpotent_of_index_one' depends on axioms: [propext,
 Classical.choice,
 Quot.sound]
'SafeLearning.CompleteModulesFIRBase.actual_fir_controllability_gramian_formula' depends on axioms: [propext,
 Classical.choice,
 Quot.sound]
'SafeLearning.CompleteModulesFIRBase.actual_fir_inverse_gramian_storage_formula' depends on axioms: [propext,
 Classical.choice,
 Quot.sound]
'SafeLearning.CompleteModulesFIRBase.actual_fir_storage_is_actual_matrix_inverse' depends on axioms: [propext,
 Classical.choice,
 Quot.sound]
'SafeLearning.CompleteModulesFIRBase.actual_fir_storage_strictly_between_zero_and_gain_squared' depends on axioms: [propext,
 Classical.choice,
 Quot.sound]
'SafeLearning.CompleteModulesFIRBase.actual_fir_dissipation_matrix_is_source_diagonal' depends on axioms: [propext,
 Classical.choice,
 Quot.sound]
'SafeLearning.CompleteModulesFIRBase.actual_fir_dissipation_matrix_is_positive_definite' depends on axioms: [propext,
 Classical.choice,
 Quot.sound]
'SafeLearning.CompleteModulesFIRBase.actual_fir_zero_free_parameter_storage_endpoint' depends on axioms: [propext,
 Classical.choice,
 Quot.sound]
'SafeLearning.CompleteModulesFIRBase.actual_fir_zero_free_parameter_certificate_is_only_semidefinite' depends on axioms: [propext,
 Classical.choice,
 Quot.sound]
'SafeLearning.CompleteModulesFIRBase.actual_fir_source_unit_parameters' depends on axioms: [propext,
 Classical.choice,
 Quot.sound]
'SafeLearning.CompleteModulesFIRBoundaryTightness.actual_nonnegative_regularizer_storage_is_positive_and_at_most_gain_squared' depends on axioms: [propext,
 Classical.choice,
 Quot.sound]
'SafeLearning.CompleteModulesFIRBoundaryTightness.actual_defined_tangent_parameterized_gain_tight_iff' depends on axioms: [propext,
 Classical.choice,
 Quot.sound]
'SafeLearning.CompleteModulesFIRBoundaryTightness.actual_endpoint_parameterized_gain_tight_iff_sine_zero' depends on axioms: [propext,
 Classical.choice,
 Quot.sound]
'SafeLearning.CompleteModulesFIRBoundaryTightness.actual_tight_positive_storage_has_defined_tangent' depends on axioms: [propext,
 Classical.choice,
 Quot.sound]
'SafeLearning.CompleteModulesFIRCorollaries.actual_source_cholesky_is_lower_and_upper_triangular' depends on axioms: [propext,
 Classical.choice,
 Quot.sound]
'SafeLearning.CompleteModulesFIRCorollaries.actual_positive_regularizer_or_nonzero_free_parameter_gives_interior_storage' depends on axioms: [propext,
 Classical.choice,
 Quot.sound]
'SafeLearning.CompleteModulesFIRCorollaries.actual_source_half_factor_is_exact_cholesky' depends on axioms: [propext,
 Classical.choice,
 Quot.sound]
'SafeLearning.CompleteModulesFIRCorollaries.actual_source_radical_kernels_are_actual_parameterized_kernels' depends on axioms: [propext,
 Classical.choice,
 Quot.sound]
'SafeLearning.CompleteModulesFIRCorollaries.actual_source_unit_storage_radical_kernel_certificate' depends on axioms: [propext,
 Classical.choice,
 Quot.sound]
'SafeLearning.CompleteModulesFIRCorollaries.actual_source_radical_filter_has_actual_storage_dissipation' depends on axioms: [propext,
 Classical.choice,
 Quot.sound]
'SafeLearning.CompleteModulesFIRCorollaries.actual_source_radical_filter_has_actual_finite_energy_bound' depends on axioms: [propext,
 Classical.choice,
 Quot.sound]
'SafeLearning.CompleteModulesFIRCorollaries.actual_source_radical_filter_has_actual_infinite_energy_bound' depends on axioms: [propext,
 Classical.choice,
 Quot.sound]
'SafeLearning.CompleteModulesFIRGain.actual_parameterized_kernel_absolute_gain_bound' depends on axioms: [propext,
 Classical.choice,
 Quot.sound]
'SafeLearning.CompleteModulesFIRGain.actual_fir_frequency_bound' depends on axioms: [propext,
 Classical.choice,
 Quot.sound]
'SafeLearning.CompleteModulesFIRGain.actual_positive_fir_frequency_bound_is_attained_at_zero' depends on axioms: [propext,
 Classical.choice,
 Quot.sound]
'SafeLearning.CompleteModulesFIRGain.actual_positive_fir_frequency_supremum' depends on axioms: [propext,
 Classical.choice,
 Quot.sound]
'SafeLearning.CompleteModulesFIRGain.actual_parameterized_fir_frequency_gain_bound' depends on axioms: [propext,
 Classical.choice,
 Quot.sound]
'SafeLearning.CompleteModulesFIRGain.actual_parameterized_gain_squared_gap' depends on axioms: [propext,
 Classical.choice,
 Quot.sound]
'SafeLearning.CompleteModulesFIRInfinite.actual_fir_square_summable_input_has_bounded_square_summable_output' depends on axioms: [propext,
 Classical.choice,
 Quot.sound]
'SafeLearning.CompleteModulesFIRNumbers.actual_source_cholesky_is_exact_positive_factor' depends on axioms: [propext,
 Classical.choice,
 Quot.sound]
'SafeLearning.CompleteModulesFIRNumbers.actual_source_trigonometric_kernel_is_exact_radical' depends on axioms: [propext,
 Classical.choice,
 Quot.sound]
'SafeLearning.CompleteModulesFIRNumbers.actual_corrected_kernel_decimal_bounds' depends on axioms: [propext,
 Classical.choice,
 Quot.sound]
'SafeLearning.CompleteModulesFIRNumbers.actual_source_certificate_is_exact_radical_matrix' depends on axioms: [propext,
 Classical.choice,
 Quot.sound]
'SafeLearning.CompleteModulesFIRNumbers.actual_source_certificate_determinant_and_trace' depends on axioms: [propext,
 Classical.choice,
 Quot.sound]
'SafeLearning.CompleteModulesFIRNumbers.actual_certificate_off_diagonal_decimal_bound' depends on axioms: [propext,
 Classical.choice,
 Quot.sound]
'SafeLearning.CompleteModulesFIRNumbers.actual_source_frequency_gain_value_and_rounding' depends on axioms: [propext,
 Classical.choice,
 Quot.sound]
'SafeLearning.CompleteModulesFIROperator.actual_unit_vector_complement_is_positive_semidefinite' depends on axioms: [propext,
 Classical.choice,
 Quot.sound]
'SafeLearning.CompleteModulesFIROperator.actual_unit_row_cholesky_certificate_identity' depends on axioms: [propext,
 Classical.choice,
 Quot.sound]
'SafeLearning.CompleteModulesFIROperator.actual_unit_row_cholesky_certificate_is_positive_semidefinite' depends on axioms: [propext,
 Classical.choice,
 Quot.sound]
'SafeLearning.CompleteModulesFIROperator.actual_fir_certificate_has_literal_dissipation_quadratic' depends on axioms: [propext,
 Classical.choice,
 Quot.sound]
'SafeLearning.CompleteModulesFIROperator.actual_fir_certificate_implies_storage_dissipation' depends on axioms: [propext,
 Classical.choice,
 Quot.sound]
'SafeLearning.CompleteModulesFIROperator.actual_zero_initial_fir_finite_horizon_energy_bound' depends on axioms: [propext,
 Classical.choice,
 Quot.sound]
'SafeLearning.CompleteModulesFIROperator.actual_zero_initial_fir_output_energy_bound' depends on axioms: [propext,
 Classical.choice,
 Quot.sound]
'SafeLearning.CompleteModulesFIRParameterization.actual_parameter_vector_is_unit' depends on axioms: [propext,
 Classical.choice,
 Quot.sound]
'SafeLearning.CompleteModulesFIRParameterization.actual_parameter_factor_gram_is_source_dissipation_matrix' depends on axioms: [propext,
 Classical.choice,
 Quot.sound]
'SafeLearning.CompleteModulesFIRParameterization.actual_parameterized_row_is_the_actual_kernel_row' depends on axioms: [propext,
 Classical.choice,
 Quot.sound]
'SafeLearning.CompleteModulesFIRParameterization.actual_parameterized_fir_certificate_is_positive_semidefinite' depends on axioms: [propext,
 Classical.choice,
 Quot.sound]
'SafeLearning.CompleteModulesFIRParameterization.actual_source_unit_vector_is_produced_by_actual_cayley' depends on axioms: [propext,
 Classical.choice,
 Quot.sound]
'SafeLearning.CompleteModulesFIRParameterization.actual_source_kernel_row_is_the_unit_factor_parameterization' depends on axioms: [propext,
 Classical.choice,
 Quot.sound]
'SafeLearning.CompleteModulesFIRParameterization.actual_source_exact_certificate_is_positive_semidefinite' depends on axioms: [propext,
 Classical.choice,
 Quot.sound]
'SafeLearning.CompleteModulesFIRParameterization.actual_source_certificate_characteristic_polynomial' depends on axioms: [propext,
 Classical.choice,
 Quot.sound]
'SafeLearning.CompleteModulesFIRParameterization.actual_source_certificate_eigenvalues' depends on axioms: [propext,
 Classical.choice,
 Quot.sound]
'SafeLearning.CompleteModulesFIRParameterization.actual_source_frequency_supremum_is_exact_gain' depends on axioms: [propext,
 Classical.choice,
 Quot.sound]
'SafeLearning.CompleteModulesFIRRoundingCounterexample.actual_printed_rounded_certificate_determinant' depends on axioms: [propext,
 Classical.choice,
 Quot.sound]
'SafeLearning.CompleteModulesFIRRoundingCounterexample.actual_printed_rounded_certificate_determinant_is_not_zero' depends on axioms: [propext,
 Classical.choice,
 Quot.sound]
'SafeLearning.CompleteModulesFIRRoundingCounterexample.actual_printed_cholesky_decimal_is_not_exact' depends on axioms: [propext,
 Classical.choice,
 Quot.sound]
'SafeLearning.CompleteModulesFIRRoundingCounterexample.actual_printed_rounded_kernel_gain' depends on axioms: [propext,
 Classical.choice,
 Quot.sound]
'SafeLearning.CompleteModulesFIRRoundingCounterexample.actual_printed_rounded_kernel_gain_is_not_quoted_decimal' depends on axioms: [propext,
 Classical.choice,
 Quot.sound]
'SafeLearning.CompleteModulesFIRTightness.actual_parameterized_gain_is_tight_iff_alignment' depends on axioms: [propext,
 Classical.choice,
 Quot.sound]
'SafeLearning.CompleteModulesFIRTightness.actual_alignment_iff_squared_source_weights' depends on axioms: [propext,
 Classical.choice,
 Quot.sound]
'SafeLearning.CompleteModulesFIRTightness.actual_interior_parameterized_gain_tight_iff_source_tangent_ratio' depends on axioms: [propext,
 Classical.choice,
 Quot.sound]
'SafeLearning.CompleteModulesFIRTightness.actual_half_storage_quarter_pi_kernels_are_exactly_one_half' depends on axioms: [propext,
 Classical.choice,
 Quot.sound]
'SafeLearning.CompleteModulesFIRTightness.actual_half_storage_quarter_pi_frequency_gain_is_exactly_one' depends on axioms: [propext,
 Classical.choice,
 Quot.sound]
'SafeLearning.CompleteModulesFinite.thermal_kernel_controlled_invariant' depends on axioms: [propext, Quot.sound]
'SafeLearning.CompleteModulesFinite.thermal_predecessor_cap60' depends on axioms: [propext,
 Classical.choice,
 Quot.sound]
'SafeLearning.CompleteModulesFinite.thermal_predecessor_fixed' depends on axioms: [propext,
 Classical.choice,
 Quot.sound]
'SafeLearning.CompleteModulesFinite.thermal_predecessor_cap62' depends on axioms: [propext,
 Classical.choice,
 Quot.sound]
'SafeLearning.CompleteModulesFinite.thermal_predecessor_cap62_second' depends on axioms: [propext,
 Classical.choice,
 Quot.sound]
'SafeLearning.CompleteModulesFinite.thermal_predecessor_cap62_fixed' depends on axioms: [propext,
 Classical.choice,
 Quot.sound]
'SafeLearning.CompleteModulesFinite.thermal_kernel_maximal' depends on axioms: [propext, Classical.choice, Quot.sound]
'SafeLearning.CompleteModulesFinite.thermal_infinite_trajectory_exists' depends on axioms: [propext,
 Classical.choice,
 Quot.sound]
'SafeLearning.CompleteModulesFinite.thermal_infinite_trajectory_necessary' depends on axioms: [propext,
 Classical.choice,
 Quot.sound]
'SafeLearning.CompleteModulesFinite.thermal_infinite_viability_iff' depends on axioms: [propext,
 Classical.choice,
 Quot.sound]
'SafeLearning.CompleteModulesFinite.thermal_viable_action_count' depends on axioms: [propext,
 Classical.choice,
 Quot.sound]
'SafeLearning.CompleteModulesFinite.discounted_bellman_upper' depends on axioms: [propext, Classical.choice, Quot.sound]
'SafeLearning.CompleteModulesFinite.landscape_safe_set' depends on axioms: [propext, Classical.choice, Quot.sound]
'SafeLearning.CompleteModulesFinite.viability_negation' depends on axioms: [propext, Classical.choice, Quot.sound]
'SafeLearning.CompleteModulesFinite.some_failure_compatible_with_viability' depends on axioms: [propext]
'SafeLearning.CompleteModulesFinite.robust_half_radius_iff' depends on axioms: [propext, Classical.choice, Quot.sound]
'SafeLearning.CompleteModulesFinite.first_drift_violation' depends on axioms: [propext, Classical.choice, Quot.sound]
'SafeLearning.CompleteModulesFinite.kkt_scalar_minimum' depends on axioms: [propext, Classical.choice, Quot.sound]
'SafeLearning.CompleteModulesFinite.schur_scalar_psd_iff' depends on axioms: [propext, Classical.choice, Quot.sound]
'SafeLearning.CompleteModulesFinite.scalar_lyapunov_iff' depends on axioms: [propext, Classical.choice, Quot.sound]
'SafeLearning.CompleteModulesFinite.singular_psd_range_condition' depends on axioms: [propext,
 Classical.choice,
 Quot.sound]
'SafeLearning.CompleteModulesFinite.s_procedure_interval' depends on axioms: [propext, Classical.choice, Quot.sound]
'SafeLearning.CompleteModulesFinite.s_procedure_identity' depends on axioms: [propext, Classical.choice, Quot.sound]
'SafeLearning.CompleteModulesFinite.neuron_interval_exact' depends on axioms: [propext, Classical.choice, Quot.sound]
'SafeLearning.CompleteModulesFinite.unstable_relu_triangle' depends on axioms: [propext, Classical.choice, Quot.sound]
'SafeLearning.CompleteModulesFinite.crown_negative_output' depends on axioms: [propext, Classical.choice, Quot.sound]
'SafeLearning.CompleteModulesFinite.affine_l2_ball' depends on axioms: [propext, Classical.choice, Quot.sound]
'SafeLearning.CompleteModulesFinite.affine_infinity_ball' depends on axioms: [propext, Classical.choice, Quot.sound]
'SafeLearning.CompleteModulesFinite.affine_minima_attained' depends on axioms: [propext, Classical.choice, Quot.sound]
'SafeLearning.CompleteModulesFiniteDynamicNetwork.actual_finite_dynamic_network_lmis_imply_euclidean_gain' depends on axioms: [propext,
 Classical.choice,
 Quot.sound]
'SafeLearning.CompleteModulesFullyConnectedLayer.actual_fully_connected_two_block_matrix_is_stateless_source_specialization' depends on axioms: [propext,
 Classical.choice,
 Quot.sound]
'SafeLearning.CompleteModulesFullyConnectedLayer.actual_fully_connected_certificate_is_equivalent_to_stateless_source_lmi' depends on axioms: [propext,
 Classical.choice,
 Quot.sound]
'SafeLearning.CompleteModulesFullyConnectedLayer.actual_fully_connected_certificate_quadratic_identity' depends on axioms: [propext,
 Classical.choice,
 Quot.sound]
'SafeLearning.CompleteModulesFullyConnectedLayer.actual_fully_connected_layer_lmi_implies_weighted_incremental_gain' depends on axioms: [propext,
 Classical.choice,
 Quot.sound]
'SafeLearning.CompleteModulesGPDesign.actual_design_kernel_positive_semidefinite' depends on axioms: [propext,
 Classical.choice,
 Quot.sound]
'SafeLearning.CompleteModulesGPDesign.actual_design_kernel_entries' depends on axioms: [propext,
 Classical.choice,
 Quot.sound]
'SafeLearning.CompleteModulesGPDesign.actual_first_design_gram' depends on axioms: [propext,
 Classical.choice,
 Quot.sound]
'SafeLearning.CompleteModulesGPDesign.actual_alternative_design_gram' depends on axioms: [propext,
 Classical.choice,
 Quot.sound]
'SafeLearning.CompleteModulesGPDesign.actual_first_design_information' depends on axioms: [propext,
 Classical.choice,
 Quot.sound]
'SafeLearning.CompleteModulesGPDesign.actual_alternative_design_information' depends on axioms: [propext,
 Classical.choice,
 Quot.sound]
'SafeLearning.CompleteModulesGPDesign.same_kernel_admissible_design_has_larger_information' depends on axioms: [propext,
 Classical.choice,
 Quot.sound]
'SafeLearning.CompleteModulesGPDesign.realized_information_le_actual_maximum' depends on axioms: [propext,
 Classical.choice,
 Quot.sound]
'SafeLearning.CompleteModulesGPDesign.displayed_information_is_not_actual_maximum' depends on axioms: [propext,
 Classical.choice,
 Quot.sound]
'SafeLearning.CompleteModulesGPExamples.two_gram_eigenvectors' depends on axioms: [propext,
 Classical.choice,
 Quot.sound]
'SafeLearning.CompleteModulesGPExamples.two_gram_characteristic_roots' depends on axioms: [propext,
 Classical.choice,
 Quot.sound]
'SafeLearning.CompleteModulesGPExamples.two_gram_half_characteristic' depends on axioms: [propext,
 Classical.choice,
 Quot.sound]
'SafeLearning.CompleteModulesGPExamples.two_gram_half_positive' depends on axioms: [propext,
 Classical.choice,
 Quot.sound]
'SafeLearning.CompleteModulesGPExamples.section_difference_values' depends on axioms: [propext,
 Classical.choice,
 Quot.sound]
'SafeLearning.CompleteModulesGPExamples.section_difference_half' depends on axioms: [propext,
 Classical.choice,
 Quot.sound]
'SafeLearning.CompleteModulesGPExamples.conflicting_interpolant_values' depends on axioms: [propext,
 Classical.choice,
 Quot.sound]
'SafeLearning.CompleteModulesGPExamples.conflicting_interpolant_squared_norm' depends on axioms: [propext,
 Classical.choice,
 Quot.sound]
'SafeLearning.CompleteModulesGPExamples.conflicting_interpolation_norm_gap' depends on axioms: [propext,
 Classical.choice,
 Quot.sound]
'SafeLearning.CompleteModulesGPExamples.conflicting_interpolant_global_minimum' depends on axioms: [propext,
 Classical.choice,
 Quot.sound]
'SafeLearning.CompleteModulesGPExamples.conflicting_interpolant_unique' depends on axioms: [propext,
 Classical.choice,
 Quot.sound]
'SafeLearning.CompleteModulesGPExamples.conflicting_norm_specializations' depends on axioms: [propext,
 Classical.choice,
 Quot.sound]
'SafeLearning.CompleteModulesGPExamples.single_observation_solve' depends on axioms: [propext,
 Classical.choice,
 Quot.sound]
'SafeLearning.CompleteModulesGPExamples.one_observation_posteriors' depends on axioms: [propext,
 Classical.choice,
 Quot.sound]
'SafeLearning.CompleteModulesGPExamples.variance_standard_deviation' depends on axioms: [propext,
 Classical.choice,
 Quot.sound]
'SafeLearning.CompleteModulesGPExamples.posterior_band_and_failure' depends on axioms: [propext,
 Classical.choice,
 Quot.sound]
'SafeLearning.CompleteModulesGPExamples.confidence_convention' depends on axioms: [propext,
 Classical.choice,
 Quot.sound]
'SafeLearning.CompleteModulesGPExamples.power_function_numeric' depends on axioms: [propext,
 Classical.choice,
 Quot.sound]
'SafeLearning.CompleteModulesGPExamples.repeated_scalar_system' depends on axioms: [propext,
 Classical.choice,
 Quot.sound]
'SafeLearning.CompleteModulesGPExamples.repeated_variance_examples' depends on axioms: [propext,
 Classical.choice,
 Quot.sound]
'SafeLearning.CompleteModulesGPExamples.two_point_regularized_solves' depends on axioms: [propext,
 Classical.choice,
 Quot.sound]
'SafeLearning.CompleteModulesGPExamples.two_point_query_posterior' depends on axioms: [propext,
 Classical.choice,
 Quot.sound]
'SafeLearning.CompleteModulesGPExamples.misspecification_transfer' depends on axioms: [propext,
 Classical.choice,
 Quot.sound]
'SafeLearning.CompleteModulesGPExamples.misspecification_numeric' depends on axioms: [propext,
 Classical.choice,
 Quot.sound]
'SafeLearning.CompleteModulesGPExamples.information_gain_determinant' depends on axioms: [propext,
 Classical.choice,
 Quot.sound]
'SafeLearning.CompleteModulesGPExamples.realized_information_not_maximum' depends on axioms: [propext,
 Classical.choice,
 Quot.sound]
'SafeLearning.CompleteModulesGPExamples.confidence_multiplier_exact' depends on axioms: [propext,
 Classical.choice,
 Quot.sound]
'SafeLearning.CompleteModulesGPNumerics.exp_fourth_power_identity' depends on axioms: [propext,
 Classical.choice,
 Quot.sound]
'SafeLearning.CompleteModulesGPNumerics.log_twenty_enclosure' depends on axioms: [propext, Classical.choice, Quot.sound]
'SafeLearning.CompleteModulesGPNumerics.log_fifteen_fourths_enclosure' depends on axioms: [propext,
 Classical.choice,
 Quot.sound]
'SafeLearning.CompleteModulesGPNumerics.information_gain_printed_rounding' depends on axioms: [propext,
 Classical.choice,
 Quot.sound]
'SafeLearning.CompleteModulesGPNumerics.confidence_multiplier_decimal_enclosure' depends on axioms: [propext,
 Classical.choice,
 Quot.sound]
'SafeLearning.CompleteModulesGPNumerics.confidence_multiplier_printed_rounding' depends on axioms: [propext,
 Classical.choice,
 Quot.sound]
'SafeLearning.CompleteModulesGPNumerics.confidence_half_width_decimal_enclosure' depends on axioms: [propext,
 Classical.choice,
 Quot.sound]
'SafeLearning.CompleteModulesGPNumerics.confidence_half_width_printed_rounding' depends on axioms: [propext,
 Classical.choice,
 Quot.sound]
'SafeLearning.CompleteModulesGPNumerics.standard_deviation_of_nine_hundredths' depends on axioms: [propext,
 Classical.choice,
 Quot.sound]
'SafeLearning.CompleteModulesGPNumerics.general_inner_product_bound' depends on axioms: [propext,
 Classical.choice,
 Quot.sound]
'SafeLearning.CompleteModulesGammaLMI.actual_positive_scalar_identity_inverse' depends on axioms: [propext,
 Classical.choice,
 Quot.sound]
'SafeLearning.CompleteModulesGammaLMI.actual_gamma_matrix_output_reassociation' depends on axioms: [propext,
 Classical.choice,
 Quot.sound]
'SafeLearning.CompleteModulesGammaLMI.actual_positive_scalar_preserves_positive_semidefinite' depends on axioms: [propext,
 Classical.choice,
 Quot.sound]
'SafeLearning.CompleteModulesGammaLMI.actual_gamma_output_schur_is_literal_source_block' depends on axioms: [propext,
 Classical.choice,
 Quot.sound]
'SafeLearning.CompleteModulesGammaLMI.actual_gamma_scaled_schur_is_negative_lipsdp' depends on axioms: [propext,
 Classical.choice,
 Quot.sound]
'SafeLearning.CompleteModulesGammaLMI.actual_gamma_lmi_iff_source_lipsdp' depends on axioms: [propext,
 Classical.choice,
 Quot.sound]
'SafeLearning.CompleteModulesGammaLMI.actual_source_squared_gain_has_same_positive_bound' depends on axioms: [propext,
 Classical.choice,
 Quot.sound]
'SafeLearning.CompleteModulesGeneralFiniteKernel.actual_source_three_by_five_correct_and_swapped_counts_differ' depends on axioms: [propext,
 Classical.choice,
 Quot.sound]
'SafeLearning.CompleteModulesGeneralFiniteKernel.actual_finite_kernel_extension_recovers_every_kernel_entry' depends on axioms: [propext,
 Classical.choice,
 Quot.sound]
'SafeLearning.CompleteModulesGeneralFiniteKernel.actual_finite_kernel_source_convolution_is_the_bounded_natural_sum' depends on axioms: [propext,
 Classical.choice,
 Quot.sound]
'SafeLearning.CompleteModulesGeneralFiniteKernel.actual_all_finite_kernels_have_the_source_roesser_output' depends on axioms: [propext,
 Classical.choice,
 Quot.sound]
'SafeLearning.CompleteModulesGeneralFiniteKernel.actual_general_horizontal_roesser_has_zero_vertical_cross_block' depends on axioms: [propext,
 Classical.choice,
 Quot.sound]
'SafeLearning.CompleteModulesGeneralMargin.actual_coordinate_gap_has_sqrt_two_norm_bound' depends on axioms: [propext,
 Classical.choice,
 Quot.sound]
'SafeLearning.CompleteModulesGeneralMargin.actual_arbitrary_logit_global_gain_certifies_gap_gain' depends on axioms: [propext,
 Classical.choice,
 Quot.sound]
'SafeLearning.CompleteModulesGeneralMargin.actual_arbitrary_gap_radius_preserves_class_pair_order' depends on axioms: [propext,
 Classical.choice,
 Quot.sound]
'SafeLearning.CompleteModulesGeneralMargin.actual_arbitrary_one_vs_rest_minimum_radius_preserves_unique_prediction' depends on axioms: [propext,
 Classical.choice,
 Quot.sound]
'SafeLearning.CompleteModulesGeneralMargin.actual_arbitrary_global_margin_radius_preserves_unique_prediction' depends on axioms: [propext,
 Classical.choice,
 Quot.sound]
'SafeLearning.CompleteModulesGeneralMargin.actual_affine_logit_pair_gain_with_arbitrary_feature_constant' depends on axioms: [propext,
 Classical.choice,
 Quot.sound]
'SafeLearning.CompleteModulesGeneralMargin.actual_zero_gap_gain_preserves_class_pair_everywhere' depends on axioms: [propext,
 Classical.choice,
 Quot.sound]
'SafeLearning.CompleteModulesGeneralNormalization.actual_per_channel_normalization_gain_is_positive' depends on axioms: [propext,
 Classical.choice,
 Quot.sound]
'SafeLearning.CompleteModulesGeneralNormalization.actual_per_channel_diagonal_spectral_norm_equals_maximum_inverse_scale' depends on axioms: [propext,
 Classical.choice,
 Quot.sound]
'SafeLearning.CompleteModulesGeneralNormalization.actual_per_channel_normalizer_increment_is_diagonal_action' depends on axioms: [propext,
 Classical.choice,
 Quot.sound]
'SafeLearning.CompleteModulesGeneralNormalization.actual_per_channel_normalizer_is_lipschitz_with_maximum_inverse_scale' depends on axioms: [propext,
 Classical.choice,
 Quot.sound]
'SafeLearning.CompleteModulesGeneralNormalization.actual_preprocessing_multiplies_the_classifier_lipschitz_bound' depends on axioms: [propext,
 Classical.choice,
 Quot.sound]
'SafeLearning.CompleteModulesGeneralRoesserMatrices.actual_upper_delay_matrix_action' depends on axioms: [propext,
 Classical.choice,
 Quot.sound]
'SafeLearning.CompleteModulesGeneralRoesserMatrices.actual_lower_delay_matrix_action' depends on axioms: [propext,
 Classical.choice,
 Quot.sound]
'SafeLearning.CompleteModulesGeneralRoesserMatrices.actual_first_delay_injection_action' depends on axioms: [propext,
 Classical.choice,
 Quot.sound]
'SafeLearning.CompleteModulesGeneralRoesserMatrices.actual_first_delay_selection_action' depends on axioms: [propext,
 Classical.choice,
 Quot.sound]
'SafeLearning.CompleteModulesGeneralRoesserMatrices.actual_general_roesser_cross_matrix_action' depends on axioms: [propext,
 Classical.choice,
 Quot.sound]
'SafeLearning.CompleteModulesGeneralRoesserMatrices.actual_general_roesser_vertical_input_matrix_action' depends on axioms: [propext,
 Classical.choice,
 Quot.sound]
'SafeLearning.CompleteModulesGeneralRoesserMatrices.actual_general_roesser_horizontal_output_matrix_action' depends on axioms: [propext,
 Classical.choice,
 Quot.sound]
'SafeLearning.CompleteModulesGeneralRoesserRealization.actual_general_vertical_shift_matrix_action' depends on axioms: [propext,
 Classical.choice,
 Quot.sound]
'SafeLearning.CompleteModulesGeneralRoesserRealization.actual_general_vertical_output_selection_matrix_action' depends on axioms: [propext,
 Classical.choice,
 Quot.sound]
'SafeLearning.CompleteModulesGeneralRoesserRealization.actual_general_roesser_vertical_matrix_recursion' depends on axioms: [propext,
 Classical.choice,
 Quot.sound]
'SafeLearning.CompleteModulesGeneralRoesserRealization.actual_general_roesser_horizontal_matrix_recursion' depends on axioms: [propext,
 Classical.choice,
 Quot.sound]
'SafeLearning.CompleteModulesGeneralRoesserRealization.actual_general_roesser_output_is_full_kernel_convolution' depends on axioms: [propext,
 Classical.choice,
 Quot.sound]
'SafeLearning.CompleteModulesGeneralRoesserRealization.actual_general_roesser_output_recovers_source_natural_image_convolution' depends on axioms: [propext,
 Classical.choice,
 Quot.sound]
'SafeLearning.CompleteModulesGeneralRoesserRealization.actual_general_roesser_source_vertical_boundary' depends on axioms: [propext,
 Classical.choice,
 Quot.sound]
'SafeLearning.CompleteModulesGeneralRoesserRealization.actual_general_roesser_source_horizontal_boundary' depends on axioms: [propext,
 Classical.choice,
 Quot.sound]
'SafeLearning.CompleteModulesGeneralRoesserSignals.actual_general_row_response_is_full_horizontal_convolution' depends on axioms: [propext,
 Classical.choice,
 Quot.sound]
'SafeLearning.CompleteModulesGeneralRoesserSignals.actual_general_vertical_components_have_true_delay_recursion' depends on axioms: [propext,
 Classical.choice,
 Quot.sound]
'SafeLearning.CompleteModulesGeneralRoesserSignals.actual_general_horizontal_components_have_true_delay_recursion' depends on axioms: [propext,
 Classical.choice,
 Quot.sound]
'SafeLearning.CompleteModulesGeneralRoesserSignals.actual_general_convolution_output_is_direct_term_plus_vertical_component' depends on axioms: [propext,
 Classical.choice,
 Quot.sound]
'SafeLearning.CompleteModulesGeneralRoesserSignals.actual_general_negative_vertical_row_response_vanishes' depends on axioms: [propext,
 Classical.choice,
 Quot.sound]
'SafeLearning.CompleteModulesGeneralRoesserSignals.actual_general_vertical_state_has_true_zero_boundary' depends on axioms: [propext,
 Classical.choice,
 Quot.sound]
'SafeLearning.CompleteModulesGeneralRoesserSignals.actual_general_horizontal_state_has_true_zero_boundary' depends on axioms: [propext,
 Classical.choice,
 Quot.sound]
'SafeLearning.CompleteModulesGeneralRoesserSignals.actual_general_roesser_directional_state_dimensions' depends on axioms: [propext,
 Classical.choice,
 Quot.sound]
'SafeLearning.CompleteModulesGeneralRoesserSignals.actual_source_three_by_five_channel_state_count' depends on axioms: [propext,
 Classical.choice,
 Quot.sound]
'SafeLearning.CompleteModulesGeneralRoesserSignals.actual_natural_image_extension_is_zero_padded' depends on axioms: [propext,
 Classical.choice,
 Quot.sound]
'SafeLearning.CompleteModulesGeneralRoesserSignals.actual_natural_image_extension_recovers_original_nonnegative_image' depends on axioms: [propext,
 Classical.choice,
 Quot.sound]
'SafeLearning.CompleteModulesGeneralRoesserSignals.actual_signed_delay_coordinates_are_true_finite_zero_padding' depends on axioms: [propext,
 Classical.choice,
 Quot.sound]
'SafeLearning.CompleteModulesGeneralRoesserSignals.actual_general_signed_convolution_recovers_source_natural_convolution' depends on axioms: [propext,
 Classical.choice,
 Quot.sound]
'SafeLearning.CompleteModulesGramBridge.feature_gram_positive_semidefinite' depends on axioms: [propext,
 Classical.choice,
 Quot.sound]
'SafeLearning.CompleteModulesGramBridge.positive_regularization_gram_positive_definite' depends on axioms: [propext,
 Classical.choice,
 Quot.sound]
'SafeLearning.CompleteModulesGramBridge.positive_regularization_determinant_nonzero' depends on axioms: [propext,
 Classical.choice,
 Quot.sound]
'SafeLearning.CompleteModulesGramBridge.regularized_gram_action' depends on axioms: [propext,
 Classical.choice,
 Quot.sound]
'SafeLearning.CompleteModulesGramBridge.inverse_weights_solve_normal_system' depends on axioms: [propext,
 Classical.choice,
 Quot.sound]
'SafeLearning.CompleteModulesGramBridge.feature_gram_positive_definite_iff_independent' depends on axioms: [propext,
 Classical.choice,
 Quot.sound]
'SafeLearning.CompleteModulesGramBridge.actual_gram_entry' depends on axioms: [propext, Classical.choice, Quot.sound]
'SafeLearning.CompleteModulesGramBridge.actual_mean_is_matrix_posterior' depends on axioms: [propext,
 Classical.choice,
 Quot.sound]
'SafeLearning.CompleteModulesGramBridge.actual_inverse_mean_globally_minimizes_ridge' depends on axioms: [propext,
 Classical.choice,
 Quot.sound]
'SafeLearning.CompleteModulesGramBridge.actual_inverse_interpolant_data' depends on axioms: [propext,
 Classical.choice,
 Quot.sound]
'SafeLearning.CompleteModulesGramBridge.actual_inverse_interpolant_minimum_norm' depends on axioms: [propext,
 Classical.choice,
 Quot.sound]
'SafeLearning.CompleteModulesGramBridge.actual_inverse_interpolant_unique_minimum' depends on axioms: [propext,
 Classical.choice,
 Quot.sound]
'SafeLearning.CompleteModulesGramBridge.actual_inverse_interpolant_squared_norm' depends on axioms: [propext,
 Classical.choice,
 Quot.sound]
'SafeLearning.CompleteModulesGramBridge.actual_mean_zero_regularization_limit_in_rkhs' depends on axioms: [propext,
 Classical.choice,
 Quot.sound]
'SafeLearning.CompleteModulesInterpolantPower.actual_query_weights_solve' depends on axioms: [propext,
 Classical.choice,
 Quot.sound]
'SafeLearning.CompleteModulesInterpolantPower.power_squared_is_feature_variance' depends on axioms: [propext,
 Classical.choice,
 Quot.sound]
'SafeLearning.CompleteModulesInterpolantPower.actual_power_is_squared_residual_norm' depends on axioms: [propext,
 Classical.choice,
 Quot.sound]
'SafeLearning.CompleteModulesInterpolantPower.actual_power_nonnegative' depends on axioms: [propext,
 Classical.choice,
 Quot.sound]
'SafeLearning.CompleteModulesInterpolantPower.inverse_interpolant_is_query_weight_prediction' depends on axioms: [propext,
 Classical.choice,
 Quot.sound]
'SafeLearning.CompleteModulesInterpolantPower.actual_noise_free_interpolation_error' depends on axioms: [propext,
 Classical.choice,
 Quot.sound]
'SafeLearning.CompleteModulesInterpolantPower.actual_noise_free_interpolation_bound_sharp' depends on axioms: [propext,
 Classical.choice,
 Quot.sound]
'SafeLearning.CompleteModulesInvalidQC.coupled_multiplier_is_positive_semidefinite' depends on axioms: [propext,
 Classical.choice,
 Quot.sound]
'SafeLearning.CompleteModulesInvalidQC.coupled_multiplier_exact_eigenvalues' depends on axioms: [propext,
 Classical.choice,
 Quot.sound]
'SafeLearning.CompleteModulesInvalidQC.actual_book_coupled_relu_failure' depends on axioms: [propext,
 Classical.choice,
 Quot.sound]
'SafeLearning.CompleteModulesInvalidQC.actual_paper_coupled_relu_failure' depends on axioms: [propext,
 Classical.choice,
 Quot.sound]
'SafeLearning.CompleteModulesInvalidQC.positive_semidefiniteness_does_not_make_coupled_qc_valid' depends on axioms: [propext,
 Classical.choice,
 Quot.sound]
'SafeLearning.CompleteModulesInvalidQC.scalar_qc_practice_values' depends on axioms: [propext,
 Classical.choice,
 Quot.sound]
'SafeLearning.CompleteModulesInvalidQC.scalar_practice_admissible_pairs' depends on axioms: [propext,
 Classical.choice,
 Quot.sound]
'SafeLearning.CompleteModulesInvalidQC.diagonal_practice_sum_is_nine' depends on axioms: [propext,
 Classical.choice,
 Quot.sound]
'SafeLearning.CompleteModulesInvalidQC.negative_weight_invalidates_positive_scalar_qc' depends on axioms: [propext,
 Classical.choice,
 Quot.sound]
'SafeLearning.CompleteModulesInvalidQC.actual_slope_restriction_implies_sector' depends on axioms: [propext,
 Classical.choice,
 Quot.sound]
'SafeLearning.CompleteModulesInvalidQC.discontinuous_activation_obeys_sector' depends on axioms: [propext,
 Classical.choice,
 Quot.sound]
'SafeLearning.CompleteModulesInvalidQC.actual_sector_bound_does_not_imply_slope_restriction' depends on axioms: [propext,
 Classical.choice,
 Quot.sound]
'SafeLearning.CompleteModulesInverseSpectrum.actual_inverse_eigen_diagonalization' depends on axioms: [propext,
 Classical.choice,
 Quot.sound]
'SafeLearning.CompleteModulesInverseSpectrum.actual_inverse_spectral_norm_is_eigen_inverse_norm' depends on axioms: [propext,
 Classical.choice,
 Quot.sound]
'SafeLearning.CompleteModulesInverseSpectrum.actual_minimum_eigenvalue_is_positive' depends on axioms: [propext,
 Classical.choice,
 Quot.sound]
'SafeLearning.CompleteModulesInverseSpectrum.actual_minimum_eigenvalue_is_attained' depends on axioms: [propext,
 Classical.choice,
 Quot.sound]
'SafeLearning.CompleteModulesInverseSpectrum.actual_inverse_spectral_norm_is_exact_reciprocal' depends on axioms: [propext,
 Classical.choice,
 Quot.sound]
'SafeLearning.CompleteModulesInverseSpectrum.actual_inverse_norm_blows_up_at_singular_boundary' depends on axioms: [propext,
 Classical.choice,
 Quot.sound]
'SafeLearning.CompleteModulesKernel.combination_inner' depends on axioms: [propext, Classical.choice, Quot.sound]
'SafeLearning.CompleteModulesKernel.inner_combination' depends on axioms: [propext, Classical.choice, Quot.sound]
'SafeLearning.CompleteModulesKernel.gram_quadratic_eq_norm' depends on axioms: [propext, Classical.choice, Quot.sound]
'SafeLearning.CompleteModulesKernel.feature_kernel_gram_nonnegative' depends on axioms: [propext,
 Classical.choice,
 Quot.sound]
'SafeLearning.CompleteModulesKernel.kernel_distance_identity' depends on axioms: [propext, Classical.choice, Quot.sound]
'SafeLearning.CompleteModulesKernel.kernel_distance_is_feature_distance' depends on axioms: [propext,
 Classical.choice,
 Quot.sound]
'SafeLearning.CompleteModulesKernel.actual_feature_function_kernel_bound' depends on axioms: [propext,
 Classical.choice,
 Quot.sound]
'SafeLearning.CompleteModulesKernel.normal_system_combination_inner' depends on axioms: [propext,
 Classical.choice,
 Quot.sound]
'SafeLearning.CompleteModulesKernel.posterior_residual_norm_identity' depends on axioms: [propext,
 Classical.choice,
 Quot.sound]
'SafeLearning.CompleteModulesKernel.posterior_variance_nonnegative' depends on axioms: [propext,
 Classical.choice,
 Quot.sound]
'SafeLearning.CompleteModulesKernel.posterior_residual_norm_bound' depends on axioms: [propext,
 Classical.choice,
 Quot.sound]
'SafeLearning.CompleteModulesKernel.noiseless_posterior_error' depends on axioms: [propext,
 Classical.choice,
 Quot.sound]
'SafeLearning.CompleteModulesKernel.normal_operator_quadratic_identity' depends on axioms: [propext,
 Classical.choice,
 Quot.sound]
'SafeLearning.CompleteModulesKernel.positive_normal_operator_injective' depends on axioms: [propext,
 Classical.choice,
 Quot.sound]
'SafeLearning.CompleteModulesKernel.regularized_normal_system_exists_unique' depends on axioms: [propext,
 Classical.choice,
 Quot.sound]
'SafeLearning.CompleteModulesKernel.posterior_weights_solve_system' depends on axioms: [propext,
 Classical.choice,
 Quot.sound]
'SafeLearning.CompleteModulesKernel.actual_regularized_noiseless_error' depends on axioms: [propext,
 Classical.choice,
 Quot.sound]
'SafeLearning.CompleteModulesKernel.normal_system_fit_residual' depends on axioms: [propext,
 Classical.choice,
 Quot.sound]
'SafeLearning.CompleteModulesKernel.ridge_objective_gap_identity' depends on axioms: [propext,
 Classical.choice,
 Quot.sound]
'SafeLearning.CompleteModulesKernel.ridge_objective_global_minimum' depends on axioms: [propext,
 Classical.choice,
 Quot.sound]
'SafeLearning.CompleteModulesKernel.ridge_objective_minimum_unique' depends on axioms: [propext,
 Classical.choice,
 Quot.sound]
'SafeLearning.CompleteModulesKernel.ridge_minimizer_exists_unique' depends on axioms: [propext,
 Classical.choice,
 Quot.sound]
'SafeLearning.CompleteModulesKernel.squared_exponential_kernel_distance' depends on axioms: [propext,
 Classical.choice,
 Quot.sound]
'SafeLearning.CompleteModulesKernel.squared_exponential_function_lipschitz' depends on axioms: [propext,
 Classical.choice,
 Quot.sound]
'SafeLearning.CompleteModulesKernel.kernel_bound_equality_iff' depends on axioms: [propext,
 Classical.choice,
 Quot.sound]
'SafeLearning.CompleteModulesKernel.independent_gram_system_exists_unique' depends on axioms: [propext,
 Classical.choice,
 Quot.sound]
'SafeLearning.CompleteModulesKernel.interpolant_norm_gap' depends on axioms: [propext, Classical.choice, Quot.sound]
'SafeLearning.CompleteModulesKernel.interpolant_minimum_norm' depends on axioms: [propext, Classical.choice, Quot.sound]
'SafeLearning.CompleteModulesKernel.interpolant_minimum_unique' depends on axioms: [propext,
 Classical.choice,
 Quot.sound]
'SafeLearning.CompleteModulesKernel.scalar_section_reproduces' depends on axioms: [propext,
 Classical.choice,
 Quot.sound]
'SafeLearning.CompleteModulesKernel.scalar_kernel_is_actual_kernel' depends on axioms: [propext,
 Classical.choice,
 Quot.sound]
'SafeLearning.CompleteModulesKernel.actual_rkhs_kernel_bound' depends on axioms: [propext, Classical.choice, Quot.sound]
'SafeLearning.CompleteModulesKernel.actual_rkhs_kernel_equality' depends on axioms: [propext,
 Classical.choice,
 Quot.sound]
'SafeLearning.CompleteModulesKernel.actual_rkhs_se_lipschitz' depends on axioms: [propext, Classical.choice, Quot.sound]
'SafeLearning.CompleteModulesKernel.actual_ridge_objective_is_feature_objective' depends on axioms: [propext,
 Classical.choice,
 Quot.sound]
'SafeLearning.CompleteModulesKernel.actual_rkhs_ridge_minimizer_exists_unique' depends on axioms: [propext,
 Classical.choice,
 Quot.sound]
'SafeLearning.CompleteModulesKernel.actual_rkhs_ridge_solution' depends on axioms: [propext,
 Classical.choice,
 Quot.sound]
'SafeLearning.CompleteModulesKernelConstruction.operator_kernel_applies' depends on axioms: [propext,
 Classical.choice,
 Quot.sound]
'SafeLearning.CompleteModulesKernelConstruction.scalar_kernel_operator_positive' depends on axioms: [propext,
 Classical.choice,
 Quot.sound]
'SafeLearning.CompleteModulesKernelConstruction.constructed_kernel_is_given' depends on axioms: [propext,
 Classical.choice,
 Quot.sound]
'SafeLearning.CompleteModulesKernelConstruction.constructed_sections_reproduce' depends on axioms: [propext,
 Classical.choice,
 Quot.sound]
'SafeLearning.CompleteModulesKernelConstruction.constructed_section_evaluates' depends on axioms: [propext,
 Classical.choice,
 Quot.sound]
'SafeLearning.CompleteModulesKernelConstruction.constructed_section_inner' depends on axioms: [propext,
 Classical.choice,
 Quot.sound]
'SafeLearning.CompleteModulesKernelConstruction.constructed_finite_expansion_evaluates' depends on axioms: [propext,
 Classical.choice,
 Quot.sound]
'SafeLearning.CompleteModulesKernelConstruction.constructed_finite_expansion_squared_norm' depends on axioms: [propext,
 Classical.choice,
 Quot.sound]
'SafeLearning.CompleteModulesKernelConstruction.constructed_kernel_sections_dense' depends on axioms: [propext,
 Classical.choice,
 Quot.sound]
'SafeLearning.CompleteModulesKernelCorollaries.noiseless_residual_orthogonal' depends on axioms: [propext,
 Classical.choice,
 Quot.sound]
'SafeLearning.CompleteModulesKernelCorollaries.noiseless_residual_target_inner' depends on axioms: [propext,
 Classical.choice,
 Quot.sound]
'SafeLearning.CompleteModulesKernelCorollaries.sharp_residual_function_norm' depends on axioms: [propext,
 Classical.choice,
 Quot.sound]
'SafeLearning.CompleteModulesKernelCorollaries.sharp_residual_function_has_zero_data' depends on axioms: [propext,
 Classical.choice,
 Quot.sound]
'SafeLearning.CompleteModulesKernelCorollaries.sharp_residual_function_attains_error' depends on axioms: [propext,
 Classical.choice,
 Quot.sound]
'SafeLearning.CompleteModulesKernelCorollaries.zero_power_function_is_exact' depends on axioms: [propext,
 Classical.choice,
 Quot.sound]
'SafeLearning.CompleteModulesKernelCorollaries.singleton_residual_squared_norm' depends on axioms: [propext,
 Classical.choice,
 Quot.sound]
'SafeLearning.CompleteModulesKernelCorollaries.singleton_noiseless_error' depends on axioms: [propext,
 Classical.choice,
 Quot.sound]
'SafeLearning.CompleteModulesKernelCorollaries.singleton_noiseless_numeric' depends on axioms: [propext,
 Classical.choice,
 Quot.sound]
'SafeLearning.CompleteModulesKernelCorollaries.equal_evaluations_equal_functions' depends on axioms: [propext,
 Classical.choice,
 Quot.sound]
'SafeLearning.CompleteModulesKernelCorollaries.equal_evaluations_equal_norms' depends on axioms: [propext,
 Classical.choice,
 Quot.sound]
'SafeLearning.CompleteModulesKernelCorollaries.actual_singleton_noiseless_numeric' depends on axioms: [propext,
 Classical.choice,
 Quot.sound]
'SafeLearning.CompleteModulesKernelFunctional.actual_linear_kernel_section' depends on axioms: [propext,
 Classical.choice,
 Quot.sound]
'SafeLearning.CompleteModulesKernelFunctional.actual_linear_kernel_formula' depends on axioms: [propext,
 Classical.choice,
 Quot.sound]
'SafeLearning.CompleteModulesKernelFunctional.posterior_functional_evaluates' depends on axioms: [propext,
 Classical.choice,
 Quot.sound]
'SafeLearning.CompleteModulesKernelFunctional.posterior_mean_second_order_remainder' depends on axioms: [propext,
 Classical.choice,
 Quot.sound]
'SafeLearning.CompleteModulesKernelFunctional.inverse_cube_isBigO_inverse_square' depends on axioms: [propext,
 Classical.choice,
 Quot.sound]
'SafeLearning.CompleteModulesKernelFunctional.posterior_mean_leading_term' depends on axioms: [propext,
 Classical.choice,
 Quot.sound]
'SafeLearning.CompleteModulesKernelFunctional.posterior_variance_second_order_remainder' depends on axioms: [propext,
 Classical.choice,
 Quot.sound]
'SafeLearning.CompleteModulesKernelMetric.kernel_distance_nonnegative' depends on axioms: [propext,
 Classical.choice,
 Quot.sound]
'SafeLearning.CompleteModulesKernelMetric.kernel_distance_self' depends on axioms: [propext,
 Classical.choice,
 Quot.sound]
'SafeLearning.CompleteModulesKernelMetric.kernel_distance_symmetric' depends on axioms: [propext,
 Classical.choice,
 Quot.sound]
'SafeLearning.CompleteModulesKernelMetric.kernel_distance_triangle' depends on axioms: [propext,
 Classical.choice,
 Quot.sound]
'SafeLearning.CompleteModulesKernelMetric.kernel_distance_zero_iff' depends on axioms: [propext,
 Classical.choice,
 Quot.sound]
'SafeLearning.CompleteModulesKernelMetric.kernel_distance_squared_identity' depends on axioms: [propext,
 Classical.choice,
 Quot.sound]
'SafeLearning.CompleteModulesKernelMetric.kernel_distance_separates_iff_injective' depends on axioms: [propext,
 Classical.choice,
 Quot.sound]
'SafeLearning.CompleteModulesKernelMetric.constant_kernel_does_not_separate' depends on axioms: [propext,
 Classical.choice,
 Quot.sound]
'SafeLearning.CompleteModulesKernelMetric.strictly_positive_two_point_gram_gives_injectivity' depends on axioms: [propext,
 Classical.choice,
 Quot.sound]
'SafeLearning.CompleteModulesKernelMetric.se_distance_bounded' depends on axioms: [propext,
 Classical.choice,
 Quot.sound]
'SafeLearning.CompleteModulesKernelMetric.point_evaluation_bound' depends on axioms: [propext,
 Classical.choice,
 Quot.sound]
'SafeLearning.CompleteModulesKernelMetric.norm_zero_is_zero_function' depends on axioms: [propext,
 Classical.choice,
 Quot.sound]
'SafeLearning.CompleteModulesLPVertices.actual_positive_numbers_have_a_common_strict_radius' depends on axioms: [propext,
 Classical.choice,
 Quot.sound]
'SafeLearning.CompleteModulesLPVertices.actual_two_sided_nonzero_feasible_perturbation_excludes_extremeness' depends on axioms: [propext,
 Classical.choice,
 Quot.sound]
'SafeLearning.CompleteModulesLPVertices.actual_unlisted_primal_points_have_feasible_nonzero_perturbations' depends on axioms: [propext,
 Classical.choice,
 Quot.sound]
'SafeLearning.CompleteModulesLPVertices.actual_unlisted_dual_points_have_feasible_nonzero_perturbations' depends on axioms: [propext,
 Classical.choice,
 Quot.sound]
'SafeLearning.CompleteModulesLPVertices.actual_positive_weight_zero_sum_forces_each_nonnegative_term_zero' depends on axioms: [propext,
 Classical.choice,
 Quot.sound]
'SafeLearning.CompleteModulesLPVertices.actual_primal_first_listed_vertex_is_extreme' depends on axioms: [propext,
 Classical.choice,
 Quot.sound]
'SafeLearning.CompleteModulesLPVertices.actual_primal_second_listed_vertex_is_extreme' depends on axioms: [propext,
 Classical.choice,
 Quot.sound]
'SafeLearning.CompleteModulesLPVertices.actual_primal_third_listed_vertex_is_extreme' depends on axioms: [propext,
 Classical.choice,
 Quot.sound]
'SafeLearning.CompleteModulesLPVertices.actual_dual_zero_listed_vertex_is_extreme' depends on axioms: [propext,
 Classical.choice,
 Quot.sound]
'SafeLearning.CompleteModulesLPVertices.actual_dual_first_listed_vertex_is_extreme' depends on axioms: [propext,
 Classical.choice,
 Quot.sound]
'SafeLearning.CompleteModulesLPVertices.actual_dual_second_listed_vertex_is_extreme' depends on axioms: [propext,
 Classical.choice,
 Quot.sound]
'SafeLearning.CompleteModulesLPVertices.actual_dual_third_listed_vertex_is_extreme' depends on axioms: [propext,
 Classical.choice,
 Quot.sound]
'SafeLearning.CompleteModulesLPVertices.actual_primal_extreme_points_are_exactly_the_three_reported_vertices' depends on axioms: [propext,
 Classical.choice,
 Quot.sound]
'SafeLearning.CompleteModulesLPVertices.actual_dual_extreme_points_are_exactly_the_four_reported_vertices' depends on axioms: [propext,
 Classical.choice,
 Quot.sound]
'SafeLearning.CompleteModulesLinearProgram.actual_nonnegative_affine_domain_has_the_true_infimum' depends on axioms: [propext,
 Classical.choice,
 Quot.sound]
'SafeLearning.CompleteModulesLinearProgram.actual_source_lp_lagrangian_expansion' depends on axioms: [propext,
 Classical.choice,
 Quot.sound]
'SafeLearning.CompleteModulesLinearProgram.actual_source_lp_dual_function_true_extended_infimum' depends on axioms: [propext,
 Classical.choice,
 Quot.sound]
'SafeLearning.CompleteModulesLinearProgram.actual_source_lp_weak_duality' depends on axioms: [propext,
 Classical.choice,
 Quot.sound]
'SafeLearning.CompleteModulesLinearProgram.actual_source_lp_primal_unique_global_minimum' depends on axioms: [propext,
 Classical.choice,
 Quot.sound]
'SafeLearning.CompleteModulesLinearProgram.actual_source_lp_dual_unique_global_maximum' depends on axioms: [propext,
 Classical.choice,
 Quot.sound]
'SafeLearning.CompleteModulesLinearProgram.actual_source_lp_optimal_points_zero_gap_and_complementarity' depends on axioms: [propext,
 Classical.choice,
 Quot.sound]
'SafeLearning.CompleteModulesLinearProgram.actual_source_optimal_prices_make_every_domain_point_a_lagrangian_minimizer' depends on axioms: [propext,
 Classical.choice,
 Quot.sound]
'SafeLearning.CompleteModulesLinearProgram.actual_source_lp_reported_feasible_points_and_values' depends on axioms: [propext,
 Classical.choice,
 Quot.sound]
'SafeLearning.CompleteModulesLinearProgram.actual_general_rhs_primal_optimum_and_price_values' depends on axioms: [propext,
 Classical.choice,
 Quot.sound]
'SafeLearning.CompleteModulesLinearProgram.actual_source_one_unit_requirement_price_changes' depends on axioms: [propext,
 Classical.choice,
 Quot.sound]
'SafeLearning.CompleteModulesLipSDP.scalar_slope_quadratic_constraint' depends on axioms: [propext,
 Classical.choice,
 Quot.sound]
'SafeLearning.CompleteModulesLipSDP.relu_slope_restricted' depends on axioms: [propext, Classical.choice, Quot.sound]
'SafeLearning.CompleteModulesLipSDP.quadratic_add' depends on axioms: [propext, Classical.choice, Quot.sound]
'SafeLearning.CompleteModulesLipSDP.quadratic_sub' depends on axioms: [propext, Classical.choice, Quot.sound]
'SafeLearning.CompleteModulesLipSDP.quadratic_smul' depends on axioms: [propext, Classical.choice, Quot.sound]
'SafeLearning.CompleteModulesLipSDP.negative_semidefinite_quadratic' depends on axioms: [propext,
 Classical.choice,
 Quot.sound]
'SafeLearning.CompleteModulesLipSDP.squared_norm_of_coordinates' depends on axioms: [propext,
 Classical.choice,
 Quot.sound]
'SafeLearning.CompleteModulesLipSDP.quadratic_gram' depends on axioms: [propext, Classical.choice, Quot.sound]
'SafeLearning.CompleteModulesLipSDP.quadratic_diagonal_pullback' depends on axioms: [propext,
 Classical.choice,
 Quot.sound]
'SafeLearning.CompleteModulesLipSDP.certificate_quadratic_identity' depends on axioms: [propext,
 Classical.choice,
 Quot.sound]
'SafeLearning.CompleteModulesLipSDP.finite_lifted_lipsdp_soundness' depends on axioms: [propext,
 Classical.choice,
 Quot.sound]
'SafeLearning.CompleteModulesLipSDPConvex.actual_block_certificate_is_affine' depends on axioms: [propext,
 Classical.choice,
 Quot.sound]
'SafeLearning.CompleteModulesLipSDPConvex.actual_neuron_sdp_feasible_set_is_convex' depends on axioms: [propext,
 Classical.choice,
 Quot.sound]
'SafeLearning.CompleteModulesLipSDPConvex.actual_neuron_sdp_objective_is_convex' depends on axioms: [propext,
 Classical.choice,
 Quot.sound]
'SafeLearning.CompleteModulesLipSDPConvex.actual_neuron_sdp_has_no_nonglobal_local_minimum' depends on axioms: [propext,
 Classical.choice,
 Quot.sound]
'SafeLearning.CompleteModulesLipSDPConvex.diagonal_multiplier_cone_is_convex' depends on axioms: [propext,
 Classical.choice,
 Quot.sound]
'SafeLearning.CompleteModulesLipSDPNetwork.canonical_certificate_is_stated_block_matrix' depends on axioms: [propext,
 Classical.choice,
 Quot.sound]
'SafeLearning.CompleteModulesLipSDPNetwork.actual_network_lipsdp_soundness' depends on axioms: [propext,
 Classical.choice,
 Quot.sound]
'SafeLearning.CompleteModulesLipSDPNetwork.actual_block_matrix_certificate_bounds_network' depends on axioms: [propext,
 Classical.choice,
 Quot.sound]
'SafeLearning.CompleteModulesLipSDPProduct.actual_spectral_matrix_gain' depends on axioms: [propext,
 Classical.choice,
 Quot.sound]
'SafeLearning.CompleteModulesLipSDPProduct.slope_restricted_hidden_nonexpansive' depends on axioms: [propext,
 Classical.choice,
 Quot.sound]
'SafeLearning.CompleteModulesLipSDPProduct.actual_network_product_bound' depends on axioms: [propext,
 Classical.choice,
 Quot.sound]
'SafeLearning.CompleteModulesLipSDPProduct.layer_certificate_is_product_matrix' depends on axioms: [propext,
 Classical.choice,
 Quot.sound]
'SafeLearning.CompleteModulesLipSDPProduct.product_certificate_is_hermitian' depends on axioms: [propext,
 Classical.choice,
 Quot.sound]
'SafeLearning.CompleteModulesLipSDPProduct.product_matrix_quadratic_identity' depends on axioms: [propext,
 Classical.choice,
 Quot.sound]
'SafeLearning.CompleteModulesLipSDPProduct.product_bound_is_actual_lipsdp_feasible' depends on axioms: [propext,
 Classical.choice,
 Quot.sound]
'SafeLearning.CompleteModulesLipSDPProduct.actual_layer_optimization_never_exceeds_product' depends on axioms: [propext,
 Classical.choice,
 Quot.sound]
'SafeLearning.CompleteModulesLipSDPProduct.actual_layer_optimum_is_nonnegative' depends on axioms: [propext,
 Classical.choice,
 Quot.sound]
'SafeLearning.CompleteModulesLipSDPWalkthrough.actual_spectral_norm_le_of_quadratic_bound' depends on axioms: [propext,
 Classical.choice,
 Quot.sound]
'SafeLearning.CompleteModulesLipSDPWalkthrough.walkthrough_first_coordinate_energy' depends on axioms: [propext,
 Classical.choice,
 Quot.sound]
'SafeLearning.CompleteModulesLipSDPWalkthrough.walkthrough_last_coordinate_energy' depends on axioms: [propext,
 Classical.choice,
 Quot.sound]
'SafeLearning.CompleteModulesLipSDPWalkthrough.walkthrough_first_actual_spectral_norm_squared' depends on axioms: [propext,
 Classical.choice,
 Quot.sound]
'SafeLearning.CompleteModulesLipSDPWalkthrough.walkthrough_last_actual_spectral_norm_squared' depends on axioms: [propext,
 Classical.choice,
 Quot.sound]
'SafeLearning.CompleteModulesLipSDPWalkthrough.walkthrough_product_feasible_point' depends on axioms: [propext,
 Classical.choice,
 Quot.sound]
'SafeLearning.CompleteModulesLipSDPWalkthrough.walkthrough_product_gain_is_four' depends on axioms: [propext,
 Classical.choice,
 Quot.sound]
'SafeLearning.CompleteModulesLipSDPWalkthrough.walkthrough_optimal_layer_gain_le_four' depends on axioms: [propext,
 Classical.choice,
 Quot.sound]
'SafeLearning.CompleteModulesLogDet.actual_determinant_multilinear_derivative' depends on axioms: [propext,
 Classical.choice,
 Quot.sound]
'SafeLearning.CompleteModulesLogDet.actual_determinant_has_frechet_derivative' depends on axioms: [propext,
 Classical.choice,
 Quot.sound]
'SafeLearning.CompleteModulesLogDet.inverse_trace_functional_is_scaled_adjugate' depends on axioms: [propext,
 Classical.choice,
 Quot.sound]
'SafeLearning.CompleteModulesLogDet.actual_logdet_has_frechet_derivative' depends on axioms: [propext,
 Classical.choice,
 Quot.sound]
'SafeLearning.CompleteModulesLogDet.actual_logdet_curve_derivative' depends on axioms: [propext,
 Classical.choice,
 Quot.sound]
'SafeLearning.CompleteModulesMarginCorollaries.actual_uniform_pair_radius_equals_global_margin_radius' depends on axioms: [propext,
 Classical.choice,
 Quot.sound]
'SafeLearning.CompleteModulesMarginCorollaries.actual_nonnegative_gap_radius_preserves_class_pair_order' depends on axioms: [propext,
 Classical.choice,
 Quot.sound]
'SafeLearning.CompleteModulesMarginCorollaries.actual_nonnegative_one_vs_rest_radius_preserves_unique_prediction' depends on axioms: [propext,
 Classical.choice,
 Quot.sound]
'SafeLearning.CompleteModulesMarginCorollaries.actual_nonnegative_global_margin_radius_preserves_unique_prediction' depends on axioms: [propext,
 Classical.choice,
 Quot.sound]
'SafeLearning.CompleteModulesMarginCorollaries.actual_affine_feature_pair_minimum_radius_preserves_unique_prediction' depends on axioms: [propext,
 Classical.choice,
 Quot.sound]
'SafeLearning.CompleteModulesMarginCorollaries.actual_zero_global_gain_preserves_actual_prediction_everywhere' depends on axioms: [propext,
 Classical.choice,
 Quot.sound]
'SafeLearning.CompleteModulesMarginDomain.actual_at_least_two_classes_iff_nonempty_competitors' depends on axioms: [propext,
 Classical.choice,
 Quot.sound]
'SafeLearning.CompleteModulesMarginDomain.actual_nonnegative_logit_bound_can_be_replaced_by_positive_bound' depends on axioms: [propext,
 Classical.choice,
 Quot.sound]
'SafeLearning.CompleteModulesMarginDomain.actual_nonnegative_pair_gap_bound_can_be_replaced_by_positive_bound' depends on axioms: [propext,
 Classical.choice,
 Quot.sound]
'SafeLearning.CompleteModulesMarginDomain.actual_zero_pair_gap_bound_makes_gap_constant' depends on axioms: [propext,
 Classical.choice,
 Quot.sound]
'SafeLearning.CompleteModulesMatrixError.actual_quadratic_error_is_bounded_by_spectral_norm' depends on axioms: [propext,
 Classical.choice,
 Quot.sound]
'SafeLearning.CompleteModulesMatrixError.actual_quadratic_shift' depends on axioms: [propext,
 Classical.choice,
 Quot.sound]
'SafeLearning.CompleteModulesMatrixError.actual_validated_matrix_margin_certifies_positive_definiteness' depends on axioms: [propext,
 Classical.choice,
 Quot.sound]
'SafeLearning.CompleteModulesMatrixError.actual_near_singular_matrix_is_positive' depends on axioms: [propext,
 Classical.choice,
 Quot.sound]
'SafeLearning.CompleteModulesMatrixError.actual_near_singular_matrix_is_not_positive' depends on axioms: [propext,
 Classical.choice,
 Quot.sound]
'SafeLearning.CompleteModulesMatrixError.actual_opposite_feasibility_matrices_are_arbitrarily_close' depends on axioms: [propext,
 Classical.choice,
 Quot.sound]
'SafeLearning.CompleteModulesMatrixError.actual_small_absolute_error_can_reverse_both_feasibility_decisions' depends on axioms: [propext,
 Classical.choice,
 Quot.sound]
'SafeLearning.CompleteModulesMatrixGP.inverse_zero_regularization_limit' depends on axioms: [propext,
 Classical.choice,
 Quot.sound]
'SafeLearning.CompleteModulesMatrixGP.mulVec_of_matrix_limit' depends on axioms: [propext, Classical.choice, Quot.sound]
'SafeLearning.CompleteModulesMatrixGP.dotProduct_of_vector_limit' depends on axioms: [propext,
 Classical.choice,
 Quot.sound]
'SafeLearning.CompleteModulesMatrixGP.posterior_mean_zero_regularization_limit' depends on axioms: [propext,
 Classical.choice,
 Quot.sound]
'SafeLearning.CompleteModulesMatrixGP.posterior_variance_zero_regularization_limit' depends on axioms: [propext,
 Classical.choice,
 Quot.sound]
'SafeLearning.CompleteModulesMatrixGP.regularized_solve_is_inverse_solution' depends on axioms: [propext,
 Classical.choice,
 Quot.sound]
'SafeLearning.CompleteModulesMatrixGP.normalized_inverse_small_parameter_limit' depends on axioms: [propext,
 Classical.choice,
 Quot.sound]
'SafeLearning.CompleteModulesMatrixGP.normalized_inverse_second_order' depends on axioms: [propext,
 Classical.choice,
 Quot.sound]
'SafeLearning.CompleteModulesMatrixGP.normalized_inverse_large_regularization_limit' depends on axioms: [propext,
 Classical.choice,
 Quot.sound]
'SafeLearning.CompleteModulesMatrixGP.regularized_inverse_eventual_scaling' depends on axioms: [propext,
 Classical.choice,
 Quot.sound]
'SafeLearning.CompleteModulesMatrixGP.inverse_infinite_regularization_limit' depends on axioms: [propext,
 Classical.choice,
 Quot.sound]
'SafeLearning.CompleteModulesMatrixGP.posterior_mean_infinite_regularization_limit' depends on axioms: [propext,
 Classical.choice,
 Quot.sound]
'SafeLearning.CompleteModulesMatrixGP.posterior_variance_infinite_regularization_limit' depends on axioms: [propext,
 Classical.choice,
 Quot.sound]
'SafeLearning.CompleteModulesMatrixGP.inverse_infinite_regularization_second_order_remainder' depends on axioms: [propext,
 Classical.choice,
 Quot.sound]
'SafeLearning.CompleteModulesMatrixPractice.actual_source_eigendirections_are_nonzero' depends on axioms: [propext,
 Classical.choice,
 Quot.sound]
'SafeLearning.CompleteModulesMatrixPractice.actual_source_two_positive_entry_matrices' depends on axioms: [propext,
 Classical.choice,
 Quot.sound]
'SafeLearning.CompleteModulesMatrixPractice.actual_source_two_matrices_eigenvectors' depends on axioms: [propext,
 Classical.choice,
 Quot.sound]
'SafeLearning.CompleteModulesMatrixPractice.actual_source_two_matrices_characteristic_roots' depends on axioms: [propext,
 Classical.choice,
 Quot.sound]
'SafeLearning.CompleteModulesMatrixPractice.actual_source_positive_matrix_quadratic_identity' depends on axioms: [propext,
 Classical.choice,
 Quot.sound]
'SafeLearning.CompleteModulesMatrixPractice.actual_source_positive_matrix_is_positive_definite' depends on axioms: [propext,
 Classical.choice,
 Quot.sound]
'SafeLearning.CompleteModulesMatrixPractice.actual_source_indefinite_negative_direction' depends on axioms: [propext,
 Classical.choice,
 Quot.sound]
'SafeLearning.CompleteModulesMatrixPractice.actual_source_indefinite_positive_direction' depends on axioms: [propext,
 Classical.choice,
 Quot.sound]
'SafeLearning.CompleteModulesMatrixPractice.actual_source_positive_matrix_is_positive_semidefinite' depends on axioms: [propext,
 Classical.choice,
 Quot.sound]
'SafeLearning.CompleteModulesMatrixPractice.actual_source_indefinite_matrix_is_not_positive_semidefinite' depends on axioms: [propext,
 Classical.choice,
 Quot.sound]
'SafeLearning.CompleteModulesMatrixPractice.actual_source_nonnormal_matrix_characteristic_roots' depends on axioms: [propext,
 Classical.choice,
 Quot.sound]
'SafeLearning.CompleteModulesMatrixPractice.actual_source_nonnormal_matrix_is_schur_stable' depends on axioms: [propext,
 Classical.choice,
 Quot.sound]
'SafeLearning.CompleteModulesMatrixPractice.actual_source_identity_storage_fails_decrease' depends on axioms: [propext,
 Classical.choice,
 Quot.sound]
'SafeLearning.CompleteModulesMatrixPractice.actual_source_symmetric_stein_equation_unique_solution' depends on axioms: [propext,
 Classical.choice,
 Quot.sound]
'SafeLearning.CompleteModulesMatrixPractice.actual_source_stein_storage_principal_minors' depends on axioms: [propext,
 Classical.choice,
 Quot.sound]
'SafeLearning.CompleteModulesMatrixPractice.actual_source_stein_storage_quadratic_identity' depends on axioms: [propext,
 Classical.choice,
 Quot.sound]
'SafeLearning.CompleteModulesMatrixPractice.actual_source_stein_storage_is_positive_definite' depends on axioms: [propext,
 Classical.choice,
 Quot.sound]
'SafeLearning.CompleteModulesMatrixPractice.actual_source_weighted_energy_decreases_by_euclidean_energy' depends on axioms: [propext,
 Classical.choice,
 Quot.sound]
'SafeLearning.CompleteModulesMatrixPracticeCorollaries.actual_real_positive_semidefiniteness_is_the_quadratic_condition' depends on axioms: [propext,
 Classical.choice,
 Quot.sound]
'SafeLearning.CompleteModulesMatrixPracticeCorollaries.actual_source_weighted_energy_decreases_by_actual_euclidean_norm_squared' depends on axioms: [propext,
 Classical.choice,
 Quot.sound]
'SafeLearning.CompleteModulesMatrixPracticeCorollaries.actual_source_three_stein_entries' depends on axioms: [propext,
 Classical.choice,
 Quot.sound]
'SafeLearning.CompleteModulesNetworks.two_neuron_max_affine' depends on axioms: [propext, Classical.choice, Quot.sound]
'SafeLearning.CompleteModulesNetworks.abs_max_pair_bound' depends on axioms: [propext, Classical.choice, Quot.sound]
'SafeLearning.CompleteModulesNetworks.linear_gradient_l2' depends on axioms: [propext, Classical.choice, Quot.sound]
'SafeLearning.CompleteModulesNetworks.two_neuron_lipschitz_l2' depends on axioms: [propext,
 Classical.choice,
 Quot.sound]
'SafeLearning.CompleteModulesNetworks.linear_gradient_box' depends on axioms: [propext, Classical.choice, Quot.sound]
'SafeLearning.CompleteModulesNetworks.two_neuron_lipschitz_box' depends on axioms: [propext,
 Classical.choice,
 Quot.sound]
'SafeLearning.CompleteModulesNetworks.physical_correction_box' depends on axioms: [propext,
 Classical.choice,
 Quot.sound]
'SafeLearning.CompleteModulesNetworks.physical_box_bound_attained' depends on axioms: [propext,
 Classical.choice,
 Quot.sound]
'SafeLearning.CompleteModulesNetworks.exact_l2_slope_attained' depends on axioms: [propext,
 Classical.choice,
 Quot.sound]
'SafeLearning.CompleteModulesNetworks.exact_l2_gain_necessary' depends on axioms: [propext,
 Classical.choice,
 Quot.sound]
'SafeLearning.CompleteModulesNetworks.relu_incremental_sector' depends on axioms: [propext,
 Classical.choice,
 Quot.sound]
'SafeLearning.CompleteModulesNetworks.diagonal_relu_incremental_qc' depends on axioms: [propext,
 Classical.choice,
 Quot.sound]
'SafeLearning.CompleteModulesNetworks.leaky_relu_incremental_sector' depends on axioms: [propext,
 Classical.choice,
 Quot.sound]
'SafeLearning.CompleteModulesNetworks.affine_interval_center_radius' depends on axioms: [propext,
 Classical.choice,
 Quot.sound]
'SafeLearning.CompleteModulesNetworks.affine_interval_upper_attained' depends on axioms: [propext,
 Classical.choice,
 Quot.sound]
'SafeLearning.CompleteModulesNetworks.affine_interval_lower_attained' depends on axioms: [propext,
 Classical.choice,
 Quot.sound]
'SafeLearning.CompleteModulesNetworks.relu_interval_sound' depends on axioms: [propext, Classical.choice, Quot.sound]
'SafeLearning.CompleteModulesNetworks.relu_triangle_general' depends on axioms: [propext, Classical.choice, Quot.sound]
'SafeLearning.CompleteModulesNetworks.relu_lower_line_general' depends on axioms: [propext,
 Classical.choice,
 Quot.sound]
'SafeLearning.CompleteModulesNetworks.approximate_orthogonal_operator' depends on axioms: [propext,
 Classical.choice,
 Quot.sound]
'SafeLearning.CompleteModulesNetworks.finite_stage_lipschitz_composition' depends on axioms: [propext,
 Classical.choice,
 Quot.sound]
'SafeLearning.CompleteModulesNormalizationStatistics.actual_half_last_layer_row_has_norm_one_half' depends on axioms: [propext,
 Classical.choice,
 Quot.sound]
'SafeLearning.CompleteModulesNormalizationStatistics.actual_half_last_layer_row_normalizes_to_identity' depends on axioms: [propext,
 Classical.choice,
 Quot.sound]
'SafeLearning.CompleteModulesNormalizationStatistics.actual_row_normalization_increases_the_half_layer_distance_gain' depends on axioms: [propext,
 Classical.choice,
 Quot.sound]
'SafeLearning.CompleteModulesNormalizationStatistics.actual_row_normalized_half_layer_exceeds_the_original_bound' depends on axioms: [propext,
 Classical.choice,
 Quot.sound]
'SafeLearning.CompleteModulesNormalizationStatistics.actual_certified_test_indices_are_clean_test_indices' depends on axioms: [propext,
 Classical.choice,
 Quot.sound]
'SafeLearning.CompleteModulesNormalizationStatistics.actual_certified_accuracy_is_no_greater_than_clean_accuracy' depends on axioms: [propext,
 Classical.choice,
 Quot.sound]
'SafeLearning.CompleteModulesNormalizedClassification.actual_euclidean_normalization_distance' depends on axioms: [propext,
 Classical.choice,
 Quot.sound]
'SafeLearning.CompleteModulesNormalizedClassification.actual_normalized_classifier_preserves_prediction_within_global_pixel_radius' depends on axioms: [propext,
 Classical.choice,
 Quot.sound]
'SafeLearning.CompleteModulesNormalizedClassification.actual_normalized_classifier_preserves_prediction_within_pairwise_pixel_radius' depends on axioms: [propext,
 Classical.choice,
 Quot.sound]
'SafeLearning.CompleteModulesNormalizedClassification.actual_normalized_global_certificate_covers_closed_smaller_pixel_ball' depends on axioms: [propext,
 Classical.choice,
 Quot.sound]
'SafeLearning.CompleteModulesNormalizedClassification.actual_normalized_pairwise_certificate_covers_closed_smaller_pixel_ball' depends on axioms: [propext,
 Classical.choice,
 Quot.sound]
'SafeLearning.CompleteModulesOverlappingPool.actual_adjacent_pair_average_output' depends on axioms: [propext,
 Classical.choice,
 Quot.sound]
'SafeLearning.CompleteModulesOverlappingPool.actual_adjacent_pair_average_pool_quadratic_gap' depends on axioms: [propext,
 Classical.choice,
 Quot.sound]
'SafeLearning.CompleteModulesOverlappingPool.actual_adjacent_pair_average_pool_spectral_norm_squared' depends on axioms: [propext,
 Classical.choice,
 Quot.sound]
'SafeLearning.CompleteModulesOverlappingPool.actual_adjacent_pair_average_pool_spectral_norm' depends on axioms: [propext,
 Classical.choice,
 Quot.sound]
'SafeLearning.CompleteModulesOverlappingPool.actual_overlap_increases_the_disjoint_two_coordinate_bound' depends on axioms: [propext,
 Classical.choice,
 Quot.sound]
'SafeLearning.CompleteModulesPolicyDual.actual_bounded_returns_bound_each_lagrangian' depends on axioms: [propext,
 Classical.choice,
 Quot.sound]
'SafeLearning.CompleteModulesPolicyDual.actual_policy_lagrangian_range_is_bounded_above' depends on axioms: [propext,
 Classical.choice,
 Quot.sound]
'SafeLearning.CompleteModulesPolicyDual.actual_policy_lagrangian_is_affine_in_price' depends on axioms: [propext,
 Classical.choice,
 Quot.sound]
'SafeLearning.CompleteModulesPolicyDual.actual_policy_dual_is_convex_for_arbitrary_nonconvex_policy_class' depends on axioms: [propext,
 Classical.choice,
 Quot.sound]
'SafeLearning.CompleteModulesPolicyDual.actual_feasible_reward_is_bounded_by_each_nonnegative_price_dual' depends on axioms: [propext,
 Classical.choice,
 Quot.sound]
'SafeLearning.CompleteModulesPolicyDual.actual_true_extended_supremum_primal_is_bounded_by_each_dual' depends on axioms: [propext,
 Classical.choice,
 Quot.sound]
'SafeLearning.CompleteModulesPolicyDual.actual_empty_feasible_class_has_minus_infinity_primal' depends on axioms: [propext,
 Classical.choice,
 Quot.sound]
'SafeLearning.CompleteModulesPolicyDual.actual_negative_price_counterexample' depends on axioms: [propext,
 Classical.choice,
 Quot.sound]
'SafeLearning.CompleteModulesPolicyDualExample.actual_mixed_policy_is_a_normalized_nonnegative_two_action_law' depends on axioms: [propext,
 Classical.choice,
 Quot.sound]
'SafeLearning.CompleteModulesPolicyDualExample.actual_mixed_expected_reward_and_cost' depends on axioms: [propext,
 Classical.choice,
 Quot.sound]
'SafeLearning.CompleteModulesPolicyDualExample.actual_negative_price_strictly_lowers_lagrangian_at_every_strictly_feasible_policy' depends on axioms: [propext,
 Classical.choice,
 Quot.sound]
'SafeLearning.CompleteModulesPolicyDualExample.actual_mixed_lagrangian_is_the_convex_combination_of_action_lagrangians' depends on axioms: [propext,
 Classical.choice,
 Quot.sound]
'SafeLearning.CompleteModulesPolicyDualExample.actual_mixing_cannot_exceed_the_better_action_lagrangian' depends on axioms: [propext,
 Classical.choice,
 Quot.sound]
'SafeLearning.CompleteModulesPolicyDualExample.actual_mixed_lagrangian_range_is_bounded' depends on axioms: [propext,
 Classical.choice,
 Quot.sound]
'SafeLearning.CompleteModulesPolicyDualExample.actual_two_action_mixed_policy_dual_is_the_true_maximum' depends on axioms: [propext,
 Classical.choice,
 Quot.sound]
'SafeLearning.CompleteModulesPolicyDualExample.actual_first_action_is_feasible_and_has_reward_one' depends on axioms: [propext,
 Classical.choice,
 Quot.sound]
'SafeLearning.CompleteModulesPolicyDualExample.actual_two_action_extended_primal_is_the_true_feasible_supremum_one' depends on axioms: [propext,
 Classical.choice,
 Quot.sound]
'SafeLearning.CompleteModulesPolicyDualExample.actual_nonnegative_price_dual_minimum_is_one_at_zero' depends on axioms: [propext,
 Classical.choice,
 Quot.sound]
'SafeLearning.CompleteModulesPolicyDualExample.actual_unique_nonnegative_price_minimizer_is_zero' depends on axioms: [propext,
 Classical.choice,
 Quot.sound]
'SafeLearning.CompleteModulesPolicyDualExample.actual_unrestricted_price_dual_minimum_is_one_half_at_negative_one_half' depends on axioms: [propext,
 Classical.choice,
 Quot.sound]
'SafeLearning.CompleteModulesPolicyDualExample.actual_unique_unrestricted_price_minimizer_is_negative_one_half' depends on axioms: [propext,
 Classical.choice,
 Quot.sound]
'SafeLearning.CompleteModulesPolicyDualExample.actual_two_action_unrestricted_dual_undershoots_the_primal' depends on axioms: [propext,
 Classical.choice,
 Quot.sound]
'SafeLearning.CompleteModulesPolicyDualExample.actual_other_instance_has_dual_equal_to_the_unrestricted_price' depends on axioms: [propext,
 Classical.choice,
 Quot.sound]
'SafeLearning.CompleteModulesPolicyDualExample.actual_unrestricted_dual_need_not_be_bounded_below' depends on axioms: [propext,
 Classical.choice,
 Quot.sound]
'SafeLearning.CompleteModulesPooling.actual_average_window_squared_increment_bound' depends on axioms: [propext,
 Classical.choice,
 Quot.sound]
'SafeLearning.CompleteModulesPooling.actual_disjoint_average_pool_lipschitz' depends on axioms: [propext,
 Classical.choice,
 Quot.sound]
'SafeLearning.CompleteModulesPooling.actual_average_row_euclidean_norm' depends on axioms: [propext,
 Classical.choice,
 Quot.sound]
'SafeLearning.CompleteModulesPooling.actual_maximum_window_squared_increment_bound' depends on axioms: [propext,
 Classical.choice,
 Quot.sound]
'SafeLearning.CompleteModulesPooling.actual_maximum_window_lipschitz' depends on axioms: [propext,
 Classical.choice,
 Quot.sound]
'SafeLearning.CompleteModulesPooling.actual_disjoint_maximum_pool_nonexpansive' depends on axioms: [propext,
 Classical.choice,
 Quot.sound]
'SafeLearning.CompleteModulesPoolingCorollaries.actual_average_row_norm_equals_source_sqrt_over_length' depends on axioms: [propext,
 Classical.choice,
 Quot.sound]
'SafeLearning.CompleteModulesPoolingCorollaries.actual_maximum_increment_is_bounded_by_maximum_absolute_increment' depends on axioms: [propext,
 Classical.choice,
 Quot.sound]
'SafeLearning.CompleteModulesPoolingCorollaries.actual_maximum_absolute_increment_is_bounded_by_euclidean_increment' depends on axioms: [propext,
 Classical.choice,
 Quot.sound]
'SafeLearning.CompleteModulesPoolingQC.actual_average_pool_increment_is_linear' depends on axioms: [propext,
 Classical.choice,
 Quot.sound]
'SafeLearning.CompleteModulesPoolingQC.actual_average_pool_commutes_with_full_channel_matrix' depends on axioms: [propext,
 Classical.choice,
 Quot.sound]
'SafeLearning.CompleteModulesPoolingQC.actual_average_pool_admits_arbitrary_positive_semidefinite_full_multiplier' depends on axioms: [propext,
 Classical.choice,
 Quot.sound]
'SafeLearning.CompleteModulesPoolingQC.actual_average_pool_full_multiplier_incremental_qc' depends on axioms: [propext,
 Classical.choice,
 Quot.sound]
'SafeLearning.CompleteModulesPoolingQC.actual_maximum_pool_admits_nonnegative_diagonal_incremental_multiplier' depends on axioms: [propext,
 Classical.choice,
 Quot.sound]
'SafeLearning.CompleteModulesPoolingQC.actual_coupled_maximum_pool_qc_fails' depends on axioms: [propext,
 Classical.choice,
 Quot.sound]
'SafeLearning.CompleteModulesPoolingQC.actual_positive_semidefinite_full_multiplier_is_not_valid_for_maximum_pool' depends on axioms: [propext,
 Classical.choice,
 Quot.sound]
'SafeLearning.CompleteModulesPosterior.residual_objective_at_solution' depends on axioms: [propext,
 Classical.choice,
 Quot.sound]
'SafeLearning.CompleteModulesPosterior.residual_objective_gap' depends on axioms: [propext,
 Classical.choice,
 Quot.sound]
'SafeLearning.CompleteModulesPosterior.residual_objective_global_minimum' depends on axioms: [propext,
 Classical.choice,
 Quot.sound]
'SafeLearning.CompleteModulesPosterior.posterior_variance_regularization_monotone' depends on axioms: [propext,
 Classical.choice,
 Quot.sound]
'SafeLearning.CompleteModulesPosterior.actual_posterior_regularization_monotone' depends on axioms: [propext,
 Classical.choice,
 Quot.sound]
'SafeLearning.CompleteModulesPseudoinverse.actual_matrix_is_its_true_spectral_conjugate' depends on axioms: [propext,
 Classical.choice,
 Quot.sound]
'SafeLearning.CompleteModulesPseudoinverse.actual_pseudoinverse_is_symmetric' depends on axioms: [propext,
 Classical.choice,
 Quot.sound]
'SafeLearning.CompleteModulesPseudoinverse.actual_pseudoinverse_satisfies_both_generalized_inverse_equations' depends on axioms: [propext,
 Classical.choice,
 Quot.sound]
'SafeLearning.CompleteModulesPseudoinverse.actual_pseudoinverse_commutes_with_the_matrix' depends on axioms: [propext,
 Classical.choice,
 Quot.sound]
'SafeLearning.CompleteModulesPseudoinverse.actual_pseudoinverse_satisfies_all_four_moore_penrose_equations' depends on axioms: [propext,
 Classical.choice,
 Quot.sound]
'SafeLearning.CompleteModulesPseudoinverse.actual_zero_matrix_pseudoinverse_is_zero' depends on axioms: [propext,
 Classical.choice,
 Quot.sound]
'SafeLearning.CompleteModulesPseudoinverse.actual_pseudoinverse_null_projection_has_image_in_the_actual_kernel' depends on axioms: [propext,
 Classical.choice,
 Quot.sound]
'SafeLearning.CompleteModulesQuadraticDual.actual_source_constraint_is_affine' depends on axioms: [propext,
 Classical.choice,
 Quot.sound]
'SafeLearning.CompleteModulesQuadraticDual.actual_source_unconstrained_minimizer_is_excluded' depends on axioms: [propext,
 Classical.choice,
 Quot.sound]
'SafeLearning.CompleteModulesQuadraticDual.actual_source_optimal_dual_price_recovers_primal' depends on axioms: [propext,
 Classical.choice,
 Quot.sound]
'SafeLearning.CompleteModulesQuadraticDual.actual_unconstrained_primal_unique_minimum' depends on axioms: [propext,
 Classical.choice,
 Quot.sound]
'SafeLearning.CompleteModulesQuadraticDual.actual_lagrangian_completed_square' depends on axioms: [propext,
 Classical.choice,
 Quot.sound]
'SafeLearning.CompleteModulesQuadraticDual.actual_lagrangian_stationary_input_is_global_minimum' depends on axioms: [propext,
 Classical.choice,
 Quot.sound]
'SafeLearning.CompleteModulesQuadraticDual.actual_dual_function_is_true_unrestricted_infimum' depends on axioms: [propext,
 Classical.choice,
 Quot.sound]
'SafeLearning.CompleteModulesQuadraticDual.actual_lagrangian_primal_derivative' depends on axioms: [propext,
 Classical.choice,
 Quot.sound]
'SafeLearning.CompleteModulesQuadraticDual.actual_dual_function_derivative' depends on axioms: [propext,
 Classical.choice,
 Quot.sound]
'SafeLearning.CompleteModulesQuadraticDual.actual_dual_function_is_concave' depends on axioms: [propext,
 Classical.choice,
 Quot.sound]
'SafeLearning.CompleteModulesQuadraticDual.actual_primal_objective_is_convex' depends on axioms: [propext,
 Classical.choice,
 Quot.sound]
'SafeLearning.CompleteModulesQuadraticDual.actual_primal_unique_global_optimum' depends on axioms: [propext,
 Classical.choice,
 Quot.sound]
'SafeLearning.CompleteModulesQuadraticDual.actual_dual_unique_global_maximum' depends on axioms: [propext,
 Classical.choice,
 Quot.sound]
'SafeLearning.CompleteModulesQuadraticDual.actual_dual_gap_identity' depends on axioms: [propext,
 Classical.choice,
 Quot.sound]
'SafeLearning.CompleteModulesQuadraticDual.actual_nonnegative_price_is_a_true_primal_lower_bound' depends on axioms: [propext,
 Classical.choice,
 Quot.sound]
'SafeLearning.CompleteModulesQuadraticDual.actual_kkt_conditions_determine_source_solution' depends on axioms: [propext,
 Classical.choice,
 Quot.sound]
'SafeLearning.CompleteModulesQuadraticDual.actual_source_strict_feasibility_and_zero_gap' depends on axioms: [propext,
 Classical.choice,
 Quot.sound]
'SafeLearning.CompleteModulesQuadraticDual.actual_positive_relaxation_improves_the_source_optimum' depends on axioms: [propext,
 Classical.choice,
 Quot.sound]
'SafeLearning.CompleteModulesRKHSStructure.evaluation_functional_evaluates' depends on axioms: [propext,
 Classical.choice,
 Quot.sound]
'SafeLearning.CompleteModulesRKHSStructure.evaluation_functional_is_linear' depends on axioms: [propext,
 Classical.choice,
 Quot.sound]
'SafeLearning.CompleteModulesRKHSStructure.evaluation_functional_is_bounded' depends on axioms: [propext,
 Classical.choice,
 Quot.sound]
'SafeLearning.CompleteModulesRKHSStructure.rkhs_with_same_kernel_unique' depends on axioms: [propext,
 Classical.choice,
 Quot.sound]
'SafeLearning.CompleteModulesRKHSStructure.finite_expansion_cross_inner' depends on axioms: [propext,
 Classical.choice,
 Quot.sound]
'SafeLearning.CompleteModulesRKHSStructure.linear_function_evaluation' depends on axioms: [propext,
 Classical.choice,
 Quot.sound]
'SafeLearning.CompleteModulesRKHSStructure.linear_function_norm_and_evaluation' depends on axioms: [propext,
 Classical.choice,
 Quot.sound]
'SafeLearning.CompleteModulesRKHSStructure.linear_reproducing_property' depends on axioms: [propext,
 Classical.choice,
 Quot.sound]
'SafeLearning.CompleteModulesRKHSStructure.linear_representing_function' depends on axioms: [propext,
 Classical.choice,
 Quot.sound]
'SafeLearning.CompleteModulesRepresenter.every_regularized_minimizer_has_finite_representation' depends on axioms: [propext,
 Classical.choice,
 Quot.sound]
'SafeLearning.CompleteModulesRepresenter.actual_rkhs_representer_theorem' depends on axioms: [propext,
 Classical.choice,
 Quot.sound]
'SafeLearning.CompleteModulesRepresenter.finite_rkhs_expansion_evaluates' depends on axioms: [propext,
 Classical.choice,
 Quot.sound]
'SafeLearning.CompleteModulesRiccati.actual_negative_block_schur_equivalence' depends on axioms: [propext,
 Classical.choice,
 Quot.sound]
'SafeLearning.CompleteModulesRiccati.actual_negative_corner_inverse_has_the_source_sign' depends on axioms: [propext,
 Classical.choice,
 Quot.sound]
'SafeLearning.CompleteModulesRiccati.actual_riccati_remainder_iff_literal_two_block_lmi' depends on axioms: [propext,
 Classical.choice,
 Quot.sound]
'SafeLearning.CompleteModulesRiccati.actual_output_schur_remainder_is_the_literal_two_block_lmi' depends on axioms: [propext,
 Classical.choice,
 Quot.sound]
'SafeLearning.CompleteModulesRiccati.actual_literal_three_block_lmi_iff_literal_two_block_lmi' depends on axioms: [propext,
 Classical.choice,
 Quot.sound]
'SafeLearning.CompleteModulesRiccati.actual_three_block_lmi_is_jointly_affine_in_storage_output_feedthrough_and_squared_gain' depends on axioms: [propext,
 Classical.choice,
 Quot.sound]
'SafeLearning.CompleteModulesRiccati.actual_two_block_lmi_is_affine_in_storage_with_system_fixed' depends on axioms: [propext,
 Classical.choice,
 Quot.sound]
'SafeLearning.CompleteModulesRiccati.actual_riccati_remainder_has_the_true_quadratic_storage_second_difference' depends on axioms: [propext,
 Classical.choice,
 Quot.sound]
'SafeLearning.CompleteModulesRoesserPadding.actual_roesser_output_equals_literal_double_convolution' depends on axioms: [propext,
 Classical.choice,
 Quot.sound]
'SafeLearning.CompleteModulesRoesserPadding.actual_previous_zero_signal_is_zero' depends on axioms: [propext,
 Classical.choice,
 Quot.sound]
'SafeLearning.CompleteModulesRoesserPadding.actual_zero_three_by_three_kernel_output_is_bias' depends on axioms: [propext,
 Classical.choice,
 Quot.sound]
'SafeLearning.CompleteModulesRoesserPadding.actual_zero_kernel_has_genuine_empty_state_realization' depends on axioms: [propext,
 Classical.choice,
 Quot.sound]
'SafeLearning.CompleteModulesRoesserPadding.actual_zero_kernel_empty_realization_has_strictly_fewer_than_source_states' depends on axioms: [propext,
 Classical.choice,
 Quot.sound]
'SafeLearning.CompleteModulesRoesserThreeByThree.actual_roesser_vertical_zero_boundary' depends on axioms: [propext,
 Classical.choice,
 Quot.sound]
'SafeLearning.CompleteModulesRoesserThreeByThree.actual_roesser_horizontal_zero_boundary' depends on axioms: [propext,
 Classical.choice,
 Quot.sound]
'SafeLearning.CompleteModulesRoesserThreeByThree.actual_roesser_vertical_state_space_recursion' depends on axioms: [propext,
 Classical.choice,
 Quot.sound]
'SafeLearning.CompleteModulesRoesserThreeByThree.actual_roesser_horizontal_state_space_recursion' depends on axioms: [propext,
 Classical.choice,
 Quot.sound]
'SafeLearning.CompleteModulesRoesserThreeByThree.actual_roesser_output_is_zero_padded_three_by_three_convolution' depends on axioms: [propext,
 Classical.choice,
 Quot.sound]
'SafeLearning.CompleteModulesRoesserThreeByThree.actual_roesser_three_by_three_state_dimensions' depends on axioms: [propext,
 Classical.choice,
 Quot.sound]
'SafeLearning.CompleteModulesRoesserThreeByThree.actual_source_sixteen_to_thirty_two_channel_roesser_state_count' depends on axioms: [propext,
 Classical.choice,
 Quot.sound]
'SafeLearning.CompleteModulesSDPBasis.actual_unordered_pair_coordinates_always_form_a_symmetric_matrix' depends on axioms: [propext,
 Classical.choice,
 Quot.sound]
'SafeLearning.CompleteModulesSDPBasis.actual_every_symmetric_matrix_has_the_true_unordered_pair_coordinates' depends on axioms: [propext,
 Classical.choice,
 Quot.sound]
'SafeLearning.CompleteModulesSDPBasis.actual_symmetric_matrix_coordinates_are_unique' depends on axioms: [propext,
 Classical.choice,
 Quot.sound]
'SafeLearning.CompleteModulesSDPBasis.actual_symmetric_coordinate_expansion_is_the_true_full_matrix' depends on axioms: [propext,
 Classical.choice,
 Quot.sound]
'SafeLearning.CompleteModulesSDPBasis.actual_symmetric_basis_coefficients_are_unique_in_the_true_full_matrix_sum' depends on axioms: [propext,
 Classical.choice,
 Quot.sound]
'SafeLearning.CompleteModulesSDPBasis.actual_symmetric_matrix_coordinate_count_is_n_times_n_plus_one_over_two' depends on axioms: [propext,
 Classical.choice,
 Quot.sound]
'SafeLearning.CompleteModulesSDPBasis.actual_diagonal_and_offdiagonal_symmetric_coordinate_counts' depends on axioms: [propext,
 Classical.choice,
 Quot.sound]
'SafeLearning.CompleteModulesSDPBasis.actual_stein_matrix_is_an_lmi_in_the_true_symmetric_basis_coefficients' depends on axioms: [propext,
 Classical.choice,
 Quot.sound]
'SafeLearning.CompleteModulesSDPBasis.actual_two_by_two_symmetric_matrix_has_the_three_literal_source_basis_matrices' depends on axioms: [propext,
 Classical.choice,
 Quot.sound]
'SafeLearning.CompleteModulesSDPBasis.actual_two_by_two_basis_has_exactly_three_independent_unknowns' depends on axioms: [propext,
 Classical.choice,
 Quot.sound]
'SafeLearning.CompleteModulesSDPBlocks.actual_many_psd_constraints_iff_the_true_block_diagonal_matrix_is_psd' depends on axioms: [propext,
 Classical.choice,
 Quot.sound]
'SafeLearning.CompleteModulesSDPBlocks.actual_scalar_linear_inequality_is_a_one_by_one_lmi' depends on axioms: [propext,
 Classical.choice,
 Quot.sound]
'SafeLearning.CompleteModulesSDPBlocks.actual_strict_scalar_linear_inequality_is_a_one_by_one_strict_lmi' depends on axioms: [propext,
 Classical.choice,
 Quot.sound]
'SafeLearning.CompleteModulesSDPBlocks.actual_all_linear_program_inequalities_iff_the_true_diagonal_lmi' depends on axioms: [propext,
 Classical.choice,
 Quot.sound]
'SafeLearning.CompleteModulesSDPBlocks.actual_linear_program_diagonal_matrix_is_the_literal_affine_lmi' depends on axioms: [propext,
 Classical.choice,
 Quot.sound]
'SafeLearning.CompleteModulesSDPCone.actual_real_symmetric_psd_iff_all_quadratic_forms_nonnegative' depends on axioms: [propext,
 Classical.choice,
 Quot.sound]
'SafeLearning.CompleteModulesSDPCone.actual_real_symmetric_psd_iff_all_actual_eigenvalues_nonnegative' depends on axioms: [propext,
 Classical.choice,
 Quot.sound]
'SafeLearning.CompleteModulesSDPCone.actual_real_symmetric_pd_iff_all_actual_eigenvalues_strictly_positive' depends on axioms: [propext,
 Classical.choice,
 Quot.sound]
'SafeLearning.CompleteModulesSDPCone.actual_psd_iff_true_transpose_gram_factorization' depends on axioms: [propext,
 Classical.choice,
 Quot.sound]
'SafeLearning.CompleteModulesSDPCone.actual_psd_cone_is_closed' depends on axioms: [propext,
 Classical.choice,
 Quot.sound]
'SafeLearning.CompleteModulesSDPCone.actual_nonnegative_combinations_of_psd_matrices_are_psd' depends on axioms: [propext,
 Classical.choice,
 Quot.sound]
'SafeLearning.CompleteModulesSDPCone.actual_psd_cone_is_convex' depends on axioms: [propext,
 Classical.choice,
 Quot.sound]
'SafeLearning.CompleteModulesSDPCone.actual_compatible_congruence_preserves_psd' depends on axioms: [propext,
 Classical.choice,
 Quot.sound]
'SafeLearning.CompleteModulesSDPCone.actual_invertible_square_congruence_preserves_and_reflects_psd' depends on axioms: [propext,
 Classical.choice,
 Quot.sound]
'SafeLearning.CompleteModulesSDPCone.actual_affine_matrix_is_genuinely_affine_in_every_unknown' depends on axioms: [propext,
 Classical.choice,
 Quot.sound]
'SafeLearning.CompleteModulesSDPCone.actual_lmi_feasible_set_is_convex' depends on axioms: [propext,
 Classical.choice,
 Quot.sound]
'SafeLearning.CompleteModulesSDPCone.actual_sdp_linear_objective_is_convex_on_its_true_lmi_set' depends on axioms: [propext,
 Classical.choice,
 Quot.sound]
'SafeLearning.CompleteModulesSDPConeCorollaries.actual_positive_square_root_is_psd_symmetric_and_squares_to_the_matrix' depends on axioms: [propext,
 Classical.choice,
 Quot.sound]
'SafeLearning.CompleteModulesSDPConeCorollaries.actual_real_symmetric_pd_iff_every_nonzero_vector_has_positive_quadratic' depends on axioms: [propext,
 Classical.choice,
 Quot.sound]
'SafeLearning.CompleteModulesSDPConeCorollaries.actual_nonnegative_cone_combination_has_the_literal_quadratic_identity' depends on axioms: [propext,
 Classical.choice,
 Quot.sound]
'SafeLearning.CompleteModulesSDPConeCorollaries.actual_compatible_congruence_has_the_literal_quadratic_identity' depends on axioms: [propext,
 Classical.choice,
 Quot.sound]
'SafeLearning.CompleteModulesSDPConeCorollaries.actual_real_loewner_order_is_the_source_psd_difference' depends on axioms: [propext,
 Classical.choice,
 Quot.sound]
'SafeLearning.CompleteModulesSDPConeCorollaries.actual_true_trace_of_a_transpose_gram_is_the_sum_of_all_squared_entries' depends on axioms: [propext,
 Classical.choice,
 Quot.sound]
'SafeLearning.CompleteModulesSDPConeCorollaries.actual_trace_pairing_equals_the_source_square_root_frobenius_energy' depends on axioms: [propext,
 Classical.choice,
 Quot.sound]
'SafeLearning.CompleteModulesSDPConeCorollaries.actual_trace_pairing_is_the_square_root_congruence_trace' depends on axioms: [propext,
 Classical.choice,
 Quot.sound]
'SafeLearning.CompleteModulesSDPDual.actual_sdp_lagrangian_has_the_literal_trace_coefficient_expansion' depends on axioms: [propext,
 Classical.choice,
 Quot.sound]
'SafeLearning.CompleteModulesSDPDual.actual_sdp_dual_is_the_true_extended_infimum_with_exact_coefficient_domain' depends on axioms: [propext,
 Classical.choice,
 Quot.sound]
'SafeLearning.CompleteModulesSDPDual.actual_primal_dual_objective_gap_is_the_true_trace_pairing' depends on axioms: [propext,
 Classical.choice,
 Quot.sound]
'SafeLearning.CompleteModulesSDPDual.actual_every_primal_and_dual_feasible_pair_obeys_weak_duality' depends on axioms: [propext,
 Classical.choice,
 Quot.sound]
'SafeLearning.CompleteModulesSDPDual.actual_zero_primal_dual_objective_gap_iff_true_matrix_complementary_slackness' depends on axioms: [propext,
 Classical.choice,
 Quot.sound]
'SafeLearning.CompleteModulesSDPDual.actual_pd_and_nonzero_psd_matrices_have_strictly_positive_trace_pairing' depends on axioms: [propext,
 Classical.choice,
 Quot.sound]
'SafeLearning.CompleteModulesSDPDual.actual_nonzero_psd_dual_homogeneous_witness_excludes_strict_primal_feasibility' depends on axioms: [propext,
 Classical.choice,
 Quot.sound]
'SafeLearning.CompleteModulesSDPTrace.actual_psd_matrices_have_nonnegative_trace_pairing' depends on axioms: [propext,
 Classical.choice,
 Quot.sound]
'SafeLearning.CompleteModulesSDPTrace.actual_psd_cone_is_self_dual_under_the_true_trace_pairing' depends on axioms: [propext,
 Classical.choice,
 Quot.sound]
'SafeLearning.CompleteModulesSDPTrace.actual_trace_zero_of_two_psd_matrices_iff_actual_matrix_product_zero' depends on axioms: [propext,
 Classical.choice,
 Quot.sound]
'SafeLearning.CompleteModulesSDPTrace.actual_trace_pairing_zero_iff_frobenius_factor_zero' depends on axioms: [propext,
 Classical.choice,
 Quot.sound]
'SafeLearning.CompleteModulesSLL.actual_positive_diagonal_inverse' depends on axioms: [propext,
 Classical.choice,
 Quot.sound]
'SafeLearning.CompleteModulesSLL.actual_positive_diagonal_is_invertible' depends on axioms: [propext,
 Classical.choice,
 Quot.sound]
'SafeLearning.CompleteModulesSLL.actual_residual_step_energy_identity' depends on axioms: [propext,
 Classical.choice,
 Quot.sound]
'SafeLearning.CompleteModulesSLL.actual_sll_energy_gap_is_qc_plus_certificate' depends on axioms: [propext,
 Classical.choice,
 Quot.sound]
'SafeLearning.CompleteModulesSLL.actual_sll_incremental_quadratic_constraint' depends on axioms: [propext,
 Classical.choice,
 Quot.sound]
'SafeLearning.CompleteModulesSLL.actual_sll_is_euclidean_nonexpansive' depends on axioms: [propext,
 Classical.choice,
 Quot.sound]
'SafeLearning.CompleteModulesSLLConsequences.actual_sll_input_output_increment' depends on axioms: [propext,
 Classical.choice,
 Quot.sound]
'SafeLearning.CompleteModulesSLLConsequences.actual_inverse_certificate_pullback_is_source_quadratic' depends on axioms: [propext,
 Classical.choice,
 Quot.sound]
'SafeLearning.CompleteModulesSLLConsequences.actual_sll_source_energy_margin' depends on axioms: [propext,
 Classical.choice,
 Quot.sound]
'SafeLearning.CompleteModulesSLLConsequences.actual_majorizer_diagonal_is_nonnegative' depends on axioms: [propext,
 Classical.choice,
 Quot.sound]
'SafeLearning.CompleteModulesSLLConsequences.actual_majorizer_diagonal_is_positive_for_nonzero_column' depends on axioms: [propext,
 Classical.choice,
 Quot.sound]
'SafeLearning.CompleteModulesSLLConsequences.actual_positive_regularization_makes_majorizer_diagonal_positive' depends on axioms: [propext,
 Classical.choice,
 Quot.sound]
'SafeLearning.CompleteModulesSLLConsequences.actual_source_scaled_sll_is_nonexpansive' depends on axioms: [propext,
 Classical.choice,
 Quot.sound]
'SafeLearning.CompleteModulesSLLCorollaries.actual_gershgorin_disc_for_any_normed_field' depends on axioms: [propext,
 Classical.choice,
 Quot.sound]
'SafeLearning.CompleteModulesSLLCorollaries.actual_source_positive_scaling_matrix_inverse' depends on axioms: [propext,
 Classical.choice,
 Quot.sound]
'SafeLearning.CompleteModulesSLLCorollaries.actual_source_diagonal_similarity_identity' depends on axioms: [propext,
 Classical.choice,
 Quot.sound]
'SafeLearning.CompleteModulesSLLCorollaries.actual_source_gershgorin_disc_real_interval' depends on axioms: [propext,
 Classical.choice,
 Quot.sound]
'SafeLearning.CompleteModulesSLLCorollaries.actual_standard_activations_have_unit_interval_chords' depends on axioms: [propext,
 Classical.choice,
 Quot.sound]
'SafeLearning.CompleteModulesSLLCorollaries.actual_positive_diagonal_gram_similarity_has_source_diagonal' depends on axioms: [propext,
 Classical.choice,
 Quot.sound]
'SafeLearning.CompleteModulesSLLCorollaries.actual_positive_similarity_centers_force_positive_diagonal' depends on axioms: [propext,
 Classical.choice,
 Quot.sound]
'SafeLearning.CompleteModulesSLLCorollaries.actual_source_scaled_diagonal_dominance_implies_gram_certificate' depends on axioms: [propext,
 Classical.choice,
 Quot.sound]
'SafeLearning.CompleteModulesSLLCorollaries.actual_source_gershgorin_hypotheses_certify_relu_tanh_sigmoid_sll' depends on axioms: [propext,
 Classical.choice,
 Quot.sound]
'SafeLearning.CompleteModulesSLLExampleDetails.actual_first_certificate_determinant_is_zero' depends on axioms: [propext,
 Classical.choice,
 Quot.sound]
'SafeLearning.CompleteModulesSLLExampleDetails.actual_second_certificate_determinant_is_zero' depends on axioms: [propext,
 Classical.choice,
 Quot.sound]
'SafeLearning.CompleteModulesSLLExampleDetails.actual_first_certificate_trace_is_two' depends on axioms: [propext,
 Classical.choice,
 Quot.sound]
'SafeLearning.CompleteModulesSLLExampleDetails.actual_second_certificate_trace_is_five_halves' depends on axioms: [propext,
 Classical.choice,
 Quot.sound]
'SafeLearning.CompleteModulesSLLExampleDetails.actual_first_certificate_has_actual_nonzero_null_direction' depends on axioms: [propext,
 Classical.choice,
 Quot.sound]
'SafeLearning.CompleteModulesSLLExampleDetails.actual_second_certificate_has_actual_nonzero_null_direction' depends on axioms: [propext,
 Classical.choice,
 Quot.sound]
'SafeLearning.CompleteModulesSLLExamples.actual_source_gram_matrix' depends on axioms: [propext,
 Classical.choice,
 Quot.sound]
'SafeLearning.CompleteModulesSLLExamples.actual_first_scale_majorizer' depends on axioms: [propext,
 Classical.choice,
 Quot.sound]
'SafeLearning.CompleteModulesSLLExamples.actual_second_scale_majorizer' depends on axioms: [propext,
 Classical.choice,
 Quot.sound]
'SafeLearning.CompleteModulesSLLExamples.actual_first_certificate_matrix' depends on axioms: [propext,
 Classical.choice,
 Quot.sound]
'SafeLearning.CompleteModulesSLLExamples.actual_second_certificate_matrix' depends on axioms: [propext,
 Classical.choice,
 Quot.sound]
'SafeLearning.CompleteModulesSLLExamples.actual_both_source_certificates_are_positive_semidefinite' depends on axioms: [propext,
 Classical.choice,
 Quot.sound]
'SafeLearning.CompleteModulesSLLExamples.actual_first_certificate_characteristic_polynomial' depends on axioms: [propext,
 Classical.choice,
 Quot.sound]
'SafeLearning.CompleteModulesSLLExamples.actual_second_certificate_characteristic_polynomial' depends on axioms: [propext,
 Classical.choice,
 Quot.sound]
'SafeLearning.CompleteModulesSLLExamples.actual_first_certificate_eigenvalues' depends on axioms: [propext,
 Classical.choice,
 Quot.sound]
'SafeLearning.CompleteModulesSLLExamples.actual_second_certificate_eigenvalues' depends on axioms: [propext,
 Classical.choice,
 Quot.sound]
'SafeLearning.CompleteModulesSLLExamples.actual_source_majorizers_are_not_ordered' depends on axioms: [propext,
 Classical.choice,
 Quot.sound]
'SafeLearning.CompleteModulesSLLGershgorin.actual_positive_scaling_inverse_product' depends on axioms: [propext,
 Classical.choice,
 Quot.sound]
'SafeLearning.CompleteModulesSLLGershgorin.actual_similarity_has_same_characteristic_polynomial' depends on axioms: [propext,
 Classical.choice,
 Quot.sound]
'SafeLearning.CompleteModulesSLLGershgorin.actual_real_row_dominant_eigenvalue_is_nonnegative' depends on axioms: [propext,
 Classical.choice,
 Quot.sound]
'SafeLearning.CompleteModulesSLLGershgorin.actual_similarity_row_dominance_implies_positive_semidefinite' depends on axioms: [propext,
 Classical.choice,
 Quot.sound]
'SafeLearning.CompleteModulesSLLGershgorin.actual_source_similarity_entry' depends on axioms: [propext,
 Classical.choice,
 Quot.sound]
'SafeLearning.CompleteModulesSLLGershgorin.actual_source_majorizer_similarity_is_diagonally_dominant' depends on axioms: [propext,
 Classical.choice,
 Quot.sound]
'SafeLearning.CompleteModulesSLLGershgorin.actual_weighted_gram_certificate_has_gershgorin_proof' depends on axioms: [propext,
 Classical.choice,
 Quot.sound]
'SafeLearning.CompleteModulesSLLRegularization.actual_regularized_certificate_is_positive_definite' depends on axioms: [propext,
 Classical.choice,
 Quot.sound]
'SafeLearning.CompleteModulesSLLRegularization.actual_regularized_sll_is_nonexpansive' depends on axioms: [propext,
 Classical.choice,
 Quot.sound]
'SafeLearning.CompleteModulesSLLRegularization.actual_monotone_one_lipschitz_function_has_unit_interval_chords' depends on axioms: [propext,
 Classical.choice,
 Quot.sound]
'SafeLearning.CompleteModulesSLLRegularization.actual_tanh_has_unit_interval_chords' depends on axioms: [propext,
 Classical.choice,
 Quot.sound]
'SafeLearning.CompleteModulesSLLRegularization.actual_sigmoid_derivative_is_in_quarter_interval' depends on axioms: [propext,
 Classical.choice,
 Quot.sound]
'SafeLearning.CompleteModulesSLLRegularization.actual_sigmoid_is_one_lipschitz' depends on axioms: [propext,
 Classical.choice,
 Quot.sound]
'SafeLearning.CompleteModulesSLLRegularization.actual_sigmoid_has_unit_interval_chords' depends on axioms: [propext,
 Classical.choice,
 Quot.sound]
'SafeLearning.CompleteModulesSLLRegularization.actual_regularized_sll_relu_tanh_sigmoid_are_nonexpansive' depends on axioms: [propext,
 Classical.choice,
 Quot.sound]
'SafeLearning.CompleteModulesSLLSpectral.actual_golden_ratio_identities' depends on axioms: [propext,
 Classical.choice,
 Quot.sound]
'SafeLearning.CompleteModulesSLLSpectral.actual_source_weights_coordinate_energy' depends on axioms: [propext,
 Classical.choice,
 Quot.sound]
'SafeLearning.CompleteModulesSLLSpectral.actual_source_spectral_quadratic_gap' depends on axioms: [propext,
 Classical.choice,
 Quot.sound]
'SafeLearning.CompleteModulesSLLSpectral.actual_source_spectral_norm_squared' depends on axioms: [propext,
 Classical.choice,
 Quot.sound]
'SafeLearning.CompleteModulesSLLSpectral.actual_source_spectral_norm_squared_rounds_to_2_618' depends on axioms: [propext,
 Classical.choice,
 Quot.sound]
'SafeLearning.CompleteModulesSProcedureInterval.actual_scalar_even_quadratic_globally_nonnegative_iff_each_coefficient_nonnegative' depends on axioms: [propext,
 Classical.choice,
 Quot.sound]
'SafeLearning.CompleteModulesSProcedureInterval.actual_interval_residual_has_the_literal_source_coefficients' depends on axioms: [propext,
 Classical.choice,
 Quot.sound]
'SafeLearning.CompleteModulesSProcedureInterval.actual_interval_all_globally_valid_multipliers_are_exactly_one_through_two' depends on axioms: [propext,
 Classical.choice,
 Quot.sound]
'SafeLearning.CompleteModulesSProcedureInterval.actual_nonnegative_certificate_proves_the_true_pointwise_implication' depends on axioms: [propext,
 Classical.choice,
 Quot.sound]
'SafeLearning.CompleteModulesSProcedureInterval.actual_source_multiplier_one_leaves_the_constant_one' depends on axioms: [propext,
 Classical.choice,
 Quot.sound]
'SafeLearning.CompleteModulesSProcedureInterval.actual_source_interval_implication_follows_from_the_nonnegative_multiplier_certificate' depends on axioms: [propext,
 Classical.choice,
 Quot.sound]
'SafeLearning.CompleteModulesSProcedureInterval.actual_source_constraint_is_strictly_feasible_at_zero' depends on axioms: [propext,
 Classical.choice,
 Quot.sound]
'SafeLearning.CompleteModulesSProcedureInterval.actual_general_quadratic_implication_can_fail_to_admit_a_certificate_without_strict_feasibility' depends on axioms: [propext,
 Classical.choice,
 Quot.sound]
'SafeLearning.CompleteModulesSafeExploration.no_lipschitz_jump_over_unsafe' depends on axioms: [propext,
 Classical.choice,
 Quot.sound]
'SafeLearning.CompleteModulesSafeExploration.safeopt_never_crosses_unsafe' depends on axioms: [propext,
 Classical.choice,
 Quot.sound]
'SafeLearning.CompleteModulesSafeExploration.asymmetric_noise_query_safety' depends on axioms: [propext,
 Classical.choice,
 Quot.sound]
'SafeLearning.CompleteModulesSafeExploration.general_modulus_safety_transfer' depends on axioms: [propext,
 Classical.choice,
 Quot.sound]
'SafeLearning.CompleteModulesSafeExploration.holder_query_safety' depends on axioms: [propext,
 Classical.choice,
 Quot.sound]
'SafeLearning.CompleteModulesSafeExploration.lipschitz_query_safety' depends on axioms: [propext,
 Classical.choice,
 Quot.sound]
'SafeLearning.CompleteModulesSafeExploration.downward_cone_is_lipschitz' depends on axioms: [propext,
 Classical.choice,
 Quot.sound]
'SafeLearning.CompleteModulesSafeExploration.downward_cone_matches_observation' depends on axioms: [propext,
 Classical.choice,
 Quot.sound]
'SafeLearning.CompleteModulesSafeExploration.beyond_cone_is_unsafe' depends on axioms: [propext,
 Classical.choice,
 Quot.sound]
'SafeLearning.CompleteModulesSafeExploration.holder_half_radius' depends on axioms: [propext,
 Classical.choice,
 Quot.sound]
'SafeLearning.CompleteModulesSafeExploration.holder_half_beats_lipschitz' depends on axioms: [propext,
 Classical.choice,
 Quot.sound]
'SafeLearning.CompleteModulesSafeExploration.negative_slack_has_no_modulus_ball' depends on axioms: [propext,
 Classical.choice,
 Quot.sound]
'SafeLearning.CompleteModulesSafeExploration.holder_radius_example' depends on axioms: [propext,
 Classical.choice,
 Quot.sound]
'SafeLearning.CompleteModulesSafeExploration.holder_general_radius' depends on axioms: [propext,
 Classical.choice,
 Quot.sound]
'SafeLearning.CompleteModulesSafeExploration.trajectory_suffix_infimum' depends on axioms: [propext,
 Classical.choice,
 Quot.sound]
'SafeLearning.CompleteModulesSafeExploration.flow_restart_trajectory_suffix' depends on axioms: [propext,
 Classical.choice,
 Quot.sound]
'SafeLearning.CompleteModulesSafeExploration.nonnegative_budget_suffix' depends on axioms: [propext,
 Classical.choice,
 Quot.sound]
'SafeLearning.CompleteModulesSafeExploration.pointwise_prefix_tail_composes' depends on axioms: [propext,
 Classical.choice,
 Quot.sound]
'SafeLearning.CompleteModulesSafeExploration.budget_prefix_tail_does_not_compose' depends on axioms: [propext,
 Classical.choice,
 Quot.sound]
'SafeLearning.CompleteModulesSandwich.actual_sandwich_multiplier_is_square' depends on axioms: [propext,
 Classical.choice,
 Quot.sound]
'SafeLearning.CompleteModulesSandwich.actual_sandwich_output_gram' depends on axioms: [propext,
 Classical.choice,
 Quot.sound]
'SafeLearning.CompleteModulesSandwich.actual_sandwich_multiplier_input_gram' depends on axioms: [propext,
 Classical.choice,
 Quot.sound]
'SafeLearning.CompleteModulesSandwich.actual_sandwich_source_schur_expression_is_zero' depends on axioms: [propext,
 Classical.choice,
 Quot.sound]
'SafeLearning.CompleteModulesSandwichConsequences.actual_negative_definite_matrix_is_not_positive_semidefinite' depends on axioms: [propext,
 Classical.choice,
 Quot.sound]
'SafeLearning.CompleteModulesSandwichConsequences.actual_half_sandwich_multiplier_fails_the_source_lmi' depends on axioms: [propext,
 Classical.choice,
 Quot.sound]
'SafeLearning.CompleteModulesSandwichConsequences.actual_orthogonal_zero_input_half_multiplier_fails_the_source_lmi' depends on axioms: [propext,
 Classical.choice,
 Quot.sound]
'SafeLearning.CompleteModulesSandwichConsequences.actual_unit_block_quadratic_is_energy_plus_qc' depends on axioms: [propext,
 Classical.choice,
 Quot.sound]
'SafeLearning.CompleteModulesSandwichConsequences.actual_unit_slope_activation_incremental_qc' depends on axioms: [propext,
 Classical.choice,
 Quot.sound]
'SafeLearning.CompleteModulesSandwichConsequences.actual_unit_network_source_energy_margin' depends on axioms: [propext,
 Classical.choice,
 Quot.sound]
'SafeLearning.CompleteModulesSandwichConsequences.actual_sandwich_layer_has_literal_source_qc_energy_margin' depends on axioms: [propext,
 Classical.choice,
 Quot.sound]
'SafeLearning.CompleteModulesSandwichHalf.actual_half_multiplier_is_half_of_full_multiplier' depends on axioms: [propext,
 Classical.choice,
 Quot.sound]
'SafeLearning.CompleteModulesSandwichHalf.actual_half_sandwich_source_schur_expression' depends on axioms: [propext,
 Classical.choice,
 Quot.sound]
'SafeLearning.CompleteModulesSandwichHalf.actual_half_multiplier_is_negative_when_output_gram_exceeds_one_third' depends on axioms: [propext,
 Classical.choice,
 Quot.sound]
'SafeLearning.CompleteModulesSandwichHalf.actual_orthogonal_zero_input_half_schur_is_negative_square' depends on axioms: [propext,
 Classical.choice,
 Quot.sound]
'SafeLearning.CompleteModulesSandwichLMI.actual_unit_gamma_three_block_certificate_iff_lipsdp' depends on axioms: [propext,
 Classical.choice,
 Quot.sound]
'SafeLearning.CompleteModulesSandwichLMI.actual_unit_gamma_lipsdp_iff_source_schur' depends on axioms: [propext,
 Classical.choice,
 Quot.sound]
'SafeLearning.CompleteModulesSandwichLMI.actual_sandwich_three_block_matrix_is_positive_semidefinite' depends on axioms: [propext,
 Classical.choice,
 Quot.sound]
'SafeLearning.CompleteModulesSandwichLMI.actual_sandwich_layer_is_euclidean_nonexpansive' depends on axioms: [propext,
 Classical.choice,
 Quot.sound]
'SafeLearning.CompleteModulesScalarActivation.actual_source_quotient_slope_iff_actual_chord' depends on axioms: [propext,
 Classical.choice,
 Quot.sound]
'SafeLearning.CompleteModulesScalarActivation.actual_scalar_slope_bound_implies_absolute_increment_bound' depends on axioms: [propext,
 Classical.choice,
 Quot.sound]
'SafeLearning.CompleteModulesScalarActivation.actual_source_scalar_layer_cancels_bias' depends on axioms: [propext,
 Classical.choice,
 Quot.sound]
'SafeLearning.CompleteModulesScalarActivation.actual_source_scalar_layer_is_six_lipschitz' depends on axioms: [propext,
 Classical.choice,
 Quot.sound]
'SafeLearning.CompleteModulesScalarActivation.actual_source_scalar_layer_squared_gain_is_thirty_six' depends on axioms: [propext,
 Classical.choice,
 Quot.sound]
'SafeLearning.CompleteModulesScalarActivation.actual_relu_has_the_source_quotient_slope_bound' depends on axioms: [propext,
 Classical.choice,
 Quot.sound]
'SafeLearning.CompleteModulesScalarActivation.actual_relu_source_active_pairs_attain_six' depends on axioms: [propext,
 Classical.choice,
 Quot.sound]
'SafeLearning.CompleteModulesScalarActivation.actual_relu_source_scalar_layer_has_no_smaller_global_gain' depends on axioms: [propext,
 Classical.choice,
 Quot.sound]
'SafeLearning.CompleteModulesScalarActivation.actual_source_sector_matrix_quadratic_identity' depends on axioms: [propext,
 Classical.choice,
 Quot.sound]
'SafeLearning.CompleteModulesScalarActivation.actual_relu_source_sector_case_split' depends on axioms: [propext,
 Classical.choice,
 Quot.sound]
'SafeLearning.CompleteModulesScalarActivation.actual_relu_source_sector_quadratic_is_nonnegative' depends on axioms: [propext,
 Classical.choice,
 Quot.sound]
'SafeLearning.CompleteModulesScalarActivation.actual_source_sector_admits_a_pair_outside_relu_graph' depends on axioms: [propext,
 Classical.choice,
 Quot.sound]
'SafeLearning.CompleteModulesScalarBoundedReal.actual_scalar_storage_difference_is_source_quadratic' depends on axioms: [propext,
 Classical.choice,
 Quot.sound]
'SafeLearning.CompleteModulesScalarBoundedReal.actual_scalar_matrix_quadratic' depends on axioms: [propext,
 Classical.choice,
 Quot.sound]
'SafeLearning.CompleteModulesScalarBoundedReal.actual_scalar_gain_matrix_negative_semidefinite_iff' depends on axioms: [propext,
 Classical.choice,
 Quot.sound]
'SafeLearning.CompleteModulesScalarBoundedReal.actual_scalar_source_matrix_is_negative_semidefinite' depends on axioms: [propext,
 Classical.choice,
 Quot.sound]
'SafeLearning.CompleteModulesScalarBoundedReal.actual_scalar_source_matrix_trace_determinant_characteristic_polynomial' depends on axioms: [propext,
 Classical.choice,
 Quot.sound]
'SafeLearning.CompleteModulesScalarBoundedReal.actual_scalar_certificate_requires_storage_strictly_above_four_thirds' depends on axioms: [propext,
 Classical.choice,
 Quot.sound]
'SafeLearning.CompleteModulesScalarBoundedReal.actual_scalar_certificate_requires_gain_at_least_two' depends on axioms: [propext,
 Classical.choice,
 Quot.sound]
'SafeLearning.CompleteModulesScalarBoundedReal.actual_scalar_schur_required_gain_formula' depends on axioms: [propext,
 Classical.choice,
 Quot.sound]
'SafeLearning.CompleteModulesScalarBoundedReal.actual_scalar_required_gain_gap_identity' depends on axioms: [propext,
 Classical.choice,
 Quot.sound]
'SafeLearning.CompleteModulesScalarBoundedReal.actual_scalar_required_gain_global_minimum' depends on axioms: [propext,
 Classical.choice,
 Quot.sound]
'SafeLearning.CompleteModulesScalarExactGain.actual_finite_pulse_squared_input_is_summable' depends on axioms: [propext,
 Classical.choice,
 Quot.sound]
'SafeLearning.CompleteModulesScalarExactGain.actual_finite_pulse_squared_input_energy' depends on axioms: [propext,
 Classical.choice,
 Quot.sound]
'SafeLearning.CompleteModulesScalarExactGain.actual_zero_state_finite_pulse_prefix_response' depends on axioms: [propext,
 Classical.choice,
 Quot.sound]
'SafeLearning.CompleteModulesScalarExactGain.actual_half_geometric_prefix_sum' depends on axioms: [propext,
 Classical.choice,
 Quot.sound]
'SafeLearning.CompleteModulesScalarExactGain.actual_finite_pulse_output_prefix_energy_lower_bound' depends on axioms: [propext,
 Classical.choice,
 Quot.sound]
'SafeLearning.CompleteModulesScalarExactGain.actual_scalar_square_summable_signal_gain_requires_at_least_two' depends on axioms: [propext,
 Classical.choice,
 Quot.sound]
'SafeLearning.CompleteModulesScalarExactGain.actual_scalar_square_summable_energy_gain_iff_at_least_two' depends on axioms: [propext,
 Classical.choice,
 Quot.sound]
'SafeLearning.CompleteModulesScalarFrequency.actual_stable_scalar_frequency_denominator_norm_at_least_one_half' depends on axioms: [propext,
 Classical.choice,
 Quot.sound]
'SafeLearning.CompleteModulesScalarFrequency.actual_stable_scalar_frequency_gain_at_most_two' depends on axioms: [propext,
 Classical.choice,
 Quot.sound]
'SafeLearning.CompleteModulesScalarFrequency.actual_stable_scalar_zero_frequency_attains_gain_two' depends on axioms: [propext,
 Classical.choice,
 Quot.sound]
'SafeLearning.CompleteModulesScalarFrequency.actual_stable_scalar_frequency_supremum_is_two' depends on axioms: [propext,
 Classical.choice,
 Quot.sound]
'SafeLearning.CompleteModulesScalarGainCalculus.actual_required_scalar_gain_has_source_derivative' depends on axioms: [propext,
 Classical.choice,
 Quot.sound]
'SafeLearning.CompleteModulesScalarGainCalculus.actual_required_scalar_gain_stationary_point_in_domain_is_unique' depends on axioms: [propext,
 Classical.choice,
 Quot.sound]
'SafeLearning.CompleteModulesScalarGainCalculus.actual_required_scalar_gain_tends_to_positive_infinity_at_finite_domain_boundary' depends on axioms: [propext,
 Classical.choice,
 Quot.sound]
'SafeLearning.CompleteModulesScalarGainCalculus.actual_required_scalar_gain_tends_to_positive_infinity_at_infinity' depends on axioms: [propext,
 Classical.choice,
 Quot.sound]
'SafeLearning.CompleteModulesScalarGainCorollaries.actual_scalar_source_certificate_eigenvalues' depends on axioms: [propext,
 Classical.choice,
 Quot.sound]
'SafeLearning.CompleteModulesScalarGainCorollaries.actual_scalar_nonnegative_gain_is_certifiable_iff_at_least_two' depends on axioms: [propext,
 Classical.choice,
 Quot.sound]
'SafeLearning.CompleteModulesScalarGainDetails.actual_source_scalar_gain_matrix_exact_entries' depends on axioms: [propext,
 Classical.choice,
 Quot.sound]
'SafeLearning.CompleteModulesScalarGainDetails.actual_boundary_storage_matrix_entries_and_negative_determinant' depends on axioms: [propext,
 Classical.choice,
 Quot.sound]
'SafeLearning.CompleteModulesScalarGainDetails.actual_scalar_gain_matrix_negative_semidefinite_iff_diagonals_and_determinant' depends on axioms: [propext,
 Classical.choice,
 Quot.sound]
'SafeLearning.CompleteModulesScalarGainDetails.actual_source_scalar_schur_alternative_required_gain_expression' depends on axioms: [propext,
 Classical.choice,
 Quot.sound]
'SafeLearning.CompleteModulesScalarGainDetails.actual_scalar_source_critical_equation_roots' depends on axioms: [propext,
 Classical.choice,
 Quot.sound]
'SafeLearning.CompleteModulesScalarGainDetails.actual_scalar_source_other_critical_root_is_outside_storage_domain' depends on axioms: [propext,
 Classical.choice,
 Quot.sound]
'SafeLearning.CompleteModulesScalarLyapunov.actual_source_scalar_lyapunov_normalization_unique' depends on axioms: [propext,
 Classical.choice,
 Quot.sound]
'SafeLearning.CompleteModulesScalarLyapunov.actual_source_scalar_weight_decimal_rounding' depends on axioms: [propext,
 Classical.choice,
 Quot.sound]
'SafeLearning.CompleteModulesScalarLyapunov.actual_source_scalar_storage_is_positive_definite' depends on axioms: [propext,
 Classical.choice,
 Quot.sound]
'SafeLearning.CompleteModulesScalarLyapunov.actual_source_scalar_storage_difference' depends on axioms: [propext,
 Classical.choice,
 Quot.sound]
'SafeLearning.CompleteModulesScalarLyapunov.actual_source_normalized_storage_decreases_by_square' depends on axioms: [propext,
 Classical.choice,
 Quot.sound]
'SafeLearning.CompleteModulesScalarLyapunov.actual_every_positive_source_weight_gives_strict_decrease' depends on axioms: [propext,
 Classical.choice,
 Quot.sound]
'SafeLearning.CompleteModulesScalarLyapunov.actual_source_geometric_trajectory_recursion' depends on axioms: [propext,
 Classical.choice,
 Quot.sound]
'SafeLearning.CompleteModulesScalarLyapunov.actual_every_source_trajectory_is_the_true_geometric_trajectory' depends on axioms: [propext,
 Classical.choice,
 Quot.sound]
'SafeLearning.CompleteModulesScalarLyapunov.actual_source_trajectories_converge_to_zero' depends on axioms: [propext,
 Classical.choice,
 Quot.sound]
'SafeLearning.CompleteModulesScalarLyapunov.actual_source_origin_is_lyapunov_stable' depends on axioms: [propext,
 Classical.choice,
 Quot.sound]
'SafeLearning.CompleteModulesScalarLyapunov.actual_source_unstable_factor_forbids_positive_storage_decrease' depends on axioms: [propext,
 Classical.choice,
 Quot.sound]
'SafeLearning.CompleteModulesScalarSDP.negative_scalar_schur_iff' depends on axioms: [propext,
 Classical.choice,
 Quot.sound]
'SafeLearning.CompleteModulesScalarSDP.scalar_lipsdp_feasibility_iff' depends on axioms: [propext,
 Classical.choice,
 Quot.sound]
'SafeLearning.CompleteModulesScalarSDP.scalar_rho_gap_identity' depends on axioms: [propext,
 Classical.choice,
 Quot.sound]
'SafeLearning.CompleteModulesScalarSDP.scalar_rho_global_lower' depends on axioms: [propext,
 Classical.choice,
 Quot.sound]
'SafeLearning.CompleteModulesScalarSDP.scalar_optimal_multiplier_domain' depends on axioms: [propext,
 Classical.choice,
 Quot.sound]
'SafeLearning.CompleteModulesScalarSDP.scalar_optimal_rho_attained' depends on axioms: [propext,
 Classical.choice,
 Quot.sound]
'SafeLearning.CompleteModulesScalarSDP.scalar_relu_certificate' depends on axioms: [propext,
 Classical.choice,
 Quot.sound]
'SafeLearning.CompleteModulesScalarSDP.scalar_relu_upper' depends on axioms: [propext, Classical.choice, Quot.sound]
'SafeLearning.CompleteModulesScalarSDP.scalar_relu_exact_gain_necessary' depends on axioms: [propext,
 Classical.choice,
 Quot.sound]
'SafeLearning.CompleteModulesScalarSDP.scalar_relu_example' depends on axioms: [propext, Classical.choice, Quot.sound]
'SafeLearning.CompleteModulesScalarTrajectory.actual_stable_scalar_state_space_recursion' depends on axioms: [propext,
 Classical.choice,
 Quot.sound]
'SafeLearning.CompleteModulesScalarTrajectory.actual_stable_scalar_certificate_implies_actual_storage_dissipation' depends on axioms: [propext,
 Classical.choice,
 Quot.sound]
'SafeLearning.CompleteModulesScalarTrajectory.actual_stable_scalar_finite_output_energy_bound' depends on axioms: [propext,
 Classical.choice,
 Quot.sound]
'SafeLearning.CompleteModulesScalarTrajectory.actual_source_gain_two_finite_output_energy_bound' depends on axioms: [propext,
 Classical.choice,
 Quot.sound]
'SafeLearning.CompleteModulesScalarTrajectory.actual_source_gain_two_infinite_output_energy_bound' depends on axioms: [propext,
 Classical.choice,
 Quot.sound]
'SafeLearning.CompleteModulesScalarTransfer.actual_scalar_state_space_resolvent_is_scalar_inverse' depends on axioms: [propext,
 Classical.choice,
 Quot.sound]
'SafeLearning.CompleteModulesScalarTransfer.actual_scalar_state_space_transfer_is_source_fraction' depends on axioms: [propext,
 Classical.choice,
 Quot.sound]
'SafeLearning.CompleteModulesScalarTransfer.actual_scalar_frequency_response_is_actual_state_space_transfer' depends on axioms: [propext,
 Classical.choice,
 Quot.sound]
'SafeLearning.CompleteModulesScaledGram.actual_scaled_young_inequality' depends on axioms: [propext,
 Classical.choice,
 Quot.sound]
'SafeLearning.CompleteModulesScaledGram.actual_scaled_symmetric_pair_bound' depends on axioms: [propext,
 Classical.choice,
 Quot.sound]
'SafeLearning.CompleteModulesScaledGram.actual_symmetric_quadratic_is_bounded_by_scaled_majorizer' depends on axioms: [propext,
 Classical.choice,
 Quot.sound]
'SafeLearning.CompleteModulesScaledGram.actual_scaled_majorizer_difference_is_positive_semidefinite' depends on axioms: [propext,
 Classical.choice,
 Quot.sound]
'SafeLearning.CompleteModulesScaledGram.actual_weighted_gram_matrix_is_bounded_by_source_diagonal' depends on axioms: [propext,
 Classical.choice,
 Quot.sound]
'SafeLearning.CompleteModulesSectorExamples.actual_nonmonotone_sector_formula' depends on axioms: [propext,
 Classical.choice,
 Quot.sound]
'SafeLearning.CompleteModulesSectorExamples.actual_nonmonotone_function_obeys_sector' depends on axioms: [propext,
 Classical.choice,
 Quot.sound]
'SafeLearning.CompleteModulesSectorExamples.sector_bounded_function_need_not_be_monotone' depends on axioms: [propext,
 Classical.choice,
 Quot.sound]
'SafeLearning.CompleteModulesSectorExamples.sector_bounded_function_need_not_be_slope_restricted' depends on axioms: [propext,
 Classical.choice,
 Quot.sound]
'SafeLearning.CompleteModulesSectorExamples.actual_maxmin_violates_elementwise_diagonal_qc' depends on axioms: [propext,
 Classical.choice,
 Quot.sound]
'SafeLearning.CompleteModulesSectorExamples.maxmin_preserves_sum' depends on axioms: [propext,
 Classical.choice,
 Quot.sound]
'SafeLearning.CompleteModulesSectorExamples.maxmin_preserves_squared_norm' depends on axioms: [propext,
 Classical.choice,
 Quot.sound]
'SafeLearning.CompleteModulesSectorExamples.maxmin_is_euclidean_nonexpansive' depends on axioms: [propext,
 Classical.choice,
 Quot.sound]
'SafeLearning.CompleteModulesSemidefiniteSchur.actual_block_psd_implies_the_off_diagonal_annihilates_the_corner_kernel' depends on axioms: [propext,
 Classical.choice,
 Quot.sound]
'SafeLearning.CompleteModulesSemidefiniteSchur.actual_block_psd_implies_the_true_pseudoinverse_range_identity' depends on axioms: [propext,
 Classical.choice,
 Quot.sound]
'SafeLearning.CompleteModulesSemidefiniteSchur.actual_true_range_condition_iff_pseudoinverse_identity' depends on axioms: [propext,
 Classical.choice,
 Quot.sound]
'SafeLearning.CompleteModulesSemidefiniteSchur.actual_block_diagonal_psd_iff_both_true_corners_are_psd' depends on axioms: [propext,
 Classical.choice,
 Quot.sound]
'SafeLearning.CompleteModulesSemidefiniteSchur.actual_completion_map_is_invertible' depends on axioms: [propext,
 Classical.choice,
 Quot.sound]
'SafeLearning.CompleteModulesSemidefiniteSchur.actual_range_condition_gives_the_true_block_square_completion' depends on axioms: [propext,
 Classical.choice,
 Quot.sound]
'SafeLearning.CompleteModulesSemidefiniteSchur.actual_semidefinite_schur_iff_corner_range_and_pseudoinverse_remainder' depends on axioms: [propext,
 Classical.choice,
 Quot.sound]
'SafeLearning.CompleteModulesSingularSchurPractice.actual_singular_corner_quadratic' depends on axioms: [propext,
 Classical.choice,
 Quot.sound]
'SafeLearning.CompleteModulesSingularSchurPractice.actual_singular_corner_test_at_one_and_arbitrary_t' depends on axioms: [propext,
 Classical.choice,
 Quot.sound]
'SafeLearning.CompleteModulesSingularSchurPractice.actual_nonzero_off_diagonal_has_a_genuine_negative_quadratic_witness' depends on axioms: [propext,
 Classical.choice,
 Quot.sound]
'SafeLearning.CompleteModulesSingularSchurPractice.actual_singular_corner_matrix_is_psd_iff_exact_source_conditions' depends on axioms: [propext,
 Classical.choice,
 Quot.sound]
'SafeLearning.CompleteModulesSingularSchurPractice.actual_zero_corner_range_condition_is_exactly_zero_off_diagonal' depends on axioms: [propext,
 Classical.choice,
 Quot.sound]
'SafeLearning.CompleteModulesSingularSchurPractice.actual_zero_corner_general_psd_iff_both_source_conditions' depends on axioms: [propext,
 Classical.choice,
 Quot.sound]
'SafeLearning.CompleteModulesSingularSchurPractice.actual_invertible_corner_has_the_entire_space_as_its_true_range' depends on axioms: [propext,
 Classical.choice,
 Quot.sound]
'SafeLearning.CompleteModulesSingularSchurPractice.actual_definite_corner_needs_no_extra_range_restriction' depends on axioms: [propext,
 Classical.choice,
 Quot.sound]
'SafeLearning.CompleteModulesSingularSchurPractice.actual_genuine_pseudoinverse_of_an_invertible_symmetric_corner_is_its_inverse' depends on axioms: [propext,
 Classical.choice,
 Quot.sound]
'SafeLearning.CompleteModulesSingularSchurPractice.actual_pseudoinverse_remainder_alone_can_pass_while_the_true_matrix_fails' depends on axioms: [propext,
 Classical.choice,
 Quot.sound]
'SafeLearning.CompleteModulesSingularSchurWitness.actual_source_off_diagonal_witness_has_opposite_sign_and_sufficient_magnitude' depends on axioms: [propext,
 Classical.choice,
 Quot.sound]
'SafeLearning.CompleteModulesSingularSchurWitness.actual_source_opposite_sign_large_witness_has_a_negative_true_matrix_quadratic' depends on axioms: [propext,
 Classical.choice,
 Quot.sound]
'SafeLearning.CompleteModulesSourceClassification.actual_source_spectral_bound_certifies_every_class_pair' depends on axioms: [propext,
 Classical.choice,
 Quot.sound]
'SafeLearning.CompleteModulesSourceClassification.actual_source_global_radius_preserves_actual_prediction' depends on axioms: [propext,
 Classical.choice,
 Quot.sound]
'SafeLearning.CompleteModulesSourceClassification.actual_source_pairwise_radius_preserves_actual_prediction' depends on axioms: [propext,
 Classical.choice,
 Quot.sound]
'SafeLearning.CompleteModulesSylvester.actual_scalar_matrix_positive_definite_of_positive_determinant' depends on axioms: [propext,
 Classical.choice,
 Quot.sound]
'SafeLearning.CompleteModulesSylvester.actual_last_schur_block_is_positive_definite' depends on axioms: [propext,
 Classical.choice,
 Quot.sound]
'SafeLearning.CompleteModulesSylvester.actual_symmetric_matrix_with_positive_leading_minors_is_positive_definite' depends on axioms: [propext,
 Classical.choice,
 Quot.sound]
'SafeLearning.CompleteModulesSylvester.actual_sylvester_criterion' depends on axioms: [propext,
 Classical.choice,
 Quot.sound]
'SafeLearning.CompleteModulesTheory.finite_failure_union' depends on axioms: [propext, Classical.choice, Quot.sound]
'SafeLearning.CompleteModulesTheory.simultaneous_success' depends on axioms: [propext, Classical.choice, Quot.sound]
'SafeLearning.CompleteModulesTheory.equal_fleet_failure' depends on axioms: [propext, Classical.choice, Quot.sound]
'SafeLearning.CompleteModulesTheory.independent_success_product' depends on axioms: [propext,
 Classical.choice,
 Quot.sound]
'SafeLearning.CompleteModulesTheory.independent_success_lower' depends on axioms: [propext,
 Classical.choice,
 Quot.sound]
'SafeLearning.CompleteModulesTheory.delayed_deterministic_discounted_violation' depends on axioms: [propext,
 Classical.choice,
 Quot.sound]
'SafeLearning.CompleteModulesTheory.positive_block_schur' depends on axioms: [propext, Classical.choice, Quot.sound]
'SafeLearning.CompleteModulesTheory.positive_block_schur_lower' depends on axioms: [propext,
 Classical.choice,
 Quot.sound]
'SafeLearning.CompleteModulesTheory.tanh_derivative' depends on axioms: [propext, Classical.choice, Quot.sound]
'SafeLearning.CompleteModulesTheory.tanh_derivative_bounds' depends on axioms: [propext, Classical.choice, Quot.sound]
'SafeLearning.CompleteModulesTheory.tanh_lipschitz' depends on axioms: [propext, Classical.choice, Quot.sound]
'SafeLearning.CompleteModulesTheory.tanh_monotone' depends on axioms: [propext, Classical.choice, Quot.sound]
'SafeLearning.CompleteModulesTheory.tanh_incremental_sector' depends on axioms: [propext, Classical.choice, Quot.sound]
'SafeLearning.CompleteModulesTheory.tanh_global_sector' depends on axioms: [propext, Classical.choice, Quot.sound]
'SafeLearning.CompleteModulesTheory.tanh_concave_nonnegative' depends on axioms: [propext, Classical.choice, Quot.sound]
'SafeLearning.CompleteModulesTheory.tanh_chord_lower' depends on axioms: [propext, Classical.choice, Quot.sound]
'SafeLearning.CompleteModulesTheory.tanh_local_origin_sector' depends on axioms: [propext, Classical.choice, Quot.sound]
'SafeLearning.CompleteModulesTheory.neural_thermal_derivative' depends on axioms: [propext,
 Classical.choice,
 Quot.sound]
'SafeLearning.CompleteModulesTheory.neural_thermal_lipschitz' depends on axioms: [propext, Classical.choice, Quot.sound]
'SafeLearning.CompleteModulesTheory.neural_thermal_origin_contraction' depends on axioms: [propext,
 Classical.choice,
 Quot.sound]
'SafeLearning.CompleteModulesTheory.neural_thermal_bias_disturbance' depends on axioms: [propext,
 Classical.choice,
 Quot.sound]
'SafeLearning.CompleteModulesTheory.biased_actuator_within_limit' depends on axioms: [propext,
 Classical.choice,
 Quot.sound]
'SafeLearning.CompleteModulesTheory.tube_ultimate_bound' depends on axioms: [propext, Classical.choice, Quot.sound]
'SafeLearning.CompleteModulesTheory.biased_neural_recursive_containment' depends on axioms: [propext,
 Classical.choice,
 Quot.sound]
'SafeLearning.CompleteModulesTheory.biased_neural_ultimate_radius' depends on axioms: [propext,
 Classical.choice,
 Quot.sound]
'SafeLearning.CompleteModulesTheory.confidence_recommendation' depends on axioms: [propext,
 Classical.choice,
 Quot.sound]
'SafeLearning.CompleteModulesTheory.sampling_grid_margin' depends on axioms: [propext, Classical.choice, Quot.sound]
'SafeLearning.CompleteModulesTheory.multiple_constraint_witnesses' depends on axioms: [propext,
 Classical.choice,
 Quot.sound]
'SafeLearning.CompleteModulesThermalEigen.actual_slow_eigenvector_is_nonzero_and_has_the_true_source_eigenvalue' depends on axioms: [propext,
 Classical.choice,
 Quot.sound]
'SafeLearning.CompleteModulesThermalEigen.actual_slow_eigenvector_normalization_has_norm_one_and_true_eigenvalue' depends on axioms: [propext,
 Classical.choice,
 Quot.sound]
'SafeLearning.CompleteModulesThermalEigen.actual_source_gain_is_attained_by_a_genuine_unit_vector' depends on axioms: [propext,
 Classical.choice,
 Quot.sound]
'SafeLearning.CompleteModulesThermalEigen.actual_source_constant_slow_forcing_has_the_literal_norm_and_equilibrium' depends on axioms: [propext,
 Classical.choice,
 Quot.sound]
'SafeLearning.CompleteModulesThermalEigen.actual_nonzero_constant_forcing_gives_a_true_admissible_trajectory_without_zero_convergence' depends on axioms: [propext,
 Classical.choice,
 Quot.sound]
'SafeLearning.CompleteModulesThermalEigen.actual_all_horizon_invariance_of_every_source_tube' depends on axioms: [propext,
 Classical.choice,
 Quot.sound]
'SafeLearning.CompleteModulesThermalEigen.actual_source_coordinate_bound_converts_to_degrees' depends on axioms: [propext,
 Classical.choice,
 Quot.sound]
'SafeLearning.CompleteModulesThermalMaxima.actual_source_allowed_startup_corner_attains_the_exact_energy_and_radius' depends on axioms: [propext,
 Classical.choice,
 Quot.sound]
'SafeLearning.CompleteModulesThermalMaxima.actual_largest_startup_energy_is_the_printed_point_nine_eight' depends on axioms: [propext,
 Classical.choice,
 Quot.sound]
'SafeLearning.CompleteModulesThermalMaxima.actual_largest_startup_radius_is_the_printed_square_root' depends on axioms: [propext,
 Classical.choice,
 Quot.sound]
'SafeLearning.CompleteModulesThermalNumbers.actual_sqrt_five_rational_enclosure' depends on axioms: [propext,
 Classical.choice,
 Quot.sound]
'SafeLearning.CompleteModulesThermalNumbers.actual_source_startup_radius_rounding' depends on axioms: [propext,
 Classical.choice,
 Quot.sound]
'SafeLearning.CompleteModulesThermalNumbers.actual_source_one_update_coordinate_radius_rounding' depends on axioms: [propext,
 Classical.choice,
 Quot.sound]
'SafeLearning.CompleteModulesThermalNumbers.actual_source_disturbance_tube_radius_rounding' depends on axioms: [propext,
 Classical.choice,
 Quot.sound]
'SafeLearning.CompleteModulesThermalNumbers.actual_source_unit_disk_margin_rounding' depends on axioms: [propext,
 Classical.choice,
 Quot.sound]
'SafeLearning.CompleteModulesThermalTubes.actual_thermal_operator_coordinates' depends on axioms: [propext,
 Classical.choice,
 Quot.sound]
'SafeLearning.CompleteModulesThermalTubes.actual_thermal_euclidean_norm_is_the_literal_square_root' depends on axioms: [propext,
 Classical.choice,
 Quot.sound]
'SafeLearning.CompleteModulesThermalTubes.actual_thermal_euclidean_norm_squared' depends on axioms: [propext,
 Classical.choice,
 Quot.sound]
'SafeLearning.CompleteModulesThermalTubes.actual_coordinate_magnitude_at_most_euclidean_norm' depends on axioms: [propext,
 Classical.choice,
 Quot.sound]
'SafeLearning.CompleteModulesThermalTubes.actual_thermal_operator_norm_bound' depends on axioms: [propext,
 Classical.choice,
 Quot.sound]
'SafeLearning.CompleteModulesThermalTubes.actual_startup_box_has_the_literal_energy_and_radius_bound' depends on axioms: [propext,
 Classical.choice,
 Quot.sound]
'SafeLearning.CompleteModulesThermalTubes.actual_thermal_disturbed_step_bound' depends on axioms: [propext,
 Classical.choice,
 Quot.sound]
'SafeLearning.CompleteModulesThermalTubes.actual_source_tube_radius_is_positive_and_solves_the_fixed_radius_equation' depends on axioms: [propext,
 Classical.choice,
 Quot.sound]
'SafeLearning.CompleteModulesThermalTubes.actual_invariant_radius_scalar_condition_iff_the_source_tube_radius' depends on axioms: [propext,
 Classical.choice,
 Quot.sound]
'SafeLearning.CompleteModulesThermalTubes.actual_tube_radius_invariant_step' depends on axioms: [propext,
 Classical.choice,
 Quot.sound]
'SafeLearning.CompleteModulesThermalTubes.actual_unit_disk_invariant_under_every_source_disturbance' depends on axioms: [propext,
 Classical.choice,
 Quot.sound]
'SafeLearning.CompleteModulesThermalTubes.actual_every_disturbed_thermal_trajectory_has_the_literal_finite_envelope' depends on axioms: [propext,
 Classical.choice,
 Quot.sound]
'SafeLearning.CompleteModulesThermalTubes.actual_every_disturbed_thermal_trajectory_is_eventually_inside_every_enlarged_tube' depends on axioms: [propext,
 Classical.choice,
 Quot.sound]
'SafeLearning.CompleteModulesThreeTapConvolution.actual_three_tap_state_matrix_action' depends on axioms: [propext,
 Classical.choice,
 Quot.sound]
'SafeLearning.CompleteModulesThreeTapConvolution.actual_three_tap_input_matrix_action' depends on axioms: [propext,
 Classical.choice,
 Quot.sound]
'SafeLearning.CompleteModulesThreeTapConvolution.actual_three_tap_state_space_recursion' depends on axioms: [propext,
 Classical.choice,
 Quot.sound]
'SafeLearning.CompleteModulesThreeTapConvolution.actual_three_tap_output_matrix_action' depends on axioms: [propext,
 Classical.choice,
 Quot.sound]
'SafeLearning.CompleteModulesThreeTapConvolution.actual_three_tap_state_space_output_is_zero_padded_convolution' depends on axioms: [propext,
 Classical.choice,
 Quot.sound]
'SafeLearning.CompleteModulesThreeTapConvolution.actual_three_tap_state_matrix_squared_is_zero' depends on axioms: [propext,
 Classical.choice,
 Quot.sound]
'SafeLearning.CompleteModulesThreeTapTransfer.actual_three_tap_resolvent_inverse_formula' depends on axioms: [propext,
 Classical.choice,
 Quot.sound]
'SafeLearning.CompleteModulesThreeTapTransfer.actual_three_tap_current_delay_matrix_product' depends on axioms: [propext,
 Classical.choice,
 Quot.sound]
'SafeLearning.CompleteModulesThreeTapTransfer.actual_three_tap_second_delay_matrix_product' depends on axioms: [propext,
 Classical.choice,
 Quot.sound]
'SafeLearning.CompleteModulesThreeTapTransfer.actual_three_tap_state_space_transfer_equals_kernel_polynomial' depends on axioms: [propext,
 Classical.choice,
 Quot.sound]
'SafeLearning.CompleteModulesThreeTapTransfer.actual_three_tap_state_and_layer_lmi_index_dimensions' depends on axioms: [propext,
 Classical.choice,
 Quot.sound]
'SafeLearning.CompleteModulesTwoByTwoNSD.actual_symmetric_two_by_two_negative_quadratic_criterion' depends on axioms: [propext,
 Classical.choice,
 Quot.sound]
'SafeLearning.CompleteModulesTwoByTwoNSD.actual_symmetric_two_by_two_negative_matrix_criterion' depends on axioms: [propext,
 Classical.choice,
 Quot.sound]
'SafeLearning.CompleteModulesValues.finite_discounted_doomed_bound' depends on axioms: [propext,
 Classical.choice,
 Quot.sound]
'SafeLearning.CompleteModulesValues.supremum_doomed_bound' depends on axioms: [propext, Classical.choice, Quot.sound]
'SafeLearning.CompleteModulesValues.doomed_example' depends on axioms: [propext, Classical.choice, Quot.sound]
'SafeLearning.CompleteModulesValues.negative_reward_extension_reverses' depends on axioms: [propext,
 Classical.choice,
 Quot.sound]
'SafeLearning.CompleteModulesValues.two_step_slope_bound' depends on axioms: [propext, Classical.choice, Quot.sound]
'SafeLearning.CompleteModulesValues.slow_slope_strictly_better' depends on axioms: [propext,
 Classical.choice,
 Quot.sound]
'SafeLearning.CompleteModulesValues.negative_reward_slope_bound_false' depends on axioms: [propext,
 Classical.choice,
 Quot.sound]
'SafeLearning.CompleteModulesValues.every_binary_optimizer_safe_iff' depends on axioms: [propext,
 Classical.choice,
 Quot.sound]
'SafeLearning.CompleteModulesValues.equality_retains_unsafe_optimizer' depends on axioms: [propext,
 Classical.choice,
 Quot.sound]
'SafeLearning.CompleteModulesValues.arrival_time_example' depends on axioms: [propext, Classical.choice, Quot.sound]
'SafeLearning.CompleteModulesValues.contraction_residual_bound' depends on axioms: [propext,
 Classical.choice,
 Quot.sound]
'SafeLearning.CompleteModulesValues.bellman_residual_example' depends on axioms: [propext, Classical.choice, Quot.sound]
'SafeLearning.CompleteModulesWeightedSeminorm.actual_positive_semidefinite_weight_has_actual_gram_factor' depends on axioms: [propext,
 Classical.choice,
 Quot.sound]
'SafeLearning.CompleteModulesWeightedSeminorm.actual_weighted_magnitude_is_norm_of_gram_image' depends on axioms: [propext,
 Classical.choice,
 Quot.sound]
'SafeLearning.CompleteModulesWeightedSeminorm.actual_weighted_magnitude_triangle_inequality' depends on axioms: [propext,
 Classical.choice,
 Quot.sound]
'SafeLearning.CompleteModulesWeightedSeminorm.actual_weighted_magnitude_is_absolutely_homogeneous' depends on axioms: [propext,
 Classical.choice,
 Quot.sound]
'SafeLearning.CompleteModulesWeightedSeminorm.actual_weighted_magnitude_vanishes_iff_in_matrix_kernel' depends on axioms: [propext,
 Classical.choice,
 Quot.sound]
'SafeLearning.CompleteModulesWeightedSeminorm.actual_positive_definite_weighted_magnitude_separates_zero' depends on axioms: [propext,
 Classical.choice,
 Quot.sound]
'SafeLearning.CompleteModulesWeightedSeminorm.actual_singular_positive_semidefinite_weight_has_nonzero_zero_magnitude' depends on axioms: [propext,
 Classical.choice,
 Quot.sound]
'SafeLearning.CompletePolicyAdvantages.genuine_binary_policy_integral' depends on axioms: [propext,
 Classical.choice,
 Quot.sound]
'SafeLearning.CompletePolicyAdvantages.general_actual_policy_advantage_centered' depends on axioms: [propext,
 Classical.choice,
 Quot.sound]
'SafeLearning.CompletePolicyAdvantages.source_state_value_and_advantages' depends on axioms: [propext,
 Classical.choice,
 Quot.sound]
'SafeLearning.CompletePolicyAdvantages.actual_old_and_new_advantage_expectations' depends on axioms: [propext,
 Classical.choice,
 Quot.sound]
'SafeLearning.CompletePolicyAdvantages.genuine_probability_shift_toward_better_action' depends on axioms: [propext,
 Classical.choice,
 Quot.sound]
'SafeLearning.CompletePolicyBoundary.actual_residual_derivative' depends on axioms: [propext,
 Classical.choice,
 Quot.sound]
'SafeLearning.CompletePolicyBoundary.actual_first_order_model' depends on axioms: [propext,
 Classical.choice,
 Quot.sound]
'SafeLearning.CompletePolicyBoundary.linearized_boundary_is_truly_infeasible' depends on axioms: [propext,
 Classical.choice,
 Quot.sound]
'SafeLearning.CompletePolicyBoundary.actual_positive_root' depends on axioms: [propext, Classical.choice, Quot.sound]
'SafeLearning.CompletePolicyBoundary.residual_increases_on_nonnegative_steps' depends on axioms: [propext,
 Classical.choice,
 Quot.sound]
'SafeLearning.CompletePolicyBoundary.exact_nonnegative_feasible_interval' depends on axioms: [propext,
 Classical.choice,
 Quot.sound]
'SafeLearning.CompletePolicyBoundary.actual_six_decimal_rounding' depends on axioms: [propext,
 Classical.choice,
 Quot.sound]
'SafeLearning.CompletePolicyBoundary.exact_remainder_margin' depends on axioms: [propext, Classical.choice, Quot.sound]
'SafeLearning.CompletePolicyCDTDomain.actual_training_domain_does_not_determine_negative_budget_behavior' depends on axioms: [propext,
 Classical.choice,
 Quot.sound]
'SafeLearning.CompletePolicyCDTDomain.actual_all_relabel_training_costs_cannot_distinguish_models' depends on axioms: [propext,
 Classical.choice,
 Quot.sound]
'SafeLearning.CompletePolicyCDTDomain.actual_conditioning_tokens_alone_do_not_force_cost_priority' depends on axioms: [propext,
 Classical.choice,
 Quot.sound]
'SafeLearning.CompletePolicyCDTTokens.actual_finite_safe_argmax_and_frontier' depends on axioms: [propext,
 Classical.choice,
 Quot.sound]
'SafeLearning.CompletePolicyCDTTokens.actual_budget_ten_safe_dataset' depends on axioms: [propext,
 Classical.choice,
 Quot.sound]
'SafeLearning.CompletePolicyCDTTokens.actual_budget_ten_unique_best' depends on axioms: [propext,
 Classical.choice,
 Quot.sound]
'SafeLearning.CompletePolicyCDTTokens.actual_budget_ten_frontier' depends on axioms: [propext,
 Classical.choice,
 Quot.sound]
'SafeLearning.CompletePolicyCDTTokens.actual_reward_nine_is_unsupported' depends on axioms: [propext,
 Classical.choice,
 Quot.sound]
'SafeLearning.CompletePolicyCDTTokens.actual_initial_and_online_tokens' depends on axioms: [propext,
 Classical.choice,
 Quot.sound]
'SafeLearning.CompletePolicyCDTTokens.actual_return_to_go_is_total_minus_prefix' depends on axioms: [propext,
 Classical.choice,
 Quot.sound]
'SafeLearning.CompletePolicyCDTTokens.actual_shifted_initial_token' depends on axioms: [propext,
 Classical.choice,
 Quot.sound]
'SafeLearning.CompletePolicyCDTTokens.actual_relabel_shifts_and_target' depends on axioms: [propext,
 Classical.choice,
 Quot.sound]
'SafeLearning.CompletePolicyCDTTokens.actual_relabel_keeps_original_actions' depends on axioms: [propext,
 Classical.choice,
 Quot.sound]
'SafeLearning.CompletePolicyCDTTokens.actual_nonnegative_remaining_cost' depends on axioms: [propext,
 Classical.choice,
 Quot.sound]
'SafeLearning.CompletePolicyCDTTokens.actual_nonnegative_training_cost_tokens' depends on axioms: [propext,
 Classical.choice,
 Quot.sound]
'SafeLearning.CompletePolicyCDTTokens.actual_relabel_budget_invariant' depends on axioms: [propext,
 Classical.choice,
 Quot.sound]
'SafeLearning.CompletePolicyCDTTokens.actual_online_budget_recursion' depends on axioms: [propext,
 Classical.choice,
 Quot.sound]
'SafeLearning.CompletePolicyCDTTokens.actual_nonnegative_budget_iff_episode_prefix_feasible' depends on axioms: [propext,
 Classical.choice,
 Quot.sound]
'SafeLearning.CompletePolicyCDTTokens.actual_nonnegative_cost_overshoots_and_leaves_training_token_domain' depends on axioms: [propext,
 Classical.choice,
 Quot.sound]
'SafeLearning.CompletePolicyChecks.actual_affine_residual' depends on axioms: [propext, Classical.choice, Quot.sound]
'SafeLearning.CompletePolicyChecks.actual_linearized_tests' depends on axioms: [propext, Classical.choice, Quot.sound]
'SafeLearning.CompletePolicyChecks.actual_curvature_counterexample' depends on axioms: [propext,
 Classical.choice,
 Quot.sound]
'SafeLearning.CompletePolicyChecks.actual_error_margin_transfer' depends on axioms: [propext,
 Classical.choice,
 Quot.sound]
'SafeLearning.CompletePolicyChecks.actual_discount_bound_values' depends on axioms: [propext,
 Classical.choice,
 Quot.sound]
'SafeLearning.CompletePolicyChecks.surrogate_upper_bound_allows_zero_actual_error' depends on axioms: [propext,
 Classical.choice,
 Quot.sound]
'SafeLearning.CompletePolicyChecks.actual_pessimistic_cost_checks' depends on axioms: [propext,
 Classical.choice,
 Quot.sound]
'SafeLearning.CompletePolicyChecks.valid_upper_bound_transfers_feasibility' depends on axioms: [propext,
 Classical.choice,
 Quot.sound]
'SafeLearning.CompletePolicyChecks.actual_confidence_event_transfers_to_feasibility' depends on axioms: [propext,
 Classical.choice,
 Quot.sound]
'SafeLearning.CompletePolicyConfidence.selected_update_joint_confidence' depends on axioms: [propext,
 Classical.choice,
 Quot.sound]
'SafeLearning.CompletePolicyConfidence.actual_reward_and_cost_margins' depends on axioms: [propext,
 Classical.choice,
 Quot.sound]
'SafeLearning.CompletePolicyConfidence.true_selected_update_success_probability' depends on axioms: [propext,
 Classical.choice,
 Quot.sound]
'SafeLearning.CompletePolicyDiskStep.actual_height_properties' depends on axioms: [propext,
 Classical.choice,
 Quot.sound]
'SafeLearning.CompletePolicyDiskStep.genuine_best_second_coordinate' depends on axioms: [propext,
 Classical.choice,
 Quot.sound]
'SafeLearning.CompletePolicyDiskStep.actual_upper_boundary_derivative' depends on axioms: [propext,
 Classical.choice,
 Quot.sound]
'SafeLearning.CompletePolicyDiskStep.actual_boundary_derivative_is_positive' depends on axioms: [propext,
 Classical.choice,
 Quot.sound]
'SafeLearning.CompletePolicyDiskStep.genuine_cost_constrained_global_optimum' depends on axioms: [propext,
 Classical.choice,
 Quot.sound]
'SafeLearning.CompletePolicyDiskStep.actual_optimizer_and_active_constraints' depends on axioms: [propext,
 Classical.choice,
 Quot.sound]
'SafeLearning.CompletePolicyDiskStep.actual_optimizer_and_objective_rounding' depends on axioms: [propext,
 Classical.choice,
 Quot.sound]
'SafeLearning.CompletePolicyDiskStep.actual_unconstrained_direction_fails_cost' depends on axioms: [propext,
 Classical.choice,
 Quot.sound]
'SafeLearning.CompletePolicyDiskStep.genuine_unconstrained_disk_optimum' depends on axioms: [propext,
 Classical.choice,
 Quot.sound]
'SafeLearning.CompletePolicyDivergence.actual_total_variation' depends on axioms: [propext,
 Classical.choice,
 Quot.sound]
'SafeLearning.CompletePolicyDivergence.actual_forward_and_reverse_KL' depends on axioms: [propext,
 Classical.choice,
 Quot.sound]
'SafeLearning.CompletePolicyDivergence.identical_policy_divergences_vanish' depends on axioms: [propext,
 Classical.choice,
 Quot.sound]
'SafeLearning.CompletePolicyDivergence.log_three_halves_enclosure' depends on axioms: [propext,
 Classical.choice,
 Quot.sound]
'SafeLearning.CompletePolicyDivergence.log_two_enclosure' depends on axioms: [propext, Classical.choice, Quot.sound]
'SafeLearning.CompletePolicyDivergence.actual_KL_six_decimal_rounding_and_asymmetry' depends on axioms: [propext,
 Classical.choice,
 Quot.sound]
'SafeLearning.CompletePolicyGeometry.genuine_matrix_quadratic' depends on axioms: [propext,
 Classical.choice,
 Quot.sound]
'SafeLearning.CompletePolicyGeometry.actual_ellipse_iff' depends on axioms: [propext, Classical.choice, Quot.sound]
'SafeLearning.CompletePolicyGeometry.actual_axis_intercepts' depends on axioms: [propext, Classical.choice, Quot.sound]
'SafeLearning.CompletePolicyGeometry.actual_first_axis_boundary' depends on axioms: [propext,
 Classical.choice,
 Quot.sound]
'SafeLearning.CompletePolicyGeometry.actual_squared_distance' depends on axioms: [propext, Classical.choice, Quot.sound]
'SafeLearning.CompletePolicyGeometry.source_projection_displacement' depends on axioms: [propext,
 Classical.choice,
 Quot.sound]
'SafeLearning.CompletePolicyGeometry.actual_projection_distance_and_objective' depends on axioms: [propext,
 Classical.choice,
 Quot.sound]
'SafeLearning.CompletePolicyGeometry.genuine_unique_euclidean_projection' depends on axioms: [propext,
 Classical.choice,
 Quot.sound]
'SafeLearning.CompletePolicyImportance.actual_binary_expectation' depends on axioms: [propext,
 Classical.choice,
 Quot.sound]
'SafeLearning.CompletePolicyImportance.actual_ratios_and_normalization' depends on axioms: [propext,
 Classical.choice,
 Quot.sound]
'SafeLearning.CompletePolicyImportance.actual_finite_importance_identity' depends on axioms: [propext,
 Classical.choice,
 Quot.sound]
'SafeLearning.CompletePolicyImportance.actual_ratio_variance' depends on axioms: [propext, Classical.choice, Quot.sound]
'SafeLearning.CompletePolicyImportance.missing_support_actual_counterexample' depends on axioms: [propext,
 Classical.choice,
 Quot.sound]
'SafeLearning.CompletePolicyImportance.unsupported_action_has_zero_data_probability' depends on axioms: [propext,
 Classical.choice,
 Quot.sound]
'SafeLearning.CompletePolicyImportance.impossible_finite_ratio_on_unsupported_action' depends on axioms: [propext,
 Classical.choice,
 Quot.sound]
'SafeLearning.CompletePolicyLagrangianPrices.genuine_source_lagrangian_gradient' depends on axioms: [propext,
 Classical.choice,
 Quot.sound]
'SafeLearning.CompletePolicyLagrangianPrices.genuine_gradient_is_matrix_stationarity' depends on axioms: [propext,
 Classical.choice,
 Quot.sound]
'SafeLearning.CompletePolicyLagrangianPrices.genuine_optimizer_zero_gradient' depends on axioms: [propext,
 Classical.choice,
 Quot.sound]
'SafeLearning.CompletePolicyMetricPrices.genuine_trust_quadratic' depends on axioms: [propext,
 Classical.choice,
 Quot.sound]
'SafeLearning.CompletePolicyMetricPrices.actual_candidate_euclidean_lengths' depends on axioms: [propext,
 Classical.choice,
 Quot.sound]
'SafeLearning.CompletePolicyMetricPrices.actual_same_distance_different_metric_reward_and_feasibility' depends on axioms: [propext,
 Classical.choice,
 Quot.sound]
'SafeLearning.CompletePolicyMetricPrices.actual_both_complementarity_products' depends on axioms: [propext,
 Classical.choice,
 Quot.sound]
'SafeLearning.CompletePolicyMetricPrices.genuine_all_feasible_upper_bound' depends on axioms: [propext,
 Classical.choice,
 Quot.sound]
'SafeLearning.CompletePolicyMetricPrices.genuine_parametric_optimum' depends on axioms: [propext,
 Classical.choice,
 Quot.sound]
'SafeLearning.CompletePolicyMetricPrices.actual_radicand_sqrt' depends on axioms: [propext,
 Classical.choice,
 Quot.sound]
'SafeLearning.CompletePolicyMetricPrices.genuine_trust_radius_value_derivative' depends on axioms: [propext,
 Classical.choice,
 Quot.sound]
'SafeLearning.CompletePolicyMetricPrices.genuine_cost_budget_value_derivative' depends on axioms: [propext,
 Classical.choice,
 Quot.sound]
'SafeLearning.CompletePolicyMixing.actual_discounted_returns' depends on axioms: [propext, Classical.choice, Quot.sound]
'SafeLearning.CompletePolicyMixing.one_step_expectations' depends on axioms: [propext, Classical.choice, Quot.sound]
'SafeLearning.CompletePolicyMixing.feasible_range' depends on axioms: [propext, Classical.choice, Quot.sound]
'SafeLearning.CompletePolicyMixing.reward_strictly_increasing' depends on axioms: [propext,
 Classical.choice,
 Quot.sound]
'SafeLearning.CompletePolicyMixing.unique_feasible_optimum' depends on axioms: [propext, Classical.choice, Quot.sound]
'SafeLearning.CompletePolicyMixing.optimum_and_endpoint_policies' depends on axioms: [propext,
 Classical.choice,
 Quot.sound]
'SafeLearning.CompletePolicyMixing.primal_actual_supremum' depends on axioms: [propext, Classical.choice, Quot.sound]
'SafeLearning.CompletePolicyMixing.lagrangian_affine' depends on axioms: [propext, Classical.choice, Quot.sound]
'SafeLearning.CompletePolicyMixing.actual_return_lagrangian' depends on axioms: [propext, Classical.choice, Quot.sound]
'SafeLearning.CompletePolicyMixing.lagrangian_le_dual' depends on axioms: [propext, Classical.choice, Quot.sound]
'SafeLearning.CompletePolicyMixing.endpoint_attains_dual' depends on axioms: [propext, Classical.choice, Quot.sound]
'SafeLearning.CompletePolicyMixing.dual_actual_supremum' depends on axioms: [propext, Classical.choice, Quot.sound]
'SafeLearning.CompletePolicyMixing.dual_piecewise' depends on axioms: [propext, Classical.choice, Quot.sound]
'SafeLearning.CompletePolicyMixing.unique_dual_minimum' depends on axioms: [propext, Classical.choice, Quot.sound]
'SafeLearning.CompletePolicyMixing.flat_at_optimal_price' depends on axioms: [propext, Classical.choice, Quot.sound]
'SafeLearning.CompletePolicyMixing.every_policy_is_lagrangian_maximizer' depends on axioms: [propext,
 Classical.choice,
 Quot.sound]
'SafeLearning.CompletePolicyMixing.arbitrary_maximizer_can_fail' depends on axioms: [propext,
 Classical.choice,
 Quot.sound]
'SafeLearning.CompletePolicyMixing.complementarity_recovers_primal' depends on axioms: [propext,
 Classical.choice,
 Quot.sound]
'SafeLearning.CompletePolicyPracticeConsequences.actual_one_step_reward' depends on axioms: [propext,
 Classical.choice,
 Quot.sound]
'SafeLearning.CompletePolicyPracticeConsequences.actual_discounted_value' depends on axioms: [propext,
 Classical.choice,
 Quot.sound]
'SafeLearning.CompletePolicyPracticeConsequences.genuine_source_Q_and_old_Bellman_value' depends on axioms: [propext,
 Classical.choice,
 Quot.sound]
'SafeLearning.CompletePolicyPracticeConsequences.actual_discounted_state_visitation' depends on axioms: [propext,
 Classical.choice,
 Quot.sound]
'SafeLearning.CompletePolicyPracticeConsequences.actual_return_change_needs_discounted_visitation_factor' depends on axioms: [propext,
 Classical.choice,
 Quot.sound]
'SafeLearning.CompletePolicyPracticeConsequences.genuine_pathwise_return' depends on axioms: [propext,
 Classical.choice,
 Quot.sound]
'SafeLearning.CompletePolicyPracticeConsequences.actual_cross_quadratic' depends on axioms: [propext,
 Classical.choice,
 Quot.sound]
'SafeLearning.CompletePolicyPracticeConsequences.genuine_cross_metric_is_positive_definite' depends on axioms: [propext,
 Classical.choice,
 Quot.sound]
'SafeLearning.CompletePolicyPracticeConsequences.actual_weighted_distance' depends on axioms: [propext,
 Classical.choice,
 Quot.sound]
'SafeLearning.CompletePolicyPracticeConsequences.another_genuine_metric_changes_the_projection' depends on axioms: [propext,
 Classical.choice,
 Quot.sound]
'SafeLearning.CompletePolicyPracticeConsequences.genuine_nonlinear_and_linearized_origin_derivatives' depends on axioms: [propext,
 Classical.choice,
 Quot.sound]
'SafeLearning.CompletePolicyTrustStep.genuine_matrix_inverse' depends on axioms: [propext, Classical.choice, Quot.sound]
'SafeLearning.CompletePolicyTrustStep.genuine_inverse_gradient' depends on axioms: [propext,
 Classical.choice,
 Quot.sound]
'SafeLearning.CompletePolicyTrustStep.genuine_inverse_gradient_inner' depends on axioms: [propext,
 Classical.choice,
 Quot.sound]
'SafeLearning.CompletePolicyTrustStep.actual_matrix_objective_and_constraint' depends on axioms: [propext,
 Classical.choice,
 Quot.sound]
'SafeLearning.CompletePolicyTrustStep.actual_TRPO_formula' depends on axioms: [propext, Classical.choice, Quot.sound]
'SafeLearning.CompletePolicyTrustStep.actual_step_boundary_and_reward' depends on axioms: [propext,
 Classical.choice,
 Quot.sound]
'SafeLearning.CompletePolicyTrustStep.actual_metric_Cauchy_Schwarz' depends on axioms: [propext,
 Classical.choice,
 Quot.sound]
'SafeLearning.CompletePolicyTrustStep.genuine_global_trust_region_optimum' depends on axioms: [propext,
 Classical.choice,
 Quot.sound]
'SafeLearning.CompletePredictiveSafety.terminal_zero_controller' depends on axioms: [propext,
 Classical.choice,
 Quot.sound]
'SafeLearning.CompletePredictiveSafety.terminal_plan_feasible_iff' depends on axioms: [propext,
 Classical.choice,
 Quot.sound]
'SafeLearning.CompletePredictiveSafety.exact_terminal_shift' depends on axioms: [propext, Classical.choice, Quot.sound]
'SafeLearning.CompletePredictiveSafety.unique_plan_at_one' depends on axioms: [propext, Classical.choice, Quot.sound]
'SafeLearning.CompletePredictiveSafety.feasible_first_input_at_half' depends on axioms: [propext,
 Classical.choice,
 Quot.sound]
'SafeLearning.CompletePredictiveSafety.half_nearest_first_input' depends on axioms: [propext,
 Classical.choice,
 Quot.sound]
'SafeLearning.CompletePredictiveSafety.half_optimum_and_backup' depends on axioms: [propext,
 Classical.choice,
 Quot.sound]
'SafeLearning.CompletePredictiveSafety.actual_replanned_trajectory' depends on axioms: [propext,
 Classical.choice,
 Quot.sound]
'SafeLearning.CompletePredictiveSafety.actual_replanned_first_input_optimal' depends on axioms: [propext,
 Classical.choice,
 Quot.sound]
'SafeLearning.CompletePredictiveSafety.safe_replanning_never_reaches_terminal' depends on axioms: [propext,
 Classical.choice,
 Quot.sound]
'SafeLearning.CompletePredictiveSafety.zero_drift_X_control_invariant' depends on axioms: [propext,
 Classical.choice,
 Quot.sound]
'SafeLearning.CompletePredictiveSafety.zero_drift_half_RL_input' depends on axioms: [propext,
 Classical.choice,
 Quot.sound]
'SafeLearning.CompletePredictiveSafety.zero_drift_boundary_first_input' depends on axioms: [propext,
 Classical.choice,
 Quot.sound]
'SafeLearning.CompletePredictiveSafety.drift_first_input_exact' depends on axioms: [propext,
 Classical.choice,
 Quot.sound]
'SafeLearning.CompletePredictiveSafety.drift_nearest_first_input' depends on axioms: [propext,
 Classical.choice,
 Quot.sound]
'SafeLearning.CompletePredictiveSafety.drift_actual_plan' depends on axioms: [propext, Classical.choice, Quot.sound]
'SafeLearning.CompletePredictiveSafety.drift_replanning_infeasible' depends on axioms: [propext,
 Classical.choice,
 Quot.sound]
'SafeLearning.CompletePredictiveSafety.drift_boundary_every_input_fails' depends on axioms: [propext,
 Classical.choice,
 Quot.sound]
'SafeLearning.CompletePredictiveSafety.every_drift_trajectory_grows' depends on axioms: [propext,
 Classical.choice,
 Quot.sound]
'SafeLearning.CompletePredictiveSafety.no_all_time_safe_drift_trajectory' depends on axioms: [propext,
 Classical.choice,
 Quot.sound]
'SafeLearning.CompletePredictiveSafety.first_order_CBF_step' depends on axioms: [propext, Classical.choice, Quot.sound]
'SafeLearning.CompletePredictiveSafety.strict_first_order_CBF_step' depends on axioms: [propext,
 Classical.choice,
 Quot.sound]
'SafeLearning.CompletePredictiveSafetyConsequences.zero_drift_boundary_nearest_input' depends on axioms: [propext,
 Classical.choice,
 Quot.sound]
'SafeLearning.CompletePredictiveSafetyConsequences.actual_zero_drift_boundary_all_time' depends on axioms: [propext,
 Classical.choice,
 Quot.sound]
'SafeLearning.CompletePredictiveSafetyConsequences.empty_set_vacuously_control_invariant' depends on axioms: [propext,
 Classical.choice,
 Quot.sound]
'SafeLearning.CompletePredictiveSafetyConsequences.no_nonempty_control_invariant_subset' depends on axioms: [propext,
 Classical.choice,
 Quot.sound]
'SafeLearning.CompletePredictiveSafetyConsequences.held_quadratic_barrier_exact_counterexample' depends on axioms: [propext,
 Classical.choice,
 Quot.sound]
'SafeLearning.CompletePredictiveSafetyConsequences.exact_error_budget_step' depends on axioms: [propext,
 Classical.choice,
 Quot.sound]
'SafeLearning.CompletePredictiveSafetyConsequences.exact_strict_error_budget_step' depends on axioms: [propext,
 Classical.choice,
 Quot.sound]
'SafeLearning.CompletePredictiveSafetyConsequences.first_order_recursive_feasibility' depends on axioms: [propext,
 Classical.choice,
 Quot.sound]
'SafeLearning.CompleteProjectDomains.zero_lipschitz_on_constant' depends on axioms: [propext,
 Classical.choice,
 Quot.sound]
'SafeLearning.CompleteProjectDomains.domain_lower_certificate' depends on axioms: [propext,
 Classical.choice,
 Quot.sound]
'SafeLearning.CompleteProjectDomains.operating_interval_certificate' depends on axioms: [propext,
 Classical.choice,
 Quot.sound]
'SafeLearning.CompleteProjectDomains.negative_domain_lower_underdetermined' depends on axioms: [propext,
 Classical.choice,
 Quot.sound]
'SafeLearning.CompleteProjectDomains.zero_has_no_multiplicative_inverse' depends on axioms: [propext,
 Classical.choice,
 Quot.sound]
'SafeLearning.CompleteProjectDomains.noisier_strict_margin_set' depends on axioms: [propext,
 Classical.choice,
 Quot.sound]
'SafeLearning.CompleteProjectDomains.strict_margin_excludes_right_endpoint' depends on axioms: [propext,
 Classical.choice,
 Quot.sound]
'SafeLearning.CompleteProjectOptima.actual_certificate_set' depends on axioms: [propext, Classical.choice, Quot.sound]
'SafeLearning.CompleteProjectOptima.true_safety_observations_compatible' depends on axioms: [propext,
 Classical.choice,
 Quot.sound]
'SafeLearning.CompleteProjectOptima.actual_truly_safe_set' depends on axioms: [propext, Classical.choice, Quot.sound]
'SafeLearning.CompleteProjectOptima.certified_identity_maximum' depends on axioms: [propext,
 Classical.choice,
 Quot.sound]
'SafeLearning.CompleteProjectOptima.full_identity_maximum' depends on axioms: [propext, Classical.choice, Quot.sound]
'SafeLearning.CompleteProjectOptima.certified_optimum_misses_full_safe_optimum' depends on axioms: [propext,
 Classical.choice,
 Quot.sound]
'SafeLearning.CompleteProjectionCharacterization.actual_half_objective_minimum' depends on axioms: [propext,
 Classical.choice,
 Quot.sound]
'SafeLearning.CompleteProjectionCharacterization.optimizer_is_explicit_solution' depends on axioms: [propext,
 Classical.choice,
 Quot.sound]
'SafeLearning.CompleteProjectionCharacterization.optimizer_iff_kkt' depends on axioms: [propext,
 Classical.choice,
 Quot.sound]
'SafeLearning.CompleteProjectionCharacterization.strict_feasible_point' depends on axioms: [propext,
 Classical.choice,
 Quot.sound]
'SafeLearning.CompleteProjectionCharacterization.lagrangian_quadratic_remainder' depends on axioms: [propext,
 Classical.choice,
 Quot.sound]
'SafeLearning.CompleteProjectionCharacterization.actual_dual_infimum_at_stationary_point' depends on axioms: [propext,
 Classical.choice,
 Quot.sound]
'SafeLearning.CompleteProjectionCharacterization.actual_strong_duality_attained' depends on axioms: [propext,
 Classical.choice,
 Quot.sound]
'SafeLearning.CompleteProjectionDifferential.quadratic_line_formula' depends on axioms: [propext,
 Classical.choice,
 Quot.sound]
'SafeLearning.CompleteProjectionDifferential.objective_line_derivative' depends on axioms: [propext,
 Classical.choice,
 Quot.sound]
'SafeLearning.CompleteProjectionDifferential.objective_differentiable' depends on axioms: [propext,
 Classical.choice,
 Quot.sound]
'SafeLearning.CompleteProjectionDifferential.actual_objective_gradient' depends on axioms: [propext,
 Classical.choice,
 Quot.sound]
'SafeLearning.CompleteProjectionDifferential.identity_example_multiplier' depends on axioms: [propext,
 Classical.choice,
 Quot.sound]
'SafeLearning.CompleteProjectionDifferential.identity_example_solution' depends on axioms: [propext,
 Classical.choice,
 Quot.sound]
'SafeLearning.CompleteProjectionDifferential.actual_numeric_comparison' depends on axioms: [propext,
 Classical.choice,
 Quot.sound]
'SafeLearning.CompleteProjectionGeometry.energy_smul' depends on axioms: [propext, Classical.choice, Quot.sound]
'SafeLearning.CompleteProjectionGeometry.energy_convex_gap' depends on axioms: [propext, Classical.choice, Quot.sound]
'SafeLearning.CompleteProjectionGeometry.energy_strictly_convex' depends on axioms: [propext,
 Classical.choice,
 Quot.sound]
'SafeLearning.CompleteProjectionGeometry.objective_strictly_convex' depends on axioms: [propext,
 Classical.choice,
 Quot.sound]
'SafeLearning.CompleteProjectionGeometry.inverse_direction_energy' depends on axioms: [propext,
 Classical.choice,
 Quot.sound]
'SafeLearning.CompleteProjectionGeometry.metric_linear_bound' depends on axioms: [propext, Classical.choice, Quot.sound]
'SafeLearning.CompleteProjectionGeometry.metric_steepest_ascent' depends on axioms: [propext,
 Classical.choice,
 Quot.sound]
'SafeLearning.CompleteProjectionGeometry.identity_weight_solution' depends on axioms: [propext,
 Classical.choice,
 Quot.sound]
'SafeLearning.CompleteSafetyBellman.undiscounted_fixed_family' depends on axioms: [propext,
 Classical.choice,
 Quot.sound]
'SafeLearning.CompleteSafetyBellman.undiscounted_nonunique' depends on axioms: [propext, Classical.choice, Quot.sound]
'SafeLearning.CompleteSafetyBellman.undiscounted_lower_failure_fixed' depends on axioms: [propext,
 Classical.choice,
 Quot.sound]
'SafeLearning.CompleteSafetyBellman.undiscounted_zero_start' depends on axioms: [propext, Classical.choice, Quot.sound]
'SafeLearning.CompleteSafetyBellman.future_difference_bound' depends on axioms: [propext, Classical.choice, Quot.sound]
'SafeLearning.CompleteSafetyBellman.clipped_difference_bound' depends on axioms: [propext, Classical.choice, Quot.sound]
'SafeLearning.CompleteSafetyBellman.actual_half_contraction' depends on axioms: [propext, Classical.choice, Quot.sound]
'SafeLearning.CompleteSafetyBellman.actual_fixed_point' depends on axioms: [propext, Classical.choice, Quot.sound]
'SafeLearning.CompleteSafetyBellman.fixed_point_unique' depends on axioms: [propext, Classical.choice, Quot.sound]
'SafeLearning.CompleteSafetyBellman.all_value_iteration_converges' depends on axioms: [propext,
 Classical.choice,
 Quot.sound]
'SafeLearning.CompleteSafetyBellman.iteration_successor' depends on axioms: [propext, Classical.choice, Quot.sound]
'SafeLearning.CompleteSafetyBellman.first_four_sweeps' depends on axioms: [propext, Classical.choice, Quot.sound]
'SafeLearning.CompleteSafetyBellman.all_later_sweeps' depends on axioms: [propext, Classical.choice, Quot.sound]
'SafeLearning.CompleteSafetyBellman.exact_error_halving' depends on axioms: [propext, Classical.choice, Quot.sound]
'SafeLearning.CompleteSafetyBellman.safe_set' depends on axioms: [propext, Classical.choice, Quot.sound]
'SafeLearning.CompleteSafetyBellman.actual_safe_policy' depends on axioms: [propext, Classical.choice, Quot.sound]
'SafeLearning.CompleteSafetyBellman.constant_margin_value' depends on axioms: [propext, Classical.choice, Quot.sound]
'SafeLearning.CompleteSafetyBellmanConsequences.smaller_c_rejects_displayed_family' depends on axioms: [propext,
 Classical.choice,
 Quot.sound]
'SafeLearning.CompleteSafetyBellmanConsequences.no_strict_contraction_for_undiscounted' depends on axioms: [propext,
 Classical.choice,
 Quot.sound]
'SafeLearning.CompleteSafetyBellmanConsequences.actual_general_interpolation' depends on axioms: [propext,
 Classical.choice,
 Quot.sound]
'SafeLearning.CompleteSafetyBellmanConsequences.source_half_is_general_half' depends on axioms: [propext,
 Classical.choice,
 Quot.sound]
'SafeLearning.CompleteSafetyBellmanConsequences.actual_safe_policy_all_time' depends on axioms: [propext,
 Classical.choice,
 Quot.sound]
'SafeLearning.CompleteStudyGuideModels.genuine_algebra_check' depends on axioms: [propext, Classical.choice, Quot.sound]
'SafeLearning.CompleteStudyGuideModels.genuine_Euclidean_coordinate_norm' depends on axioms: [propext,
 Classical.choice,
 Quot.sound]
'SafeLearning.CompleteStudyGuideModels.actual_distinct_source_norms' depends on axioms: [propext,
 Classical.choice,
 Quot.sound]
'SafeLearning.CompleteStudyGuideModels.genuine_matrix_row_check' depends on axioms: [propext,
 Classical.choice,
 Quot.sound]
'SafeLearning.CompleteStudyGuideModels.genuine_square_derivative' depends on axioms: [propext,
 Classical.choice,
 Quot.sound]
'SafeLearning.CompleteStudyGuideModels.actual_value_and_derivative' depends on axioms: [propext,
 Classical.choice,
 Quot.sound]
'SafeLearning.CompleteStudyGuideModels.true_first_order_error_and_limit' depends on axioms: [propext,
 Classical.choice,
 Quot.sound]
'SafeLearning.CompleteStudyGuideModels.genuine_independent_coin_probability' depends on axioms: [propext,
 Classical.choice,
 Quot.sound]
'SafeLearning.CompleteStudyGuideModels.genuine_general_independent_joint_rule' depends on axioms: [propext,
 Classical.choice,
 Quot.sound]
'SafeLearning.CompleteStudyGuideModels.genuine_general_complement_rule' depends on axioms: [propext,
 Classical.choice,
 Quot.sound]
'SafeLearning.CompleteStudyGuideModels.genuine_complementary_coin_probability' depends on axioms: [propext,
 Classical.choice,
 Quot.sound]
'SafeLearning.CompleteStudyGuideModels.genuine_dependent_counterexample' depends on axioms: [propext,
 Classical.choice,
 Quot.sound]
'SafeLearning.CompleteTwoInputProjection.zero_infeasible' depends on axioms: [propext, Classical.choice, Quot.sound]
'SafeLearning.CompleteTwoInputProjection.first_coordinate_derivative' depends on axioms: [propext,
 Classical.choice,
 Quot.sound]
'SafeLearning.CompleteTwoInputProjection.second_coordinate_derivative' depends on axioms: [propext,
 Classical.choice,
 Quot.sound]
'SafeLearning.CompleteTwoInputProjection.kkt_iff_exact_solution' depends on axioms: [propext,
 Classical.choice,
 Quot.sound]
'SafeLearning.CompleteTwoInputProjection.objective_remainder' depends on axioms: [propext, Classical.choice, Quot.sound]
'SafeLearning.CompleteTwoInputProjection.unique_global_minimum' depends on axioms: [propext,
 Classical.choice,
 Quot.sound]
'SafeLearning.CompleteTwoInputProjection.actual_strict_convexity' depends on axioms: [propext,
 Classical.choice,
 Quot.sound]
'SafeLearning.CompleteWeightedProjection.energy_nonneg' depends on axioms: [propext, Classical.choice, Quot.sound]
'SafeLearning.CompleteWeightedProjection.energy_positive' depends on axioms: [propext, Classical.choice, Quot.sound]
'SafeLearning.CompleteWeightedProjection.energy_expansion' depends on axioms: [propext, Classical.choice, Quot.sound]
'SafeLearning.CompleteWeightedProjection.kkt_global_optimal' depends on axioms: [propext, Classical.choice, Quot.sound]
'SafeLearning.CompleteWeightedProjection.kkt_unique' depends on axioms: [propext, Classical.choice, Quot.sound]
'SafeLearning.CompleteWeightedProjection.inverse_denominator_positive' depends on axioms: [propext,
 Classical.choice,
 Quot.sound]
'SafeLearning.CompleteWeightedProjection.inverse_direction' depends on axioms: [propext, Classical.choice, Quot.sound]
'SafeLearning.CompleteWeightedProjection.solution_stationarity' depends on axioms: [propext,
 Classical.choice,
 Quot.sound]
'SafeLearning.CompleteWeightedProjection.solution_feasible_complementarity' depends on axioms: [propext,
 Classical.choice,
 Quot.sound]
'SafeLearning.CompleteWeightedProjection.weighted_halfspace_unique_minimum' depends on axioms: [propext,
 Classical.choice,
 Quot.sound]
'SafeLearning.CompleteWeightedProjection.exampleWeight_positive' depends on axioms: [propext,
 Classical.choice,
 Quot.sound]
'SafeLearning.CompleteWeightedProjection.example_inverse_direction' depends on axioms: [propext,
 Classical.choice,
 Quot.sound]
'SafeLearning.CompleteWeightedProjection.example_solution' depends on axioms: [propext, Classical.choice, Quot.sound]
'SafeLearning.CompleteWeightedProjection.example_minimum_unique' depends on axioms: [propext,
 Classical.choice,
 Quot.sound]
'SafeLearning.CoreAnalysis.hoeffding_radius_above_target' depends on axioms: [propext, Classical.choice, Quot.sound]
'SafeLearning.CoreAnalysis.validation_single_minimal' depends on axioms: [propext, Classical.choice, Quot.sound]
'SafeLearning.CoreAnalysis.validation_twenty_minimal' depends on axioms: [propext, Classical.choice, Quot.sound]
'SafeLearning.CoreAnalysis.discounted_budget_telescopes' depends on axioms: [propext, Classical.choice, Quot.sound]
'SafeLearning.CoreAnalysis.geometric_bound' depends on axioms: [propext, Classical.choice, Quot.sound]
'SafeLearning.CoreAnalysis.geometric_convergence' depends on axioms: [propext, Classical.choice, Quot.sound]
'SafeLearning.CoreAnalysis.relative_error_convergence' depends on axioms: [propext, Classical.choice, Quot.sound]
'SafeLearning.CoreAnalysis.nonlinear_envelope' depends on axioms: [propext, Classical.choice, Quot.sound]
'SafeLearning.CoreAnalysis.nonlinear_convergence' depends on axioms: [propext, Classical.choice, Quot.sound]
'SafeLearning.CoreAnalysis.finite_union_bound' depends on axioms: [propext, Classical.choice, Quot.sound]
'SafeLearning.CoreAnalysis.compose_failure_bounds' depends on axioms: [propext, Classical.choice, Quot.sound]
'SafeLearning.CoreAnalysis.sampled_lower_certificate' depends on axioms: [propext, Classical.choice, Quot.sound]
'SafeLearning.CoreAnalysis.sampled_upper_certificate' depends on axioms: [propext, Classical.choice, Quot.sound]
'SafeLearning.CoreAnalysis.strict_grid_margin' depends on axioms: [propext, Classical.choice, Quot.sound]
'SafeLearning.CoreAnalysis.rounded_lmi_not_psd' depends on axioms: [propext, Classical.choice, Quot.sound]
'SafeLearning.CoreAnalysis.affine_error_bound' depends on axioms: [propext, Classical.choice, Quot.sound]
'SafeLearning.CoreModules.discounted_constant' depends on axioms: [propext, Classical.choice, Quot.sound]
'SafeLearning.CoreModules.cmdp_p1' depends on axioms: [propext, Classical.choice, Quot.sound]
'SafeLearning.CoreModules.cmdp_p2' depends on axioms: [propext, Classical.choice, Quot.sound]
'SafeLearning.CoreModules.cmdp_p3' depends on axioms: [propext, Classical.choice, Quot.sound]
'SafeLearning.CoreModules.cmdp_p4' depends on axioms: [propext, Classical.choice, Quot.sound]
'SafeLearning.CoreModules.cmdp_p5_flow' depends on axioms: [propext, Classical.choice, Quot.sound]
'SafeLearning.CoreModules.cmdp_p6_feasible' depends on axioms: [propext, Classical.choice, Quot.sound]
'SafeLearning.CoreModules.cmdp_p6_optimal' depends on axioms: [propext, Classical.choice, Quot.sound]
'SafeLearning.CoreModules.cmdp_p6_attained' depends on axioms: [propext, Classical.choice, Quot.sound]
'SafeLearning.CoreModules.cmdp_p7_cvar' depends on axioms: [propext, Classical.choice, Quot.sound]
'SafeLearning.CoreModules.cmdp_p7_var' depends on axioms: [propext, Classical.choice, Quot.sound]
'SafeLearning.CoreModules.cmdp_p11_var' depends on axioms: [propext, Classical.choice, Quot.sound]
'SafeLearning.CoreModules.cmdp_p8' depends on axioms: [propext, Classical.choice, Quot.sound]
'SafeLearning.CoreModules.cmdp_p9_upper' depends on axioms: [propext, Classical.choice, Quot.sound]
'SafeLearning.CoreModules.cmdp_p9_dual_min' depends on axioms: [propext, Classical.choice, Quot.sound]
'SafeLearning.CoreModules.cmdp_p9_dual_attained' depends on axioms: [propext, Classical.choice, Quot.sound]
'SafeLearning.CoreModules.cmdp_p9_all_maximize' depends on axioms: [propext, Classical.choice, Quot.sound]
'SafeLearning.CoreModules.cmdp_p10' depends on axioms: [propext, Classical.choice, Quot.sound]
'SafeLearning.CoreModules.cmdp_p11_cvar' depends on axioms: [propext, Classical.choice, Quot.sound]
'SafeLearning.CoreModules.weak_duality_max' depends on axioms: [propext, Classical.choice, Quot.sound]
'SafeLearning.CoreModules.dual_subgradient' depends on axioms: [propext, Classical.choice, Quot.sound]
'SafeLearning.CoreModules.cmdp_legacy_two_state' depends on axioms: [propext, Classical.choice, Quot.sound]
'SafeLearning.CoreModules.cmdp_legacy_two_state_unique' depends on axioms: [propext, Classical.choice, Quot.sound]
'SafeLearning.CoreModules.cmdp_legacy_cvar' depends on axioms: [propext, Classical.choice, Quot.sound]
'SafeLearning.CoreModules.policy_p1' depends on axioms: [propext, Classical.choice, Quot.sound]
'SafeLearning.CoreModules.policy_p2_tv' depends on axioms: [propext, Classical.choice, Quot.sound]
'SafeLearning.CoreModules.policy_p3_axes' depends on axioms: [propext, Classical.choice, Quot.sound]
'SafeLearning.CoreModules.policy_p4' depends on axioms: [propext, Classical.choice, Quot.sound]
'SafeLearning.CoreModules.policy_p5_bound' depends on axioms: [propext, Classical.choice, Quot.sound]
'SafeLearning.CoreModules.policy_p5_attained' depends on axioms: [propext, Classical.choice, Quot.sound]
'SafeLearning.CoreModules.policy_p6_projection' depends on axioms: [propext, Classical.choice, Quot.sound]
'SafeLearning.CoreModules.policy_p7' depends on axioms: [propext, Classical.choice, Quot.sound]
'SafeLearning.CoreModules.policy_p8' depends on axioms: [propext, Classical.choice, Quot.sound]
'SafeLearning.CoreModules.policy_p9_bound' depends on axioms: [propext, Classical.choice, Quot.sound]
'SafeLearning.CoreModules.policy_p9_attained' depends on axioms: [propext, Classical.choice, Quot.sound]
'SafeLearning.CoreModules.policy_p10_root' depends on axioms: [propext, Classical.choice, Quot.sound]
'SafeLearning.CoreModules.policy_p10_linear_fails' depends on axioms: [propext, Classical.choice, Quot.sound]
'SafeLearning.CoreModules.policy_p11_weights' depends on axioms: [propext, Classical.choice, Quot.sound]
'SafeLearning.CoreModules.policy_p12_margins' depends on axioms: [propext, Classical.choice, Quot.sound]
'SafeLearning.CoreModules.barrier_p1_safe_set' depends on axioms: [propext, Classical.choice, Quot.sound]
'SafeLearning.CoreModules.barrier_p2' depends on axioms: [propext, Classical.choice, Quot.sound]
'SafeLearning.CoreModules.barrier_p3_optimal' depends on axioms: [propext, Classical.choice, Quot.sound]
'SafeLearning.CoreModules.barrier_p3_attained' depends on axioms: [propext, Classical.choice, Quot.sound]
'SafeLearning.CoreModules.barrier_p3_unique' depends on axioms: [propext, Classical.choice, Quot.sound]
'SafeLearning.CoreModules.barrier_p4_interval' depends on axioms: [propext, Classical.choice, Quot.sound]
'SafeLearning.CoreModules.barrier_p5_optimal' depends on axioms: [propext, Classical.choice, Quot.sound]
'SafeLearning.CoreModules.barrier_p5_unique' depends on axioms: [propext, Classical.choice, Quot.sound]
'SafeLearning.CoreModules.barrier_p5_attained_kkt' depends on axioms: [propext, Classical.choice, Quot.sound]
'SafeLearning.CoreModules.barrier_p6_infeasible' depends on axioms: [propext, Classical.choice, Quot.sound]
'SafeLearning.CoreModules.barrier_p6_feasible' depends on axioms: [propext, Classical.choice, Quot.sound]
'SafeLearning.CoreModules.barrier_p7_robust' depends on axioms: [propext, Classical.choice, Quot.sound]
'SafeLearning.CoreModules.barrier_p8' depends on axioms: [propext, Classical.choice, Quot.sound]
'SafeLearning.CoreModules.barrier_p9_counterexample' depends on axioms: [propext, Classical.choice, Quot.sound]
'SafeLearning.CoreModules.barrier_p10_held_interval' depends on axioms: [propext, Classical.choice, Quot.sound]
'SafeLearning.CoreModules.barrier_p10_continuous' depends on axioms: [propext, Classical.choice, Quot.sound]
'SafeLearning.CoreModules.barrier_p11_plan' depends on axioms: [propext, Classical.choice, Quot.sound]
'SafeLearning.CoreModules.barrier_p11_terminal' depends on axioms: [propext, Classical.choice, Quot.sound]
'SafeLearning.CoreModules.barrier_p12_shield' depends on axioms: [propext, Classical.choice, Quot.sound]
'SafeLearning.CoreModules.lyapunov_p1_decrease' depends on axioms: [propext, Classical.choice, Quot.sound]
'SafeLearning.CoreModules.lyapunov_p1_strict' depends on axioms: [propext, Classical.choice, Quot.sound]
'SafeLearning.CoreModules.lyapunov_p1_sublevel' depends on axioms: [propext, Classical.choice, Quot.sound]
'SafeLearning.CoreModules.lyapunov_p2' depends on axioms: [propext, Classical.choice, Quot.sound]
'SafeLearning.CoreModules.lyapunov_p3' depends on axioms: [propext, Classical.choice, Quot.sound]
'SafeLearning.CoreModules.lyapunov_p4' depends on axioms: [propext, Classical.choice, Quot.sound]
'SafeLearning.CoreModules.lyapunov_p5_transfer' depends on axioms: [propext, Classical.choice, Quot.sound]
'SafeLearning.CoreModules.lyapunov_p5_coarser' depends on axioms: [propext, Classical.choice, Quot.sound]
'SafeLearning.CoreModules.lyapunov_p6_tube' depends on axioms: [propext, Classical.choice, Quot.sound]
'SafeLearning.CoreModules.lyapunov_p6_state' depends on axioms: [propext, Classical.choice, Quot.sound]
'SafeLearning.CoreModules.lyapunov_p6_input' depends on axioms: [propext, Classical.choice, Quot.sound]
'SafeLearning.CoreModules.lyapunov_p7_optimal' depends on axioms: [propext, Classical.choice, Quot.sound]
'SafeLearning.CoreModules.lyapunov_p7_attained' depends on axioms: [propext, Classical.choice, Quot.sound]
'SafeLearning.CoreModules.lyapunov_p9_identity' depends on axioms: [propext, Classical.choice, Quot.sound]
'SafeLearning.CoreModules.lyapunov_p9_strict' depends on axioms: [propext, Classical.choice, Quot.sound]
'SafeLearning.CoreModules.lyapunov_p9_invariant' depends on axioms: [propext, Classical.choice, Quot.sound]
'SafeLearning.CoreModules.lyapunov_p9_two_cycle' depends on axioms: [propext, Classical.choice, Quot.sound]
'SafeLearning.CoreModules.lyapunov_p10_relative' depends on axioms: [propext, Classical.choice, Quot.sound]
'SafeLearning.CoreModules.lyapunov_p10_absolute_counterexample' depends on axioms: [propext,
 Classical.choice,
 Quot.sound]
'SafeLearning.CoreModules.lyapunov_p11_single' depends on axioms: [propext, Classical.choice, Quot.sound]
'SafeLearning.CoreModules.lyapunov_p11_twenty' depends on axioms: [propext, Classical.choice, Quot.sound]
'SafeLearning.CoreModules.lyapunov_p12_budget' depends on axioms: [propext, Classical.choice, Quot.sound]
'SafeLearning.Modules.weak_duality_point' depends on axioms: [propext, Classical.choice, Quot.sound]
'SafeLearning.Modules.lagrangian_monotone' depends on axioms: [propext, Classical.choice, Quot.sound]
'SafeLearning.Modules.penalty_strict_separation' depends on axioms: [propext, Classical.choice, Quot.sound]
'SafeLearning.Modules.penalty_threshold_tie' depends on axioms: [propext, Classical.choice, Quot.sound]
'SafeLearning.Modules.count_event_bounds' depends on axioms: [propext, Quot.sound]
'SafeLearning.Modules.finite_weighted_event_bounds' depends on axioms: [propext, Classical.choice, Quot.sound]
'SafeLearning.Modules.scalar_schur_completion' depends on axioms: [propext, Classical.choice, Quot.sound]
'SafeLearning.Modules.negative_quadratic_from_schur' depends on axioms: [propext, Classical.choice, Quot.sound]
'SafeLearning.Modules.slope_sector_qc' depends on axioms: [propext, Classical.choice, Quot.sound]
'SafeLearning.Modules.origin_sector_qc' depends on axioms: [propext, Classical.choice, Quot.sound]
'SafeLearning.Modules.local_gain_energy' depends on axioms: [propext, Classical.choice, Quot.sound]
'SafeLearning.Modules.bounded_real_scalar_certificate' depends on axioms: [propext, Classical.choice, Quot.sound]
'SafeLearning.Modules.lower_confidence_safe' depends on axioms: [propext, Classical.choice, Quot.sound]
'SafeLearning.Modules.lower_cone_safe' depends on axioms: [propext, Classical.choice, Quot.sound]
'SafeLearning.Modules.bounded_noise_lower_certificate' depends on axioms: [propext, Classical.choice, Quot.sound]
'SafeLearning.Modules.bounded_noise_upper_certificate' depends on axioms: [propext, Classical.choice, Quot.sound]
'SafeLearning.Modules.interval_intersection_preserves' depends on axioms: [propext, Classical.choice, Quot.sound]
'SafeLearning.Modules.nested_interval_width' depends on axioms: [propext, Classical.choice, Quot.sound]
'SafeLearning.Modules.cone_radius_certificate' depends on axioms: [propext, Classical.choice, Quot.sound]
'SafeLearning.Modules.safe_expansion_preserves' does not depend on any axioms
'SafeLearning.Modules.monotone_safety_expansion' does not depend on any axioms
'SafeLearning.Modules.backup_margin_safe' depends on axioms: [propext, Classical.choice, Quot.sound]
'SafeLearning.Modules.robust_triangle_margin' depends on axioms: [propext, Classical.choice, Quot.sound]
'SafeLearning.Modules.tighter_backup_union' depends on axioms: [propext, Classical.choice, Quot.sound]
'SafeLearning.Modules.quadratic_braking_identity' depends on axioms: [propext, Classical.choice, Quot.sound]
'SafeLearning.Modules.unsafe_peak_lower_bound' depends on axioms: [propext, Classical.choice, Quot.sound]
'SafeLearning.Modules.sampled_barrier_factor' depends on axioms: [propext, Classical.choice, Quot.sound]
'SafeLearning.Modules.sandwich_scalar_bound' depends on axioms: [propext, Classical.choice, Quot.sound]
'SafeLearning.Modules.safe_output_margin' depends on axioms: [propext, Classical.choice, Quot.sound]
'SafeLearning.Modules.contraction_weight_relation' depends on axioms: [propext, Classical.choice, Quot.sound]
'SafeLearning.Modules.two_layer_gain' depends on axioms: [propext, Classical.choice, Quot.sound]
'SafeLearning.Modules.empirical_margin_transfer' depends on axioms: [propext, Classical.choice, Quot.sound]
'SafeLearning.Modules.mixture_failure_bound' depends on axioms: [propext, Classical.choice, Quot.sound]
'SafeLearning.Modules.representer_difference' depends on axioms: [propext, Classical.choice, Quot.sound]
'SafeLearning.Modules.representer_lipschitz' depends on axioms: [propext, Classical.choice, Quot.sound]
'SafeLearning.Modules.orthogonal_residual_norm' depends on axioms: [propext, Classical.choice, Quot.sound]
'SafeLearning.Modules.orthogonal_scalar_residual_norm' depends on axioms: [propext, Classical.choice, Quot.sound]
'SafeLearning.Modules.projection_minimum_norm' depends on axioms: [propext, Classical.choice, Quot.sound]
'SafeLearning.Modules.extremal_residual_budget' depends on axioms: [propext, Classical.choice, Quot.sound]
'SafeLearning.Modules.diagonal_sector_aggregation' depends on axioms: [propext, Classical.choice, Quot.sound]
'SafeLearning.Modules.s_procedure' depends on axioms: [propext, Classical.choice, Quot.sound]
'SafeLearning.Modules.s_procedure_multiple' depends on axioms: [propext, Classical.choice, Quot.sound]
'SafeLearning.Modules.relu_sector' depends on axioms: [propext, Classical.choice, Quot.sound]
'SafeLearning.Modules.relu_exact_qc_counterexample' depends on axioms: [propext, Classical.choice, Quot.sound]
'SafeLearning.Modules.positive_scalar_relu' depends on axioms: [propext, Classical.choice, Quot.sound]
'SafeLearning.Modules.scalar_sandwich_relu' depends on axioms: [propext, Classical.choice, Quot.sound]
'SafeLearning.Modules.scalar_sandwich_positive_reduction' depends on axioms: [propext, Classical.choice, Quot.sound]
'SafeLearning.Modules.off_diagonal_qc_counterexample' depends on axioms: [propext, Classical.choice, Quot.sound]
'SafeLearning.Modules.excursion_mean' depends on axioms: [propext, Classical.choice, Quot.sound]
'SafeLearning.Modules.excursion_ru_nine_tenths_lower' depends on axioms: [propext, Classical.choice, Quot.sound]
'SafeLearning.Modules.excursion_ru_nine_tenths_attained' depends on axioms: [propext, Classical.choice, Quot.sound]
'SafeLearning.Modules.excursion_ru_three_quarters_lower' depends on axioms: [propext, Classical.choice, Quot.sound]
'SafeLearning.Modules.excursion_ru_three_quarters_attained' depends on axioms: [propext, Classical.choice, Quot.sound]
'SafeLearning.Modules.confidence_cone_iteration' depends on axioms: [propext, Classical.choice, Quot.sound]
'SafeLearning.Modules.losbo_iteration' depends on axioms: [propext, Classical.choice, Quot.sound]
'SafeLearning.Modules.lipschitz_zero_cone' depends on axioms: [propext, Classical.choice, Quot.sound]
'SafeLearning.Modules.invariant_closed_loop' does not depend on any axioms
'SafeLearning.Modules.local_certificate_sublevel_invariance' depends on axioms: [propext, Classical.choice, Quot.sound]
'SafeLearning.Modules.viability_iteration_descending' does not depend on any axioms
'SafeLearning.Modules.invariant_set_survives_viability_iteration' does not depend on any axioms
'SafeLearning.Modules.scenario_60_tail_above' depends on axioms: [propext, Classical.choice, Quot.sound]
'SafeLearning.Modules.scenario_61_tail_below' depends on axioms: [propext, Classical.choice, Quot.sound]
'SafeLearning.Modules.scenario_choose_60' does not depend on any axioms
'SafeLearning.Modules.scenario_choose_61' does not depend on any axioms
'SafeLearning.Modules.scenario_tail_step' depends on axioms: [propext, Classical.choice, Quot.sound]
'SafeLearning.Modules.temperature_entropy_monotone' depends on axioms: [propext, Classical.choice, Quot.sound]
'SafeLearning.Modules.temperature_reward_monotone' depends on axioms: [propext, Classical.choice, Quot.sound]
'SafeLearning.Modules.maximum_probability_lower_bound' depends on axioms: [propext, Classical.choice, Quot.sound]
'SafeLearning.Modules.modal_action_safe' depends on axioms: [propext, Classical.choice, Quot.sound]
'SafeLearning.Modules.cayley_plane_unit_circle' depends on axioms: [propext, Classical.choice, Quot.sound]
'SafeLearning.Modules.cayley_plane_orthogonal_action' depends on axioms: [propext, Classical.choice, Quot.sound]
'SafeLearning.Modules.cayley_plane_no_minus_one' depends on axioms: [propext, Classical.choice, Quot.sound]
'SafeLearning.Modules.cayley_half_entries' depends on axioms: [propext, Classical.choice, Quot.sound]
'SafeLearning.Modules.two_tap_dissipation_telescoping' depends on axioms: [propext, Classical.choice, Quot.sound]
'SafeLearning.Modules.finite_energy_gain' depends on axioms: [propext, Classical.choice, Quot.sound]
'SafeLearning.Modules.circular_three_tap_orthogonal' depends on axioms: [propext, Classical.choice, Quot.sound]
'SafeLearning.PrimersApplied.mean2_affine' depends on axioms: [propext, Classical.choice, Quot.sound]
'SafeLearning.PrimersApplied.variance2_closed_form' depends on axioms: [propext, Classical.choice, Quot.sound]
'SafeLearning.PrimersApplied.variance2_nonnegative' depends on axioms: [propext, Classical.choice, Quot.sound]
'SafeLearning.PrimersApplied.variance2_affine' depends on axioms: [propext, Classical.choice, Quot.sound]
'SafeLearning.PrimersApplied.total_variance_two' depends on axioms: [propext, Classical.choice, Quot.sound]
'SafeLearning.PrimersApplied.finite_covariance_quadratic_nonnegative' depends on axioms: [propext,
 Classical.choice,
 Quot.sound]
'SafeLearning.PrimersApplied.bayes_alarm_new' depends on axioms: [propext, Classical.choice, Quot.sound]
'SafeLearning.PrimersApplied.bayes_alarm_legacy' depends on axioms: [propext, Classical.choice, Quot.sound]
'SafeLearning.PrimersApplied.weighted_policy_costs' depends on axioms: [propext, Classical.choice, Quot.sound]
'SafeLearning.PrimersApplied.zero_mean_nonnegative_two' depends on axioms: [propext, Classical.choice, Quot.sound]
'SafeLearning.PrimersApplied.finite_weighted_markov' depends on axioms: [propext, Classical.choice, Quot.sound]
'SafeLearning.PrimersApplied.failure_product_bound' depends on axioms: [propext, Classical.choice, Quot.sound]
'SafeLearning.PrimersApplied.three_failure_budgets' depends on axioms: [propext, Classical.choice, Quot.sound]
'SafeLearning.PrimersApplied.centered_discrete_moments' depends on axioms: [propext, Classical.choice, Quot.sound]
'SafeLearning.PrimersApplied.gaussian_precision_addition' depends on axioms: [propext, Classical.choice, Quot.sound]
'SafeLearning.PrimersApplied.gaussian_posterior_numbers' depends on axioms: [propext, Classical.choice, Quot.sound]
'SafeLearning.PrimersApplied.bernoulli_variance_bound' depends on axioms: [propext, Classical.choice, Quot.sound]
'SafeLearning.PrimersApplied.invariant_along_iterates' depends on axioms: [propext, Quot.sound]
'SafeLearning.PrimersApplied.affine_fixed_point' depends on axioms: [propext, Classical.choice, Quot.sound]
'SafeLearning.PrimersApplied.quadratic_scalar_decrease' depends on axioms: [propext, Classical.choice, Quot.sound]
'SafeLearning.PrimersApplied.quadratic_scalar_strict_decrease' depends on axioms: [propext,
 Classical.choice,
 Quot.sound]
'SafeLearning.PrimersApplied.geometric_upper_bound' depends on axioms: [propext, Classical.choice, Quot.sound]
'SafeLearning.PrimersApplied.geometric_lower_bound' depends on axioms: [propext, Classical.choice, Quot.sound]
'SafeLearning.PrimersApplied.robust_interval_half' depends on axioms: [propext, Classical.choice, Quot.sound]
'SafeLearning.PrimersApplied.scalar_storage_certificate' depends on axioms: [propext, Classical.choice, Quot.sound]
'SafeLearning.PrimersApplied.scalar_storage_inequality' depends on axioms: [propext, Classical.choice, Quot.sound]
'SafeLearning.PrimersApplied.storage_energy_rearrangement' depends on axioms: [propext, Classical.choice, Quot.sound]
'SafeLearning.PrimersApplied.small_gain_rearrangement' depends on axioms: [propext, Classical.choice, Quot.sound]
'SafeLearning.PrimersApplied.one_step_quadratic_minimizer' depends on axioms: [propext, Classical.choice, Quot.sound]
'SafeLearning.PrimersApplied.one_step_quadratic_minimal' depends on axioms: [propext, Classical.choice, Quot.sound]
'SafeLearning.PrimersApplied.legacy_lyapunov_positive' depends on axioms: [propext, Classical.choice, Quot.sound]
'SafeLearning.PrimersApplied.legacy_lyapunov_derivative' depends on axioms: [propext, Classical.choice, Quot.sound]
'SafeLearning.PrimersApplied.residual_error_bound' depends on axioms: [propext, Classical.choice, Quot.sound]
'SafeLearning.PrimersApplied.scalar_bellman_equation' depends on axioms: [propext, Classical.choice, Quot.sound]
'SafeLearning.PrimersApplied.bernoulli_baseline_unbiased' depends on axioms: [propext, Classical.choice, Quot.sound]
'SafeLearning.PrimersApplied.bernoulli_optimal_baseline_equal_samples' depends on axioms: [propext,
 Classical.choice,
 Quot.sound]
'SafeLearning.PrimersApplied.bernoulli_baseline_variance' depends on axioms: [propext, Classical.choice, Quot.sound]
'SafeLearning.PrimersApplied.bernoulli_baseline_numbers' depends on axioms: [propext, Classical.choice, Quot.sound]
'SafeLearning.PrimersApplied.running_mdp_optimal_fixed_point' depends on axioms: [propext, Classical.choice, Quot.sound]
'SafeLearning.PrimersApplied.running_mdp_uniform_fixed_point' depends on axioms: [propext, Classical.choice, Quot.sound]
'SafeLearning.PrimersApplied.running_mdp_occupancy' depends on axioms: [propext, Classical.choice, Quot.sound]
'SafeLearning.PrimersApplied.strict_penalty_comparison' depends on axioms: [propext, Classical.choice, Quot.sound]
'SafeLearning.PrimersApplied.scalar_tube_inside_interval' depends on axioms: [propext, Classical.choice, Quot.sound]
'SafeLearning.PrimersApplied.standard_gaussian_chernoff' depends on axioms: [propext, Classical.choice, Quot.sound]
'SafeLearning.PrimersApplied.chernoff_optimizer' depends on axioms: [propext, Classical.choice, Quot.sound]
'SafeLearning.PrimersApplied.chernoff_optimizer_attained' depends on axioms: [propext, Classical.choice, Quot.sound]
'SafeLearning.PrimersApplied.chebyshev_deviation' depends on axioms: [propext, Classical.choice, Quot.sound]
'SafeLearning.PrimersApplied.bounded_variance' depends on axioms: [propext, Classical.choice, Quot.sound]
'SafeLearning.PrimersApplied.contraction_unique_fixed_point' depends on axioms: [propext, Classical.choice, Quot.sound]
'SafeLearning.PrimersApplied.contraction_iterates_converge' depends on axioms: [propext, Classical.choice, Quot.sound]
'SafeLearning.PrimersApplied.weighted_average_abs_bound' depends on axioms: [propext, Classical.choice, Quot.sound]
'SafeLearning.PrimersApplied.max_two_abs_bound' depends on axioms: [propext, Classical.choice, Quot.sound]
'SafeLearning.PrimersApplied.baseline_unbiased_general_two' depends on axioms: [propext, Classical.choice, Quot.sound]
'SafeLearning.PrimersApplied.baseline_minimal_variance' depends on axioms: [propext, Classical.choice, Quot.sound]
'SafeLearning.PrimersApplied.binary_margin_positive' depends on axioms: [propext, Classical.choice, Quot.sound]
'SafeLearning.PrimersApplied.binary_margin_negative' depends on axioms: [propext, Classical.choice, Quot.sound]
'SafeLearning.PrimersApplied.relu_identity' depends on axioms: [propext, Classical.choice, Quot.sound]
'SafeLearning.PrimersApplied.sector_increment_qc' depends on axioms: [propext, Classical.choice, Quot.sound]
'SafeLearning.PrimersApplied.legacy_lyapunov_spectral_polynomial' depends on axioms: [propext,
 Classical.choice,
 Quot.sound]
'SafeLearning.PrimersApplied.legacy_lyapunov_safe_rational_sandwich' depends on axioms: [propext,
 Classical.choice,
 Quot.sound]
'SafeLearning.PrimersApplied.finite_dissipation_sum' depends on axioms: [propext, Classical.choice, Quot.sound]
'SafeLearning.PrimersApplied.atomic_cvar_minimum' depends on axioms: [propext, Classical.choice, Quot.sound]
'SafeLearning.PrimersApplied.atomic_cvar_attained' depends on axioms: [propext, Classical.choice, Quot.sound]
'SafeLearning.PrimersApplied.two_step_mpc_optimal' depends on axioms: [propext, Classical.choice, Quot.sound]
'SafeLearning.PrimersApplied.two_step_mpc_attained' depends on axioms: [propext, Classical.choice, Quot.sound]
'SafeLearning.PrimersApplied.c_ready' depends on axioms: [propext, Classical.choice, Quot.sound]
'SafeLearning.PrimersApplied.c_s01' depends on axioms: [propext, Classical.choice, Quot.sound]
'SafeLearning.PrimersApplied.c_s02' depends on axioms: [propext, Classical.choice, Quot.sound]
'SafeLearning.PrimersApplied.c_s04' depends on axioms: [propext, Classical.choice, Quot.sound]
'SafeLearning.PrimersApplied.c_s06' depends on axioms: [propext, Classical.choice, Quot.sound]
'SafeLearning.PrimersApplied.c_s07' depends on axioms: [propext, Classical.choice, Quot.sound]
'SafeLearning.PrimersApplied.c_s08' depends on axioms: [propext, Classical.choice, Quot.sound]
'SafeLearning.PrimersApplied.c_s09' depends on axioms: [propext, Classical.choice, Quot.sound]
'SafeLearning.PrimersApplied.c_s12' depends on axioms: [propext, Classical.choice, Quot.sound]
'SafeLearning.PrimersApplied.c_s13' depends on axioms: [propext, Classical.choice, Quot.sound]
'SafeLearning.PrimersApplied.c_s15' depends on axioms: [propext, Classical.choice, Quot.sound]
'SafeLearning.PrimersApplied.c_s19' depends on axioms: [propext, Classical.choice, Quot.sound]
'SafeLearning.PrimersApplied.c_s20' depends on axioms: [propext, Classical.choice, Quot.sound]
'SafeLearning.PrimersApplied.c_s21' depends on axioms: [propext, Classical.choice, Quot.sound]
'SafeLearning.PrimersApplied.c_s25' depends on axioms: [propext, Classical.choice, Quot.sound]
'SafeLearning.PrimersApplied.c_s26' depends on axioms: [propext, Classical.choice, Quot.sound]
'SafeLearning.PrimersApplied.c_s28' depends on axioms: [propext, Classical.choice, Quot.sound]
'SafeLearning.PrimersApplied.d_ready' depends on axioms: [propext, Classical.choice, Quot.sound]
'SafeLearning.PrimersApplied.d_s01' depends on axioms: [propext, Classical.choice, Quot.sound]
'SafeLearning.PrimersApplied.d_s02' depends on axioms: [propext, Classical.choice, Quot.sound]
'SafeLearning.PrimersApplied.d_s03' depends on axioms: [propext, Classical.choice, Quot.sound]
'SafeLearning.PrimersApplied.d_s04' depends on axioms: [propext, Classical.choice, Quot.sound]
'SafeLearning.PrimersApplied.d_s07' depends on axioms: [propext, Classical.choice, Quot.sound]
'SafeLearning.PrimersApplied.d_s08' depends on axioms: [propext, Classical.choice, Quot.sound]
'SafeLearning.PrimersApplied.d_s09' depends on axioms: [propext, Classical.choice, Quot.sound]
'SafeLearning.PrimersApplied.d_s12' depends on axioms: [propext, Classical.choice, Quot.sound]
'SafeLearning.PrimersApplied.d_s13' depends on axioms: [propext, Classical.choice, Quot.sound]
'SafeLearning.PrimersApplied.d_s15' depends on axioms: [propext, Classical.choice, Quot.sound]
'SafeLearning.PrimersApplied.d_s16' depends on axioms: [propext, Classical.choice, Quot.sound]
'SafeLearning.PrimersApplied.d_s17' depends on axioms: [propext, Classical.choice, Quot.sound]
'SafeLearning.PrimersApplied.d_s18' depends on axioms: [propext, Classical.choice, Quot.sound]
'SafeLearning.PrimersApplied.d_s20' depends on axioms: [propext, Classical.choice, Quot.sound]
'SafeLearning.PrimersApplied.d_s21' depends on axioms: [propext, Classical.choice, Quot.sound]
'SafeLearning.PrimersApplied.d_s22' depends on axioms: [propext, Classical.choice, Quot.sound]
'SafeLearning.PrimersApplied.d_s23' depends on axioms: [propext, Classical.choice, Quot.sound]
'SafeLearning.PrimersApplied.d_s24' depends on axioms: [propext, Classical.choice, Quot.sound]
'SafeLearning.PrimersApplied.d_s25' depends on axioms: [propext, Classical.choice, Quot.sound]
'SafeLearning.PrimersApplied.d_s27' depends on axioms: [propext, Classical.choice, Quot.sound]
'SafeLearning.PrimersApplied.e_ready' depends on axioms: [propext, Classical.choice, Quot.sound]
'SafeLearning.PrimersApplied.e_s01' depends on axioms: [propext, Classical.choice, Quot.sound]
'SafeLearning.PrimersApplied.e_s02' depends on axioms: [propext, Classical.choice, Quot.sound]
'SafeLearning.PrimersApplied.e_s03' depends on axioms: [propext, Classical.choice, Quot.sound]
'SafeLearning.PrimersApplied.e_s04' depends on axioms: [propext, Classical.choice, Quot.sound]
'SafeLearning.PrimersApplied.e_s05' depends on axioms: [propext, Classical.choice, Quot.sound]
'SafeLearning.PrimersApplied.e_s06' depends on axioms: [propext, Classical.choice, Quot.sound]
'SafeLearning.PrimersApplied.e_s07' depends on axioms: [propext, Classical.choice, Quot.sound]
'SafeLearning.PrimersApplied.e_s08' depends on axioms: [propext, Classical.choice, Quot.sound]
'SafeLearning.PrimersApplied.e_s09' depends on axioms: [propext, Classical.choice, Quot.sound]
'SafeLearning.PrimersApplied.e_s10' depends on axioms: [propext, Classical.choice, Quot.sound]
'SafeLearning.PrimersApplied.e_s11' depends on axioms: [propext, Classical.choice, Quot.sound]
'SafeLearning.PrimersApplied.e_s12' depends on axioms: [propext, Classical.choice, Quot.sound]
'SafeLearning.PrimersApplied.e_s13' depends on axioms: [propext, Classical.choice, Quot.sound]
'SafeLearning.PrimersApplied.e_s14' depends on axioms: [propext, Classical.choice, Quot.sound]
'SafeLearning.PrimersApplied.e_s16' depends on axioms: [propext, Classical.choice, Quot.sound]
'SafeLearning.PrimersApplied.e_s18' depends on axioms: [propext, Classical.choice, Quot.sound]
'SafeLearning.PrimersApplied.e_s19' depends on axioms: [propext, Classical.choice, Quot.sound]
'SafeLearning.PrimersApplied.e_s20' depends on axioms: [propext, Classical.choice, Quot.sound]
'SafeLearning.PrimersApplied.e_s22' depends on axioms: [propext, Classical.choice, Quot.sound]
'SafeLearning.PrimersApplied.e_s23' depends on axioms: [propext, Classical.choice, Quot.sound]
'SafeLearning.PrimersApplied.e_s24' depends on axioms: [propext, Classical.choice, Quot.sound]
'SafeLearning.PrimersApplied.e_s25' depends on axioms: [propext, Classical.choice, Quot.sound]
'SafeLearning.PrimersApplied.e_s26' depends on axioms: [propext, Classical.choice, Quot.sound]
'SafeLearning.PrimersApplied.e_s27' depends on axioms: [propext, Classical.choice, Quot.sound]
'SafeLearning.PrimersApplied.legacy_c03' depends on axioms: [propext, Classical.choice, Quot.sound]
'SafeLearning.PrimersApplied.legacy_c04_chebyshev' depends on axioms: [propext, Classical.choice, Quot.sound]
'SafeLearning.PrimersApplied.legacy_d02' depends on axioms: [propext, Classical.choice, Quot.sound]
'SafeLearning.PrimersApplied.legacy_d08' depends on axioms: [propext, Classical.choice, Quot.sound]
'SafeLearning.PrimersApplied.legacy_e02' depends on axioms: [propext, Classical.choice, Quot.sound]
'SafeLearning.PrimersApplied.legacy_e05' depends on axioms: [propext, Classical.choice, Quot.sound]
'SafeLearning.PrimersApplied.legacy_e06' depends on axioms: [propext, Classical.choice, Quot.sound]
'SafeLearning.PrimersApplied.finite_max_abs_bound' depends on axioms: [propext, Classical.choice, Quot.sound]
'SafeLearning.PrimersApplied.finite_optimal_bellman_row' depends on axioms: [propext, Classical.choice, Quot.sound]
'SafeLearning.PrimersApplied.legacy_lyapunov_rounding' depends on axioms: [propext, Classical.choice, Quot.sound]
'SafeLearning.PrimersApplied.legacy_lyapunov_rounded_certificate' depends on axioms: [propext,
 Classical.choice,
 Quot.sound]
'SafeLearning.PrimersApplied.legacy_lyapunov_old_lower_invalid' depends on axioms: [propext,
 Classical.choice,
 Quot.sound]
'SafeLearning.PrimersApplied.telescoping_failure_budget' depends on axioms: [propext, Classical.choice, Quot.sound]
'SafeLearning.PrimersApplied.c_s03_psd' depends on axioms: [propext, Classical.choice, Quot.sound]
'SafeLearning.PrimersApplied.c_s30_rank_count' depends on axioms: [propext, Classical.choice, Quot.sound]
'SafeLearning.PrimersApplied.d_s03_derivative' depends on axioms: [propext, Classical.choice, Quot.sound]
'SafeLearning.PrimersApplied.d_s09_lyapunov' depends on axioms: [propext, Classical.choice, Quot.sound]
'SafeLearning.PrimersApplied.d_s14_riccati' depends on axioms: [propext, Classical.choice, Quot.sound]
'SafeLearning.PrimersApplied.d_s19_saturation' depends on axioms: [propext, Classical.choice, Quot.sound]
'SafeLearning.PrimersApplied.d_s21_sector_decrease' depends on axioms: [propext, Classical.choice, Quot.sound]
'SafeLearning.PrimersApplied.e_s15_natural_bound' depends on axioms: [propext, Classical.choice, Quot.sound]
'SafeLearning.PrimersApplied.e_s15_natural_attained' depends on axioms: [propext, Classical.choice, Quot.sound]
'SafeLearning.PrimersApplied.e_s17_softmax_numbers' depends on axioms: [propext, Classical.choice, Quot.sound]
'SafeLearning.PrimersApplied.legacy_d06_storage' depends on axioms: [propext, Classical.choice, Quot.sound]
'SafeLearning.PrimersApplied.legacy_e03_feasible_discount' depends on axioms: [propext, Classical.choice, Quot.sound]
'SafeLearning.PrimersFoundations.deMorgan' depends on axioms: [propext, Classical.choice, Quot.sound]
'SafeLearning.PrimersFoundations.preimage_intersection' does not depend on any axioms
'SafeLearning.PrimersFoundations.preimage_union' does not depend on any axioms
'SafeLearning.PrimersFoundations.preimage_complement' does not depend on any axioms
'SafeLearning.PrimersFoundations.injective_image_intersection' depends on axioms: [propext,
 Classical.choice,
 Quot.sound]
'SafeLearning.PrimersFoundations.image_union_preserved' depends on axioms: [propext, Classical.choice, Quot.sound]
'SafeLearning.PrimersFoundations.feedback_negation' depends on axioms: [propext, Classical.choice, Quot.sound]
'SafeLearning.PrimersFoundations.shared_input_implies_feedback' does not depend on any axioms
'SafeLearning.PrimersFoundations.reachability_monotone' depends on axioms: [propext, Classical.choice, Quot.sound]
'SafeLearning.PrimersFoundations.invariant_iterates' depends on axioms: [propext, Quot.sound]
'SafeLearning.PrimersFoundations.interval_feedback' depends on axioms: [propext, Classical.choice, Quot.sound]
'SafeLearning.PrimersFoundations.cancellation_range' depends on axioms: [propext, Classical.choice, Quot.sound]
'SafeLearning.PrimersFoundations.no_shared_cancellation' depends on axioms: [propext, Classical.choice, Quot.sound]
'SafeLearning.PrimersFoundations.square_not_injective' depends on axioms: [propext, Classical.choice, Quot.sound]
'SafeLearning.PrimersFoundations.square_not_surjective' depends on axioms: [propext, Classical.choice, Quot.sound]
'SafeLearning.PrimersFoundations.square_injective_nonnegative' depends on axioms: [propext,
 Classical.choice,
 Quot.sound]
'SafeLearning.PrimersFoundations.square_surjective_nonnegative' depends on axioms: [propext,
 Classical.choice,
 Quot.sound]
'SafeLearning.PrimersFoundations.square_image_counterexample' depends on axioms: [propext, Classical.choice, Quot.sound]
'SafeLearning.PrimersFoundations.square_nonnegative' depends on axioms: [propext, Classical.choice, Quot.sound]
'SafeLearning.PrimersFoundations.completing_square' depends on axioms: [propext, Classical.choice, Quot.sound]
'SafeLearning.PrimersFoundations.square_order_positive' depends on axioms: [propext, Classical.choice, Quot.sound]
'SafeLearning.PrimersFoundations.square_implication' depends on axioms: [propext, Classical.choice, Quot.sound]
'SafeLearning.PrimersFoundations.square_converse_counterexample' depends on axioms: [propext,
 Classical.choice,
 Quot.sound]
'SafeLearning.PrimersFoundations.real_counterexamples' depends on axioms: [propext, Classical.choice, Quot.sound]
'SafeLearning.PrimersFoundations.even_square_iff' depends on axioms: [propext, Classical.choice, Quot.sound]
'SafeLearning.PrimersFoundations.finite_sum_integers' depends on axioms: [propext, Classical.choice, Quot.sound]
'SafeLearning.PrimersFoundations.affine_fixed_point' depends on axioms: [propext, Classical.choice, Quot.sound]
'SafeLearning.PrimersFoundations.affine_iteration' depends on axioms: [propext, Classical.choice, Quot.sound]
'SafeLearning.PrimersFoundations.affine_error' depends on axioms: [propext, Classical.choice, Quot.sound]
'SafeLearning.PrimersFoundations.alternate_fixed_point' depends on axioms: [propext, Classical.choice, Quot.sound]
'SafeLearning.PrimersFoundations.alternate_error' depends on axioms: [propext, Classical.choice, Quot.sound]
'SafeLearning.PrimersFoundations.geometric_thresholds' depends on axioms: [propext, Classical.choice, Quot.sound]
'SafeLearning.PrimersFoundations.interval_invariant_step' depends on axioms: [propext, Classical.choice, Quot.sound]
'SafeLearning.PrimersFoundations.contraction_fixed_unique' depends on axioms: [propext, Classical.choice, Quot.sound]
'SafeLearning.PrimersFoundations.cauchy_schwarz_two' depends on axioms: [propext, Classical.choice, Quot.sound]
'SafeLearning.PrimersFoundations.young_scaled' depends on axioms: [propext, Classical.choice, Quot.sound]
'SafeLearning.PrimersFoundations.am_gm' depends on axioms: [propext, Classical.choice, Quot.sound]
'SafeLearning.PrimersFoundations.lipschitz_transfer' depends on axioms: [propext, Classical.choice, Quot.sound]
'SafeLearning.PrimersFoundations.grid_margin_numbers' depends on axioms: [propext, Classical.choice, Quot.sound]
'SafeLearning.PrimersFoundations.geometric_finite' depends on axioms: [propext, Classical.choice, Quot.sound]
'SafeLearning.PrimersFoundations.geometric_discounted_mean' depends on axioms: [propext, Classical.choice, Quot.sound]
'SafeLearning.PrimersFoundations.sequence_threshold' depends on axioms: [propext, Classical.choice, Quot.sound]
'SafeLearning.PrimersFoundations.excursion_budget' depends on axioms: [propext, Classical.choice, Quot.sound]
'SafeLearning.PrimersFoundations.polynomial_growth' depends on axioms: [propext, Classical.choice, Quot.sound]
'SafeLearning.PrimersFoundations.compute_budgets' depends on axioms: [propext, Classical.choice, Quot.sound]
'SafeLearning.PrimersFoundations.quadratic_interval_minimum' depends on axioms: [propext, Classical.choice, Quot.sound]
'SafeLearning.PrimersFoundations.minimum_norm_halfspace' depends on axioms: [propext, Classical.choice, Quot.sound]
'SafeLearning.PrimersFoundations.finite_minmax_gap' depends on axioms: [propext, Classical.choice, Quot.sound]
'SafeLearning.PrimersFoundations.distance_to_set_lipschitz' depends on axioms: [propext, Classical.choice, Quot.sound]
'SafeLearning.PrimersFoundations.norm_exercise_numbers' depends on axioms: [propext, Classical.choice, Quot.sound]
'SafeLearning.PrimersFoundations.box_support' depends on axioms: [propext, Classical.choice, Quot.sound]
'SafeLearning.PrimersFoundations.ball_support' depends on axioms: [propext, Classical.choice, Quot.sound]
'SafeLearning.PrimersFoundations.matrix_norm_example_product' depends on axioms: [propext, Classical.choice, Quot.sound]
'SafeLearning.PrimersFoundations.diagonal_product' depends on axioms: [propext, Classical.choice, Quot.sound]
'SafeLearning.PrimersFoundations.geometric_matrix_inverse' depends on axioms: [propext, Classical.choice, Quot.sound]
'SafeLearning.PrimersFoundations.eigenbasis_example' depends on axioms: [propext, Classical.choice, Quot.sound]
'SafeLearning.PrimersFoundations.rayleigh_example' depends on axioms: [propext, Classical.choice, Quot.sound]
'SafeLearning.PrimersFoundations.nonsymmetric_example' depends on axioms: [propext, Classical.choice, Quot.sound]
'SafeLearning.PrimersFoundations.psd_indefinite_examples' depends on axioms: [propext, Classical.choice, Quot.sound]
'SafeLearning.PrimersFoundations.cholesky_example' depends on axioms: [propext, Classical.choice, Quot.sound]
'SafeLearning.PrimersFoundations.ellipsoid_support_bound' depends on axioms: [propext, Classical.choice, Quot.sound]
'SafeLearning.PrimersFoundations.minimum_norm_solution' depends on axioms: [propext, Classical.choice, Quot.sound]
'SafeLearning.PrimersFoundations.svd_example' depends on axioms: [propext, Classical.choice, Quot.sound]
'SafeLearning.PrimersFoundations.power_estimate_squares' depends on axioms: [propext, Classical.choice, Quot.sound]
'SafeLearning.PrimersFoundations.block_three_product' depends on axioms: [propext, Classical.choice, Quot.sound]
'SafeLearning.PrimersFoundations.schur_completed_square' depends on axioms: [propext, Classical.choice, Quot.sound]
'SafeLearning.PrimersFoundations.schur_psd_iff' depends on axioms: [propext, Classical.choice, Quot.sound]
'SafeLearning.PrimersFoundations.rank_one_inverse_example' depends on axioms: [propext, Classical.choice, Quot.sound]
'SafeLearning.PrimersFoundations.reflection_and_projection' depends on axioms: [propext, Classical.choice, Quot.sound]
'SafeLearning.PrimersFoundations.cayley_example' depends on axioms: [propext, Classical.choice, Quot.sound]
'SafeLearning.PrimersFoundations.cayley_no_neg_one' depends on axioms: [propext, Classical.choice, Quot.sound]
'SafeLearning.PrimersFoundations.function_projection_arithmetic' depends on axioms: [propext,
 Classical.choice,
 Quot.sound]
'SafeLearning.PrimersFoundations.feature_gram_positive' depends on axioms: [propext, Classical.choice, Quot.sound]
'SafeLearning.PrimersFoundations.rkhs_interpolation' depends on axioms: [propext, Classical.choice, Quot.sound]
'SafeLearning.PrimersFoundations.legacy_matrix_gram' depends on axioms: [propext, Classical.choice, Quot.sound]
'SafeLearning.PrimersFoundations.legacy_cholesky_family' depends on axioms: [propext, Classical.choice, Quot.sound]
'SafeLearning.PrimersFoundations.legacy_cholesky_psd_iff' depends on axioms: [propext, Classical.choice, Quot.sound]
'SafeLearning.PrimersFoundations.legacy_cholesky_solve' depends on axioms: [propext, Classical.choice, Quot.sound]
'SafeLearning.PrimersFoundations.legacy_ellipsoid_inverse' depends on axioms: [propext, Classical.choice, Quot.sound]
'SafeLearning.PrimersFoundations.legacy_pseudoinverse_residual' depends on axioms: [propext,
 Classical.choice,
 Quot.sound]
'SafeLearning.PrimersFoundations.generalized_schur_rank_one' depends on axioms: [propext, Classical.choice, Quot.sound]
'SafeLearning.PrimersFoundations.legacy_logdet_arithmetic' depends on axioms: [propext, Classical.choice, Quot.sound]
'SafeLearning.PrimersFoundations.generalized_eigen_inequality' depends on axioms: [propext,
 Classical.choice,
 Quot.sound]
'SafeLearning.PrimersFoundations.generalized_eigen_boundary' depends on axioms: [propext, Classical.choice, Quot.sound]
'SafeLearning.PrimersFoundations.quadratic_partial_x' depends on axioms: [propext, Classical.choice, Quot.sound]
'SafeLearning.PrimersFoundations.quadratic_partial_y' depends on axioms: [propext, Classical.choice, Quot.sound]
'SafeLearning.PrimersFoundations.polynomial_curve_derivative' depends on axioms: [propext, Classical.choice, Quot.sound]
'SafeLearning.PrimersFoundations.chain_rule_curve' depends on axioms: [propext, Classical.choice, Quot.sound]
'SafeLearning.PrimersFoundations.taylor_model_value' depends on axioms: [propext, Classical.choice, Quot.sound]
'SafeLearning.PrimersFoundations.least_squares_minimum' depends on axioms: [propext, Classical.choice, Quot.sound]
'SafeLearning.PrimersFoundations.determinant_curve_derivative' depends on axioms: [propext,
 Classical.choice,
 Quot.sound]
'SafeLearning.PrimersFoundations.sensitivity_remainder' depends on axioms: [propext, Classical.choice, Quot.sound]
'SafeLearning.PrimersFoundations.sensitivity_derivative' depends on axioms: [propext, Classical.choice, Quot.sound]
'SafeLearning.PrimersFoundations.square_chord_bound' depends on axioms: [propext, Classical.choice, Quot.sound]
'SafeLearning.PrimersFoundations.square_derivative_lipschitz' depends on axioms: [propext, Classical.choice, Quot.sound]
'SafeLearning.PrimersFoundations.state_error_recurrence' depends on axioms: [propext, Classical.choice, Quot.sound]
'SafeLearning.PrimersFoundations.state_error_numbers' depends on axioms: [propext, Classical.choice, Quot.sound]
'SafeLearning.PrimersFoundations.interval_convex_combination' depends on axioms: [propext, Classical.choice, Quot.sound]
'SafeLearning.PrimersFoundations.absolute_value_subgradients' depends on axioms: [propext, Classical.choice, Quot.sound]
'SafeLearning.PrimersFoundations.restricted_conjugate_nonnegative' depends on axioms: [propext,
 Classical.choice,
 Quot.sound]
'SafeLearning.PrimersFoundations.restricted_conjugate_negative' depends on axioms: [propext,
 Classical.choice,
 Quot.sound]
'SafeLearning.PrimersFoundations.gradient_step_threshold' depends on axioms: [propext, Classical.choice, Quot.sound]
'SafeLearning.PrimersFoundations.gradient_step_examples' depends on axioms: [propext, Classical.choice, Quot.sound]
'SafeLearning.PrimersFoundations.newton_quadratic_minimum' depends on axioms: [propext, Classical.choice, Quot.sound]
'SafeLearning.PrimersFoundations.newton_backtracking_domain' depends on axioms: [propext, Classical.choice, Quot.sound]
'SafeLearning.PrimersFoundations.newton_backtracking_armijo' depends on axioms: [propext, Classical.choice, Quot.sound]
'SafeLearning.PrimersFoundations.kkt_scalar_optimum' depends on axioms: [propext, Classical.choice, Quot.sound]
'SafeLearning.PrimersFoundations.kkt_halfspace_optimum' depends on axioms: [propext, Classical.choice, Quot.sound]
'SafeLearning.PrimersFoundations.penalty_right_branch' depends on axioms: [propext, Classical.choice, Quot.sound]
'SafeLearning.PrimersFoundations.penalty_minimum' depends on axioms: [propext, Classical.choice, Quot.sound]
'SafeLearning.PrimersFoundations.approximate_kkt_numbers' depends on axioms: [propext, Classical.choice, Quot.sound]
'SafeLearning.PrimersFoundations.qp_expansion' depends on axioms: [propext, Classical.choice, Quot.sound]
'SafeLearning.PrimersFoundations.lp_optimum' depends on axioms: [propext, Classical.choice, Quot.sound]
'SafeLearning.PrimersFoundations.filter_with_box_optimum' depends on axioms: [propext, Classical.choice, Quot.sound]
'SafeLearning.PrimersFoundations.actuator_infeasible' depends on axioms: [propext, Classical.choice, Quot.sound]
'SafeLearning.PrimersFoundations.saddle_quadratic' depends on axioms: [propext, Classical.choice, Quot.sound]
'SafeLearning.PrimersFoundations.legacy_taylor_numbers' depends on axioms: [propext, Classical.choice, Quot.sound]
'SafeLearning.PrimersFoundations.legacy_regularizer_step' depends on axioms: [propext, Classical.choice, Quot.sound]
'SafeLearning.PrimersFoundations.legacy_regularizer_decrease' depends on axioms: [propext, Classical.choice, Quot.sound]
'SafeLearning.PrimersFoundations.translated_conjugate' depends on axioms: [propext, Classical.choice, Quot.sound]
'SafeLearning.PrimersFoundations.translated_conjugate_negative' depends on axioms: [propext,
 Classical.choice,
 Quot.sound]
'SafeLearning.PrimersFoundations.fenchel_young_numbers' depends on axioms: [propext, Classical.choice, Quot.sound]
'SafeLearning.PrimersFoundations.legacy_gradient_thresholds' depends on axioms: [propext, Classical.choice, Quot.sound]
'SafeLearning.PrimersFoundations.legacy_filter_optimum' depends on axioms: [propext, Classical.choice, Quot.sound]
'SafeLearning.PrimersFoundations.newton_singular_model_counterexample' depends on axioms: [propext,
 Classical.choice,
 Quot.sound]
'SafeLearning.PrimersFoundations.banach_unique_exists' depends on axioms: [propext, Classical.choice, Quot.sound]
'SafeLearning.PrimersFoundations.banach_iterates_converge' depends on axioms: [propext, Classical.choice, Quot.sound]
'SafeLearning.PrimersFoundations.banach_apriori_bound' depends on axioms: [propext, Classical.choice, Quot.sound]
'SafeLearning.PrimersFoundations.gram_matrix_psd' depends on axioms: [propext, Classical.choice, Quot.sound]
'SafeLearning.PrimersFoundations.psd_congruence' depends on axioms: [propext, Classical.choice, Quot.sound]
'SafeLearning.PrimersFoundations.psd_diagonal_iff' depends on axioms: [propext, Classical.choice, Quot.sound]
'SafeLearning.PrimersFoundations.trace_cyclic' depends on axioms: [propext, Classical.choice, Quot.sound]
'SafeLearning.PrimersFoundations.weierstrass_minimum' depends on axioms: [propext, Classical.choice, Quot.sound]
'SafeLearning.PrimersFoundations.interval_topology' depends on axioms: [propext, Classical.choice, Quot.sound]
'SafeLearning.PrimersFoundations.continuous_nonnegative_set_closed' depends on axioms: [propext,
 Classical.choice,
 Quot.sound]
'SafeLearning.PrimersFoundations.continuous_positive_set_open' depends on axioms: [propext,
 Classical.choice,
 Quot.sound]
'SafeLearning.PrimersFoundations.finite_safe_feedback' depends on axioms: [propext]
'SafeLearning.PrimersFoundations.finite_set_operations' depends on axioms: [propext, Classical.choice, Quot.sound]
'SafeLearning.PrimersFoundations.finite_set_builder' depends on axioms: [propext, Classical.choice, Quot.sound]
'SafeLearning.PrimersFoundations.quantifier_example_truths' depends on axioms: [propext, Classical.choice, Quot.sound]
'SafeLearning.PrimersFoundations.negated_quantifier_examples' depends on axioms: [propext, Classical.choice, Quot.sound]
'SafeLearning.PrimersFoundations.convex_first_order' depends on axioms: [propext, Classical.choice, Quot.sound]
'SafeLearning.PrimersFoundations.convex_stationary_global_minimum' depends on axioms: [propext,
 Classical.choice,
 Quot.sound]
'SafeLearning.PrimersFoundations.kkt_convex_sufficiency' depends on axioms: [propext, Classical.choice, Quot.sound]
'SafeLearning.PrimersFoundations.certificate_reachability_monotone' depends on axioms: [propext,
 Classical.choice,
 Quot.sound]
'SafeLearning.PrimersFoundations.reachFive_iterates' depends on axioms: [propext, Classical.choice, Quot.sound]
'SafeLearning.PrimersFoundations.reachNine_error_iterates' depends on axioms: [propext, Classical.choice, Quot.sound]
'SafeLearning.PrimersFoundations.reachNine_exact_closure' depends on axioms: [propext, Classical.choice, Quot.sound]
