⚠ [8924/9415] Built SafeLearning.CompleteAppliedStopping (9.4s)
warning: SafeLearning/CompleteAppliedStopping.lean:154:55: Variable name `hc` is not explicitly referenced.

Hint: The binding can be removed (if unused) or named `_` (if used implicitly). Alternatively, prefix the name with `_` to silence this warning:
  [apply] _hc

Note: This linter can be disabled with `set_option linter.unusedVariables false`
✔ [8925/9415] Built SafeLearning.CompleteModulesQuadraticDual (11s)
✔ [8926/9415] Built SafeLearning.CompleteModulesScalarFrequency (25s)
✔ [8927/9415] Built SafeLearning.CompleteModulesSDPCone (25s)
⚠ [8928/9415] Built SafeLearning.CompletePolicyChecks (27s)
warning: SafeLearning/CompletePolicyChecks.lean:65:5: Variable name `hm` is not explicitly referenced.

Hint: The binding can be removed (if unused) or named `_` (if used implicitly). Alternatively, prefix the name with `_` to silence this warning:
  [apply] _hm

Note: This linter can be disabled with `set_option linter.unusedVariables false`
✔ [8929/9415] Built SafeLearning.CompleteStudyGuideModels (27s)
⚠ [8930/9415] Built SafeLearning.CompleteWeightedProjection (28s)
warning: SafeLearning/CompleteWeightedProjection.lean:128:2: Try this: 
  letI̵

The goal is a proposition, so `let` is preferred over `letI`.
The difference between `let` and `letI` is that `letI` inlines the value.
But this is not relevant for proofs because of proof irrelevance.

Note: This linter can be disabled with `set_option linter.style.haveILetI false`
✔ [8931/9415] Built SafeLearning.CompleteModulesScalarLyapunov (28s)
⚠ [8932/9415] Built SafeLearning.CompletePolicyTrustStep (28s)
warning: SafeLearning/CompletePolicyTrustStep.lean:40:30: This simp argument is unused:
  Real.sqrt_div

Hint: Omit it from the simp argument list.
  [apply] simp [step]

Note: This linter can be disabled with `set_option linter.unusedSimpArgs false`
warning: SafeLearning/CompletePolicyTrustStep.lean:40:49: this tactic is never executed

Note: This linter can be disabled with `set_option linter.unreachableTactic false`
warning: SafeLearning/CompletePolicyTrustStep.lean:40:49: Unused tactic linter: `ring` does nothing

Note: This linter can be disabled with `set_option linter.unusedTactic false`
✔ [8933/9415] Built SafeLearning.CompleteModulesSProcedureInterval (28s)
✔ [8934/9415] Built SafeLearning.CompleteModulesPolicyDual (28s)
✔ [8935/9415] Built SafeLearning.CompleteModulesPseudoinverse (29s)
✔ [8936/9415] Built SafeLearning.CompletePolicyConfidence (29s)
✔ [8937/9415] Built SafeLearning.CompletePolicyBoundary (29s)
✔ [8938/9415] Built SafeLearning.CompletePolicyCDTTokens (29s)
⚠ [8939/9415] Built SafeLearning.CompletePredictiveSafety (29s)
warning: SafeLearning/CompletePredictiveSafety.lean:89:51: `if_pos` has been deprecated: Use `ite_eq_left` instead
warning: SafeLearning/CompletePredictiveSafety.lean:91:51: `if_neg` has been deprecated: Use `ite_eq_right` instead
warning: SafeLearning/CompletePredictiveSafety.lean:91:51: This simp argument is unused:
  if_neg

Hint: Omit it from the simp argument list.
  [apply] simp only [replannedState, replannedInput, hn] at hp ⊢

Note: This linter can be disabled with `set_option linter.unusedSimpArgs false`
warning: SafeLearning/CompletePredictiveSafety.lean:177:52: Variable name `hh` is not explicitly referenced.

Hint: The binding can be removed (if unused) or named `_` (if used implicitly). Alternatively, prefix the name with `_` to silence this warning:
  [apply] _hh

Note: This linter can be disabled with `set_option linter.unusedVariables false`
warning: SafeLearning/CompletePredictiveSafety.lean:182:59: Variable name `hh` is not explicitly referenced.

Hint: The binding can be removed (if unused) or named `_` (if used implicitly). Alternatively, prefix the name with `_` to silence this warning:
  [apply] _hh

Note: This linter can be disabled with `set_option linter.unusedVariables false`
✔ [8940/9415] Built SafeLearning.CompleteModulesRepresenter (30s)
✔ [8941/9415] Built SafeLearning.CompleteModulesSDPTrace (30s)
⚠ [8942/9415] Built SafeLearning.CompleteSafetyBellman (31s)
warning: SafeLearning/CompleteSafetyBellman.lean:58:16: try 'simp' instead of 'simpa'

Note: This linter can be disabled with `set_option linter.unnecessarySimpa false`
warning: SafeLearning/CompleteSafetyBellman.lean:103:50: Used `tac1 <;> tac2` where `(tac1; tac2)` would suffice

Note: This linter can be disabled with `set_option linter.unnecessarySeqFocus false`
warning: SafeLearning/CompleteSafetyBellman.lean:127:18: Used `tac1 <;> tac2` where `(tac1; tac2)` would suffice

Note: This linter can be disabled with `set_option linter.unnecessarySeqFocus false`
✔ [8943/9415] Built SafeLearning.CompleteModulesRiccati (34s)
⚠ [8944/9415] Built SafeLearning.CompleteModulesLandscapeStabilitySets (27s)
warning: SafeLearning/CompleteModulesLandscapeStabilitySets.lean:87:25: This simp argument is unused:
  one_div

Hint: Omit it from the simp argument list.
  [apply] simp [sourceTrajectory, zpow_natCast, inv_pow, div_eq_mul_inv]

Note: This linter can be disabled with `set_option linter.unusedSimpArgs false`
⚠ [8945/9415] Built SafeLearning.CompleteTwoInputProjection (35s)
warning: SafeLearning/CompleteTwoInputProjection.lean:21:44: this tactic is never executed

Note: This linter can be disabled with `set_option linter.unreachableTactic false`
warning: SafeLearning/CompleteTwoInputProjection.lean:22:17: Used `tac1 <;> tac2` where `(tac1; tac2)` would suffice

Note: This linter can be disabled with `set_option linter.unnecessarySeqFocus false`
warning: SafeLearning/CompleteTwoInputProjection.lean:21:44: Unused tactic linter: `ring` does nothing

Note: This linter can be disabled with `set_option linter.unusedTactic false`
warning: SafeLearning/CompleteTwoInputProjection.lean:30:44: this tactic is never executed

Note: This linter can be disabled with `set_option linter.unreachableTactic false`
warning: SafeLearning/CompleteTwoInputProjection.lean:31:17: Used `tac1 <;> tac2` where `(tac1; tac2)` would suffice

Note: This linter can be disabled with `set_option linter.unnecessarySeqFocus false`
warning: SafeLearning/CompleteTwoInputProjection.lean:30:44: Unused tactic linter: `ring` does nothing

Note: This linter can be disabled with `set_option linter.unusedTactic false`
⚠ [8946/9415] Built SafeLearning.CompleteModulesMatrixError (27s)
warning: SafeLearning/CompleteModulesMatrixError.lean:37:58: This simp argument is unused:
  mul_assoc

Hint: Omit it from the simp argument list.
  [apply] simp [actualQuadratic, Matrix.sub_mulVec, Matrix.smul_mulVec, dotProduct, hnorm, Finset.sum_sub_distrib,
    Finset.mul_sum, pow_two, mul_sub, mul_comm, mul_left_comm]

Note: This linter can be disabled with `set_option linter.unusedSimpArgs false`
warning: SafeLearning/CompleteModulesMatrixError.lean:37:68: This simp argument is unused:
  mul_comm

Hint: Omit it from the simp argument list.
  [apply] simp [actualQuadratic, Matrix.sub_mulVec, Matrix.smul_mulVec, dotProduct, hnorm, Finset.sum_sub_distrib,
    Finset.mul_sum, pow_two, mul_sub, mul_assoc, mul_left_comm]

Note: This linter can be disabled with `set_option linter.unusedSimpArgs false`
warning: SafeLearning/CompleteModulesMatrixError.lean:88:25: This simp argument is unused:
  Real.norm_eq_abs

Hint: Omit it from the simp argument list.
  [apply] simp only [Pi.norm_def]

Note: This linter can be disabled with `set_option linter.unusedSimpArgs false`
✔ [8947/9415] Built SafeLearning.CompleteModulesMatrixPractice (38s)
✔ [8948/9415] Built SafeLearning.CompletePolicyDiskStep (38s)
✔ [8949/9415] Built SafeLearning.CompletePolicyGeometry (38s)
✔ [8950/9415] Built SafeLearning.CompleteModulesLandscapeNotation (20s)
⚠ [8951/9415] Built SafeLearning.CompleteModulesKernelMetric (21s)
warning: SafeLearning/CompleteModulesKernelMetric.lean:12:0: automatically included section variable(s) unused in theorem `SafeLearning.CompleteModulesKernelMetric.kernel_distance_nonnegative`:
  [InnerProductSpace ℝ H]
consider restructuring your `variable` declarations so that the variables are not in scope or explicitly omit them:
  omit [InnerProductSpace ℝ H] in theorem ...

Note: This linter can be disabled with `set_option linter.unusedSectionVars false`
warning: SafeLearning/CompleteModulesKernelMetric.lean:15:0: automatically included section variable(s) unused in theorem `SafeLearning.CompleteModulesKernelMetric.kernel_distance_self`:
  [InnerProductSpace ℝ H]
consider restructuring your `variable` declarations so that the variables are not in scope or explicitly omit them:
  omit [InnerProductSpace ℝ H] in theorem ...

Note: This linter can be disabled with `set_option linter.unusedSectionVars false`
warning: SafeLearning/CompleteModulesKernelMetric.lean:18:0: automatically included section variable(s) unused in theorem `SafeLearning.CompleteModulesKernelMetric.kernel_distance_symmetric`:
  [InnerProductSpace ℝ H]
consider restructuring your `variable` declarations so that the variables are not in scope or explicitly omit them:
  omit [InnerProductSpace ℝ H] in theorem ...

Note: This linter can be disabled with `set_option linter.unusedSectionVars false`
warning: SafeLearning/CompleteModulesKernelMetric.lean:21:0: automatically included section variable(s) unused in theorem `SafeLearning.CompleteModulesKernelMetric.kernel_distance_triangle`:
  [InnerProductSpace ℝ H]
consider restructuring your `variable` declarations so that the variables are not in scope or explicitly omit them:
  omit [InnerProductSpace ℝ H] in theorem ...

Note: This linter can be disabled with `set_option linter.unusedSectionVars false`
warning: SafeLearning/CompleteModulesKernelMetric.lean:25:0: automatically included section variable(s) unused in theorem `SafeLearning.CompleteModulesKernelMetric.kernel_distance_zero_iff`:
  [InnerProductSpace ℝ H]
consider restructuring your `variable` declarations so that the variables are not in scope or explicitly omit them:
  omit [InnerProductSpace ℝ H] in theorem ...

Note: This linter can be disabled with `set_option linter.unusedSectionVars false`
warning: SafeLearning/CompleteModulesKernelMetric.lean:74:0: automatically included section variable(s) unused in theorem `SafeLearning.CompleteModulesKernelMetric.norm_zero_is_zero_function`:
  [CompleteSpace H]
consider restructuring your `variable` declarations so that the variables are not in scope or explicitly omit them:
  omit [CompleteSpace H] in theorem ...

Note: This linter can be disabled with `set_option linter.unusedSectionVars false`
⚠ [8952/9415] Built SafeLearning.CompleteModulesLandscapeDiscountedFailure (24s)
warning: SafeLearning/CompleteModulesLandscapeDiscountedFailure.lean:16:53: Used `tac1 <;> tac2` where `(tac1; tac2)` would suffice

Note: This linter can be disabled with `set_option linter.unnecessarySeqFocus false`
warning: SafeLearning/CompleteModulesLandscapeDiscountedFailure.lean:23:84: Used `tac1 <;> tac2` where `(tac1; tac2)` would suffice

Note: This linter can be disabled with `set_option linter.unnecessarySeqFocus false`
warning: SafeLearning/CompleteModulesLandscapeDiscountedFailure.lean:54:21: `Set.mem_setOf_eq` has been deprecated: Use `Set.mem_ofPred_eq` instead
✔ [8953/9415] Built SafeLearning.CompleteModulesFIRRoundingCounterexample (22s)
⚠ [8954/9415] Built SafeLearning.CompleteModulesInverseSpectrum (23s)
warning: SafeLearning/CompleteModulesInverseSpectrum.lean:12:0: automatically included section variable(s) unused in theorem `SafeLearning.CompleteModulesInverseSpectrum.actual_inverse_eigen_diagonalization`:
  [Nonempty N]
consider restructuring your `variable` declarations so that the variables are not in scope or explicitly omit them:
  omit [Nonempty N] in theorem ...

Note: This linter can be disabled with `set_option linter.unusedSectionVars false`
✔ [8955/9415] Built SafeLearning.CompleteModulesLinearProgram (26s)
✔ [8956/9415] Built SafeLearning.CompleteModulesKernelConstruction (26s)
⚠ [8957/9415] Built SafeLearning.CompleteModulesRKHSStructure (27s)
warning: SafeLearning/CompleteModulesRKHSStructure.lean:14:0: automatically included section variable(s) unused in theorem `SafeLearning.CompleteModulesRKHSStructure.evaluation_functional_evaluates`:
  [CompleteSpace H]
consider restructuring your `variable` declarations so that the variables are not in scope or explicitly omit them:
  omit [CompleteSpace H] in theorem ...

Note: This linter can be disabled with `set_option linter.unusedSectionVars false`
warning: SafeLearning/CompleteModulesRKHSStructure.lean:17:0: automatically included section variable(s) unused in theorem `SafeLearning.CompleteModulesRKHSStructure.evaluation_functional_is_linear`:
  [CompleteSpace H]
consider restructuring your `variable` declarations so that the variables are not in scope or explicitly omit them:
  omit [CompleteSpace H] in theorem ...

Note: This linter can be disabled with `set_option linter.unusedSectionVars false`
warning: SafeLearning/CompleteModulesRKHSStructure.lean:78:54: This simp argument is unused:
  conj_trivial

Hint: Omit it from the simp argument list.
  [apply] simp [linear_function_evaluation, RCLike.inner_apply, mul_comm]

Note: This linter can be disabled with `set_option linter.unusedSimpArgs false`
⚠ [8958/9415] Built SafeLearning.CompleteModulesMatrixGP (27s)
warning: SafeLearning/CompleteModulesMatrixGP.lean:42:8: `tendsto_finset_sum` has been deprecated: Use `tendsto_finsetSum` instead
warning: SafeLearning/CompleteModulesMatrixGP.lean:34:0: automatically included section variable(s) unused in theorem `SafeLearning.CompleteModulesMatrixGP.mulVec_of_matrix_limit`:
  [DecidableEq I]
consider restructuring your `variable` declarations so that the variables are not in scope or explicitly omit them:
  omit [DecidableEq I] in theorem ...

Note: This linter can be disabled with `set_option linter.unusedSectionVars false`
warning: SafeLearning/CompleteModulesMatrixGP.lean:51:8: `tendsto_finset_sum` has been deprecated: Use `tendsto_finsetSum` instead
warning: SafeLearning/CompleteModulesMatrixGP.lean:46:0: automatically included section variable(s) unused in theorem `SafeLearning.CompleteModulesMatrixGP.dotProduct_of_vector_limit`:
  [DecidableEq I]
consider restructuring your `variable` declarations so that the variables are not in scope or explicitly omit them:
  omit [DecidableEq I] in theorem ...

Note: This linter can be disabled with `set_option linter.unusedSectionVars false`
⚠ [8959/9415] Built SafeLearning.CompleteModulesGPNumerics (27s)
info: SafeLearning/CompleteModulesGPNumerics.lean:11:51: Try this:
  [apply] ring_nf
  
  The `ring` tactic failed to close the goal. Use `ring_nf` to obtain a normal form.
    
  Note that `ring` works primarily in *commutative* rings. If you have a noncommutative ring, abelian group or module, consider using `noncomm_ring`, `abel` or `module` instead.
warning: SafeLearning/CompleteModulesGPNumerics.lean:11:47: Used `tac1 <;> tac2` where `(tac1; tac2)` would suffice

Note: This linter can be disabled with `set_option linter.unnecessarySeqFocus false`
warning: SafeLearning/CompleteModulesGPNumerics.lean:30:37: Used `tac1 <;> tac2` where `(tac1; tac2)` would suffice

Note: This linter can be disabled with `set_option linter.unnecessarySeqFocus false`
warning: SafeLearning/CompleteModulesGPNumerics.lean:36:37: Used `tac1 <;> tac2` where `(tac1; tac2)` would suffice

Note: This linter can be disabled with `set_option linter.unnecessarySeqFocus false`
warning: SafeLearning/CompleteModulesGPNumerics.lean:55:37: Used `tac1 <;> tac2` where `(tac1; tac2)` would suffice

Note: This linter can be disabled with `set_option linter.unnecessarySeqFocus false`
warning: SafeLearning/CompleteModulesGPNumerics.lean:60:37: Used `tac1 <;> tac2` where `(tac1; tac2)` would suffice

Note: This linter can be disabled with `set_option linter.unnecessarySeqFocus false`
✔ [8960/9415] Built SafeLearning.CompleteModulesGPDesign (26s)
✔ [8961/9415] Built SafeLearning.CompleteModulesFIRGain (27s)
✔ [8962/9415] Built SafeLearning.CompleteModulesEllipsoidSpectral (23s)
⚠ [8963/9415] Built SafeLearning.CompleteModulesFIRBase (27s)
warning: SafeLearning/CompleteModulesFIRBase.lean:51:46: This simp argument is unused:
  Matrix.smul_mul

Hint: Omit it from the simp argument list.
  [apply] simp [actualFIRGramian, actualFIRStateMatrix, Matrix.mul_smul]

Note: This linter can be disabled with `set_option linter.unusedSimpArgs false`
warning: SafeLearning/CompleteModulesFIRBase.lean:51:62: This simp argument is unused:
  Matrix.mul_smul

Hint: Omit it from the simp argument list.
  [apply] simp [actualFIRGramian, actualFIRStateMatrix, Matrix.smul_mul]

Note: This linter can be disabled with `set_option linter.unusedSimpArgs false`
warning: SafeLearning/CompleteModulesFIRBase.lean:66:2: Used `tac1 <;> tac2` where `(tac1; tac2)` would suffice

Note: This linter can be disabled with `set_option linter.unnecessarySeqFocus false`
warning: SafeLearning/CompleteModulesFIRBase.lean:76:25: This simp argument is unused:
  Matrix.smul_mul

Hint: Omit it from the simp argument list.
  [apply] simp [actualFIRStorage, Matrix.mul_smul, smul_smul, hn]

Note: This linter can be disabled with `set_option linter.unusedSimpArgs false`
warning: SafeLearning/CompleteModulesFIRBase.lean:76:41: This simp argument is unused:
  Matrix.mul_smul

Hint: Omit it from the simp argument list.
  [apply] simp [actualFIRStorage, Matrix.smul_mul, smul_smul, hn]

Note: This linter can be disabled with `set_option linter.unusedSimpArgs false`
warning: SafeLearning/CompleteModulesFIRBase.lean:99:54: This simp argument is unused:
  Fin.sum_univ_one

Hint: Omit it from the simp argument list.
  [apply] simp [actualFIRDissipationMatrix, Matrix.mul_apply]

Note: This linter can be disabled with `set_option linter.unusedSimpArgs false`
⚠ [8964/9415] Built SafeLearning.CompleteModulesDissipation (22s)
warning: SafeLearning/CompleteModulesDissipation.lean:69:47: Used `tac1 <;> tac2` where `(tac1; tac2)` would suffice

Note: This linter can be disabled with `set_option linter.unnecessarySeqFocus false`
⚠ [8965/9415] Built SafeLearning.CompleteModulesEllipsoidRow (28s)
warning: SafeLearning/CompleteModulesEllipsoidRow.lean:107:8: This simp argument is unused:
  Matrix.diagonal_apply

Hint: Omit it from the simp argument list.
  [apply] simp [actualRowMatrix, actualRowEnergy, Matrix.mul_apply, Matrix.transpose_apply, Matrix.mulVec, dotProduct,
    Finset.sum_mul, actualRadiusSquareMatrix]

Note: This linter can be disabled with `set_option linter.unusedSimpArgs false`
warning: SafeLearning/CompleteModulesEllipsoidRow.lean:129:0: automatically included section variable(s) unused in theorem `SafeLearning.CompleteModulesEllipsoidRow.actual_smaller_row_interval_bound_implies_the_larger_bound`:
  [DecidableEq n]
consider restructuring your `variable` declarations so that the variables are not in scope or explicitly omit them:
  omit [DecidableEq n] in theorem ...

Note: This linter can be disabled with `set_option linter.unusedSectionVars false`
✔ [8966/9415] Built SafeLearning.CompleteModulesDeterminantTaylor (21s)
⚠ [8967/9415] Built SafeLearning.CompleteModulesEigenProduct (24s)
warning: SafeLearning/CompleteModulesEigenProduct.lean:18:34: This simp argument is unused:
  ih

Hint: Omit it from the simp argument list.
  [apply] simp [pow_succ, mul_comm]

Note: This linter can be disabled with `set_option linter.unusedSimpArgs false`
✔ [8968/9415] Built SafeLearning.CompleteModulesComplexBasics (22s)
⚠ [8969/9415] Built SafeLearning.CompleteModulesGPExamples (31s)
warning: SafeLearning/CompleteModulesGPExamples.lean:15:72: This simp argument is unused:
  Fin.sum_univ_two

Hint: Omit it from the simp argument list.
  [apply] simp [twoGram, Matrix.mulVec]

Note: This linter can be disabled with `set_option linter.unusedSimpArgs false`
warning: SafeLearning/CompleteModulesGPExamples.lean:75:29: Used `tac1 <;> tac2` where `(tac1; tac2)` would suffice

Note: This linter can be disabled with `set_option linter.unnecessarySeqFocus false`
warning: SafeLearning/CompleteModulesGPExamples.lean:85:6: this tactic is never executed

Note: This linter can be disabled with `set_option linter.unreachableTactic false`
warning: SafeLearning/CompleteModulesGPExamples.lean:85:6: Unused tactic linter: `ring` does nothing

Note: This linter can be disabled with `set_option linter.unusedTactic false`
warning: SafeLearning/CompleteModulesGPExamples.lean:160:7: Variable name `i` is not explicitly referenced.

Hint: The binding can be removed (if unused) or named `_` (if used implicitly). Alternatively, prefix the name with `_` to silence this warning:
  [apply] _i

Note: This linter can be disabled with `set_option linter.unusedVariables false`
warning: SafeLearning/CompleteModulesGPExamples.lean:167:8: this tactic is never executed

Note: This linter can be disabled with `set_option linter.unreachableTactic false`
warning: SafeLearning/CompleteModulesGPExamples.lean:170:4: Used `tac1 <;> tac2` where `(tac1; tac2)` would suffice

Note: This linter can be disabled with `set_option linter.unnecessarySeqFocus false`
warning: SafeLearning/CompleteModulesGPExamples.lean:167:8: Unused tactic linter: `ring` does nothing

Note: This linter can be disabled with `set_option linter.unusedTactic false`
✔ [8970/9415] Built SafeLearning.CompleteModulesEpigraph (29s)
⚠ [8971/9415] Built SafeLearning.CompleteModulesComplexCayley (22s)
warning: SafeLearning/CompleteModulesComplexCayley.lean:35:0: automatically included section variable(s) unused in theorem `SafeLearning.CompleteModulesComplexCayley.actual_complex_skew_numerator_is_adjoint_denominator`:
  [Fintype N]
consider restructuring your `variable` declarations so that the variables are not in scope or explicitly omit them:
  omit [Fintype N] in theorem ...

Note: This linter can be disabled with `set_option linter.unusedSectionVars false`
warning: SafeLearning/CompleteModulesComplexCayley.lean:48:2: Try this: 
  letI̵

The goal is a proposition, so `let` is preferred over `letI`.
The difference between `let` and `letI` is that `letI` inlines the value.
But this is not relevant for proofs because of proof irrelevance.

Note: This linter can be disabled with `set_option linter.style.haveILetI false`
warning: SafeLearning/CompleteModulesComplexCayley.lean:49:2: Try this: 
  letI̵

The goal is a proposition, so `let` is preferred over `letI`.
The difference between `let` and `letI` is that `letI` inlines the value.
But this is not relevant for proofs because of proof irrelevance.

Note: This linter can be disabled with `set_option linter.style.haveILetI false`
warning: SafeLearning/CompleteModulesComplexCayley.lean:74:2: Try this: 
  letI̵

The goal is a proposition, so `let` is preferred over `letI`.
The difference between `let` and `letI` is that `letI` inlines the value.
But this is not relevant for proofs because of proof irrelevance.

Note: This linter can be disabled with `set_option linter.style.haveILetI false`
⚠ [8972/9415] Built SafeLearning.CompleteModulesComplexCayleyCounterexample (23s)
warning: SafeLearning/CompleteModulesComplexCayleyCounterexample.lean:29:45: This simp argument is unused:
  Fin.sum_univ_one

Hint: Omit it from the simp argument list.
  [apply] simp [actualImaginarySkew, Matrix.mul_apply, Matrix.add_apply]

Note: This linter can be disabled with `set_option linter.unusedSimpArgs false`
warning: SafeLearning/CompleteModulesComplexCayleyCounterexample.lean:31:39: this tactic is never executed

Note: This linter can be disabled with `set_option linter.unreachableTactic false`
warning: SafeLearning/CompleteModulesComplexCayleyCounterexample.lean:31:22: Used `tac1 <;> tac2` where `(tac1; tac2)` would suffice

Note: This linter can be disabled with `set_option linter.unnecessarySeqFocus false`
warning: SafeLearning/CompleteModulesComplexCayleyCounterexample.lean:31:39: Unused tactic linter: `ring` does nothing

Note: This linter can be disabled with `set_option linter.unusedTactic false`
warning: SafeLearning/CompleteModulesComplexCayleyCounterexample.lean:41:45: This simp argument is unused:
  Fin.sum_univ_one

Hint: Omit it from the simp argument list.
  [apply] simp [actualImaginarySkew, Matrix.mul_apply, Matrix.sub_apply]

Note: This linter can be disabled with `set_option linter.unusedSimpArgs false`
warning: SafeLearning/CompleteModulesComplexCayleyCounterexample.lean:43:22: Used `tac1 <;> tac2` where `(tac1; tac2)` would suffice

Note: This linter can be disabled with `set_option linter.unnecessarySeqFocus false`
warning: SafeLearning/CompleteModulesComplexCayleyCounterexample.lean:52:25: This simp argument is unused:
  Fin.sum_univ_one

Hint: Omit it from the simp argument list.
  [apply] simp [Matrix.mul_apply, Complex.I_sq]

Note: This linter can be disabled with `set_option linter.unusedSimpArgs false`
warning: SafeLearning/CompleteModulesComplexCayleyCounterexample.lean:52:42: This simp argument is unused:
  Complex.I_sq

Hint: Omit it from the simp argument list.
  [apply] simp [Matrix.mul_apply, Fin.sum_univ_one]

Note: This linter can be disabled with `set_option linter.unusedSimpArgs false`
⚠ [8973/9415] Built SafeLearning.CompleteModulesFIRNumbers (32s)
warning: SafeLearning/CompleteModulesFIRNumbers.lean:80:23: This simp argument is unused:
  Fin.sum_univ_one

Hint: Omit it from the simp argument list.
  [apply] simp [actualExactCertificate, actualSourceKernelRow, actualDelayedKernel, actualCurrentKernel,
    Matrix.mul_apply]

Note: This linter can be disabled with `set_option linter.unusedSimpArgs false`
✔ [8974/9415] Built SafeLearning.CompleteModulesBarrierBoundary (21s)
⚠ [8975/9415] Built SafeLearning.CompleteModulesLogDet (23s)
warning: SafeLearning/CompleteModulesLogDet.lean:18:44: This simp argument is unused:
  Matrix.mul_smul

Hint: Omit it from the simp argument list.
  [apply] simp [Matrix.trace_smul]

Note: This linter can be disabled with `set_option linter.unusedSimpArgs false`
⚠ [8976/9415] Built SafeLearning.CompleteModulesCayley (25s)
warning: SafeLearning/CompleteModulesCayley.lean:34:0: automatically included section variable(s) unused in theorem `SafeLearning.CompleteModulesCayley.actual_skew_cayley_numerator_is_transposed_denominator`:
  [Fintype N]
consider restructuring your `variable` declarations so that the variables are not in scope or explicitly omit them:
  omit [Fintype N] in theorem ...

Note: This linter can be disabled with `set_option linter.unusedSectionVars false`
warning: SafeLearning/CompleteModulesCayley.lean:47:2: Try this: 
  letI̵

The goal is a proposition, so `let` is preferred over `letI`.
The difference between `let` and `letI` is that `letI` inlines the value.
But this is not relevant for proofs because of proof irrelevance.

Note: This linter can be disabled with `set_option linter.style.haveILetI false`
warning: SafeLearning/CompleteModulesCayley.lean:48:2: Try this: 
  letI̵

The goal is a proposition, so `let` is preferred over `letI`.
The difference between `let` and `letI` is that `letI` inlines the value.
But this is not relevant for proofs because of proof irrelevance.

Note: This linter can be disabled with `set_option linter.style.haveILetI false`
warning: SafeLearning/CompleteModulesCayley.lean:74:2: Try this: 
  letI̵

The goal is a proposition, so `let` is preferred over `letI`.
The difference between `let` and `letI` is that `letI` inlines the value.
But this is not relevant for proofs because of proof irrelevance.

Note: This linter can be disabled with `set_option linter.style.haveILetI false`
✔ [8977/9415] Built SafeLearning.CompleteModulesClassificationNumbers (28s)
⚠ [8978/9415] Built SafeLearning.CompleteModulesScaledGram (24s)
warning: SafeLearning/CompleteModulesScaledGram.lean:48:0: automatically included section variable(s) unused in theorem `SafeLearning.CompleteModulesScaledGram.actual_symmetric_quadratic_is_bounded_by_scaled_majorizer`:
  [DecidableEq N]
consider restructuring your `variable` declarations so that the variables are not in scope or explicitly omit them:
  omit [DecidableEq N] in theorem ...

Note: This linter can be disabled with `set_option linter.unusedSectionVars false`
✔ [8979/9415] Built SafeLearning.CompleteLyapunovMargins (22s)
✔ [8980/9415] Built SafeLearning.CompleteLyapunovInterpolation (27s)
⚠ [8981/9415] Built SafeLearning.CompletePolicyDivergence (28s)
warning: SafeLearning/CompletePolicyDivergence.lean:36:4: this tactic is never executed

Note: This linter can be disabled with `set_option linter.unreachableTactic false`
warning: SafeLearning/CompletePolicyDivergence.lean:36:28: this tactic is never executed

Note: This linter can be disabled with `set_option linter.unreachableTactic false`
warning: SafeLearning/CompletePolicyDivergence.lean:36:4: Unused tactic linter: `simp [Real.log_div]` does nothing

Note: This linter can be disabled with `set_option linter.unusedTactic false`
warning: SafeLearning/CompletePolicyDivergence.lean:36:28: Unused tactic linter: `ring` does nothing

Note: This linter can be disabled with `set_option linter.unusedTactic false`
✔ [8982/9415] Built SafeLearning.CompleteLyapunovBoundComparison (27s)
⚠ [8983/9415] Built SafeLearning.CompleteModulesThreeTapConvolution (25s)
warning: SafeLearning/CompleteModulesThreeTapConvolution.lean:53:0: automatically included section variable(s) unused in theorem `SafeLearning.CompleteModulesThreeTapConvolution.actual_three_tap_output_matrix_action`:
  [Fintype O]
  [DecidableEq I]
consider restructuring your `variable` declarations so that the variables are not in scope or explicitly omit them:
  omit [Fintype O] [DecidableEq I] in theorem ...

Note: This linter can be disabled with `set_option linter.unusedSectionVars false`
⚠ [8984/9415] Built SafeLearning.CompleteFoundationsRegretRates (28s)
warning: SafeLearning/CompleteFoundationsRegretRates.lean:74:4: try 'simp' instead of 'simpa'

Note: This linter can be disabled with `set_option linter.unnecessarySimpa false`
warning: SafeLearning/CompleteFoundationsRegretRates.lean:135:23: This simp argument is unused:
  Real.norm_eq_abs

Hint: Omit it from the simp argument list.
  [apply] simp [trialRegret, abs_pow]

Note: This linter can be disabled with `set_option linter.unusedSimpArgs false`
warning: SafeLearning/CompleteFoundationsRegretRates.lean:135:41: This simp argument is unused:
  abs_pow

Hint: Omit it from the simp argument list.
  [apply] simp [trialRegret, Real.norm_eq_abs]

Note: This linter can be disabled with `set_option linter.unusedSimpArgs false`
✔ [8985/9415] Built SafeLearning.CompleteModulesSDPBasis (27s)
✔ [8986/9415] Built SafeLearning.CompleteFoundationsPowerDegeneracy (31s)
✔ [8987/9415] Built SafeLearning.CompleteFoundationsRatesCosts (31s)
⚠ [8988/9415] Built SafeLearning.Modules (39s)
warning: SafeLearning/Modules.lean:30:2: Used `tac1 <;> tac2` where `(tac1; tac2)` would suffice

Note: This linter can be disabled with `set_option linter.unnecessarySeqFocus false`
warning: SafeLearning/Modules.lean:35:32: Used `tac1 <;> tac2` where `(tac1; tac2)` would suffice

Note: This linter can be disabled with `set_option linter.unnecessarySeqFocus false`
warning: SafeLearning/Modules.lean:65:2: Used `tac1 <;> tac2` where `(tac1; tac2)` would suffice

Note: This linter can be disabled with `set_option linter.unnecessarySeqFocus false`
warning: SafeLearning/Modules.lean:162:2: Used `tac1 <;> tac2` where `(tac1; tac2)` would suffice

Note: This linter can be disabled with `set_option linter.unnecessarySeqFocus false`
warning: SafeLearning/Modules.lean:505:2: Used `tac1 <;> tac2` where `(tac1; tac2)` would suffice

Note: This linter can be disabled with `set_option linter.unnecessarySeqFocus false`
⚠ [8989/9415] Built SafeLearning.CompleteFoundationsPolygonLP (33s)
warning: SafeLearning/CompleteFoundationsPolygonLP.lean:106:21: Unused tactic linter: `change _ = _` does nothing

Note: This linter can be disabled with `set_option linter.unusedTactic false`
warning: SafeLearning/CompleteFoundationsPolygonLP.lean:126:21: Unused tactic linter: `change _ = _` does nothing

Note: This linter can be disabled with `set_option linter.unusedTactic false`
warning: SafeLearning/CompleteFoundationsPolygonLP.lean:146:21: Unused tactic linter: `change _ = _` does nothing

Note: This linter can be disabled with `set_option linter.unusedTactic false`
warning: SafeLearning/CompleteFoundationsPolygonLP.lean:166:21: Unused tactic linter: `change _ = _` does nothing

Note: This linter can be disabled with `set_option linter.unusedTactic false`
warning: SafeLearning/CompleteFoundationsPolygonLP.lean:278:23: Unused tactic linter: `change _ = _` does nothing

Note: This linter can be disabled with `set_option linter.unusedTactic false`
⚠ [8990/9415] Built SafeLearning.CompleteFoundationsShiftedQuadratic (35s)
warning: SafeLearning/CompleteFoundationsShiftedQuadratic.lean:154:4: `push_neg` has been deprecated. Prefer using `push Not` instead.
If you'd rather continue using `push_neg` in your project, you can implement it as follows:
```
open Lean.Parser.Tactic in
macro "push_neg" cfg:optConfig loc:(location)? : tactic =>
  `(tactic| push $cfg:optConfig Not $[$loc]?)
```
✔ [8991/9415] Built SafeLearning.CompleteFoundationsGridCertificates (31s)
⚠ [8992/9415] Built SafeLearning.CompleteFoundationsMinimaModels (33s)
warning: SafeLearning/CompleteFoundationsMinimaModels.lean:36:51: try 'simp' instead of 'simpa'

Note: This linter can be disabled with `set_option linter.unnecessarySimpa false`
warning: SafeLearning/CompleteFoundationsMinimaModels.lean:46:30: this tactic is never executed

Note: This linter can be disabled with `set_option linter.unreachableTactic false`
warning: SafeLearning/CompleteFoundationsMinimaModels.lean:46:30: Unused tactic linter: `(simp only [id_eq]; ring)` does nothing

Note: This linter can be disabled with `set_option linter.unusedTactic false`
warning: SafeLearning/CompleteFoundationsMinimaModels.lean:111:22: `Set.mem_setOf_eq` has been deprecated: Use `Set.mem_ofPred_eq` instead
warning: SafeLearning/CompleteFoundationsMinimaModels.lean:123:22: `Set.mem_setOf_eq` has been deprecated: Use `Set.mem_ofPred_eq` instead
warning: SafeLearning/CompleteFoundationsMinimaModels.lean:128:22: `Set.mem_setOf_eq` has been deprecated: Use `Set.mem_ofPred_eq` instead
⚠ [8993/9415] Built SafeLearning.CompleteFoundationsLogBacktracking (33s)
warning: SafeLearning/CompleteFoundationsLogBacktracking.lean:116:49: Used `tac1 <;> tac2` where `(tac1; tac2)` would suffice

Note: This linter can be disabled with `set_option linter.unnecessarySeqFocus false`
warning: SafeLearning/CompleteFoundationsLogBacktracking.lean:196:44: Used `tac1 <;> tac2` where `(tac1; tac2)` would suffice

Note: This linter can be disabled with `set_option linter.unnecessarySeqFocus false`
✔ [8994/9415] Built SafeLearning.CompleteFoundationsMatrixSensitivity (35s)
⚠ [8995/9415] Built SafeLearning.CompleteFoundationsGenericPenalty (24s)
warning: SafeLearning/CompleteFoundationsGenericPenalty.lean:111:4: `push_neg` has been deprecated. Prefer using `push Not` instead.
If you'd rather continue using `push_neg` in your project, you can implement it as follows:
```
open Lean.Parser.Tactic in
macro "push_neg" cfg:optConfig loc:(location)? : tactic =>
  `(tactic| push $cfg:optConfig Not $[$loc]?)
```
✔ [8996/9415] Built SafeLearning.CompleteFoundationsFinite (25s)
✔ [8997/9415] Built SafeLearning.CompleteFoundationsExtrema (29s)
⚠ [8998/9415] Built SafeLearning.CompleteFoundationsFeatures (30s)
warning: SafeLearning/CompleteFoundationsFeatures.lean:31:70: This simp argument is unused:
  mul_assoc

Hint: Omit it from the simp argument list.
  [apply] simp only [featureSum, featureGram, sum_inner, inner_sum, real_inner_smul_left, real_inner_smul_right,
    Matrix.mulVec, dotProduct, Finset.mul_sum]

Note: This linter can be disabled with `set_option linter.unusedSimpArgs false`
⚠ [8999/9415] Built SafeLearning.CompleteFoundationsGeneralizedEigen (34s)
warning: SafeLearning/CompleteFoundationsGeneralizedEigen.lean:213:57: Used `tac1 <;> tac2` where `(tac1; tac2)` would suffice

Note: This linter can be disabled with `set_option linter.unnecessarySeqFocus false`
warning: SafeLearning/CompleteFoundationsGeneralizedEigen.lean:215:32: Used `tac1 <;> tac2` where `(tac1; tac2)` would suffice

Note: This linter can be disabled with `set_option linter.unnecessarySeqFocus false`
✔ [9000/9415] Built SafeLearning.CompleteFoundationsConvexKink (21s)
⚠ [9001/9415] Built SafeLearning.CompleteFoundationsExtendedConjugate (25s)
warning: SafeLearning/CompleteFoundationsExtendedConjugate.lean:56:8: `if_pos` has been deprecated: Use `ite_eq_left` instead
warning: SafeLearning/CompleteFoundationsExtendedConjugate.lean:64:15: `if_pos` has been deprecated: Use `ite_eq_left` instead
warning: SafeLearning/CompleteFoundationsExtendedConjugate.lean:67:55: `if_pos` has been deprecated: Use `ite_eq_left` instead
warning: SafeLearning/CompleteFoundationsExtendedConjugate.lean:70:15: `if_neg` has been deprecated: Use `ite_eq_right` instead
warning: SafeLearning/CompleteFoundationsExtendedConjugate.lean:77:23: `if_pos` has been deprecated: Use `ite_eq_left` instead
warning: SafeLearning/CompleteFoundationsExtendedConjugate.lean:80:23: `if_neg` has been deprecated: Use `ite_eq_right` instead
✔ [9002/9415] Built SafeLearning.CompleteFoundationsSeries (25s)
⚠ [9003/9415] Built SafeLearning.CompleteFoundationsConvexSets (23s)
warning: SafeLearning/CompleteFoundationsConvexSets.lean:41:2: try 'simp' instead of 'simpa'

Note: This linter can be disabled with `set_option linter.unnecessarySimpa false`
warning: SafeLearning/CompleteFoundationsConvexSets.lean:46:24: `Set.mem_setOf_eq` has been deprecated: Use `Set.mem_ofPred_eq` instead
⚠ [9004/9415] Built SafeLearning.CompleteFoundationsRankOneSchur (53s)
warning: SafeLearning/CompleteFoundationsRankOneSchur.lean:122:88: Used `tac1 <;> tac2` where `(tac1; tac2)` would suffice

Note: This linter can be disabled with `set_option linter.unnecessarySeqFocus false`
warning: SafeLearning/CompleteFoundationsRankOneSchur.lean:127:88: Used `tac1 <;> tac2` where `(tac1; tac2)` would suffice

Note: This linter can be disabled with `set_option linter.unnecessarySeqFocus false`
warning: SafeLearning/CompleteFoundationsRankOneSchur.lean:270:39: Used `tac1 <;> tac2` where `(tac1; tac2)` would suffice

Note: This linter can be disabled with `set_option linter.unnecessarySeqFocus false`
✔ [9005/9415] Built SafeLearning.CompleteFoundationsConvergence (25s)
⚠ [9006/9415] Built SafeLearning.CompleteFoundationsMatrixConjugate (28s)
warning: SafeLearning/CompleteFoundationsMatrixConjugate.lean:19:2: Try this: 
  letI̵

The goal is a proposition, so `let` is preferred over `letI`.
The difference between `let` and `letI` is that `letI` inlines the value.
But this is not relevant for proofs because of proof irrelevance.

Note: This linter can be disabled with `set_option linter.style.haveILetI false`
warning: SafeLearning/CompleteFoundationsMatrixConjugate.lean:22:0: automatically included section variable(s) unused in theorem `SafeLearning.CompleteFoundationsMatrixConjugate.actual_symmetric_cross_pairing`:
  [DecidableEq n]
consider restructuring your `variable` declarations so that the variables are not in scope or explicitly omit them:
  omit [DecidableEq n] in theorem ...

Note: This linter can be disabled with `set_option linter.unusedSectionVars false`
warning: SafeLearning/CompleteFoundationsMatrixConjugate.lean:90:0: automatically included section variable(s) unused in theorem `SafeLearning.CompleteFoundationsMatrixConjugate.actual_pairing_Jensen_gap_identity`:
  [DecidableEq n]
consider restructuring your `variable` declarations so that the variables are not in scope or explicitly omit them:
  omit [DecidableEq n] in theorem ...

Note: This linter can be disabled with `set_option linter.unusedSectionVars false`
warning: SafeLearning/CompleteFoundationsMatrixConjugate.lean:141:15: `ContinuousLinearMap.smul_apply` has been deprecated: Use `smul_apply` instead

Note: The updated constant is in a different namespace. Dot notation may need to be changed (e.g., from `x.smul_apply` to `smul_apply x`).
⚠ [9007/9415] Built SafeLearning.CompleteFoundationsParsevalModels (58s)
warning: SafeLearning/CompleteFoundationsParsevalModels.lean:29:0: automatically included section variable(s) unused in theorem `SafeLearning.CompleteFoundationsParsevalModels.actual_frobenius_squared`:
  [DecidableEq M]
  [DecidableEq N]
consider restructuring your `variable` declarations so that the variables are not in scope or explicitly omit them:
  omit [DecidableEq M] [DecidableEq N] in theorem ...

Note: This linter can be disabled with `set_option linter.unusedSectionVars false`
warning: SafeLearning/CompleteFoundationsParsevalModels.lean:32:10: This simp argument is unused:
  Real.rpow_two

Hint: Omit it from the simp argument list.
  [apply] simp [Real.norm_eq_abs, sq_abs]

Note: This linter can be disabled with `set_option linter.unusedSimpArgs false`
warning: SafeLearning/CompleteFoundationsParsevalModels.lean:35:0: automatically included section variable(s) unused in theorem `SafeLearning.CompleteFoundationsParsevalModels.actual_error_entries`:
  [DecidableEq N]
consider restructuring your `variable` declarations so that the variables are not in scope or explicitly omit them:
  omit [DecidableEq N] in theorem ...

Note: This linter can be disabled with `set_option linter.unusedSectionVars false`
warning: SafeLearning/CompleteFoundationsParsevalModels.lean:44:0: automatically included section variable(s) unused in theorem `SafeLearning.CompleteFoundationsParsevalModels.actual_error_is_symmetric`:
  [DecidableEq N]
consider restructuring your `variable` declarations so that the variables are not in scope or explicitly omit them:
  omit [DecidableEq N] in theorem ...

Note: This linter can be disabled with `set_option linter.unusedSectionVars false`
warning: SafeLearning/CompleteFoundationsParsevalModels.lean:47:0: automatically included section variable(s) unused in theorem `SafeLearning.CompleteFoundationsParsevalModels.actual_entry_differential`:
  [DecidableEq N]
consider restructuring your `variable` declarations so that the variables are not in scope or explicitly omit them:
  omit [DecidableEq N] in theorem ...

Note: This linter can be disabled with `set_option linter.unusedSectionVars false`
warning: SafeLearning/CompleteFoundationsParsevalModels.lean:56:0: automatically included section variable(s) unused in theorem `SafeLearning.CompleteFoundationsParsevalModels.actual_symmetric_trace_identity`:
  [DecidableEq M]
  [DecidableEq N]
consider restructuring your `variable` declarations so that the variables are not in scope or explicitly omit them:
  omit [DecidableEq M] [DecidableEq N] in theorem ...

Note: This linter can be disabled with `set_option linter.unusedSectionVars false`
warning: SafeLearning/CompleteFoundationsParsevalModels.lean:86:0: automatically included section variable(s) unused in theorem `SafeLearning.CompleteFoundationsParsevalModels.actual_inner_coordinates`:
  [DecidableEq M]
  [DecidableEq N]
consider restructuring your `variable` declarations so that the variables are not in scope or explicitly omit them:
  omit [DecidableEq M] [DecidableEq N] in theorem ...

Note: This linter can be disabled with `set_option linter.unusedSectionVars false`
warning: SafeLearning/CompleteFoundationsParsevalModels.lean:107:13: `ContinuousLinearMap.smul_apply` has been deprecated: Use `_root_.smul_apply` instead

Note: The updated constant is in a different namespace. Dot notation may need to be changed (e.g., from `x.smul_apply` to `_root_.smul_apply x`).
warning: SafeLearning/CompleteFoundationsParsevalModels.lean:107:44: `ContinuousLinearMap.sum_apply` has been deprecated: Use `_root_.sum_apply` instead

Note: The updated constant is in a different namespace. Dot notation may need to be changed (e.g., from `x.sum_apply` to `_root_.sum_apply x`).
⚠ [9008/9415] Built SafeLearning.CompleteModulesCholesky (27s)
warning: SafeLearning/CompleteModulesCholesky.lean:33:0: automatically included section variable(s) unused in theorem `SafeLearning.CompleteModulesCholesky.actual_gram_schmidt_diagonal_is_norm`:
  [FiniteDimensional ℝ E]
consider restructuring your `variable` declarations so that the variables are not in scope or explicitly omit them:
  omit [FiniteDimensional ℝ E] in theorem ...

Note: This linter can be disabled with `set_option linter.unusedSectionVars false`
warning: SafeLearning/CompleteModulesCholesky.lean:76:35: This simp argument is unused:
  Matrix.conjTranspose_apply

Hint: Omit it from the simp argument list.
  [apply] simp [Matrix.gram_apply, vectors, EuclideanSpace.inner_toLp_toLp, Matrix.mul_apply,
    Matrix.star_eq_conjTranspose, dotProduct, mul_comm]

Note: This linter can be disabled with `set_option linter.unusedSimpArgs false`
warning: SafeLearning/CompleteModulesCholesky.lean:80:10: This simp argument is unused:
  finrank_euclideanSpace_fin

Hint: Omit it from the simp argument list.
  [apply] simp

Note: This linter can be disabled with `set_option linter.unusedSimpArgs false`
⚠ [9009/9415] Built SafeLearning.CompleteFoundationsCholeskyFamily (29s)
warning: SafeLearning/CompleteFoundationsCholeskyFamily.lean:94:4: Try this: intro ha j
✔ [9010/9415] Built SafeLearning.CompleteFoundationsBackupGames (27s)
⚠ [9011/9415] Built SafeLearning.CompleteFiniteTrajectoryReturns (24s)
warning: SafeLearning/CompleteFiniteTrajectoryReturns.lean:24:0: automatically included section variable(s) unused in theorem `SafeLearning.CompleteFiniteTrajectoryReturns.finite_reward_indicator_decomposition`:
  [MeasurableSpace Ω]
consider restructuring your `variable` declarations so that the variables are not in scope or explicitly omit them:
  omit [MeasurableSpace Ω] in theorem ...

Note: This linter can be disabled with `set_option linter.unusedSectionVars false`
warning: SafeLearning/CompleteFiniteTrajectoryReturns.lean:51:0: automatically included section variable(s) unused in theorem `SafeLearning.CompleteFiniteTrajectoryReturns.actual_path_reward_series_summable`:
  [MeasurableSpace Ω]
consider restructuring your `variable` declarations so that the variables are not in scope or explicitly omit them:
  omit [MeasurableSpace Ω] in theorem ...

Note: This linter can be disabled with `set_option linter.unusedSectionVars false`
warning: SafeLearning/CompleteFiniteTrajectoryReturns.lean:91:0: automatically included section variable(s) unused in theorem `SafeLearning.CompleteFiniteTrajectoryReturns.actual_atom_discounted_series_summable`:
  [Fintype F]
consider restructuring your `variable` declarations so that the variables are not in scope or explicitly omit them:
  omit [Fintype F] in theorem ...

Note: This linter can be disabled with `set_option linter.unusedSectionVars false`
warning: SafeLearning/CompleteFiniteTrajectoryReturns.lean:126:0: automatically included section variable(s) unused in theorem `SafeLearning.CompleteFiniteTrajectoryReturns.actual_path_occupancy_nonnegative`:
  [Fintype F]
  [IsProbabilityMeasure μ]
consider restructuring your `variable` declarations so that the variables are not in scope or explicitly omit them:
  omit [Fintype F] [IsProbabilityMeasure μ] in theorem ...

Note: This linter can be disabled with `set_option linter.unusedSectionVars false`
✔ [9012/9415] Built SafeLearning.CompleteFoundationsEllipseGeometry (37s)
⚠ [9013/9415] Built SafeLearning.CompleteFiniteNonnegativeAffineExtrema (23s)
warning: SafeLearning/CompleteFiniteNonnegativeAffineExtrema.lean:21:4: Try this: 
  letI̵

The goal is a proposition, so `let` is preferred over `letI`.
The difference between `let` and `letI` is that `letI` inlines the value.
But this is not relevant for proofs because of proof irrelevance.

Note: This linter can be disabled with `set_option linter.style.haveILetI false`
warning: SafeLearning/CompleteFiniteNonnegativeAffineExtrema.lean:24:4: Try this: 
  letI̵

The goal is a proposition, so `let` is preferred over `letI`.
The difference between `let` and `letI` is that `letI` inlines the value.
But this is not relevant for proofs because of proof irrelevance.

Note: This linter can be disabled with `set_option linter.style.haveILetI false`
warning: SafeLearning/CompleteFiniteNonnegativeAffineExtrema.lean:42:29: `if_pos` has been deprecated: Use `ite_eq_left` instead
warning: SafeLearning/CompleteFiniteNonnegativeAffineExtrema.lean:46:0: automatically included section variable(s) unused in theorem `SafeLearning.CompleteFiniteNonnegativeAffineExtrema.actual_extreme_nonnegative_affine_point_has_no_supported_kernel_direction`:
  [Fintype J]
consider restructuring your `variable` declarations so that the variables are not in scope or explicitly omit them:
  omit [Fintype J] in theorem ...

Note: This linter can be disabled with `set_option linter.unusedSectionVars false`
warning: SafeLearning/CompleteFiniteNonnegativeAffineExtrema.lean:105:0: automatically included section variable(s) unused in theorem `SafeLearning.CompleteFiniteNonnegativeAffineExtrema.actual_support_extension_is_injective`:
  [Fintype I]
consider restructuring your `variable` declarations so that the variables are not in scope or explicitly omit them:
  omit [Fintype I] in theorem ...

Note: This linter can be disabled with `set_option linter.unusedSectionVars false`
⚠ [9014/9415] Built SafeLearning.CompleteFoundationsFunctionExamples (27s)
warning: SafeLearning/CompleteFoundationsFunctionExamples.lean:32:14: this tactic is never executed

Note: This linter can be disabled with `set_option linter.unreachableTactic false`
warning: SafeLearning/CompleteFoundationsFunctionExamples.lean:32:4: Unused tactic linter: `all_goals fun_prop` does nothing

Note: This linter can be disabled with `set_option linter.unusedTactic false`
warning: SafeLearning/CompleteFoundationsFunctionExamples.lean:66:6: `push_neg` has been deprecated. Prefer using `push Not` instead.
If you'd rather continue using `push_neg` in your project, you can implement it as follows:
```
open Lean.Parser.Tactic in
macro "push_neg" cfg:optConfig loc:(location)? : tactic =>
  `(tactic| push $cfg:optConfig Not $[$loc]?)
```
⚠ [9015/9415] Built SafeLearning.CompleteFiniteCMDPSpectrum (25s)
warning: SafeLearning/CompleteFiniteCMDPSpectrum.lean:13:0: automatically included section variable(s) unused in theorem `SafeLearning.CompleteFiniteCMDPSpectrum.actual_stochastic_complex_average_norm_bound`:
  [DecidableEq S]
consider restructuring your `variable` declarations so that the variables are not in scope or explicitly omit them:
  omit [DecidableEq S] in theorem ...

Note: This linter can be disabled with `set_option linter.unusedSectionVars false`
warning: SafeLearning/CompleteFiniteCMDPSpectrum.lean:46:0: automatically included section variable(s) unused in theorem `SafeLearning.CompleteFiniteCMDPSpectrum.actual_stochastic_matrix_has_literal_one_eigenvector`:
  [DecidableEq S]
consider restructuring your `variable` declarations so that the variables are not in scope or explicitly omit them:
  omit [DecidableEq S] in theorem ...

Note: This linter can be disabled with `set_option linter.unusedSectionVars false`
⚠ [9016/9415] Built SafeLearning.CompleteFoundationsPenaltyModels (30s)
warning: SafeLearning/CompleteFoundationsPenaltyModels.lean:89:2: Used `tac1 <;> tac2` where `(tac1; tac2)` would suffice

Note: This linter can be disabled with `set_option linter.unnecessarySeqFocus false`
warning: SafeLearning/CompleteFoundationsPenaltyModels.lean:124:35: Used `tac1 <;> tac2` where `(tac1; tac2)` would suffice

Note: This linter can be disabled with `set_option linter.unnecessarySeqFocus false`
warning: SafeLearning/CompleteFoundationsPenaltyModels.lean:143:2: Used `tac1 <;> tac2` where `(tac1; tac2)` would suffice

Note: This linter can be disabled with `set_option linter.unnecessarySeqFocus false`
⚠ [9017/9415] Built SafeLearning.CompleteFoundationsSixMatrixNorms (68s)
warning: SafeLearning/CompleteFoundationsSixMatrixNorms.lean:22:6: try 'simp' instead of 'simpa'

Note: This linter can be disabled with `set_option linter.unnecessarySimpa false`
warning: SafeLearning/CompleteFoundationsSixMatrixNorms.lean:23:6: try 'simp' instead of 'simpa'

Note: This linter can be disabled with `set_option linter.unnecessarySimpa false`
warning: SafeLearning/CompleteFoundationsSixMatrixNorms.lean:29:76: Used `tac1 <;> tac2` where `(tac1; tac2)` would suffice

Note: This linter can be disabled with `set_option linter.unnecessarySeqFocus false`
warning: SafeLearning/CompleteFoundationsSixMatrixNorms.lean:52:51: This simp argument is unused:
  PiLp.toLp_apply

Hint: Omit it from the simp argument list.
  [apply] simp only [PiLp.norm_eq_of_L1, Fin.sum_univ_two, Matrix.cons_val_zero, Matrix.cons_val_one, Real.norm_eq_abs]

Note: This linter can be disabled with `set_option linter.unusedSimpArgs false`
✔ [9018/9415] Built SafeLearning.CompleteExponentialBarrierClassK (18s)
⚠ [9019/9415] Built SafeLearning.CompleteFoundationsSpectralModels (35s)
warning: SafeLearning/CompleteFoundationsSpectralModels.lean:67:45: This simp argument is unused:
  Matrix.cons_val_zero

Hint: Omit it from the simp argument list.
  [apply] simp only [Matrix.cons_val_one]

Note: This linter can be disabled with `set_option linter.unusedSimpArgs false`
warning: SafeLearning/CompleteFoundationsSpectralModels.lean:67:66: This simp argument is unused:
  Matrix.cons_val_one

Hint: Omit it from the simp argument list.
  [apply] simp only [Matrix.cons_val_zero]

Note: This linter can be disabled with `set_option linter.unusedSimpArgs false`
warning: SafeLearning/CompleteFoundationsSpectralModels.lean:310:2: try 'simp' instead of 'simpa'

Note: This linter can be disabled with `set_option linter.unnecessarySimpa false`
⚠ [9020/9415] Built SafeLearning.CompleteFiniteCMDPOccupancy (29s)
warning: SafeLearning/CompleteFiniteCMDPOccupancy.lean:131:29: This simp argument is unused:
  mul_assoc

Hint: Omit it from the simp argument list.
  [apply] simp only [Finset.mul_sum]

Note: This linter can be disabled with `set_option linter.unusedSimpArgs false`
⚠ [9021/9415] Built SafeLearning.CompleteLyapunovCounterexample (24s)
warning: SafeLearning/CompleteLyapunovCounterexample.lean:45:14: `if_neg` has been deprecated: Use `ite_eq_right` instead
warning: SafeLearning/CompleteLyapunovCounterexample.lean:75:6: `Set.mem_setOf_eq` has been deprecated: Use `Set.mem_ofPred_eq` instead
⚠ [9022/9415] Built SafeLearning.CompleteConformal (23s)
warning: SafeLearning/CompleteConformal.lean:96:63: `if_true` has been deprecated: Use `ite_true` instead
warning: SafeLearning/CompleteConformal.lean:96:71: `if_false` has been deprecated: Use `ite_false` instead
warning: SafeLearning/CompleteConformal.lean:96:63: `if_true` has been deprecated: Use `ite_true` instead
warning: SafeLearning/CompleteConformal.lean:96:71: `if_false` has been deprecated: Use `ite_false` instead
✔ [9023/9415] Built SafeLearning.CompleteDualPIHalfEnvelope (25s)
✔ [9024/9415] Built SafeLearning.CompleteDualPINumerics (27s)
✔ [9025/9415] Built SafeLearning.CompleteCompactLyapunov (23s)
✔ [9026/9415] Built SafeLearning.CompleteDiscountedFlow (26s)
⚠ [9027/9415] Built SafeLearning.CompleteDualPILinearModel (29s)
warning: SafeLearning/CompleteDualPILinearModel.lean:20:58: This simp argument is unused:
  Fin.sum_univ_two

Hint: Omit it from the simp argument list.
  [apply] simp [loopMatrix, loopStep, Matrix.mulVec]

Note: This linter can be disabled with `set_option linter.unusedSimpArgs false`
warning: SafeLearning/CompleteDualPILinearModel.lean:30:4: Used `tac1 <;> tac2` where `(tac1; tac2)` would suffice

Note: This linter can be disabled with `set_option linter.unnecessarySeqFocus false`
warning: SafeLearning/CompleteDualPILinearModel.lean:51:2: Unused tactic linter: `push_cast` does nothing

Note: This linter can be disabled with `set_option linter.unusedTactic false`
⚠ [9028/9415] Built SafeLearning.CompleteBarrierTrajectories (23s)
warning: SafeLearning/CompleteBarrierTrajectories.lean:18:74: Used `tac1 <;> tac2` where `(tac1; tac2)` would suffice

Note: This linter can be disabled with `set_option linter.unnecessarySeqFocus false`
warning: SafeLearning/CompleteBarrierTrajectories.lean:67:25: Used `tac1 <;> tac2` where `(tac1; tac2)` would suffice

Note: This linter can be disabled with `set_option linter.unnecessarySeqFocus false`
warning: SafeLearning/CompleteBarrierTrajectories.lean:73:25: Used `tac1 <;> tac2` where `(tac1; tac2)` would suffice

Note: This linter can be disabled with `set_option linter.unnecessarySeqFocus false`
✔ [9029/9415] Built SafeLearning.CompleteBarrierNonuniqueSolutions (21s)
✔ [9030/9415] Built SafeLearning.CompleteBarrierFallback (22s)
✔ [9031/9415] Built SafeLearning.CompleteBarrierFilippovHalfspaces (24s)
⚠ [9032/9415] Built SafeLearning.CompleteBarrierFiniteEscape (25s)
warning: SafeLearning/CompleteBarrierFiniteEscape.lean:24:44: Used `tac1 <;> tac2` where `(tac1; tac2)` would suffice

Note: This linter can be disabled with `set_option linter.unnecessarySeqFocus false`
⚠ [9033/9415] Built SafeLearning.CompleteBarrierAEComparison (23s)
warning: SafeLearning/CompleteBarrierAEComparison.lean:52:18: Used `tac1 <;> tac2` where `(tac1; tac2)` would suffice

Note: This linter can be disabled with `set_option linter.unnecessarySeqFocus false`
warning: SafeLearning/CompleteBarrierAEComparison.lean:52:32: Used `tac1 <;> tac2` where `(tac1; tac2)` would suffice

Note: This linter can be disabled with `set_option linter.unnecessarySeqFocus false`
⚠ [9034/9415] Built SafeLearning.CompleteBarrierAbsolutelyContinuous (25s)
warning: SafeLearning/CompleteBarrierAbsolutelyContinuous.lean:28:18: Used `tac1 <;> tac2` where `(tac1; tac2)` would suffice

Note: This linter can be disabled with `set_option linter.unnecessarySeqFocus false`
warning: SafeLearning/CompleteBarrierAbsolutelyContinuous.lean:28:32: Used `tac1 <;> tac2` where `(tac1; tac2)` would suffice

Note: This linter can be disabled with `set_option linter.unnecessarySeqFocus false`
✔ [9035/9415] Built SafeLearning.CompleteAppliedSaturationSector (24s)
⚠ [9036/9415] Built SafeLearning.CompleteModulesLipSDP (26s)
warning: SafeLearning/CompleteModulesLipSDP.lean:73:8: This simp argument is unused:
  RCLike.inner_apply

Hint: Omit it from the simp argument list.
  [apply] simp [conj_trivial, pow_two]

Note: This linter can be disabled with `set_option linter.unusedSimpArgs false`
warning: SafeLearning/CompleteModulesLipSDP.lean:73:27: This simp argument is unused:
  conj_trivial

Hint: Omit it from the simp argument list.
  [apply] simp [RCLike.inner_apply, pow_two]

Note: This linter can be disabled with `set_option linter.unusedSimpArgs false`
warning: SafeLearning/CompleteModulesLipSDP.lean:118:44: This simp argument is unused:
  Finset.sum_mul

Hint: Omit it from the simp argument list.
  [apply] simp only [mul_add, mul_sub, Finset.mul_sum, Finset.sum_add_distrib, Finset.sum_sub_distrib, pow_two]

Note: This linter can be disabled with `set_option linter.unusedSimpArgs false`
✔ [9037/9415] Built SafeLearning.CompleteAppliedResidualModels (25s)
✔ [9038/9415] Built SafeLearning.CompleteAppliedNetwork (30s)
✔ [9039/9415] Built SafeLearning.CompleteAppliedLargeNumbers (25s)
✔ [9040/9415] Built SafeLearning.CompleteAppliedMixtures (27s)
✔ [9041/9415] Built SafeLearning.CompleteAppliedProbabilitySpace (22s)
✔ [9042/9415] Built SafeLearning.CompleteAppliedGaussianEntropy (25s)
✔ [9043/9415] Built SafeLearning.CompleteAppliedDensityScaling (23s)
✔ [9044/9415] Built SafeLearning.CompleteAppliedDiscreteMassDefinitions (26s)
✔ [9045/9415] Built SafeLearning.CompleteAppliedClassKModels (23s)
✔ [9046/9415] Built SafeLearning.CompleteAppliedNaturalStep (35s)
✔ [9047/9415] Built SafeLearning.CompleteAppliedCovariance (25s)
✔ [9048/9415] Built SafeLearning.CompleteAppliedCDF (23s)
⚠ [9049/9415] Built SafeLearning.CompleteAppliedPolicy (31s)
warning: SafeLearning/CompleteAppliedPolicy.lean:46:5: Variable name `hw1` is not explicitly referenced.

Hint: The binding can be removed (if unused) or named `_` (if used implicitly). Alternatively, prefix the name with `_` to silence this warning:
  [apply] _hw1

Note: This linter can be disabled with `set_option linter.unusedVariables false`
warning: SafeLearning/CompleteAppliedPolicy.lean:137:10: Used `tac1 <;> tac2` where `(tac1; tac2)` would suffice

Note: This linter can be disabled with `set_option linter.unnecessarySeqFocus false`
warning: SafeLearning/CompleteAppliedPolicy.lean:181:50: Used `tac1 <;> tac2` where `(tac1; tac2)` would suffice

Note: This linter can be disabled with `set_option linter.unnecessarySeqFocus false`
warning: SafeLearning/CompleteAppliedPolicy.lean:181:65: Used `tac1 <;> tac2` where `(tac1; tac2)` would suffice

Note: This linter can be disabled with `set_option linter.unnecessarySeqFocus false`
warning: SafeLearning/CompleteAppliedPolicy.lean:190:48: Used `tac1 <;> tac2` where `(tac1; tac2)` would suffice

Note: This linter can be disabled with `set_option linter.unnecessarySeqFocus false`
warning: SafeLearning/CompleteAppliedPolicy.lean:190:63: Used `tac1 <;> tac2` where `(tac1; tac2)` would suffice

Note: This linter can be disabled with `set_option linter.unnecessarySeqFocus false`
✔ [9050/9415] Built SafeLearning.CompleteAppliedBellman (24s)
✔ [9051/9415] Built SafeLearning.CompleteAppliedMartingale (23s)
✔ [9052/9415] Built SafeLearning.CompletePolicyAdvantages (22s)
⚠ [9053/9415] Built SafeLearning.CompleteAppliedBackprop (27s)
warning: SafeLearning/CompleteAppliedBackprop.lean:25:64: Used `tac1 <;> tac2` where `(tac1; tac2)` would suffice

Note: This linter can be disabled with `set_option linter.unnecessarySeqFocus false`
✔ [9054/9415] Built SafeLearning.CompleteAppliedReturns (23s)
⚠ [9055/9415] Built SafeLearning.CompleteAppliedConcentration (26s)
warning: SafeLearning/CompleteAppliedConcentration.lean:20:53: Used `tac1 <;> tac2` where `(tac1; tac2)` would suffice

Note: This linter can be disabled with `set_option linter.unnecessarySeqFocus false`
warning: SafeLearning/CompleteAppliedConcentration.lean:29:15: `Set.mem_setOf_eq` has been deprecated: Use `Set.mem_ofPred_eq` instead
warning: SafeLearning/CompleteAppliedConcentration.lean:71:15: `Set.mem_setOf_eq` has been deprecated: Use `Set.mem_ofPred_eq` instead
warning: SafeLearning/CompleteAppliedConcentration.lean:99:54: Used `tac1 <;> tac2` where `(tac1; tac2)` would suffice

Note: This linter can be disabled with `set_option linter.unnecessarySeqFocus false`
⚠ [9056/9415] Built SafeLearning.CompleteAppliedSystems (38s)
warning: SafeLearning/CompleteAppliedSystems.lean:48:53: This simp argument is unused:
  Pi.neg_apply

Hint: Omit it from the simp argument list.
  [apply] simp only [heldThermal, Pi.add_apply, Pi.sub_apply, id_eq]

Note: This linter can be disabled with `set_option linter.unusedSimpArgs false`
warning: SafeLearning/CompleteAppliedSystems.lean:48:66: This simp argument is unused:
  id_eq

Hint: Omit it from the simp argument list.
  [apply] simp only [heldThermal, Pi.add_apply, Pi.sub_apply, Pi.neg_apply]

Note: This linter can be disabled with `set_option linter.unusedSimpArgs false`
warning: SafeLearning/CompleteAppliedSystems.lean:45:53: Used `tac1 <;> tac2` where `(tac1; tac2)` would suffice

Note: This linter can be disabled with `set_option linter.unnecessarySeqFocus false`
warning: SafeLearning/CompleteAppliedSystems.lean:140:40: try 'simp' instead of 'simpa'

Note: This linter can be disabled with `set_option linter.unnecessarySimpa false`
warning: SafeLearning/CompleteAppliedSystems.lean:141:10: try 'simp' instead of 'simpa'

Note: This linter can be disabled with `set_option linter.unnecessarySimpa false`
warning: SafeLearning/CompleteAppliedSystems.lean:201:136: Used `tac1 <;> tac2` where `(tac1; tac2)` would suffice

Note: This linter can be disabled with `set_option linter.unnecessarySeqFocus false`
warning: SafeLearning/CompleteAppliedSystems.lean:205:79: Used `tac1 <;> tac2` where `(tac1; tac2)` would suffice

Note: This linter can be disabled with `set_option linter.unnecessarySeqFocus false`
✔ [9057/9415] Built SafeLearning.CompleteAppliedProbability (31s)
✔ [9058/9415] Built SafeLearning.CompleteModulesScalarTransfer (22s)
✔ [9059/9415] Built SafeLearning.CompleteProjectionCharacterization (21s)
✔ [9060/9415] Built SafeLearning.CompleteModulesPolicyDualExample (22s)
✔ [9061/9415] Built SafeLearning.CompleteModulesSDPBlocks (24s)
✔ [9062/9415] Built SafeLearning.PrimersApplied (39s)
✔ [9063/9415] Built SafeLearning.BookApplications (26s)
⚠ [9064/9415] Built SafeLearning.CompletePolicyCDTDomain (23s)
warning: SafeLearning/CompletePolicyCDTDomain.lean:9:29: Variable name `budget` is not explicitly referenced.

Hint: The binding can be removed (if unused) or named `_` (if used implicitly). Alternatively, prefix the name with `_` to silence this warning:
  [apply] _budget

Note: This linter can be disabled with `set_option linter.unusedVariables false`
warning: SafeLearning/CompletePolicyCDTDomain.lean:28:31: Variable name `rewardToken` is not explicitly referenced.

Hint: The binding can be removed (if unused) or named `_` (if used implicitly). Alternatively, prefix the name with `_` to silence this warning:
  [apply] _rewardToken

Note: This linter can be disabled with `set_option linter.unusedVariables false`
warning: SafeLearning/CompletePolicyCDTDomain.lean:28:43: Variable name `costToken` is not explicitly referenced.

Hint: The binding can be removed (if unused) or named `_` (if used implicitly). Alternatively, prefix the name with `_` to silence this warning:
  [apply] _costToken

Note: This linter can be disabled with `set_option linter.unusedVariables false`
⚠ [9065/9415] Built SafeLearning.CompleteModulesSemidefiniteSchur (24s)
warning: SafeLearning/CompleteModulesSemidefiniteSchur.lean:39:0: automatically included section variable(s) unused in theorem `SafeLearning.CompleteModulesSemidefiniteSchur.actual_block_psd_implies_the_true_pseudoinverse_range_identity`:
  [DecidableEq Left]
consider restructuring your `variable` declarations so that the variables are not in scope or explicitly omit them:
  omit [DecidableEq Left] in theorem ...

Note: This linter can be disabled with `set_option linter.unusedSectionVars false`
warning: SafeLearning/CompleteModulesSemidefiniteSchur.lean:54:0: automatically included section variable(s) unused in theorem `SafeLearning.CompleteModulesSemidefiniteSchur.actual_true_range_condition_iff_pseudoinverse_identity`:
  [DecidableEq Left]
consider restructuring your `variable` declarations so that the variables are not in scope or explicitly omit them:
  omit [DecidableEq Left] in theorem ...

Note: This linter can be disabled with `set_option linter.unusedSectionVars false`
⚠ [9066/9415] Built SafeLearning.CompletePredictiveSafetyConsequences (24s)
warning: SafeLearning/CompletePredictiveSafetyConsequences.lean:22:45: Variable name `n` is not explicitly referenced.

Hint: The binding can be removed (if unused) or named `_` (if used implicitly). Alternatively, prefix the name with `_` to silence this warning:
  [apply] _n

Note: This linter can be disabled with `set_option linter.unusedVariables false`
warning: SafeLearning/CompletePredictiveSafetyConsequences.lean:41:30: `dif_pos` has been deprecated: Use `dite_eq_left` instead
✔ [9067/9415] Built SafeLearning.CompleteModulesSDPConeCorollaries (25s)
✔ [9068/9415] Built SafeLearning.CompleteModulesSDPDual (24s)
✔ [9069/9415] Built SafeLearning.CompleteSafetyBellmanConsequences (23s)
✔ [9070/9415] Built SafeLearning.CoreModules (37s)
✔ [9071/9415] Built SafeLearning.CompleteModulesEllipsoidRoot (22s)
⚠ [9072/9415] Built SafeLearning.CompleteModulesEllipsoidOffset (22s)
warning: SafeLearning/CompleteModulesEllipsoidOffset.lean:12:0: automatically included section variable(s) unused in theorem `SafeLearning.CompleteModulesEllipsoidOffset.actual_negative_ellipsoid_vector_has_the_same_energy`:
  [DecidableEq n]
consider restructuring your `variable` declarations so that the variables are not in scope or explicitly omit them:
  omit [DecidableEq n] in theorem ...

Note: This linter can be disabled with `set_option linter.unusedSectionVars false`
⚠ [9073/9415] Built SafeLearning.CompleteModulesKernelFunctional (23s)
warning: SafeLearning/CompleteModulesKernelFunctional.lean:15:2: Try this: 
  letI̵

The goal is a proposition, so `let` is preferred over `letI`.
The difference between `let` and `letI` is that `letI` inlines the value.
But this is not relevant for proofs because of proof irrelevance.

Note: This linter can be disabled with `set_option linter.style.haveILetI false`
warning: SafeLearning/CompleteModulesKernelFunctional.lean:26:2: Try this: 
  letI̵

The goal is a proposition, so `let` is preferred over `letI`.
The difference between `let` and `letI` is that `letI` inlines the value.
But this is not relevant for proofs because of proof irrelevance.

Note: This linter can be disabled with `set_option linter.style.haveILetI false`
warning: SafeLearning/CompleteModulesKernelFunctional.lean:42:0: automatically included section variable(s) unused in theorem `SafeLearning.CompleteModulesKernelFunctional.posterior_functional_evaluates`:
  [DecidableEq I]
consider restructuring your `variable` declarations so that the variables are not in scope or explicitly omit them:
  omit [DecidableEq I] in theorem ...

Note: This linter can be disabled with `set_option linter.unusedSectionVars false`
✔ [9074/9415] Built SafeLearning.CompleteModulesFIRTightness (24s)
⚠ [9075/9415] Built SafeLearning.CompleteModulesComplexCayleyInverse (24s)
warning: SafeLearning/CompleteModulesComplexCayleyInverse.lean:17:2: Try this: 
  letI̵

The goal is a proposition, so `let` is preferred over `letI`.
The difference between `let` and `letI` is that `letI` inlines the value.
But this is not relevant for proofs because of proof irrelevance.

Note: This linter can be disabled with `set_option linter.style.haveILetI false`
warning: SafeLearning/CompleteModulesComplexCayleyInverse.lean:23:2: Try this: 
  letI̵

The goal is a proposition, so `let` is preferred over `letI`.
The difference between `let` and `letI` is that `letI` inlines the value.
But this is not relevant for proofs because of proof irrelevance.

Note: This linter can be disabled with `set_option linter.style.haveILetI false`
warning: SafeLearning/CompleteModulesComplexCayleyInverse.lean:32:2: Try this: 
  letI̵

The goal is a proposition, so `let` is preferred over `letI`.
The difference between `let` and `letI` is that `letI` inlines the value.
But this is not relevant for proofs because of proof irrelevance.

Note: This linter can be disabled with `set_option linter.style.haveILetI false`
warning: SafeLearning/CompleteModulesComplexCayleyInverse.lean:40:2: Try this: 
  letI̵

The goal is a proposition, so `let` is preferred over `letI`.
The difference between `let` and `letI` is that `letI` inlines the value.
But this is not relevant for proofs because of proof irrelevance.

Note: This linter can be disabled with `set_option linter.style.haveILetI false`
warning: SafeLearning/CompleteModulesComplexCayleyInverse.lean:41:2: Try this: 
  letI̵

The goal is a proposition, so `let` is preferred over `letI`.
The difference between `let` and `letI` is that `letI` inlines the value.
But this is not relevant for proofs because of proof irrelevance.

Note: This linter can be disabled with `set_option linter.style.haveILetI false`
warning: SafeLearning/CompleteModulesComplexCayleyInverse.lean:69:2: Try this: 
  letI̵

The goal is a proposition, so `let` is preferred over `letI`.
The difference between `let` and `letI` is that `letI` inlines the value.
But this is not relevant for proofs because of proof irrelevance.

Note: This linter can be disabled with `set_option linter.style.haveILetI false`
warning: SafeLearning/CompleteModulesComplexCayleyInverse.lean:71:2: Try this: 
  letI̵

The goal is a proposition, so `let` is preferred over `letI`.
The difference between `let` and `letI` is that `letI` inlines the value.
But this is not relevant for proofs because of proof irrelevance.

Note: This linter can be disabled with `set_option linter.style.haveILetI false`
warning: SafeLearning/CompleteModulesComplexCayleyInverse.lean:90:2: Try this: 
  letI̵

The goal is a proposition, so `let` is preferred over `letI`.
The difference between `let` and `letI` is that `letI` inlines the value.
But this is not relevant for proofs because of proof irrelevance.

Note: This linter can be disabled with `set_option linter.style.haveILetI false`
warning: SafeLearning/CompleteModulesComplexCayleyInverse.lean:91:2: Try this: 
  letI̵

The goal is a proposition, so `let` is preferred over `letI`.
The difference between `let` and `letI` is that `letI` inlines the value.
But this is not relevant for proofs because of proof irrelevance.

Note: This linter can be disabled with `set_option linter.style.haveILetI false`
✔ [9076/9415] Built SafeLearning.CompleteModulesClassificationRoundingCounterexample (19s)
✔ [9077/9415] Built SafeLearning.CompleteModulesLPVertices (33s)
⚠ [9078/9415] Built SafeLearning.CompleteModulesCayleyInverse (22s)
warning: SafeLearning/CompleteModulesCayleyInverse.lean:17:2: Try this: 
  letI̵

The goal is a proposition, so `let` is preferred over `letI`.
The difference between `let` and `letI` is that `letI` inlines the value.
But this is not relevant for proofs because of proof irrelevance.

Note: This linter can be disabled with `set_option linter.style.haveILetI false`
warning: SafeLearning/CompleteModulesCayleyInverse.lean:23:2: Try this: 
  letI̵

The goal is a proposition, so `let` is preferred over `letI`.
The difference between `let` and `letI` is that `letI` inlines the value.
But this is not relevant for proofs because of proof irrelevance.

Note: This linter can be disabled with `set_option linter.style.haveILetI false`
warning: SafeLearning/CompleteModulesCayleyInverse.lean:32:2: Try this: 
  letI̵

The goal is a proposition, so `let` is preferred over `letI`.
The difference between `let` and `letI` is that `letI` inlines the value.
But this is not relevant for proofs because of proof irrelevance.

Note: This linter can be disabled with `set_option linter.style.haveILetI false`
warning: SafeLearning/CompleteModulesCayleyInverse.lean:40:2: Try this: 
  letI̵

The goal is a proposition, so `let` is preferred over `letI`.
The difference between `let` and `letI` is that `letI` inlines the value.
But this is not relevant for proofs because of proof irrelevance.

Note: This linter can be disabled with `set_option linter.style.haveILetI false`
warning: SafeLearning/CompleteModulesCayleyInverse.lean:41:2: Try this: 
  letI̵

The goal is a proposition, so `let` is preferred over `letI`.
The difference between `let` and `letI` is that `letI` inlines the value.
But this is not relevant for proofs because of proof irrelevance.

Note: This linter can be disabled with `set_option linter.style.haveILetI false`
warning: SafeLearning/CompleteModulesCayleyInverse.lean:69:2: Try this: 
  letI̵

The goal is a proposition, so `let` is preferred over `letI`.
The difference between `let` and `letI` is that `letI` inlines the value.
But this is not relevant for proofs because of proof irrelevance.

Note: This linter can be disabled with `set_option linter.style.haveILetI false`
warning: SafeLearning/CompleteModulesCayleyInverse.lean:71:2: Try this: 
  letI̵

The goal is a proposition, so `let` is preferred over `letI`.
The difference between `let` and `letI` is that `letI` inlines the value.
But this is not relevant for proofs because of proof irrelevance.

Note: This linter can be disabled with `set_option linter.style.haveILetI false`
warning: SafeLearning/CompleteModulesCayleyInverse.lean:90:2: Try this: 
  letI̵

The goal is a proposition, so `let` is preferred over `letI`.
The difference between `let` and `letI` is that `letI` inlines the value.
But this is not relevant for proofs because of proof irrelevance.

Note: This linter can be disabled with `set_option linter.style.haveILetI false`
warning: SafeLearning/CompleteModulesCayleyInverse.lean:91:2: Try this: 
  letI̵

The goal is a proposition, so `let` is preferred over `letI`.
The difference between `let` and `letI` is that `letI` inlines the value.
But this is not relevant for proofs because of proof irrelevance.

Note: This linter can be disabled with `set_option linter.style.haveILetI false`
⚠ [9079/9415] Built SafeLearning.CompleteModulesSLLGershgorin (21s)
warning: SafeLearning/CompleteModulesSLLGershgorin.lean:24:10: This simp argument is unused:
  Matrix.diagonal_apply

Hint: Omit it from the simp argument list.
  [apply] simp [(hscale row).ne']

Note: This linter can be disabled with `set_option linter.unusedSimpArgs false`
warning: SafeLearning/CompleteModulesSLLGershgorin.lean:25:10: This simp argument is unused:
  Matrix.diagonal_apply

Hint: Omit it from the simp argument list.
  [apply] simp [he]

Note: This linter can be disabled with `set_option linter.unusedSimpArgs false`
warning: SafeLearning/CompleteModulesSLLGershgorin.lean:89:45: `if_neg` has been deprecated: Use `ite_eq_right` instead
warning: SafeLearning/CompleteModulesSLLGershgorin.lean:93:43: `if_pos` has been deprecated: Use `ite_eq_left` instead
warning: SafeLearning/CompleteModulesSLLGershgorin.lean:93:43: This simp argument is unused:
  if_pos rfl

Hint: Omit it from the simp argument list.
  [apply] simp only [SafeLearning.CompleteModulesScaledGram.actualScaledMajorizer, Matrix.sub_apply,
    Matrix.diagonal_apply]

Note: This linter can be disabled with `set_option linter.unusedSimpArgs false`
✔ [9080/9415] Built SafeLearning.CompleteModulesSLLExamples (21s)
⚠ [9081/9415] Built SafeLearning.CompleteModulesCayleyPlane (28s)
warning: SafeLearning/CompleteModulesCayleyPlane.lean:31:6: This simp argument is unused:
  Matrix.smul_apply

Hint: Omit it from the simp argument list.
  [apply] simp [actualPlaneSkew, Matrix.mul_apply, Fin.sum_univ_two, Matrix.add_apply, Matrix.one_apply]

Note: This linter can be disabled with `set_option linter.unusedSimpArgs false`
✔ [9082/9415] Built SafeLearning.CompleteLyapunovSmallStep (23s)
⚠ [9083/9415] Built SafeLearning.CompleteModulesThreeTapTransfer (22s)
warning: SafeLearning/CompleteModulesThreeTapTransfer.lean:20:105: This simp argument is unused:
  smul_smul

Hint: Omit it from the simp argument list.
  [apply] simp only [Matrix.sub_mul, Matrix.mul_add, Matrix.smul_mul, Matrix.mul_smul, Matrix.one_mul, Matrix.mul_one,
    hzero, smul_zero]

Note: This linter can be disabled with `set_option linter.unusedSimpArgs false`
warning: SafeLearning/CompleteModulesThreeTapTransfer.lean:20:121: This simp argument is unused:
  smul_zero

Hint: Omit it from the simp argument list.
  [apply] simp only [Matrix.sub_mul, Matrix.mul_add, Matrix.smul_mul, Matrix.mul_smul, Matrix.one_mul, Matrix.mul_one,
    smul_smul, hzero]

Note: This linter can be disabled with `set_option linter.unusedSimpArgs false`
warning: SafeLearning/CompleteModulesThreeTapTransfer.lean:25:0: automatically included section variable(s) unused in theorem `SafeLearning.CompleteModulesThreeTapTransfer.actual_three_tap_current_delay_matrix_product`:
  [Fintype O]
consider restructuring your `variable` declarations so that the variables are not in scope or explicitly omit them:
  omit [Fintype O] in theorem ...

Note: This linter can be disabled with `set_option linter.unusedSectionVars false`
warning: SafeLearning/CompleteModulesThreeTapTransfer.lean:29:0: automatically included section variable(s) unused in theorem `SafeLearning.CompleteModulesThreeTapTransfer.actual_three_tap_second_delay_matrix_product`:
  [Fintype O]
consider restructuring your `variable` declarations so that the variables are not in scope or explicitly omit them:
  omit [Fintype O] in theorem ...

Note: This linter can be disabled with `set_option linter.unusedSectionVars false`
warning: SafeLearning/CompleteModulesThreeTapTransfer.lean:47:0: automatically included section variable(s) unused in theorem `SafeLearning.CompleteModulesThreeTapTransfer.actual_three_tap_state_and_layer_lmi_index_dimensions`:
  [DecidableEq I]
consider restructuring your `variable` declarations so that the variables are not in scope or explicitly omit them:
  omit [DecidableEq I] in theorem ...

Note: This linter can be disabled with `set_option linter.unusedSectionVars false`
⚠ [9084/9415] Built SafeLearning.CompleteModulesBarrierGradient (34s)
warning: SafeLearning/CompleteModulesBarrierGradient.lean:94:0: automatically included section variable(s) unused in theorem `SafeLearning.CompleteModulesBarrierGradient.actual_variation_trace_splits_into_weight_blocks`:
  [DecidableEq I]
  [DecidableEq O]
consider restructuring your `variable` declarations so that the variables are not in scope or explicitly omit them:
  omit [DecidableEq I] [DecidableEq O] in theorem ...

Note: This linter can be disabled with `set_option linter.unusedSectionVars false`
✔ [9085/9415] Built SafeLearning.CompleteFoundationsSparseRegret (21s)
⚠ [9086/9415] Built SafeLearning.CompleteModulesRoesserThreeByThree (23s)
warning: SafeLearning/CompleteModulesRoesserThreeByThree.lean:52:0: automatically included section variable(s) unused in theorem `SafeLearning.CompleteModulesRoesserThreeByThree.actual_roesser_vertical_zero_boundary`:
  [Fintype O]
  [DecidableEq I]
  [DecidableEq O]
consider restructuring your `variable` declarations so that the variables are not in scope or explicitly omit them:
  omit [Fintype O] [DecidableEq I] [DecidableEq O] in theorem ...

Note: This linter can be disabled with `set_option linter.unusedSectionVars false`
warning: SafeLearning/CompleteModulesRoesserThreeByThree.lean:58:0: automatically included section variable(s) unused in theorem `SafeLearning.CompleteModulesRoesserThreeByThree.actual_roesser_horizontal_zero_boundary`:
  [Fintype I]
  [DecidableEq I]
consider restructuring your `variable` declarations so that the variables are not in scope or explicitly omit them:
  omit [Fintype I] [DecidableEq I] in theorem ...

Note: This linter can be disabled with `set_option linter.unusedSectionVars false`
warning: SafeLearning/CompleteModulesRoesserThreeByThree.lean:63:0: automatically included section variable(s) unused in theorem `SafeLearning.CompleteModulesRoesserThreeByThree.actual_roesser_vertical_state_space_recursion`:
  [DecidableEq I]
consider restructuring your `variable` declarations so that the variables are not in scope or explicitly omit them:
  omit [DecidableEq I] in theorem ...

Note: This linter can be disabled with `set_option linter.unusedSectionVars false`
warning: SafeLearning/CompleteModulesRoesserThreeByThree.lean:82:0: automatically included section variable(s) unused in theorem `SafeLearning.CompleteModulesRoesserThreeByThree.actual_roesser_output_is_zero_padded_three_by_three_convolution`:
  [DecidableEq I]
consider restructuring your `variable` declarations so that the variables are not in scope or explicitly omit them:
  omit [DecidableEq I] in theorem ...

Note: This linter can be disabled with `set_option linter.unusedSectionVars false`
warning: SafeLearning/CompleteModulesRoesserThreeByThree.lean:95:0: automatically included section variable(s) unused in theorem `SafeLearning.CompleteModulesRoesserThreeByThree.actual_roesser_three_by_three_state_dimensions`:
  [DecidableEq I]
  [DecidableEq O]
consider restructuring your `variable` declarations so that the variables are not in scope or explicitly omit them:
  omit [DecidableEq I] [DecidableEq O] in theorem ...

Note: This linter can be disabled with `set_option linter.unusedSectionVars false`
✔ [9087/9415] Built SafeLearning.CompleteFoundationsRatesConsequences (22s)
⚠ [9088/9415] Built SafeLearning.CompleteModulesScalarSDP (22s)
warning: SafeLearning/CompleteModulesScalarSDP.lean:88:5: Variable name `hL` is not explicitly referenced.

Hint: The binding can be removed (if unused) or named `_` (if used implicitly). Alternatively, prefix the name with `_` to silence this warning:
  [apply] _hL

Note: This linter can be disabled with `set_option linter.unusedVariables false`
✔ [9089/9415] Built SafeLearning.CompleteFoundationsMinimaConsequences (22s)
⚠ [9090/9415] Built SafeLearning.CompleteFoundationsGeneralizedEigenConsequences (21s)
warning: SafeLearning/CompleteFoundationsGeneralizedEigenConsequences.lean:26:17: This simp argument is unused:
  Matrix.cons_val_one

Hint: Omit it from the simp argument list.
  [apply] simp only

Note: This linter can be disabled with `set_option linter.unusedSimpArgs false`
⚠ [9091/9415] Built SafeLearning.CompleteFoundationsRankOneConsequences (23s)
warning: SafeLearning/CompleteFoundationsRankOneConsequences.lean:36:37: Used `tac1 <;> tac2` where `(tac1; tac2)` would suffice

Note: This linter can be disabled with `set_option linter.unnecessarySeqFocus false`
⚠ [9092/9415] Built SafeLearning.CompleteModulesSylvester (21s)
warning: SafeLearning/CompleteModulesSylvester.lean:28:2: Try this: 
  letI̵

The goal is a proposition, so `let` is preferred over `letI`.
The difference between `let` and `letI` is that `letI` inlines the value.
But this is not relevant for proofs because of proof irrelevance.

Note: This linter can be disabled with `set_option linter.style.haveILetI false`
⚠ [9093/9415] Built SafeLearning.CompleteFinitePathOccupancyReindex (19s)
warning: SafeLearning/CompleteFinitePathOccupancyReindex.lean:22:0: automatically included section variable(s) unused in theorem `SafeLearning.CompleteFinitePathOccupancyReindex.actual_one_based_successor_is_the_original_coordinate`:
  [Fintype F]
  [IsProbabilityMeasure μ]
consider restructuring your `variable` declarations so that the variables are not in scope or explicitly omit them:
  omit [Fintype F] [IsProbabilityMeasure μ] in theorem ...

Note: This linter can be disabled with `set_option linter.unusedSectionVars false`
⚠ [9094/9415] Built SafeLearning.PrimersFoundations (99s)
warning: SafeLearning/PrimersFoundations.lean:35:46: This simp argument is unused:
  not_imp

Hint: Omit it from the simp argument list.
  [apply] simp only [not_forall, not_exists, not_and, exists_prop]

Note: This linter can be disabled with `set_option linter.unusedSimpArgs false`
warning: SafeLearning/PrimersFoundations.lean:152:2: Used `tac1 <;> tac2` where `(tac1; tac2)` would suffice

Note: This linter can be disabled with `set_option linter.unnecessarySeqFocus false`
warning: SafeLearning/PrimersFoundations.lean:248:35: Variable name `y` is not explicitly referenced.

Hint: The binding can be removed (if unused) or named `_` (if used implicitly). Alternatively, prefix the name with `_` to silence this warning:
  [apply] _y

Note: This linter can be disabled with `set_option linter.unusedVariables false`
warning: SafeLearning/PrimersFoundations.lean:399:142: This simp argument is unused:
  Pi.sub_apply

Hint: Omit it from the simp argument list.
  [apply] simp [Pi.add_apply, Pi.mul_apply, Pi.pow_apply, id_eq]

Note: This linter can be disabled with `set_option linter.unusedSimpArgs false`
warning: SafeLearning/PrimersFoundations.lean:399:155: This simp argument is unused:
  Pi.mul_apply

Hint: Omit it from the simp argument list.
  [apply] simp [Pi.add_apply, Pi.sub_apply, Pi.pow_apply, id_eq]

Note: This linter can be disabled with `set_option linter.unusedSimpArgs false`
warning: SafeLearning/PrimersFoundations.lean:399:192: this tactic is never executed

Note: This linter can be disabled with `set_option linter.unreachableTactic false`
warning: SafeLearning/PrimersFoundations.lean:399:192: Unused tactic linter: `ring` does nothing

Note: This linter can be disabled with `set_option linter.unusedTactic false`
warning: SafeLearning/PrimersFoundations.lean:404:133: This simp argument is unused:
  Pi.sub_apply

Hint: Omit it from the simp argument list.
  [apply] simp [Pi.add_apply, Pi.mul_apply, Pi.pow_apply, id_eq]

Note: This linter can be disabled with `set_option linter.unusedSimpArgs false`
warning: SafeLearning/PrimersFoundations.lean:404:146: This simp argument is unused:
  Pi.mul_apply

Hint: Omit it from the simp argument list.
  [apply] simp [Pi.add_apply, Pi.sub_apply, Pi.pow_apply, id_eq]

Note: This linter can be disabled with `set_option linter.unusedSimpArgs false`
warning: SafeLearning/PrimersFoundations.lean:409:67: This simp argument is unused:
  Pi.add_apply

Hint: Omit it from the simp argument list.
  [apply] simp [Pi.sub_apply, Pi.mul_apply, Pi.pow_apply, id_eq]

Note: This linter can be disabled with `set_option linter.unusedSimpArgs false`
warning: SafeLearning/PrimersFoundations.lean:409:93: This simp argument is unused:
  Pi.mul_apply

Hint: Omit it from the simp argument list.
  [apply] simp [Pi.add_apply, Pi.sub_apply, Pi.pow_apply, id_eq]

Note: This linter can be disabled with `set_option linter.unusedSimpArgs false`
warning: SafeLearning/PrimersFoundations.lean:409:130: this tactic is never executed

Note: This linter can be disabled with `set_option linter.unreachableTactic false`
warning: SafeLearning/PrimersFoundations.lean:409:130: Unused tactic linter: `ring` does nothing

Note: This linter can be disabled with `set_option linter.unusedTactic false`
warning: SafeLearning/PrimersFoundations.lean:487:52: Variable name `hy` is not explicitly referenced.

Hint: The binding can be removed (if unused) or named `_` (if used implicitly). Alternatively, prefix the name with `_` to silence this warning:
  [apply] _hy

Note: This linter can be disabled with `set_option linter.unusedVariables false`
warning: SafeLearning/PrimersFoundations.lean:602:9: Variable name `y` is not explicitly referenced.

Hint: The binding can be removed (if unused) or named `_` (if used implicitly). Alternatively, prefix the name with `_` to silence this warning:
  [apply] _y

Note: This linter can be disabled with `set_option linter.unusedVariables false`
warning: SafeLearning/PrimersFoundations.lean:719:5: Variable name `hfeasible` is not explicitly referenced.

Hint: The binding can be removed (if unused) or named `_` (if used implicitly). Alternatively, prefix the name with `_` to silence this warning:
  [apply] _hfeasible

Note: This linter can be disabled with `set_option linter.unusedVariables false`
✔ [9095/9415] Built SafeLearning.CompleteFoundationsCholeskyRecursion (23s)
✔ [9096/9415] Built SafeLearning.CompleteFinitePathAbsoluteRewardBound (19s)
✔ [9097/9415] Built SafeLearning.CompleteFoundationsHolderGrid (27s)
✔ [9098/9415] Built SafeLearning.CompleteFiniteCMDPScaledSpectrum (22s)
✔ [9099/9415] Built SafeLearning.CompleteFoundationsL2Models (24s)
⚠ [9100/9415] Built SafeLearning.CompleteModulesNetworks (40s)
info: SafeLearning/CompleteModulesNetworks.lean:49:29: Try this:
  [apply] ring_nf
  
  The `ring` tactic failed to close the goal. Use `ring_nf` to obtain a normal form.
    
  Note that `ring` works primarily in *commutative* rings. If you have a noncommutative ring, abelian group or module, consider using `noncomm_ring`, `abel` or `module` instead.
info: SafeLearning/CompleteModulesNetworks.lean:52:29: Try this:
  [apply] ring_nf
  
  The `ring` tactic failed to close the goal. Use `ring_nf` to obtain a normal form.
    
  Note that `ring` works primarily in *commutative* rings. If you have a noncommutative ring, abelian group or module, consider using `noncomm_ring`, `abel` or `module` instead.
warning: SafeLearning/CompleteModulesNetworks.lean:49:25: Used `tac1 <;> tac2` where `(tac1; tac2)` would suffice

Note: This linter can be disabled with `set_option linter.unnecessarySeqFocus false`
warning: SafeLearning/CompleteModulesNetworks.lean:52:25: Used `tac1 <;> tac2` where `(tac1; tac2)` would suffice

Note: This linter can be disabled with `set_option linter.unnecessarySeqFocus false`
info: SafeLearning/CompleteModulesNetworks.lean:72:29: Try this:
  [apply] ring_nf
  
  The `ring` tactic failed to close the goal. Use `ring_nf` to obtain a normal form.
    
  Note that `ring` works primarily in *commutative* rings. If you have a noncommutative ring, abelian group or module, consider using `noncomm_ring`, `abel` or `module` instead.
info: SafeLearning/CompleteModulesNetworks.lean:75:29: Try this:
  [apply] ring_nf
  
  The `ring` tactic failed to close the goal. Use `ring_nf` to obtain a normal form.
    
  Note that `ring` works primarily in *commutative* rings. If you have a noncommutative ring, abelian group or module, consider using `noncomm_ring`, `abel` or `module` instead.
warning: SafeLearning/CompleteModulesNetworks.lean:72:25: Used `tac1 <;> tac2` where `(tac1; tac2)` would suffice

Note: This linter can be disabled with `set_option linter.unnecessarySeqFocus false`
warning: SafeLearning/CompleteModulesNetworks.lean:75:25: Used `tac1 <;> tac2` where `(tac1; tac2)` would suffice

Note: This linter can be disabled with `set_option linter.unnecessarySeqFocus false`
warning: SafeLearning/CompleteModulesNetworks.lean:124:20: Used `tac1 <;> tac2` where `(tac1; tac2)` would suffice

Note: This linter can be disabled with `set_option linter.unnecessarySeqFocus false`
warning: SafeLearning/CompleteModulesNetworks.lean:140:29: `if_true` has been deprecated: Use `ite_true` instead
warning: SafeLearning/CompleteModulesNetworks.lean:140:37: `if_false` has been deprecated: Use `ite_false` instead
warning: SafeLearning/CompleteModulesNetworks.lean:140:29: `if_true` has been deprecated: Use `ite_true` instead
warning: SafeLearning/CompleteModulesNetworks.lean:140:37: `if_false` has been deprecated: Use `ite_false` instead
warning: SafeLearning/CompleteModulesNetworks.lean:140:29: `if_true` has been deprecated: Use `ite_true` instead
warning: SafeLearning/CompleteModulesNetworks.lean:140:37: `if_false` has been deprecated: Use `ite_false` instead
warning: SafeLearning/CompleteModulesNetworks.lean:140:29: `if_true` has been deprecated: Use `ite_true` instead
warning: SafeLearning/CompleteModulesNetworks.lean:140:37: `if_false` has been deprecated: Use `ite_false` instead
warning: SafeLearning/CompleteModulesNetworks.lean:127:5: Variable name `ha` is not explicitly referenced.

Hint: The binding can be removed (if unused) or named `_` (if used implicitly). Alternatively, prefix the name with `_` to silence this warning:
  [apply] _ha

Note: This linter can be disabled with `set_option linter.unusedVariables false`
⚠ [9101/9415] Built SafeLearning.CompleteFoundationsUniversalMatrices (24s)
warning: SafeLearning/CompleteFoundationsUniversalMatrices.lean:41:27: This simp argument is unused:
  Fin.sum_univ_succ

Hint: Omit it from the simp argument list.
  [apply] simp [Matrix.mul_apply, Matrix.vecMulVec]

Note: This linter can be disabled with `set_option linter.unusedSimpArgs false`
warning: SafeLearning/CompleteFoundationsUniversalMatrices.lean:43:65: This simp argument is unused:
  Fin.sum_univ_succ

Hint: Omit it from the simp argument list.
  [apply] simp [Matrix.mul_apply, Matrix.replicateRow, Matrix.replicateCol, Finset.sum_mul] at h

Note: This linter can be disabled with `set_option linter.unusedSimpArgs false`
✔ [9102/9415] Built SafeLearning.CompleteFoundationsSixMatrixComplex (24s)
✔ [9103/9415] Built SafeLearning.CompleteFoundationsFiniteReachability (158s)
⚠ [9104/9415] Built SafeLearning.CompleteFoundationsParsevalTrace (39s)
warning: SafeLearning/CompleteFoundationsParsevalTrace.lean:17:0: automatically included section variable(s) unused in theorem `SafeLearning.CompleteFoundationsParsevalTrace.actual_trace_pair_coordinates`:
  [DecidableEq M]
  [DecidableEq N]
consider restructuring your `variable` declarations so that the variables are not in scope or explicitly omit them:
  omit [DecidableEq M] [DecidableEq N] in theorem ...

Note: This linter can be disabled with `set_option linter.unusedSectionVars false`
warning: SafeLearning/CompleteFoundationsParsevalTrace.lean:27:0: automatically included section variable(s) unused in theorem `SafeLearning.CompleteFoundationsParsevalTrace.actual_symmetric_source_trace_equalities`:
  [DecidableEq M]
  [DecidableEq N]
consider restructuring your `variable` declarations so that the variables are not in scope or explicitly omit them:
  omit [DecidableEq M] [DecidableEq N] in theorem ...

Note: This linter can be disabled with `set_option linter.unusedSectionVars false`
⚠ [9105/9415] Built SafeLearning.CompleteFoundationsExactPenaltyModels (30s)
warning: SafeLearning/CompleteFoundationsExactPenaltyModels.lean:41:5: Variable name `hrho` is not explicitly referenced.

Hint: The binding can be removed (if unused) or named `_` (if used implicitly). Alternatively, prefix the name with `_` to silence this warning:
  [apply] _hrho

Note: This linter can be disabled with `set_option linter.unusedVariables false`
warning: SafeLearning/CompleteFoundationsExactPenaltyModels.lean:93:93: Used `tac1 <;> tac2` where `(tac1; tac2)` would suffice

Note: This linter can be disabled with `set_option linter.unnecessarySeqFocus false`
warning: SafeLearning/CompleteFoundationsExactPenaltyModels.lean:99:66: Used `tac1 <;> tac2` where `(tac1; tac2)` would suffice

Note: This linter can be disabled with `set_option linter.unnecessarySeqFocus false`
⚠ [9106/9415] Built SafeLearning.CompleteFoundationsQuadraticForms (25s)
warning: SafeLearning/CompleteFoundationsQuadraticForms.lean:136:39: This simp argument is unused:
  Pi.star_apply

Hint: Omit it from the simp argument list.
  [apply] simp only [hH, true_and, realQuadratic, star_trivial]

Note: This linter can be disabled with `set_option linter.unusedSimpArgs false`
warning: SafeLearning/CompleteFoundationsQuadraticForms.lean:144:39: This simp argument is unused:
  Pi.star_apply

Hint: Omit it from the simp argument list.
  [apply] simp only [hH, true_and, realQuadratic, star_trivial]

Note: This linter can be disabled with `set_option linter.unusedSimpArgs false`
⚠ [9107/9415] Built SafeLearning.CompleteFoundationsPseudoinverse (28s)
warning: SafeLearning/CompleteFoundationsPseudoinverse.lean:37:33: This simp argument is unused:
  Fin.sum_univ_succ

Hint: Omit it from the simp argument list.
  [apply] simp [sourceA, Matrix.mul_apply] at h0 h1

Note: This linter can be disabled with `set_option linter.unusedSimpArgs false`
warning: SafeLearning/CompleteFoundationsPseudoinverse.lean:44:14: Used `tac1 <;> tac2` where `(tac1; tac2)` would suffice

Note: This linter can be disabled with `set_option linter.unnecessarySeqFocus false`
warning: SafeLearning/CompleteFoundationsPseudoinverse.lean:44:30: Used `tac1 <;> tac2` where `(tac1; tac2)` would suffice

Note: This linter can be disabled with `set_option linter.unnecessarySeqFocus false`
warning: SafeLearning/CompleteFoundationsPseudoinverse.lean:73:60: Used `tac1 <;> tac2` where `(tac1; tac2)` would suffice

Note: This linter can be disabled with `set_option linter.unnecessarySeqFocus false`
warning: SafeLearning/CompleteFoundationsPseudoinverse.lean:82:33: Used `tac1 <;> tac2` where `(tac1; tac2)` would suffice

Note: This linter can be disabled with `set_option linter.unnecessarySeqFocus false`
warning: SafeLearning/CompleteFoundationsPseudoinverse.lean:152:14: Used `tac1 <;> tac2` where `(tac1; tac2)` would suffice

Note: This linter can be disabled with `set_option linter.unnecessarySeqFocus false`
warning: SafeLearning/CompleteFoundationsPseudoinverse.lean:167:45: This simp argument is unused:
  Fin.sum_univ_succ

Hint: Omit it from the simp argument list.
  [apply] simp [rowMatrix, rowPlus, Matrix.mul_apply]

Note: This linter can be disabled with `set_option linter.unusedSimpArgs false`
warning: SafeLearning/CompleteFoundationsPseudoinverse.lean:175:16: Used `tac1 <;> tac2` where `(tac1; tac2)` would suffice

Note: This linter can be disabled with `set_option linter.unnecessarySeqFocus false`
⚠ [9108/9415] Built SafeLearning.CompleteFoundationsAffineRKHS (26s)
warning: SafeLearning/CompleteFoundationsAffineRKHS.lean:55:2: Try this: 
  letI̵

The goal is a proposition, so `let` is preferred over `letI`.
The difference between `let` and `letI` is that `letI` inlines the value.
But this is not relevant for proofs because of proof irrelevance.

Note: This linter can be disabled with `set_option linter.style.haveILetI false`
warning: SafeLearning/CompleteFoundationsAffineRKHS.lean:68:2: Try this: 
  letI̵

The goal is a proposition, so `let` is preferred over `letI`.
The difference between `let` and `letI` is that `letI` inlines the value.
But this is not relevant for proofs because of proof irrelevance.

Note: This linter can be disabled with `set_option linter.style.haveILetI false`
warning: SafeLearning/CompleteFoundationsAffineRKHS.lean:124:2: Try this: 
  letI̵

The goal is a proposition, so `let` is preferred over `letI`.
The difference between `let` and `letI` is that `letI` inlines the value.
But this is not relevant for proofs because of proof irrelevance.

Note: This linter can be disabled with `set_option linter.style.haveILetI false`
⚠ [9109/9415] Built SafeLearning.CompleteFoundationsDefinitenessModels (29s)
warning: SafeLearning/CompleteFoundationsDefinitenessModels.lean:152:61: Used `tac1 <;> tac2` where `(tac1; tac2)` would suffice

Note: This linter can be disabled with `set_option linter.unnecessarySeqFocus false`
warning: SafeLearning/CompleteFoundationsDefinitenessModels.lean:195:76: This simp argument is unused:
  zero_pow

Hint: Omit it from the simp argument list.
  [apply] simp only [point, PiLp.toLp_apply, Matrix.cons_val_zero, Matrix.cons_val_one, mul_zero, add_zero, zero_add,
    abs_le]

Note: This linter can be disabled with `set_option linter.unusedSimpArgs false`
warning: SafeLearning/CompleteFoundationsDefinitenessModels.lean:196:4: This simp argument is unused:
  mul_zero

Hint: Omit it from the simp argument list.
  [apply] simp only [point, PiLp.toLp_apply, Matrix.cons_val_zero, Matrix.cons_val_one, zero_pow, add_zero, zero_add,
    abs_le]

Note: This linter can be disabled with `set_option linter.unusedSimpArgs false`
warning: SafeLearning/CompleteFoundationsDefinitenessModels.lean:196:13: This simp argument is unused:
  add_zero

Hint: Omit it from the simp argument list.
  [apply] simp only [point, PiLp.toLp_apply, Matrix.cons_val_zero, Matrix.cons_val_one, zero_pow, mul_zero, zero_add,
    abs_le]

Note: This linter can be disabled with `set_option linter.unusedSimpArgs false`
warning: SafeLearning/CompleteFoundationsDefinitenessModels.lean:196:22: This simp argument is unused:
  zero_add

Hint: Omit it from the simp argument list.
  [apply] simp only [point, PiLp.toLp_apply, Matrix.cons_val_zero, Matrix.cons_val_one, zero_pow, mul_zero, add_zero,
    abs_le]

Note: This linter can be disabled with `set_option linter.unusedSimpArgs false`
✔ [9110/9415] Built SafeLearning.CompleteFoundationsAugmentedModels (33s)
✔ [9111/9415] Built SafeLearning.CompleteFiniteCMDPFlow (23s)
✔ [9112/9415] Built SafeLearning.CompleteConformalCounterexample (23s)
✔ [9113/9415] Built SafeLearning.CompleteModulesConformal (23s)
ℹ [9114/9415] Built SafeLearning.CompleteDualPIOscillation (25s)
info: SafeLearning/CompleteDualPIOscillation.lean:85:4: Try this:
  [apply] ring_nf
  
  The `ring` tactic failed to close the goal. Use `ring_nf` to obtain a normal form.
    
  Note that `ring` works primarily in *commutative* rings. If you have a noncommutative ring, abelian group or module, consider using `noncomm_ring`, `abel` or `module` instead.
⚠ [9115/9415] Built SafeLearning.CompleteLyapunovNonlinearModels (27s)
warning: SafeLearning/CompleteLyapunovNonlinearModels.lean:56:19: try 'simp' instead of 'simpa'

Note: This linter can be disabled with `set_option linter.unnecessarySimpa false`
warning: SafeLearning/CompleteLyapunovNonlinearModels.lean:68:4: Try `simp at hd` instead of `simpa using hd`

Note: This linter can be disabled with `set_option linter.unnecessarySimpa false`
warning: SafeLearning/CompleteLyapunovNonlinearModels.lean:58:55: Variable name `hc` is not explicitly referenced.

Hint: The binding can be removed (if unused) or named `_` (if used implicitly). Alternatively, prefix the name with `_` to silence this warning:
  [apply] _hc

Note: This linter can be disabled with `set_option linter.unusedVariables false`
warning: SafeLearning/CompleteLyapunovNonlinearModels.lean:149:7: Variable name `x` is not explicitly referenced.

Hint: The binding can be removed (if unused) or named `_` (if used implicitly). Alternatively, prefix the name with `_` to silence this warning:
  [apply] _x

Note: This linter can be disabled with `set_option linter.unusedVariables false`
warning: SafeLearning/CompleteLyapunovNonlinearModels.lean:150:7: Variable name `n` is not explicitly referenced.

Hint: The binding can be removed (if unused) or named `_` (if used implicitly). Alternatively, prefix the name with `_` to silence this warning:
  [apply] _n

Note: This linter can be disabled with `set_option linter.unusedVariables false`
✔ [9116/9415] Built SafeLearning.CompleteDualPIRecurrenceDecay (27s)
✔ [9117/9415] Built SafeLearning.CompleteDualPIJury (29s)
⚠ [9118/9415] Built SafeLearning.CompleteFoundationsCalculusModels (41s)
warning: SafeLearning/CompleteFoundationsCalculusModels.lean:151:47: This simp argument is unused:
  real_inner_smul_left

Hint: Omit it from the simp argument list.
  [apply] simp [InnerProductSpace.toDual_apply_apply, ContinuousLinearMap.adjoint_inner_left, innerSL_apply_apply]

Note: This linter can be disabled with `set_option linter.unusedSimpArgs false`
warning: SafeLearning/CompleteFoundationsCalculusModels.lean:196:68: Used `tac1 <;> tac2` where `(tac1; tac2)` would suffice

Note: This linter can be disabled with `set_option linter.unnecessarySeqFocus false`
✔ [9119/9415] Built SafeLearning.CompleteBarrierLocalISSf (23s)
⚠ [9120/9415] Built SafeLearning.CompleteBarrierNonlinearDomainComparison (24s)
warning: SafeLearning/CompleteBarrierNonlinearDomainComparison.lean:91:2: `push_neg` has been deprecated. Prefer using `push Not` instead.
If you'd rather continue using `push_neg` in your project, you can implement it as follows:
```
open Lean.Parser.Tactic in
macro "push_neg" cfg:optConfig loc:(location)? : tactic =>
  `(tactic| push $cfg:optConfig Not $[$loc]?)
```
⚠ [9121/9415] Built SafeLearning.CompleteLyapunovExerciseModels (33s)
warning: SafeLearning/CompleteLyapunovExerciseModels.lean:63:39: `Set.mem_setOf_eq` has been deprecated: Use `Set.mem_ofPred_eq` instead
warning: SafeLearning/CompleteLyapunovExerciseModels.lean:63:39: `Set.mem_setOf_eq` has been deprecated: Use `Set.mem_ofPred_eq` instead
warning: SafeLearning/CompleteLyapunovExerciseModels.lean:116:7: Variable name `n` is not explicitly referenced.

Hint: The binding can be removed (if unused) or named `_` (if used implicitly). Alternatively, prefix the name with `_` to silence this warning:
  [apply] _n

Note: This linter can be disabled with `set_option linter.unusedVariables false`
warning: SafeLearning/CompleteLyapunovExerciseModels.lean:211:46: Used `tac1 <;> tac2` where `(tac1; tac2)` would suffice

Note: This linter can be disabled with `set_option linter.unnecessarySeqFocus false`
✔ [9122/9415] Built SafeLearning.CompleteBarrierDiscontinuousSign (22s)
✔ [9123/9415] Built SafeLearning.CompleteFoundationsDiscountHorizons (132s)
✔ [9124/9415] Built SafeLearning.CompleteBarrierNonlinearComparison (23s)
⚠ [9125/9415] Built SafeLearning.CompleteModulesFIROperator (23s)
warning: SafeLearning/CompleteModulesFIROperator.lean:33:0: automatically included section variable(s) unused in theorem `SafeLearning.CompleteModulesFIROperator.actual_unit_row_cholesky_certificate_identity`:
  [Fintype N]
  [DecidableEq N]
consider restructuring your `variable` declarations so that the variables are not in scope or explicitly omit them:
  omit [Fintype N] [DecidableEq N] in theorem ...

Note: This linter can be disabled with `set_option linter.unusedSectionVars false`
warning: SafeLearning/CompleteModulesFIROperator.lean:54:67: This simp argument is unused:
  Matrix.mul_apply

Hint: Omit it from the simp argument list.
  [apply] simp [quadratic, actualFIRKernelRow, actualFIROutput, Matrix.mulVec, Fin.sum_univ_two, Fin.sum_univ_one,
    dotProduct]

Note: This linter can be disabled with `set_option linter.unusedSimpArgs false`
warning: SafeLearning/CompleteModulesFIROperator.lean:55:21: This simp argument is unused:
  Fin.sum_univ_one

Hint: Omit it from the simp argument list.
  [apply] simp [quadratic, actualFIRKernelRow, actualFIROutput, Matrix.mulVec, Matrix.mul_apply, Fin.sum_univ_two,
    dotProduct]

Note: This linter can be disabled with `set_option linter.unusedSimpArgs false`
warning: SafeLearning/CompleteModulesFIROperator.lean:70:48: Variable name `hstorage` is not explicitly referenced.

Hint: The binding can be removed (if unused) or named `_` (if used implicitly). Alternatively, prefix the name with `_` to silence this warning:
  [apply] _hstorage

Note: This linter can be disabled with `set_option linter.unusedVariables false`
✔ [9126/9415] Built SafeLearning.CompleteDualPIAmplitude (31s)
✔ [9127/9415] Built SafeLearning.CompleteModulesMatrixPracticeCorollaries (23s)
⚠ [9128/9415] Built SafeLearning.CompleteModulesWeightedSeminorm (23s)
warning: SafeLearning/CompleteModulesWeightedSeminorm.lean:22:10: This simp argument is unused:
  Matrix.star_eq_conjTranspose

Hint: Omit it from the simp argument list.
  [apply] simp [Matrix.conjTranspose_apply]

Note: This linter can be disabled with `set_option linter.unusedSimpArgs false`
warning: SafeLearning/CompleteModulesWeightedSeminorm.lean:22:39: This simp argument is unused:
  Matrix.conjTranspose_apply

Hint: Omit it from the simp argument list.
  [apply] simp [Matrix.star_eq_conjTranspose]

Note: This linter can be disabled with `set_option linter.unusedSimpArgs false`
warning: SafeLearning/CompleteModulesWeightedSeminorm.lean:26:0: automatically included section variable(s) unused in theorem `SafeLearning.CompleteModulesWeightedSeminorm.actual_weighted_magnitude_is_norm_of_gram_image`:
  [DecidableEq I]
consider restructuring your `variable` declarations so that the variables are not in scope or explicitly omit them:
  omit [DecidableEq I] in theorem ...

Note: This linter can be disabled with `set_option linter.unusedSectionVars false`
warning: SafeLearning/CompleteModulesWeightedSeminorm.lean:60:0: automatically included section variable(s) unused in theorem `SafeLearning.CompleteModulesWeightedSeminorm.actual_weighted_magnitude_vanishes_iff_in_matrix_kernel`:
  [DecidableEq I]
consider restructuring your `variable` declarations so that the variables are not in scope or explicitly omit them:
  omit [DecidableEq I] in theorem ...

Note: This linter can be disabled with `set_option linter.unusedSectionVars false`
✔ [9129/9415] Built SafeLearning.CompleteAppliedIndependenceDefinitions (19s)
✔ [9130/9415] Built SafeLearning.CompleteAppliedUniformDefinitions (20s)
✔ [9131/9415] Built SafeLearning.CompleteAppliedGaussianEntropyConsequences (22s)
⚠ [9132/9415] Built SafeLearning.CompleteModulesSLL (25s)
warning: SafeLearning/CompleteModulesSLL.lean:26:10: This simp argument is unused:
  Matrix.diagonal_apply

Hint: Omit it from the simp argument list.
  [apply] simp [Matrix.one_apply, (hpositive row).ne']

Note: This linter can be disabled with `set_option linter.unusedSimpArgs false`
warning: SafeLearning/CompleteModulesSLL.lean:26:32: This simp argument is unused:
  Matrix.one_apply

Hint: Omit it from the simp argument list.
  [apply] simp [Matrix.diagonal_apply, (hpositive row).ne']

Note: This linter can be disabled with `set_option linter.unusedSimpArgs false`
warning: SafeLearning/CompleteModulesSLL.lean:27:10: This simp argument is unused:
  Matrix.diagonal_apply

Hint: Omit it from the simp argument list.
  [apply] simp [Matrix.one_apply, he]

Note: This linter can be disabled with `set_option linter.unusedSimpArgs false`
warning: SafeLearning/CompleteModulesSLL.lean:27:32: This simp argument is unused:
  Matrix.one_apply

Hint: Omit it from the simp argument list.
  [apply] simp [Matrix.diagonal_apply, he]

Note: This linter can be disabled with `set_option linter.unusedSimpArgs false`
warning: SafeLearning/CompleteModulesSLL.lean:51:50: This simp argument is unused:
  Finset.mul_sum

Hint: Omit it from the simp argument list.
  [apply] simp only [Pi.sub_apply, Pi.smul_apply, smul_eq_mul, hcoordinate, Finset.sum_sub_distrib,
    Finset.sum_add_distrib, dotProduct, pow_two]

Note: This linter can be disabled with `set_option linter.unusedSimpArgs false`
warning: SafeLearning/CompleteModulesSLL.lean:81:4: Try this: 
  letI̵

The goal is a proposition, so `let` is preferred over `letI`.
The difference between `let` and `letI` is that `letI` inlines the value.
But this is not relevant for proofs because of proof irrelevance.

Note: This linter can be disabled with `set_option linter.style.haveILetI false`
warning: SafeLearning/CompleteModulesSLL.lean:106:47: This simp argument is unused:
  Pi.mul_apply

Hint: Omit it from the simp argument list.
  [apply] simp only [Matrix.mulVec_diagonal, dotProduct, Pi.sub_apply]

Note: This linter can be disabled with `set_option linter.unusedSimpArgs false`
warning: SafeLearning/CompleteModulesSLL.lean:112:40: This simp argument is unused:
  add_zero

Hint: Omit it from the simp argument list.
  [apply] simp only [zero_mul, mul_zero, zero_add, one_mul, add_sub_add_right_eq_sub, Matrix.mulVec_sub,
    Pi.sub_apply] at hq ⊢

Note: This linter can be disabled with `set_option linter.unusedSimpArgs false`
warning: SafeLearning/CompleteModulesSLL.lean:112:49: This simp argument is unused:
  one_mul

Hint: Omit it from the simp argument list.
  [apply] simp only [zero_mul, mul_zero, zero_add, add_zero, add_sub_add_right_eq_sub, Matrix.mulVec_sub,
    Pi.sub_apply] at hq ⊢

Note: This linter can be disabled with `set_option linter.unusedSimpArgs false`
⚠ [9133/9415] Built SafeLearning.CompleteModulesLipSDPNetwork (25s)
warning: SafeLearning/CompleteModulesLipSDPNetwork.lean:46:59: This simp argument is unused:
  Matrix.fromRows_mul_fromCols

Hint: Omit it from the simp argument list.
  [apply] simp only [Matrix.transpose_fromCols, Matrix.fromRows_mul, Matrix.transpose_zero, Matrix.transpose_one,
    Matrix.zero_mul, Matrix.mul_zero, Matrix.mul_one, Matrix.one_mul]

Note: This linter can be disabled with `set_option linter.unusedSimpArgs false`
warning: SafeLearning/CompleteModulesLipSDPNetwork.lean:47:63: This simp argument is unused:
  Matrix.mul_zero

Hint: Omit it from the simp argument list.
  [apply] simp only [Matrix.transpose_fromCols, Matrix.fromRows_mul, Matrix.fromRows_mul_fromCols,
    Matrix.transpose_zero, Matrix.transpose_one, Matrix.zero_mul, Matrix.mul_one, Matrix.one_mul]

Note: This linter can be disabled with `set_option linter.unusedSimpArgs false`
warning: SafeLearning/CompleteModulesLipSDPNetwork.lean:48:4: This simp argument is unused:
  Matrix.mul_one

Hint: Omit it from the simp argument list.
  [apply] simp only [Matrix.transpose_fromCols, Matrix.fromRows_mul, Matrix.fromRows_mul_fromCols,
    Matrix.transpose_zero, Matrix.transpose_one, Matrix.zero_mul, Matrix.mul_zero, Matrix.one_mul]

Note: This linter can be disabled with `set_option linter.unusedSimpArgs false`
warning: SafeLearning/CompleteModulesLipSDPNetwork.lean:66:22: This simp argument is unused:
  Matrix.fromCols_mulVec_sumElim

Hint: Omit it from the simp argument list.
  [apply] simp [liftedState]

Note: This linter can be disabled with `set_option linter.unusedSimpArgs false`
warning: SafeLearning/CompleteModulesLipSDPNetwork.lean:71:40: This simp argument is unused:
  Matrix.fromCols_mulVec_sumElim

Hint: Omit it from the simp argument list.
  [apply] simp [Matrix.mulVec_sub, liftedState]

Note: This linter can be disabled with `set_option linter.unusedSimpArgs false`
warning: SafeLearning/CompleteModulesLipSDPNetwork.lean:75:40: This simp argument is unused:
  Matrix.fromCols_mulVec_sumElim

Hint: Omit it from the simp argument list.
  [apply] simp [Matrix.mulVec_sub, liftedState]

Note: This linter can be disabled with `set_option linter.unusedSimpArgs false`
warning: SafeLearning/CompleteModulesLipSDPNetwork.lean:81:40: This simp argument is unused:
  Matrix.fromCols_mulVec_sumElim

Hint: Omit it from the simp argument list.
  [apply] simp [Matrix.mulVec_sub, liftedState, oneHiddenNetwork]

Note: This linter can be disabled with `set_option linter.unusedSimpArgs false`
✔ [9134/9415] Built SafeLearning.CompleteAppliedExpectations (20s)
⚠ [9135/9415] Built SafeLearning.CompleteModulesDynamicLayer (29s)
warning: SafeLearning/CompleteModulesDynamicLayer.lean:68:13: This simp argument is unused:
  actual_bilinear_matrix_pullback

Hint: Omit it from the simp argument list.
  [apply] simp only [← Matrix.mulVec_mulVec, Matrix.dotProduct_transpose_mulVec, Matrix.mulVec_add, add_dotProduct,
    dotProduct_add]

Note: This linter can be disabled with `set_option linter.unusedSimpArgs false`
warning: SafeLearning/CompleteModulesDynamicLayer.lean:69:57: This simp argument is unused:
  add_dotProduct

Hint: Omit it from the simp argument list.
  [apply] simp only [actual_bilinear_matrix_pullback, ← Matrix.mulVec_mulVec, Matrix.dotProduct_transpose_mulVec,
    Matrix.mulVec_add, dotProduct_add]

Note: This linter can be disabled with `set_option linter.unusedSimpArgs false`
warning: SafeLearning/CompleteModulesDynamicLayer.lean:70:47: This simp argument is unused:
  Pi.mul_apply

Hint: Omit it from the simp argument list.
  [apply] simp only [Matrix.mulVec_diagonal, dotProduct, Pi.add_apply, Finset.sum_add_distrib, Finset.sum_sub_distrib,
    Finset.mul_sum, Finset.sum_mul]

Note: This linter can be disabled with `set_option linter.unusedSimpArgs false`
warning: SafeLearning/CompleteModulesDynamicLayer.lean:70:60: This simp argument is unused:
  Pi.add_apply

Hint: Omit it from the simp argument list.
  [apply] simp only [Matrix.mulVec_diagonal, dotProduct, Pi.mul_apply, Finset.sum_add_distrib, Finset.sum_sub_distrib,
    Finset.mul_sum, Finset.sum_mul]

Note: This linter can be disabled with `set_option linter.unusedSimpArgs false`
warning: SafeLearning/CompleteModulesDynamicLayer.lean:70:73: This simp argument is unused:
  Finset.sum_add_distrib

Hint: Omit it from the simp argument list.
  [apply] simp only [Matrix.mulVec_diagonal, dotProduct, Pi.mul_apply, Pi.add_apply, Finset.sum_sub_distrib,
    Finset.mul_sum, Finset.sum_mul]

Note: This linter can be disabled with `set_option linter.unusedSimpArgs false`
warning: SafeLearning/CompleteModulesDynamicLayer.lean:71:4: This simp argument is unused:
  Finset.sum_sub_distrib

Hint: Omit it from the simp argument list.
  [apply] simp only [Matrix.mulVec_diagonal, dotProduct, Pi.mul_apply, Pi.add_apply, Finset.sum_add_distrib,
    Finset.mul_sum, Finset.sum_mul]

Note: This linter can be disabled with `set_option linter.unusedSimpArgs false`
warning: SafeLearning/CompleteModulesDynamicLayer.lean:71:42: This simp argument is unused:
  Finset.sum_mul

Hint: Omit it from the simp argument list.
  [apply] simp only [Matrix.mulVec_diagonal, dotProduct, Pi.mul_apply, Pi.add_apply, Finset.sum_add_distrib,
    Finset.sum_sub_distrib, Finset.mul_sum]

Note: This linter can be disabled with `set_option linter.unusedSimpArgs false`
⚠ [9136/9415] Built SafeLearning.CompleteAppliedLookahead (20s)
warning: SafeLearning/CompleteAppliedLookahead.lean:22:2: Try this: 
  letI̵

The goal is a proposition, so `let` is preferred over `letI`.
The difference between `let` and `letI` is that `letI` inlines the value.
But this is not relevant for proofs because of proof irrelevance.

Note: This linter can be disabled with `set_option linter.style.haveILetI false`
✔ [9137/9415] Built SafeLearning.CompleteAppliedCorrelation (25s)
✔ [9138/9415] Built SafeLearning.CompleteFoundationsSixMatrixSpectral (60s)
✔ [9139/9415] Built SafeLearning.CompleteAppliedOneStateOccupancy (20s)
⚠ [9140/9415] Built SafeLearning.CompleteAppliedPolicyModel (23s)
warning: SafeLearning/CompleteAppliedPolicyModel.lean:68:102: This simp argument is unused:
  ENNReal.toReal_inv

Hint: Omit it from the simp argument list.
  [apply] simp (disch := finiteness) only [ENNReal.toReal_add, ENNReal.toReal_mul, ENNReal.toReal_div]

Note: This linter can be disabled with `set_option linter.unusedSimpArgs false`
⚠ [9141/9415] Built SafeLearning.CompleteAppliedConditionalBounds (19s)
warning: SafeLearning/CompleteAppliedConditionalBounds.lean:13:2: Try this: 
  letI̵

The goal is a proposition, so `let` is preferred over `letI`.
The difference between `let` and `letI` is that `letI` inlines the value.
But this is not relevant for proofs because of proof irrelevance.

Note: This linter can be disabled with `set_option linter.style.haveILetI false`
⚠ [9142/9415] Built SafeLearning.CompleteAppliedAdaptiveSigns (20s)
warning: SafeLearning/CompleteAppliedAdaptiveSigns.lean:44:56: Used `tac1 <;> tac2` where `(tac1; tac2)` would suffice

Note: This linter can be disabled with `set_option linter.unnecessarySeqFocus false`
⚠ [9143/9415] Built SafeLearning.CompleteAppliedConditionalLaw (20s)
warning: SafeLearning/CompleteAppliedConditionalLaw.lean:18:2: Try this: 
  letI̵

The goal is a proposition, so `let` is preferred over `letI`.
The difference between `let` and `letI` is that `letI` inlines the value.
But this is not relevant for proofs because of proof irrelevance.

Note: This linter can be disabled with `set_option linter.style.haveILetI false`
✔ [9144/9415] Built SafeLearning.CompleteAppliedTailBounds (17s)
✔ [9145/9415] Built SafeLearning.CompleteAppliedSampling (22s)
✔ [9146/9415] Built SafeLearning.CompleteProjectionDifferential (22s)
✔ [9147/9415] Built SafeLearning.CompleteProjectionGeometry (23s)
⚠ [9148/9415] Built SafeLearning.CompleteAppliedExercises (31s)
warning: SafeLearning/CompleteAppliedExercises.lean:69:5: Variable name `h1` is not explicitly referenced.

Hint: The binding can be removed (if unused) or named `_` (if used implicitly). Alternatively, prefix the name with `_` to silence this warning:
  [apply] _h1

Note: This linter can be disabled with `set_option linter.unusedVariables false`
warning: SafeLearning/CompleteAppliedExercises.lean:96:15: This simp argument is unused:
  hn1

Hint: Omit it from the simp argument list.
  [apply] simp [hn, finiteTrajectoryReward]

Note: This linter can be disabled with `set_option linter.unusedSimpArgs false`
warning: SafeLearning/CompleteAppliedExercises.lean:128:43: Variable name `i` is not explicitly referenced.

Hint: The binding can be removed (if unused) or named `_` (if used implicitly). Alternatively, prefix the name with `_` to silence this warning:
  [apply] _i

Note: This linter can be disabled with `set_option linter.unusedVariables false`
⚠ [9149/9415] Built SafeLearning.CompleteModulesTheory (27s)
warning: SafeLearning/CompleteModulesTheory.lean:157:21: Used `tac1 <;> tac2` where `(tac1; tac2)` would suffice

Note: This linter can be disabled with `set_option linter.unnecessarySeqFocus false`
✔ [9150/9415] Built SafeLearning.CompleteModulesSafeExploration (24s)
⚠ [9151/9415] Built SafeLearning.CompleteModulesValues (22s)
warning: SafeLearning/CompleteModulesValues.lean:89:48: `if_false` has been deprecated: Use `ite_false` instead
warning: SafeLearning/CompleteModulesValues.lean:89:57: `if_true` has been deprecated: Use `ite_true` instead
warning: SafeLearning/CompleteModulesValues.lean:82:41: Used `tac1 <;> tac2` where `(tac1; tac2)` would suffice

Note: This linter can be disabled with `set_option linter.unnecessarySeqFocus false`
⚠ [9152/9415] Built SafeLearning.CompleteAppliedElementary (28s)
warning: SafeLearning/CompleteAppliedElementary.lean:12:38: Used `tac1 <;> tac2` where `(tac1; tac2)` would suffice

Note: This linter can be disabled with `set_option linter.unnecessarySeqFocus false`
warning: SafeLearning/CompleteAppliedElementary.lean:85:62: Used `tac1 <;> tac2` where `(tac1; tac2)` would suffice

Note: This linter can be disabled with `set_option linter.unnecessarySeqFocus false`
warning: SafeLearning/CompleteAppliedElementary.lean:158:66: Used `tac1 <;> tac2` where `(tac1; tac2)` would suffice

Note: This linter can be disabled with `set_option linter.unnecessarySeqFocus false`
⚠ [9153/9415] Built SafeLearning.CompleteModulesSingularSchurPractice (22s)
warning: SafeLearning/CompleteModulesSingularSchurPractice.lean:54:70: This simp argument is unused:
  Matrix.zero_mul

Hint: Omit it from the simp argument list.
  [apply] simp only [actual_zero_matrix_pseudoinverse_is_zero, Matrix.mul_zero]

Note: This linter can be disabled with `set_option linter.unusedSimpArgs false`
✔ [9154/9415] Built SafeLearning.CompleteModulesDynamics (27s)
✔ [9155/9415] Built SafeLearning.CompleteAppliedProbabilityModel (34s)
⚠ [9156/9415] Built SafeLearning.CompleteModulesFinite (28s)
warning: SafeLearning/CompleteModulesFinite.lean:28:32: This simp argument is unused:
  Bool.true_eq

Hint: Omit it from the simp argument list.
  [apply] simp only [thermalSuccessor, ite_true]

Note: This linter can be disabled with `set_option linter.unusedSimpArgs false`
warning: SafeLearning/CompleteModulesFinite.lean:36:32: `Set.mem_setOf_eq` has been deprecated: Use `Set.mem_ofPred_eq` instead
warning: SafeLearning/CompleteModulesFinite.lean:46:32: `Set.mem_setOf_eq` has been deprecated: Use `Set.mem_ofPred_eq` instead
warning: SafeLearning/CompleteModulesFinite.lean:56:32: `Set.mem_setOf_eq` has been deprecated: Use `Set.mem_ofPred_eq` instead
warning: SafeLearning/CompleteModulesFinite.lean:67:32: `Set.mem_setOf_eq` has been deprecated: Use `Set.mem_ofPred_eq` instead
warning: SafeLearning/CompleteModulesFinite.lean:77:32: `Set.mem_setOf_eq` has been deprecated: Use `Set.mem_ofPred_eq` instead
warning: SafeLearning/CompleteModulesFinite.lean:94:52: Used `tac1 <;> tac2` where `(tac1; tac2)` would suffice

Note: This linter can be disabled with `set_option linter.unnecessarySeqFocus false`
warning: SafeLearning/CompleteModulesFinite.lean:135:60: Used `tac1 <;> tac2` where `(tac1; tac2)` would suffice

Note: This linter can be disabled with `set_option linter.unnecessarySeqFocus false`
warning: SafeLearning/CompleteModulesFinite.lean:138:60: Used `tac1 <;> tac2` where `(tac1; tac2)` would suffice

Note: This linter can be disabled with `set_option linter.unnecessarySeqFocus false`
⚠ [9157/9415] Built SafeLearning.CompleteAppliedDynamics (38s)
info: SafeLearning/CompleteAppliedDynamics.lean:148:59: Try this:
  [apply] ring_nf
  
  The `ring` tactic failed to close the goal. Use `ring_nf` to obtain a normal form.
    
  Note that `ring` works primarily in *commutative* rings. If you have a noncommutative ring, abelian group or module, consider using `noncomm_ring`, `abel` or `module` instead.
warning: SafeLearning/CompleteAppliedDynamics.lean:137:32: This simp argument is unused:
  Pi.sub_apply

Hint: Omit it from the simp argument list.
  [apply] simp only [g, Pi.mul_apply, Pi.div_apply, id_eq]

Note: This linter can be disabled with `set_option linter.unusedSimpArgs false`
warning: SafeLearning/CompleteAppliedDynamics.lean:137:45: This simp argument is unused:
  Pi.div_apply

Hint: Omit it from the simp argument list.
  [apply] simp only [g, Pi.mul_apply, Pi.sub_apply, id_eq]

Note: This linter can be disabled with `set_option linter.unusedSimpArgs false`
warning: SafeLearning/CompleteAppliedDynamics.lean:137:65: Used `tac1 <;> tac2` where `(tac1; tac2)` would suffice

Note: This linter can be disabled with `set_option linter.unnecessarySeqFocus false`
warning: SafeLearning/CompleteAppliedDynamics.lean:148:55: Used `tac1 <;> tac2` where `(tac1; tac2)` would suffice

Note: This linter can be disabled with `set_option linter.unnecessarySeqFocus false`
warning: SafeLearning/CompleteAppliedDynamics.lean:236:61: Used `tac1 <;> tac2` where `(tac1; tac2)` would suffice

Note: This linter can be disabled with `set_option linter.unnecessarySeqFocus false`
warning: SafeLearning/CompleteAppliedDynamics.lean:246:61: Used `tac1 <;> tac2` where `(tac1; tac2)` would suffice

Note: This linter can be disabled with `set_option linter.unnecessarySeqFocus false`
info: SafeLearning/CompleteAppliedDynamics.lean:307:65: Try this:
  [apply] ring_nf
  
  The `ring` tactic failed to close the goal. Use `ring_nf` to obtain a normal form.
    
  Note that `ring` works primarily in *commutative* rings. If you have a noncommutative ring, abelian group or module, consider using `noncomm_ring`, `abel` or `module` instead.
warning: SafeLearning/CompleteAppliedDynamics.lean:307:61: Used `tac1 <;> tac2` where `(tac1; tac2)` would suffice

Note: This linter can be disabled with `set_option linter.unnecessarySeqFocus false`
⚠ [9158/9415] Built SafeLearning.CompleteCoreMaterialLimits (23s)
warning: SafeLearning/CompleteCoreMaterialLimits.lean:36:56: `if_neg` has been deprecated: Use `ite_eq_right` instead
warning: SafeLearning/CompleteCoreMaterialLimits.lean:31:60: Used `tac1 <;> tac2` where `(tac1; tac2)` would suffice

Note: This linter can be disabled with `set_option linter.unnecessarySeqFocus false`
⚠ [9159/9415] Built SafeLearning.CompleteModulesKernel (29s)
warning: SafeLearning/CompleteModulesKernel.lean:315:8: this tactic is never executed

Note: This linter can be disabled with `set_option linter.unreachableTactic false`
warning: SafeLearning/CompleteModulesKernel.lean:315:8: Unused tactic linter: `ring` does nothing

Note: This linter can be disabled with `set_option linter.unusedTactic false`
⚠ [9160/9415] Built SafeLearning.CompleteModulesBook (33s)
warning: SafeLearning/CompleteModulesBook.lean:119:29: Used `tac1 <;> tac2` where `(tac1; tac2)` would suffice

Note: This linter can be disabled with `set_option linter.unnecessarySeqFocus false`
⚠ [9161/9415] Built SafeLearning.CompleteDuality (26s)
warning: SafeLearning/CompleteDuality.lean:208:2: Try this: 
  letI̵

The goal is a proposition, so `let` is preferred over `letI`.
The difference between `let` and `letI` is that `letI` inlines the value.
But this is not relevant for proofs because of proof irrelevance.

Note: This linter can be disabled with `set_option linter.style.haveILetI false`
warning: SafeLearning/CompleteDuality.lean:232:2: Try this: 
  letI̵

The goal is a proposition, so `let` is preferred over `letI`.
The difference between `let` and `letI` is that `letI` inlines the value.
But this is not relevant for proofs because of proof irrelevance.

Note: This linter can be disabled with `set_option linter.style.haveILetI false`
warning: SafeLearning/CompleteDuality.lean:320:8: This simp argument is unused:
  Function.comp_def

Hint: Omit it from the simp argument list.
  [apply] simp [walk_dual_abs_form]

Note: This linter can be disabled with `set_option linter.unusedSimpArgs false`
warning: SafeLearning/CompleteDuality.lean:351:39: this tactic is never executed

Note: This linter can be disabled with `set_option linter.unreachableTactic false`
warning: SafeLearning/CompleteDuality.lean:351:39: Unused tactic linter: `ring` does nothing

Note: This linter can be disabled with `set_option linter.unusedTactic false`
✔ [9162/9415] Built SafeLearning.CompleteModulesEllipsoidStrictSpectrum (23s)
✔ [9163/9415] Built SafeLearning.CompleteModulesEllipsoidSquareRoots (23s)
✔ [9164/9415] Built SafeLearning.CompleteAlternatingCMDP (27s)
✔ [9165/9415] Built SafeLearning.CompleteModulesFIRBoundaryTightness (22s)
✔ [9166/9415] Built SafeLearning.CompleteModulesEllipsoidOptimum (23s)
✔ [9167/9415] Built SafeLearning.CoreAnalysis (25s)
✔ [9168/9415] Built SafeLearning.CompleteModulesSLLExampleDetails (20s)
✔ [9169/9415] Built SafeLearning.CompletePolicyPracticeConsequences (33s)
✔ [9170/9415] Built SafeLearning.CompleteLyapunovNormBridges (20s)
⚠ [9171/9415] Built SafeLearning.CompleteModulesCayleyRange (23s)
warning: SafeLearning/CompleteModulesCayleyRange.lean:39:42: This simp argument is unused:
  Matrix.one_apply

Hint: Omit it from the simp argument list.
  [apply] simp [ha, hb, hc, hd]

Note: This linter can be disabled with `set_option linter.unusedSimpArgs false`
✔ [9172/9415] Built SafeLearning.CompleteFoundationsRatesDomain (16s)
⚠ [9173/9415] Built SafeLearning.CompleteModulesBarrierTraining (21s)
warning: SafeLearning/CompleteModulesBarrierTraining.lean:29:6: This simp argument is unused:
  Matrix.diagonal_mul

Hint: Omit it from the simp argument list.
  [apply] simp [actualTrainingMatrix, barrierMatrix, Matrix.mul_apply, Matrix.diagonal_apply, Matrix.mul_diagonal,
    Matrix.transpose_apply]

Note: This linter can be disabled with `set_option linter.unusedSimpArgs false`
warning: SafeLearning/CompleteModulesBarrierTraining.lean:29:26: This simp argument is unused:
  Matrix.mul_diagonal

Hint: Omit it from the simp argument list.
  [apply] simp [actualTrainingMatrix, barrierMatrix, Matrix.mul_apply, Matrix.diagonal_apply, Matrix.diagonal_mul,
    Matrix.transpose_apply]

Note: This linter can be disabled with `set_option linter.unusedSimpArgs false`
warning: SafeLearning/CompleteModulesBarrierTraining.lean:30:23: This simp argument is unused:
  Matrix.transpose

Hint: Omit it from the simp argument list.
  [apply] simp [scalarWeight, Matrix.mul_apply, Matrix.diagonal_apply, Pi.mul_apply]

Note: This linter can be disabled with `set_option linter.unusedSimpArgs false`
warning: SafeLearning/CompleteModulesBarrierTraining.lean:30:40: This simp argument is unused:
  Matrix.mul_apply

Hint: Omit it from the simp argument list.
  [apply] simp [scalarWeight, Matrix.transpose, Matrix.diagonal_apply, Pi.mul_apply]

Note: This linter can be disabled with `set_option linter.unusedSimpArgs false`
warning: SafeLearning/CompleteModulesBarrierTraining.lean:30:57: This simp argument is unused:
  Matrix.diagonal_apply

Hint: Omit it from the simp argument list.
  [apply] simp [scalarWeight, Matrix.transpose, Matrix.mul_apply, Pi.mul_apply]

Note: This linter can be disabled with `set_option linter.unusedSimpArgs false`
warning: SafeLearning/CompleteModulesBarrierTraining.lean:30:79: This simp argument is unused:
  Pi.mul_apply

Hint: Omit it from the simp argument list.
  [apply] simp [scalarWeight, Matrix.transpose, Matrix.mul_apply, Matrix.diagonal_apply]

Note: This linter can be disabled with `set_option linter.unusedSimpArgs false`
warning: SafeLearning/CompleteModulesBarrierTraining.lean:39:47: This simp argument is unused:
  Fin.sum_univ_one

Hint: Omit it from the simp argument list.
  [apply] simp [actualTrainingMatrix, barrierMatrix, dotProduct, Matrix.mulVec, Matrix.mul_apply, Fintype.sum_sum_type,
    Matrix.diagonal_apply, Matrix.diagonal_mul, Matrix.mul_diagonal, Matrix.transpose_apply]

Note: This linter can be disabled with `set_option linter.unusedSimpArgs false`
warning: SafeLearning/CompleteModulesBarrierTraining.lean:40:4: This simp argument is unused:
  Matrix.diagonal_mul

Hint: Omit it from the simp argument list.
  [apply] simp [actualTrainingMatrix, barrierMatrix, dotProduct, Matrix.mulVec, Matrix.mul_apply, Fintype.sum_sum_type,
    Matrix.diagonal_apply, Fin.sum_univ_one, Matrix.mul_diagonal, Matrix.transpose_apply]

Note: This linter can be disabled with `set_option linter.unusedSimpArgs false`
warning: SafeLearning/CompleteModulesBarrierTraining.lean:40:24: This simp argument is unused:
  Matrix.mul_diagonal

Hint: Omit it from the simp argument list.
  [apply] simp [actualTrainingMatrix, barrierMatrix, dotProduct, Matrix.mulVec, Matrix.mul_apply, Fintype.sum_sum_type,
    Matrix.diagonal_apply, Fin.sum_univ_one, Matrix.diagonal_mul, Matrix.transpose_apply]

Note: This linter can be disabled with `set_option linter.unusedSimpArgs false`
warning: SafeLearning/CompleteModulesBarrierTraining.lean:41:21: This simp argument is unused:
  Matrix.transpose

Hint: Omit it from the simp argument list.
  [apply] simp [scalarWeight, Matrix.mul_apply, Matrix.diagonal_apply, Pi.mul_apply]

Note: This linter can be disabled with `set_option linter.unusedSimpArgs false`
warning: SafeLearning/CompleteModulesBarrierTraining.lean:41:38: This simp argument is unused:
  Matrix.mul_apply

Hint: Omit it from the simp argument list.
  [apply] simp [scalarWeight, Matrix.transpose, Matrix.diagonal_apply, Pi.mul_apply]

Note: This linter can be disabled with `set_option linter.unusedSimpArgs false`
warning: SafeLearning/CompleteModulesBarrierTraining.lean:41:55: This simp argument is unused:
  Matrix.diagonal_apply

Hint: Omit it from the simp argument list.
  [apply] simp [scalarWeight, Matrix.transpose, Matrix.mul_apply, Pi.mul_apply]

Note: This linter can be disabled with `set_option linter.unusedSimpArgs false`
warning: SafeLearning/CompleteModulesBarrierTraining.lean:41:77: This simp argument is unused:
  Pi.mul_apply

Hint: Omit it from the simp argument list.
  [apply] simp [scalarWeight, Matrix.transpose, Matrix.mul_apply, Matrix.diagonal_apply]

Note: This linter can be disabled with `set_option linter.unusedSimpArgs false`
✔ [9174/9415] Built SafeLearning.CompleteFoundationsRates (17s)
✔ [9175/9415] Built SafeLearning.CompleteModulesGeneralRoesserSignals (21s)
✔ [9176/9415] Built SafeLearning.CompleteFoundationsVectorModels (21s)
⚠ [9177/9415] Built SafeLearning.CompleteModulesTwoByTwoNSD (24s)
warning: SafeLearning/CompleteModulesTwoByTwoNSD.lean:23:67: this tactic is never executed

Note: This linter can be disabled with `set_option linter.unreachableTactic false`
warning: SafeLearning/CompleteModulesTwoByTwoNSD.lean:39:69: this tactic is never executed

Note: This linter can be disabled with `set_option linter.unreachableTactic false`
warning: SafeLearning/CompleteModulesTwoByTwoNSD.lean:22:44: Used `tac1 <;> tac2` where `(tac1; tac2)` would suffice

Note: This linter can be disabled with `set_option linter.unnecessarySeqFocus false`
warning: SafeLearning/CompleteModulesTwoByTwoNSD.lean:44:28: Used `tac1 <;> tac2` where `(tac1; tac2)` would suffice

Note: This linter can be disabled with `set_option linter.unnecessarySeqFocus false`
warning: SafeLearning/CompleteModulesTwoByTwoNSD.lean:23:67: Unused tactic linter: `ring` does nothing

Note: This linter can be disabled with `set_option linter.unusedTactic false`
warning: SafeLearning/CompleteModulesTwoByTwoNSD.lean:39:69: Unused tactic linter: `ring` does nothing

Note: This linter can be disabled with `set_option linter.unusedTactic false`
⚠ [9178/9415] Built SafeLearning.CompleteFoundationsSequences (21s)
warning: SafeLearning/CompleteFoundationsSequences.lean:141:6: This simp argument is unused:
  one_mul

Hint: Omit it from the simp argument list.
  [apply] simp only [multiplicativeAlternation, pow_succ, pow_mul, neg_one_sq, one_pow, mul_neg_one]

Note: This linter can be disabled with `set_option linter.unusedSimpArgs false`
⚠ [9179/9415] Built SafeLearning.CompleteFoundationsModelErrors (20s)
warning: SafeLearning/CompleteFoundationsModelErrors.lean:62:2: try 'simp' instead of 'simpa'

Note: This linter can be disabled with `set_option linter.unnecessarySimpa false`
⚠ [9180/9415] Built SafeLearning.CompleteModulesScalarBoundedReal (24s)
warning: SafeLearning/CompleteModulesScalarBoundedReal.lean:101:36: Used `tac1 <;> tac2` where `(tac1; tac2)` would suffice

Note: This linter can be disabled with `set_option linter.unnecessarySeqFocus false`
warning: SafeLearning/CompleteModulesScalarBoundedReal.lean:102:36: Used `tac1 <;> tac2` where `(tac1; tac2)` would suffice

Note: This linter can be disabled with `set_option linter.unnecessarySeqFocus false`
✔ [9181/9415] Built SafeLearning.CompleteFoundationsLimits (22s)
⚠ [9182/9415] Built SafeLearning.CompleteFoundationsTeaching (25s)
warning: SafeLearning/CompleteFoundationsTeaching.lean:70:34: `Set.mem_setOf_eq` has been deprecated: Use `Set.mem_ofPred_eq` instead
warning: SafeLearning/CompleteFoundationsTeaching.lean:70:77: This simp argument is unused:
  not_imp

Hint: Omit it from the simp argument list.
  [apply] simp only [mem_compl_iff, mem_setOf_eq, not_exists, not_and, not_forall, not_not, exists_prop]

Note: This linter can be disabled with `set_option linter.unusedSimpArgs false`
⚠ [9183/9415] Built SafeLearning.CompleteModulesRoesserPadding (33s)
warning: SafeLearning/CompleteModulesRoesserPadding.lean:17:0: automatically included section variable(s) unused in theorem `SafeLearning.CompleteModulesRoesserPadding.actual_roesser_output_equals_literal_double_convolution`:
  [Fintype O]
  [DecidableEq I]
  [DecidableEq O]
consider restructuring your `variable` declarations so that the variables are not in scope or explicitly omit them:
  omit [Fintype O] [DecidableEq I] [DecidableEq O] in theorem ...

Note: This linter can be disabled with `set_option linter.unusedSectionVars false`
warning: SafeLearning/CompleteModulesRoesserPadding.lean:29:0: automatically included section variable(s) unused in theorem `SafeLearning.CompleteModulesRoesserPadding.actual_previous_zero_signal_is_zero`:
  [Fintype O]
  [DecidableEq O]
consider restructuring your `variable` declarations so that the variables are not in scope or explicitly omit them:
  omit [Fintype O] [DecidableEq O] in theorem ...

Note: This linter can be disabled with `set_option linter.unusedSectionVars false`
⚠ [9184/9415] Built SafeLearning.CompleteFoundationsLogic (25s)
warning: SafeLearning/CompleteFoundationsLogic.lean:15:70: This simp argument is unused:
  not_imp

Hint: Omit it from the simp argument list.
  [apply] simp only [not_forall, not_le, not_exists, not_and, not_lt, exists_prop]

Note: This linter can be disabled with `set_option linter.unusedSimpArgs false`
warning: SafeLearning/CompleteFoundationsLogic.lean:250:5: Variable name `ha` is not explicitly referenced.

Hint: The binding can be removed (if unused) or named `_` (if used implicitly). Alternatively, prefix the name with `_` to silence this warning:
  [apply] _ha

Note: This linter can be disabled with `set_option linter.unusedVariables false`
⚠ [9185/9415] Built SafeLearning.CompleteFoundationsCholeskyCost (23s)
warning: SafeLearning/CompleteFoundationsCholeskyCost.lean:64:26: `if_neg` has been deprecated: Use `ite_eq_right` instead
warning: SafeLearning/CompleteFoundationsCholeskyCost.lean:74:8: `if_neg` has been deprecated: Use `ite_eq_right` instead
warning: SafeLearning/CompleteFoundationsCholeskyCost.lean:76:15: `if_pos` has been deprecated: Use `ite_eq_left` instead
warning: SafeLearning/CompleteFoundationsCholeskyCost.lean:76:15: This simp argument is unused:
  if_pos rfl

Hint: Omit it from the simp argument list.
  [apply] simp only

Note: This linter can be disabled with `set_option linter.unusedSimpArgs false`
warning: SafeLearning/CompleteFoundationsCholeskyCost.lean:101:59: `Fin.coe_castLE` has been deprecated: Use `Fin.val_castLE` instead
warning: SafeLearning/CompleteFoundationsCholeskyCost.lean:140:2: Used `tac1 <;> tac2` where `(tac1; tac2)` would suffice

Note: This linter can be disabled with `set_option linter.unnecessarySeqFocus false`
⚠ [9186/9415] Built SafeLearning.CompleteFoundationsGeometry (29s)
warning: SafeLearning/CompleteFoundationsGeometry.lean:48:21: this tactic is never executed

Note: This linter can be disabled with `set_option linter.unreachableTactic false`
warning: SafeLearning/CompleteFoundationsGeometry.lean:48:21: Unused tactic linter: `ring` does nothing

Note: This linter can be disabled with `set_option linter.unusedTactic false`
warning: SafeLearning/CompleteFoundationsGeometry.lean:87:0: automatically included section variable(s) unused in theorem `SafeLearning.CompleteFoundationsGeometry.reverse_triangle_general`:
  [NormedSpace ℝ E]
consider restructuring your `variable` declarations so that the variables are not in scope or explicitly omit them:
  omit [NormedSpace ℝ E] in theorem ...

Note: This linter can be disabled with `set_option linter.unusedSectionVars false`
warning: SafeLearning/CompleteFoundationsGeometry.lean:88:0: automatically included section variable(s) unused in theorem `SafeLearning.CompleteFoundationsGeometry.norm_vanishes_iff`:
  [NormedSpace ℝ E]
consider restructuring your `variable` declarations so that the variables are not in scope or explicitly omit them:
  omit [NormedSpace ℝ E] in theorem ...

Note: This linter can be disabled with `set_option linter.unusedSectionVars false`
warning: SafeLearning/CompleteFoundationsGeometry.lean:90:0: automatically included section variable(s) unused in theorem `SafeLearning.CompleteFoundationsGeometry.norm_triangle`:
  [NormedSpace ℝ E]
consider restructuring your `variable` declarations so that the variables are not in scope or explicitly omit them:
  omit [NormedSpace ℝ E] in theorem ...

Note: This linter can be disabled with `set_option linter.unusedSectionVars false`
✔ [9187/9415] Built SafeLearning.CompleteFoundationsCubicGrids (29s)
⚠ [9188/9415] Built SafeLearning.CompleteFoundationsAlgorithms (29s)
warning: SafeLearning/CompleteFoundationsAlgorithms.lean:135:41: this tactic is never executed

Note: This linter can be disabled with `set_option linter.unreachableTactic false`
warning: SafeLearning/CompleteFoundationsAlgorithms.lean:137:37: Used `tac1 <;> tac2` where `(tac1; tac2)` would suffice

Note: This linter can be disabled with `set_option linter.unnecessarySeqFocus false`
warning: SafeLearning/CompleteFoundationsAlgorithms.lean:135:41: Unused tactic linter: `ring` does nothing

Note: This linter can be disabled with `set_option linter.unusedTactic false`
⚠ [9189/9415] Built SafeLearning.CompleteFoundationsOptimization (31s)
warning: SafeLearning/CompleteFoundationsOptimization.lean:20:8: `ext` did not consume the patterns `z`

Note: This linter can be disabled with `set_option linter.unusedRCasesPattern false`
warning: SafeLearning/CompleteFoundationsOptimization.lean:19:76: Used `tac1 <;> tac2` where `(tac1; tac2)` would suffice

Note: This linter can be disabled with `set_option linter.unnecessarySeqFocus false`
warning: SafeLearning/CompleteFoundationsOptimization.lean:20:26: Used `tac1 <;> tac2` where `(tac1; tac2)` would suffice

Note: This linter can be disabled with `set_option linter.unnecessarySeqFocus false`
warning: SafeLearning/CompleteFoundationsOptimization.lean:27:48: `ext` did not consume the patterns `z`

Note: This linter can be disabled with `set_option linter.unusedRCasesPattern false`
warning: SafeLearning/CompleteFoundationsOptimization.lean:27:70: this tactic is never executed

Note: This linter can be disabled with `set_option linter.unreachableTactic false`
warning: SafeLearning/CompleteFoundationsOptimization.lean:27:40: Used `tac1 <;> tac2` where `(tac1; tac2)` would suffice

Note: This linter can be disabled with `set_option linter.unnecessarySeqFocus false`
warning: SafeLearning/CompleteFoundationsOptimization.lean:27:70: Unused tactic linter: `ring` does nothing

Note: This linter can be disabled with `set_option linter.unusedTactic false`
warning: SafeLearning/CompleteFoundationsOptimization.lean:34:57: `ext` did not consume the patterns `z`

Note: This linter can be disabled with `set_option linter.unusedRCasesPattern false`
warning: SafeLearning/CompleteFoundationsOptimization.lean:34:49: Used `tac1 <;> tac2` where `(tac1; tac2)` would suffice

Note: This linter can be disabled with `set_option linter.unnecessarySeqFocus false`
warning: SafeLearning/CompleteFoundationsOptimization.lean:34:75: Used `tac1 <;> tac2` where `(tac1; tac2)` would suffice

Note: This linter can be disabled with `set_option linter.unnecessarySeqFocus false`
warning: SafeLearning/CompleteFoundationsOptimization.lean:42:8: `ext` did not consume the patterns `z`

Note: This linter can be disabled with `set_option linter.unusedRCasesPattern false`
warning: SafeLearning/CompleteFoundationsOptimization.lean:41:86: Used `tac1 <;> tac2` where `(tac1; tac2)` would suffice

Note: This linter can be disabled with `set_option linter.unnecessarySeqFocus false`
warning: SafeLearning/CompleteFoundationsOptimization.lean:42:26: Used `tac1 <;> tac2` where `(tac1; tac2)` would suffice

Note: This linter can be disabled with `set_option linter.unnecessarySeqFocus false`
warning: SafeLearning/CompleteFoundationsOptimization.lean:120:15: `if_pos` has been deprecated: Use `ite_eq_left` instead
warning: SafeLearning/CompleteFoundationsOptimization.lean:127:15: `if_neg` has been deprecated: Use `ite_eq_right` instead
warning: SafeLearning/CompleteFoundationsOptimization.lean:140:15: `if_pos` has been deprecated: Use `ite_eq_left` instead
warning: SafeLearning/CompleteFoundationsOptimization.lean:147:15: `if_neg` has been deprecated: Use `ite_eq_right` instead
⚠ [9190/9415] Built SafeLearning.CompleteFiniteCMDPRecovery (23s)
warning: SafeLearning/CompleteFiniteCMDPRecovery.lean:46:0: automatically included section variable(s) unused in theorem `SafeLearning.CompleteFiniteCMDPRecovery.actual_nonnegative_row_marginal`:
  [Fintype S]
consider restructuring your `variable` declarations so that the variables are not in scope or explicitly omit them:
  omit [Fintype S] in theorem ...

Note: This linter can be disabled with `set_option linter.unusedSectionVars false`
warning: SafeLearning/CompleteFiniteCMDPRecovery.lean:50:0: automatically included section variable(s) unused in theorem `SafeLearning.CompleteFiniteCMDPRecovery.actual_zero_nonnegative_row_has_zero_coordinates`:
  [Fintype S]
consider restructuring your `variable` declarations so that the variables are not in scope or explicitly omit them:
  omit [Fintype S] in theorem ...

Note: This linter can be disabled with `set_option linter.unusedSectionVars false`
warning: SafeLearning/CompleteFiniteCMDPRecovery.lean:57:0: automatically included section variable(s) unused in theorem `SafeLearning.CompleteFiniteCMDPRecovery.actual_recovered_action_nonneg`:
  [Fintype S]
consider restructuring your `variable` declarations so that the variables are not in scope or explicitly omit them:
  omit [Fintype S] in theorem ...

Note: This linter can be disabled with `set_option linter.unusedSectionVars false`
warning: SafeLearning/CompleteFiniteCMDPRecovery.lean:69:32: `if_pos` has been deprecated: Use `ite_eq_left` instead
warning: SafeLearning/CompleteFiniteCMDPRecovery.lean:65:0: automatically included section variable(s) unused in theorem `SafeLearning.CompleteFiniteCMDPRecovery.actual_recovered_action_normalized`:
  [Fintype S]
consider restructuring your `variable` declarations so that the variables are not in scope or explicitly omit them:
  omit [Fintype S] in theorem ...

Note: This linter can be disabled with `set_option linter.unusedSectionVars false`
warning: SafeLearning/CompleteFiniteCMDPRecovery.lean:66:5: Variable name `hρ` is not explicitly referenced.

Hint: The binding can be removed (if unused) or named `_` (if used implicitly). Alternatively, prefix the name with `_` to silence this warning:
  [apply] _hρ

Note: This linter can be disabled with `set_option linter.unusedVariables false`
warning: SafeLearning/CompleteFiniteCMDPRecovery.lean:77:32: `if_pos` has been deprecated: Use `ite_eq_left` instead
⚠ [9191/9415] Built SafeLearning.CompleteFoundationsCongruence (27s)
warning: SafeLearning/CompleteFoundationsCongruence.lean:168:16: Used `tac1 <;> tac2` where `(tac1; tac2)` would suffice

Note: This linter can be disabled with `set_option linter.unnecessarySeqFocus false`
✔ [9192/9415] Built SafeLearning.CompleteFoundationsGridExamples (33s)
⚠ [9193/9415] Built SafeLearning.CompleteDualPIStability (24s)
warning: SafeLearning/CompleteDualPIStability.lean:73:20: Used `tac1 <;> tac2` where `(tac1; tac2)` would suffice

Note: This linter can be disabled with `set_option linter.unnecessarySeqFocus false`
⚠ [9194/9415] Built SafeLearning.CompleteFoundationsMatrixNormModels (36s)
warning: SafeLearning/CompleteFoundationsMatrixNormModels.lean:20:80: Used `tac1 <;> tac2` where `(tac1; tac2)` would suffice

Note: This linter can be disabled with `set_option linter.unnecessarySeqFocus false`
warning: SafeLearning/CompleteFoundationsMatrixNormModels.lean:28:51: This simp argument is unused:
  PiLp.toLp_apply

Hint: Omit it from the simp argument list.
  [apply] simp only [PiLp.norm_eq_of_L1, Fin.sum_univ_two, Matrix.cons_val_zero, Matrix.cons_val_one, Real.norm_eq_abs]

Note: This linter can be disabled with `set_option linter.unusedSimpArgs false`
warning: SafeLearning/CompleteFoundationsMatrixNormModels.lean:61:6: try 'simp' instead of 'simpa'

Note: This linter can be disabled with `set_option linter.unnecessarySimpa false`
warning: SafeLearning/CompleteFoundationsMatrixNormModels.lean:62:6: try 'simp' instead of 'simpa'

Note: This linter can be disabled with `set_option linter.unnecessarySimpa false`
warning: SafeLearning/CompleteFoundationsMatrixNormModels.lean:136:89: This simp argument is unused:
  Pi.pow_apply

Hint: Omit it from the simp argument list.
  [apply] simp only [Matrix.sub_apply, partialSum, Matrix.sum_apply, tailMatrix, Matrix.diagonal_pow]

Note: This linter can be disabled with `set_option linter.unusedSimpArgs false`
warning: SafeLearning/CompleteFoundationsMatrixNormModels.lean:140:21: Used `tac1 <;> tac2` where `(tac1; tac2)` would suffice

Note: This linter can be disabled with `set_option linter.unnecessarySeqFocus false`
warning: SafeLearning/CompleteFoundationsMatrixNormModels.lean:158:8: This simp argument is unused:
  one_div

Hint: Omit it from the simp argument list.
  [apply] simp [inv_pow, div_eq_mul_inv]

Note: This linter can be disabled with `set_option linter.unusedSimpArgs false`
warning: SafeLearning/CompleteFoundationsMatrixNormModels.lean:205:6: This simp argument is unused:
  abs_of_nonneg (by positivity : (0 : ℝ) ≤ 2 * (1 / 2 : ℝ) ^ T)

Hint: Omit it from the simp argument list.
  [apply] simp [EuclideanSpace.norm_eq, Fin.sum_univ_succ, Real.norm_eq_abs]

Note: This linter can be disabled with `set_option linter.unusedSimpArgs false`
✔ [9195/9415] Built SafeLearning.CompleteBarrierSignFilippov (25s)
✔ [9196/9415] Built SafeLearning.CompleteAppliedUndiscountedModels (23s)
✔ [9197/9415] Built SafeLearning.CompleteFoundationsLessonSeries (23s)
✔ [9198/9415] Built SafeLearning.CompleteBarrierDegenerateControl (24s)
✔ [9199/9415] Built SafeLearning.CompleteFoundationsBlockModels (33s)
✔ [9200/9415] Built SafeLearning.CompleteFoundationsTaylorModels (30s)
✔ [9201/9415] Built SafeLearning.CompleteModulesFIRInfinite (21s)
✔ [9202/9415] Built SafeLearning.CompleteBarrierVectorChainRule (26s)
⚠ [9203/9415] Built SafeLearning.CompleteFoundationsBook (46s)
warning: SafeLearning/CompleteFoundationsBook.lean:96:5: Variable name `hd₀` is not explicitly referenced.

Hint: The binding can be removed (if unused) or named `_` (if used implicitly). Alternatively, prefix the name with `_` to silence this warning:
  [apply] _hd₀

Note: This linter can be disabled with `set_option linter.unusedVariables false`
warning: SafeLearning/CompleteFoundationsBook.lean:128:21: Used `tac1 <;> tac2` where `(tac1; tac2)` would suffice

Note: This linter can be disabled with `set_option linter.unnecessarySeqFocus false`
warning: SafeLearning/CompleteFoundationsBook.lean:445:27: `push_neg` has been deprecated. Prefer using `push Not` instead.
If you'd rather continue using `push_neg` in your project, you can implement it as follows:
```
open Lean.Parser.Tactic in
macro "push_neg" cfg:optConfig loc:(location)? : tactic =>
  `(tactic| push $cfg:optConfig Not $[$loc]?)
```
warning: SafeLearning/CompleteFoundationsBook.lean:463:60: this tactic is never executed

Note: This linter can be disabled with `set_option linter.unreachableTactic false`
warning: SafeLearning/CompleteFoundationsBook.lean:463:43: Used `tac1 <;> tac2` where `(tac1; tac2)` would suffice

Note: This linter can be disabled with `set_option linter.unnecessarySeqFocus false`
warning: SafeLearning/CompleteFoundationsBook.lean:463:60: Unused tactic linter: `ring` does nothing

Note: This linter can be disabled with `set_option linter.unusedTactic false`
warning: SafeLearning/CompleteFoundationsBook.lean:534:77: Used `tac1 <;> tac2` where `(tac1; tac2)` would suffice

Note: This linter can be disabled with `set_option linter.unnecessarySeqFocus false`
⚠ [9204/9415] Built SafeLearning.CompleteModulesSLLConsequences (23s)
warning: SafeLearning/CompleteModulesSLLConsequences.lean:81:0: automatically included section variable(s) unused in theorem `SafeLearning.CompleteModulesSLLConsequences.actual_majorizer_diagonal_is_nonnegative`:
  [DecidableEq N]
consider restructuring your `variable` declarations so that the variables are not in scope or explicitly omit them:
  omit [DecidableEq N] in theorem ...

Note: This linter can be disabled with `set_option linter.unusedSectionVars false`
warning: SafeLearning/CompleteModulesSLLConsequences.lean:89:0: automatically included section variable(s) unused in theorem `SafeLearning.CompleteModulesSLLConsequences.actual_majorizer_diagonal_is_positive_for_nonzero_column`:
  [DecidableEq N]
consider restructuring your `variable` declarations so that the variables are not in scope or explicitly omit them:
  omit [DecidableEq N] in theorem ...

Note: This linter can be disabled with `set_option linter.unusedSectionVars false`
⚠ [9205/9415] Built SafeLearning.CompleteModulesFIRParameterization (24s)
warning: SafeLearning/CompleteModulesFIRParameterization.lean:22:2: try 'simp' instead of 'simpa'

Note: This linter can be disabled with `set_option linter.unnecessarySimpa false`
warning: SafeLearning/CompleteModulesFIRParameterization.lean:44:38: This simp argument is unused:
  Matrix.replicateRow_apply

Hint: Omit it from the simp argument list.
  [apply] simp [actualUnitRow, actualParameterUnitVector, actualParameterFactor, actualFIRKernelRow,
    actualParameterizedCurrentKernel, actualParameterizedDelayedKernel, Matrix.mul_apply, Fin.sum_univ_two]

Note: This linter can be disabled with `set_option linter.unusedSimpArgs false`
⚠ [9206/9415] Built SafeLearning.CompleteModulesBarrierSoundness (23s)
warning: SafeLearning/CompleteModulesBarrierSoundness.lean:23:0: automatically included section variable(s) unused in theorem `SafeLearning.CompleteModulesBarrierSoundness.actual_barrier_reassociates_to_output_schur_block`:
  [Fintype I]
  [Fintype O]
consider restructuring your `variable` declarations so that the variables are not in scope or explicitly omit them:
  omit [Fintype I] [Fintype O] in theorem ...

Note: This linter can be disabled with `set_option linter.unusedSectionVars false`
warning: SafeLearning/CompleteModulesBarrierSoundness.lean:34:21: This simp argument is unused:
  Matrix.conjTranspose_apply

Hint: Omit it from the simp argument list.
  [apply] simp [barrierMatrix, leadingBarrierBlock, outputBarrierCross, Matrix.submatrix_apply, Equiv.sumAssoc]

Note: This linter can be disabled with `set_option linter.unusedSimpArgs false`
warning: SafeLearning/CompleteModulesBarrierSoundness.lean:36:0: automatically included section variable(s) unused in theorem `SafeLearning.CompleteModulesBarrierSoundness.actual_barrier_schur_complement_is_negative_lipsdp_certificate`:
  [Fintype I]
consider restructuring your `variable` declarations so that the variables are not in scope or explicitly omit them:
  omit [Fintype I] in theorem ...

Note: This linter can be disabled with `set_option linter.unusedSectionVars false`
warning: SafeLearning/CompleteModulesBarrierSoundness.lean:43:53: This simp argument is unused:
  Matrix.inv_def

Hint: Omit it from the simp argument list.
  [apply] simp

Note: This linter can be disabled with `set_option linter.unusedSimpArgs false`
warning: SafeLearning/CompleteModulesBarrierSoundness.lean:47:55: This simp argument is unused:
  Matrix.conjTranspose_conjTranspose

Hint: Omit it from the simp argument list.
  [apply] simp only [Matrix.conjTranspose_fromRows_eq_fromCols_conjTranspose, Matrix.fromRows_mul_fromCols,
    Matrix.conjTranspose_zero, Matrix.conjTranspose_neg, Matrix.zero_mul, Matrix.mul_zero, neg_mul_neg, mul_zero,
    zero_mul, zero_smul, zero_sub, zero_add, one_smul]

Note: This linter can be disabled with `set_option linter.unusedSimpArgs false`
warning: SafeLearning/CompleteModulesBarrierSoundness.lean:48:36: This simp argument is unused:
  neg_mul_neg

Hint: Omit it from the simp argument list.
  [apply] simp only [Matrix.conjTranspose_fromRows_eq_fromCols_conjTranspose, Matrix.fromRows_mul_fromCols,
    Matrix.conjTranspose_zero, Matrix.conjTranspose_neg, Matrix.conjTranspose_conjTranspose, Matrix.zero_mul,
    Matrix.mul_zero, mul_zero, zero_mul, zero_smul, zero_sub, zero_add, one_smul]

Note: This linter can be disabled with `set_option linter.unusedSimpArgs false`
warning: SafeLearning/CompleteModulesBarrierSoundness.lean:51:31: Used `tac1 <;> tac2` where `(tac1; tac2)` would suffice

Note: This linter can be disabled with `set_option linter.unnecessarySeqFocus false`
warning: SafeLearning/CompleteModulesBarrierSoundness.lean:58:2: Try this: 
  letI̵

The goal is a proposition, so `let` is preferred over `letI`.
The difference between `let` and `letI` is that `letI` inlines the value.
But this is not relevant for proofs because of proof irrelevance.

Note: This linter can be disabled with `set_option linter.style.haveILetI false`
warning: SafeLearning/CompleteModulesBarrierSoundness.lean:65:0: automatically included section variable(s) unused in theorem `SafeLearning.CompleteModulesBarrierSoundness.actual_positive_barrier_has_positive_diagonal_multiplier`:
  [Fintype I]
  [Fintype O]
consider restructuring your `variable` declarations so that the variables are not in scope or explicitly omit them:
  omit [Fintype I] [Fintype O] in theorem ...

Note: This linter can be disabled with `set_option linter.unusedSectionVars false`
warning: SafeLearning/CompleteModulesBarrierSoundness.lean:72:22: This simp argument is unused:
  Matrix.diagonal_apply

Hint: Omit it from the simp argument list.
  [apply] simp [barrierMatrix] at h

Note: This linter can be disabled with `set_option linter.unusedSimpArgs false`
✔ [9207/9415] Built SafeLearning.CompleteAppliedExpectationDomains (18s)
✔ [9208/9415] Built SafeLearning.CompleteAppliedDensityDefinitions (18s)
⚠ [9209/9415] Built SafeLearning.CompleteModulesDiagonalQC (22s)
warning: SafeLearning/CompleteModulesDiagonalQC.lean:58:0: automatically included section variable(s) unused in theorem `SafeLearning.CompleteModulesDiagonalQC.diagonal_qc_from_actual_activations`:
  [DecidableEq K]
consider restructuring your `variable` declarations so that the variables are not in scope or explicitly omit them:
  omit [DecidableEq K] in theorem ...

Note: This linter can be disabled with `set_option linter.unusedSectionVars false`
warning: SafeLearning/CompleteModulesDiagonalQC.lean:115:28: This simp argument is unused:
  Matrix.fromCols_mulVec_sumElim

Hint: Omit it from the simp argument list.
  [apply] simp [diagonalQC, scalarQC]

Note: This linter can be disabled with `set_option linter.unusedSimpArgs false`
⚠ [9210/9415] Built SafeLearning.CompleteModulesLipSDPConvex (26s)
warning: SafeLearning/CompleteModulesLipSDPConvex.lean:14:0: automatically included section variable(s) unused in theorem `SafeLearning.CompleteModulesLipSDPConvex.actual_block_certificate_is_affine`:
  [Fintype I]
consider restructuring your `variable` declarations so that the variables are not in scope or explicitly omit them:
  omit [Fintype I] in theorem ...

Note: This linter can be disabled with `set_option linter.unusedSectionVars false`
warning: SafeLearning/CompleteModulesLipSDPConvex.lean:35:74: This simp argument is unused:
  Matrix.sub_apply

Hint: Omit it from the simp argument list.
  [apply] simp [Matrix.fromBlocks, Matrix.smul_apply, Matrix.add_apply]

Note: This linter can be disabled with `set_option linter.unusedSimpArgs false`
warning: SafeLearning/CompleteModulesLipSDPConvex.lean:37:65: This simp argument is unused:
  Matrix.sub_apply

Hint: Omit it from the simp argument list.
  [apply] simp [Matrix.fromBlocks, Matrix.smul_apply, Matrix.add_apply]

Note: This linter can be disabled with `set_option linter.unusedSimpArgs false`
warning: SafeLearning/CompleteModulesLipSDPConvex.lean:78:0: automatically included section variable(s) unused in theorem `SafeLearning.CompleteModulesLipSDPConvex.diagonal_multiplier_cone_is_convex`:
  [Fintype K]
  [DecidableEq K]
consider restructuring your `variable` declarations so that the variables are not in scope or explicitly omit them:
  omit [Fintype K] [DecidableEq K] in theorem ...

Note: This linter can be disabled with `set_option linter.unusedSectionVars false`
✔ [9211/9415] Built SafeLearning.CompleteFoundationsSixMatrixConsequences (18s)
⚠ [9212/9415] Built SafeLearning.CompleteFoundationsSolutionSensitivity (42s)
warning: SafeLearning/CompleteFoundationsSolutionSensitivity.lean:94:64: Used `tac1 <;> tac2` where `(tac1; tac2)` would suffice

Note: This linter can be disabled with `set_option linter.unnecessarySeqFocus false`
warning: SafeLearning/CompleteFoundationsSolutionSensitivity.lean:148:69: Used `tac1 <;> tac2` where `(tac1; tac2)` would suffice

Note: This linter can be disabled with `set_option linter.unnecessarySeqFocus false`
⚠ [9213/9415] Built SafeLearning.CompleteFoundationsConstrainedModels (39s)
warning: SafeLearning/CompleteFoundationsConstrainedModels.lean:56:4: `push_neg` has been deprecated. Prefer using `push Not` instead.
If you'd rather continue using `push_neg` in your project, you can implement it as follows:
```
open Lean.Parser.Tactic in
macro "push_neg" cfg:optConfig loc:(location)? : tactic =>
  `(tactic| push $cfg:optConfig Not $[$loc]?)
```
warning: SafeLearning/CompleteFoundationsConstrainedModels.lean:262:20: this tactic is never executed

Note: This linter can be disabled with `set_option linter.unreachableTactic false`
warning: SafeLearning/CompleteFoundationsConstrainedModels.lean:262:20: Unused tactic linter: `simp [point]` does nothing

Note: This linter can be disabled with `set_option linter.unusedTactic false`
warning: SafeLearning/CompleteFoundationsConstrainedModels.lean:281:33: Used `tac1 <;> tac2` where `(tac1; tac2)` would suffice

Note: This linter can be disabled with `set_option linter.unnecessarySeqFocus false`
⚠ [9214/9415] Built SafeLearning.CompleteModulesDynamicLayerSoundness (21s)
warning: SafeLearning/CompleteModulesDynamicLayerSoundness.lean:23:0: automatically included section variable(s) unused in theorem `SafeLearning.CompleteModulesDynamicLayerSoundness.actual_dynamic_preactivation_difference_cancels_bias`:
  [Fintype O]
  [DecidableEq O]
consider restructuring your `variable` declarations so that the variables are not in scope or explicitly omit them:
  omit [Fintype O] [DecidableEq O] in theorem ...

Note: This linter can be disabled with `set_option linter.unusedSectionVars false`
✔ [9215/9415] Built SafeLearning.CompleteAppliedOneStateConsequences (20s)
⚠ [9216/9415] Built SafeLearning.CompleteModulesLipSDPProduct (27s)
warning: SafeLearning/CompleteModulesLipSDPProduct.lean:15:0: automatically included section variable(s) unused in theorem `SafeLearning.CompleteModulesLipSDPProduct.actual_spectral_matrix_gain`:
  [DecidableEq K]
consider restructuring your `variable` declarations so that the variables are not in scope or explicitly omit them:
  omit [DecidableEq K] in theorem ...

Note: This linter can be disabled with `set_option linter.unusedSectionVars false`
warning: SafeLearning/CompleteModulesLipSDPProduct.lean:19:0: automatically included section variable(s) unused in theorem `SafeLearning.CompleteModulesLipSDPProduct.slope_restricted_hidden_nonexpansive`:
  [DecidableEq K]
consider restructuring your `variable` declarations so that the variables are not in scope or explicitly omit them:
  omit [DecidableEq K] in theorem ...

Note: This linter can be disabled with `set_option linter.unusedSectionVars false`
warning: SafeLearning/CompleteModulesLipSDPProduct.lean:70:0: automatically included section variable(s) unused in theorem `SafeLearning.CompleteModulesLipSDPProduct.layer_certificate_is_product_matrix`:
  [Fintype I]
  [DecidableEq O]
consider restructuring your `variable` declarations so that the variables are not in scope or explicitly omit them:
  omit [Fintype I] [DecidableEq O] in theorem ...

Note: This linter can be disabled with `set_option linter.unusedSectionVars false`
warning: SafeLearning/CompleteModulesLipSDPProduct.lean:82:69: Used `tac1 <;> tac2` where `(tac1; tac2)` would suffice

Note: This linter can be disabled with `set_option linter.unnecessarySeqFocus false`
warning: SafeLearning/CompleteModulesLipSDPProduct.lean:84:0: automatically included section variable(s) unused in theorem `SafeLearning.CompleteModulesLipSDPProduct.product_certificate_is_hermitian`:
  [Fintype I]
  [Fintype K]
  [DecidableEq O]
consider restructuring your `variable` declarations so that the variables are not in scope or explicitly omit them:
  omit [Fintype I] [Fintype K] [DecidableEq O] in theorem ...

Note: This linter can be disabled with `set_option linter.unusedSectionVars false`
warning: SafeLearning/CompleteModulesLipSDPProduct.lean:105:49: This simp argument is unused:
  zero_sub

Hint: Omit it from the simp argument list.
  [apply] simp only [Matrix.fromCols_mulVec_sumElim, Matrix.zero_mulVec, Matrix.one_mulVec, zero_add, add_zero,
    mul_zero, zero_mul, zero_add, zero_add, zero_mul]

Note: This linter can be disabled with `set_option linter.unusedSimpArgs false`
warning: SafeLearning/CompleteModulesLipSDPProduct.lean:107:13: This simp argument is unused:
  mul_add

Hint: Omit it from the simp argument list.
  [apply] simp only [mul_sub, Finset.mul_sum, Finset.sum_add_distrib, Finset.sum_sub_distrib]

Note: This linter can be disabled with `set_option linter.unusedSimpArgs false`
warning: SafeLearning/CompleteModulesLipSDPProduct.lean:107:44: This simp argument is unused:
  Finset.sum_add_distrib

Hint: Omit it from the simp argument list.
  [apply] simp only [mul_add, mul_sub, Finset.mul_sum, Finset.sum_sub_distrib]

Note: This linter can be disabled with `set_option linter.unusedSimpArgs false`
✔ [9217/9415] Built SafeLearning.CompleteModulesLandscapeRiskBudgets (20s)
⚠ [9218/9415] Built SafeLearning.CompleteModulesSingularSchurWitness (20s)
warning: SafeLearning/CompleteModulesSingularSchurWitness.lean:17:19: this tactic is never executed

Note: This linter can be disabled with `set_option linter.unreachableTactic false`
warning: SafeLearning/CompleteModulesSingularSchurWitness.lean:17:19: Unused tactic linter: `ring` does nothing

Note: This linter can be disabled with `set_option linter.unusedTactic false`
⚠ [9219/9415] Built SafeLearning.CompleteAppliedAzuma (20s)
warning: SafeLearning/CompleteAppliedAzuma.lean:29:2: Try this: 
  letI̵

The goal is a proposition, so `let` is preferred over `letI`.
The difference between `let` and `letI` is that `letI` inlines the value.
But this is not relevant for proofs because of proof irrelevance.

Note: This linter can be disabled with `set_option linter.style.haveILetI false`
warning: SafeLearning/CompleteAppliedAzuma.lean:39:2: Try this: 
  letI̵

The goal is a proposition, so `let` is preferred over `letI`.
The difference between `let` and `letI` is that `letI` inlines the value.
But this is not relevant for proofs because of proof irrelevance.

Note: This linter can be disabled with `set_option linter.style.haveILetI false`
warning: SafeLearning/CompleteAppliedAzuma.lean:85:2: Try this: 
  letI̵

The goal is a proposition, so `let` is preferred over `letI`.
The difference between `let` and `letI` is that `letI` inlines the value.
But this is not relevant for proofs because of proof irrelevance.

Note: This linter can be disabled with `set_option linter.style.haveILetI false`
warning: SafeLearning/CompleteAppliedAzuma.lean:138:12: try 'simp' instead of 'simpa'

Note: This linter can be disabled with `set_option linter.unnecessarySimpa false`
⚠ [9220/9415] Built SafeLearning.CompleteAppliedFailureCounts (19s)
warning: SafeLearning/CompleteAppliedFailureCounts.lean:46:30: `Set.mem_setOf_eq` has been deprecated: Use `Set.mem_ofPred_eq` instead
warning: SafeLearning/CompleteAppliedFailureCounts.lean:94:15: `Set.mem_setOf_eq` has been deprecated: Use `Set.mem_ofPred_eq` instead
warning: SafeLearning/CompleteAppliedFailureCounts.lean:129:15: `Set.mem_setOf_eq` has been deprecated: Use `Set.mem_ofPred_eq` instead
warning: SafeLearning/CompleteAppliedFailureCounts.lean:135:15: `Set.mem_setOf_eq` has been deprecated: Use `Set.mem_ofPred_eq` instead
✔ [9221/9415] Built SafeLearning.CompleteModulesPosterior (20s)
✔ [9222/9415] Built SafeLearning.CompleteAppliedFiniteClaims (24s)
✔ [9223/9415] Built SafeLearning.CompleteModulesLandscapeInvariance (22s)
⚠ [9224/9415] Built SafeLearning.CompleteModulesKernelCorollaries (21s)
warning: SafeLearning/CompleteModulesKernelCorollaries.lean:69:8: this tactic is never executed

Note: This linter can be disabled with `set_option linter.unreachableTactic false`
warning: SafeLearning/CompleteModulesKernelCorollaries.lean:69:8: Unused tactic linter: `ring` does nothing

Note: This linter can be disabled with `set_option linter.unusedTactic false`
warning: SafeLearning/CompleteModulesKernelCorollaries.lean:110:0: automatically included section variable(s) unused in theorem `SafeLearning.CompleteModulesKernelCorollaries.equal_evaluations_equal_functions`:
  [CompleteSpace H]
consider restructuring your `variable` declarations so that the variables are not in scope or explicitly omit them:
  omit [CompleteSpace H] in theorem ...

Note: This linter can be disabled with `set_option linter.unusedSectionVars false`
⚠ [9225/9415] Built SafeLearning.CompleteFoundationsReachabilityJump (65s)
warning: SafeLearning/CompleteFoundationsReachabilityJump.lean:26:2: Unused tactic linter: `all_goals try push Not` does nothing

Note: This linter can be disabled with `set_option linter.unusedTactic false`
⚠ [9226/9415] Built SafeLearning.CompleteModulesGramBridge (21s)
warning: SafeLearning/CompleteModulesGramBridge.lean:17:0: automatically included section variable(s) unused in theorem `SafeLearning.CompleteModulesGramBridge.feature_gram_positive_semidefinite`:
  [DecidableEq I]
consider restructuring your `variable` declarations so that the variables are not in scope or explicitly omit them:
  omit [DecidableEq I] in theorem ...

Note: This linter can be disabled with `set_option linter.unusedSectionVars false`
warning: SafeLearning/CompleteModulesGramBridge.lean:44:2: Try this: 
  letI̵

The goal is a proposition, so `let` is preferred over `letI`.
The difference between `let` and `letI` is that `letI` inlines the value.
But this is not relevant for proofs because of proof irrelevance.

Note: This linter can be disabled with `set_option linter.style.haveILetI false`
warning: SafeLearning/CompleteModulesGramBridge.lean:53:0: automatically included section variable(s) unused in theorem `SafeLearning.CompleteModulesGramBridge.feature_gram_positive_definite_iff_independent`:
  [DecidableEq I]
consider restructuring your `variable` declarations so that the variables are not in scope or explicitly omit them:
  omit [DecidableEq I] in theorem ...

Note: This linter can be disabled with `set_option linter.unusedSectionVars false`
warning: SafeLearning/CompleteModulesGramBridge.lean:67:0: automatically included section variable(s) unused in theorem `SafeLearning.CompleteModulesGramBridge.actual_gram_entry`:
  [Fintype I]
  [DecidableEq I]
consider restructuring your `variable` declarations so that the variables are not in scope or explicitly omit them:
  omit [Fintype I] [DecidableEq I] in theorem ...

Note: This linter can be disabled with `set_option linter.unusedSectionVars false`
warning: SafeLearning/CompleteModulesGramBridge.lean:160:10: `tendsto_finset_sum` has been deprecated: Use `tendsto_finsetSum` instead
✔ [9227/9415] Built SafeLearning.CompleteAppliedConfidence (30s)
✔ [9228/9415] Built SafeLearning.CompleteModulesThermalNumbers (31s)
✔ [9229/9415] Built SafeLearning.CompleteModulesThermalTubes (23s)
✔ [9230/9415] Built SafeLearning.CompleteModulesEllipsoidNegative (21s)
✔ [9231/9415] Built SafeLearning.CompleteAlternatingCMDPReturns (24s)
✔ [9232/9415] Built SafeLearning.CompleteModulesEllipsoidSProcedure (21s)
✔ [9233/9415] Built SafeLearning.CompleteAlternatingCMDPGeometry (26s)
✔ [9234/9415] Built SafeLearning.CompleteLyapunovMetricModels (21s)
✔ [9235/9415] Built SafeLearning.CompleteFoundationsSixMatrixNumerics (44s)
⚠ [9236/9415] Built SafeLearning.CompleteModulesEllipsoidExample (26s)
warning: SafeLearning/CompleteModulesEllipsoidExample.lean:102:49: Used `tac1 <;> tac2` where `(tac1; tac2)` would suffice

Note: This linter can be disabled with `set_option linter.unnecessarySeqFocus false`
✔ [9237/9415] Built SafeLearning.CompleteModulesGeneralRoesserMatrices (22s)
⚠ [9238/9415] Built SafeLearning.CompleteModulesBarrierObjective (24s)
warning: SafeLearning/CompleteModulesBarrierObjective.lean:14:2: Try this: 
  letI̵

The goal is a proposition, so `let` is preferred over `letI`.
The difference between `let` and `letI` is that `letI` inlines the value.
But this is not relevant for proofs because of proof irrelevance.

Note: This linter can be disabled with `set_option linter.style.haveILetI false`
warning: SafeLearning/CompleteModulesBarrierObjective.lean:27:12: This simp argument is unused:
  Matrix.fromRows_mul_fromCols

Hint: Omit it from the simp argument list.
  [apply] simp [Matrix.mul_apply, Matrix.diagonal_apply]

Note: This linter can be disabled with `set_option linter.unusedSimpArgs false`
warning: SafeLearning/CompleteModulesBarrierObjective.lean:28:25: This simp argument is unused:
  Matrix.transpose

Hint: Omit it from the simp argument list.
  [apply] simp [scalarWeight]

Note: This linter can be disabled with `set_option linter.unusedSimpArgs false`
warning: SafeLearning/CompleteModulesBarrierObjective.lean:27:81: Used `tac1 <;> tac2` where `(tac1; tac2)` would suffice

Note: This linter can be disabled with `set_option linter.unnecessarySeqFocus false`
warning: SafeLearning/CompleteModulesBarrierObjective.lean:28:43: Used `tac1 <;> tac2` where `(tac1; tac2)` would suffice

Note: This linter can be disabled with `set_option linter.unnecessarySeqFocus false`
✔ [9239/9415] Built SafeLearning.CompleteModulesScalarGainDetails (20s)
✔ [9240/9415] Built SafeLearning.CompleteModulesScalarGainCorollaries (20s)
✔ [9241/9415] Built SafeLearning.CompleteBookProjects (27s)
✔ [9242/9415] Built SafeLearning.CompleteModulesScalarTrajectory (20s)
✔ [9243/9415] Built SafeLearning.CompleteFoundationsCholeskyComplexity (17s)
✔ [9244/9415] Built SafeLearning.CompleteModulesScalarGainCalculus (24s)
⚠ [9245/9415] Built SafeLearning.CompleteFoundationsExerciseBridges (23s)
warning: SafeLearning/CompleteFoundationsExerciseBridges.lean:120:15: `Set.mem_setOf_eq` has been deprecated: Use `Set.mem_ofPred_eq` instead
⚠ [9246/9415] Built SafeLearning.CompleteFoundationsQuadraticExercises (21s)
warning: SafeLearning/CompleteFoundationsQuadraticExercises.lean:17:69: Used `tac1 <;> tac2` where `(tac1; tac2)` would suffice

Note: This linter can be disabled with `set_option linter.unnecessarySeqFocus false`
warning: SafeLearning/CompleteFoundationsQuadraticExercises.lean:134:21: Used `tac1 <;> tac2` where `(tac1; tac2)` would suffice

Note: This linter can be disabled with `set_option linter.unnecessarySeqFocus false`
⚠ [9247/9415] Built SafeLearning.CompleteCoreBook (37s)
warning: SafeLearning/CompleteCoreBook.lean:186:38: try 'simp' instead of 'simpa'

Note: This linter can be disabled with `set_option linter.unnecessarySimpa false`
warning: SafeLearning/CompleteCoreBook.lean:186:68: try 'simp' instead of 'simpa'

Note: This linter can be disabled with `set_option linter.unnecessarySimpa false`
warning: SafeLearning/CompleteCoreBook.lean:217:28: Used `tac1 <;> tac2` where `(tac1; tac2)` would suffice

Note: This linter can be disabled with `set_option linter.unnecessarySeqFocus false`
warning: SafeLearning/CompleteCoreBook.lean:217:37: Used `tac1 <;> tac2` where `(tac1; tac2)` would suffice

Note: This linter can be disabled with `set_option linter.unnecessarySeqFocus false`
⚠ [9248/9415] Built SafeLearning.CompleteFoundationsNormDuality (25s)
warning: SafeLearning/CompleteFoundationsNormDuality.lean:19:0: automatically included section variable(s) unused in theorem `SafeLearning.CompleteFoundationsNormDuality.actual_l1_norm_is_sum_absolute_values`:
  [DecidableEq n]
consider restructuring your `variable` declarations so that the variables are not in scope or explicitly omit them:
  omit [DecidableEq n] in theorem ...

Note: This linter can be disabled with `set_option linter.unusedSectionVars false`
warning: SafeLearning/CompleteFoundationsNormDuality.lean:23:0: automatically included section variable(s) unused in theorem `SafeLearning.CompleteFoundationsNormDuality.actual_l2_norm_squared`:
  [DecidableEq n]
consider restructuring your `variable` declarations so that the variables are not in scope or explicitly omit them:
  omit [DecidableEq n] in theorem ...

Note: This linter can be disabled with `set_option linter.unusedSectionVars false`
warning: SafeLearning/CompleteFoundationsNormDuality.lean:29:0: automatically included section variable(s) unused in theorem `SafeLearning.CompleteFoundationsNormDuality.actual_euclidean_pairing_is_dot`:
  [DecidableEq n]
consider restructuring your `variable` declarations so that the variables are not in scope or explicitly omit them:
  omit [DecidableEq n] in theorem ...

Note: This linter can be disabled with `set_option linter.unusedSectionVars false`
warning: SafeLearning/CompleteFoundationsNormDuality.lean:142:0: automatically included section variable(s) unused in theorem `SafeLearning.CompleteFoundationsNormDuality.actual_largest_absolute_coordinate_exists`:
  [DecidableEq n]
consider restructuring your `variable` declarations so that the variables are not in scope or explicitly omit them:
  omit [DecidableEq n] in theorem ...

Note: This linter can be disabled with `set_option linter.unusedSectionVars false`
✔ [9249/9415] Built SafeLearning.CompleteFiniteCMDPInverse (21s)
⚠ [9250/9415] Built SafeLearning.CompleteFoundationsShiftedConjugate (23s)
warning: SafeLearning/CompleteFoundationsShiftedConjugate.lean:55:40: `if_pos` has been deprecated: Use `ite_eq_left` instead
warning: SafeLearning/CompleteFoundationsShiftedConjugate.lean:57:41: `if_neg` has been deprecated: Use `ite_eq_right` instead
warning: SafeLearning/CompleteFoundationsShiftedConjugate.lean:70:8: `if_pos` has been deprecated: Use `ite_eq_left` instead
warning: SafeLearning/CompleteFoundationsShiftedConjugate.lean:87:23: `if_pos` has been deprecated: Use `ite_eq_left` instead
warning: SafeLearning/CompleteFoundationsShiftedConjugate.lean:91:23: `if_neg` has been deprecated: Use `ite_eq_right` instead
⚠ [9251/9415] Built SafeLearning.CompleteFoundationsLipschitzCalculus (26s)
warning: SafeLearning/CompleteFoundationsLipschitzCalculus.lean:38:48: Variable name `hR` is not explicitly referenced.

Hint: The binding can be removed (if unused) or named `_` (if used implicitly). Alternatively, prefix the name with `_` to silence this warning:
  [apply] _hR

Note: This linter can be disabled with `set_option linter.unusedVariables false`
warning: SafeLearning/CompleteFoundationsLipschitzCalculus.lean:102:28: `if_pos` has been deprecated: Use `ite_eq_left` instead
warning: SafeLearning/CompleteFoundationsLipschitzCalculus.lean:241:69: This simp argument is unused:
  one_mul

Hint: Omit it from the simp argument list.
  [apply] simp only [Real.dist_eq, mul_one, mul_zero, sub_zero, NNReal.coe_one, abs_one] at ht

Note: This linter can be disabled with `set_option linter.unusedSimpArgs false`
warning: SafeLearning/CompleteFoundationsLipschitzCalculus.lean:269:77: Used `tac1 <;> tac2` where `(tac1; tac2)` would suffice

Note: This linter can be disabled with `set_option linter.unnecessarySeqFocus false`
⚠ [9252/9415] Built SafeLearning.CompleteFiniteCMDPDeterministicVertices (23s)
warning: SafeLearning/CompleteFiniteCMDPDeterministicVertices.lean:18:0: automatically included section variable(s) unused in theorem `SafeLearning.CompleteFiniteCMDPDeterministicVertices.actual_pure_action_nonnegative`:
  [Fintype S]
  [Fintype A]
consider restructuring your `variable` declarations so that the variables are not in scope or explicitly omit them:
  omit [Fintype S] [Fintype A] in theorem ...

Note: This linter can be disabled with `set_option linter.unusedSectionVars false`
warning: SafeLearning/CompleteFiniteCMDPDeterministicVertices.lean:24:0: automatically included section variable(s) unused in theorem `SafeLearning.CompleteFiniteCMDPDeterministicVertices.actual_pure_action_normalized`:
  [Fintype S]
consider restructuring your `variable` declarations so that the variables are not in scope or explicitly omit them:
  omit [Fintype S] in theorem ...

Note: This linter can be disabled with `set_option linter.unusedSectionVars false`
⚠ [9253/9415] Built SafeLearning.CompleteFiniteControlledPathFlow (25s)
warning: SafeLearning/CompleteFiniteControlledPathFlow.lean:80:0: automatically included section variable(s) unused in theorem `SafeLearning.CompleteFiniteControlledPathFlow.actual_joint_discounted_series_summable`:
  [Fintype S]
  [Fintype A]
consider restructuring your `variable` declarations so that the variables are not in scope or explicitly omit them:
  omit [Fintype S] [Fintype A] in theorem ...

Note: This linter can be disabled with `set_option linter.unusedSectionVars false`
warning: SafeLearning/CompleteFiniteControlledPathFlow.lean:88:0: automatically included section variable(s) unused in theorem `SafeLearning.CompleteFiniteControlledPathFlow.actual_state_discounted_series_summable`:
  [Fintype S]
consider restructuring your `variable` declarations so that the variables are not in scope or explicitly omit them:
  omit [Fintype S] in theorem ...

Note: This linter can be disabled with `set_option linter.unusedSectionVars false`
warning: SafeLearning/CompleteFiniteControlledPathFlow.lean:109:29: This simp argument is unused:
  mul_assoc

Hint: Omit it from the simp argument list.
  [apply] simp only [Finset.mul_sum]

Note: This linter can be disabled with `set_option linter.unusedSimpArgs false`
warning: SafeLearning/CompleteFiniteControlledPathFlow.lean:158:0: automatically included section variable(s) unused in theorem `SafeLearning.CompleteFiniteControlledPathFlow.actual_controlled_occupancy_is_the_path_event_occupancy`:
  [Fintype S]
  [Fintype A]
  [IsProbabilityMeasure μ]
consider restructuring your `variable` declarations so that the variables are not in scope or explicitly omit them:
  omit [Fintype S] [Fintype A] [IsProbabilityMeasure μ] in theorem ...

Note: This linter can be disabled with `set_option linter.unusedSectionVars false`
✔ [9254/9415] Built SafeLearning.CompleteFoundationsGramRegularization (24s)
✔ [9255/9415] Built SafeLearning.CompleteBarrierDegenerateCBF (19s)
⚠ [9256/9415] Built SafeLearning.CompleteFoundationsParameterizedConvex (32s)
warning: SafeLearning/CompleteFoundationsParameterizedConvex.lean:88:78: Used `tac1 <;> tac2` where `(tac1; tac2)` would suffice

Note: This linter can be disabled with `set_option linter.unnecessarySeqFocus false`
warning: SafeLearning/CompleteFoundationsParameterizedConvex.lean:180:67: try 'simp' instead of 'simpa'

Note: This linter can be disabled with `set_option linter.unnecessarySimpa false`
⚠ [9257/9415] Built SafeLearning.CompleteModulesSLLRegularization (21s)
warning: SafeLearning/CompleteModulesSLLRegularization.lean:30:60: This simp argument is unused:
  Matrix.diagonal_apply

Hint: Omit it from the simp argument list.
  [apply] simp [actualRegularizedDiagonal, actualScaledMajorizer]

Note: This linter can be disabled with `set_option linter.unusedSimpArgs false`
warning: SafeLearning/CompleteModulesSLLRegularization.lean:32:12: This simp argument is unused:
  actualRegularizedDiagonal

Hint: Omit it from the simp argument list.
  [apply] simp [actualScaledMajorizer, Matrix.diagonal_apply, he]

Note: This linter can be disabled with `set_option linter.unusedSimpArgs false`
warning: SafeLearning/CompleteModulesSLLRegularization.lean:32:60: This simp argument is unused:
  Matrix.diagonal_apply

Hint: Omit it from the simp argument list.
  [apply] simp [actualRegularizedDiagonal, actualScaledMajorizer, he]

Note: This linter can be disabled with `set_option linter.unusedSimpArgs false`
✔ [9258/9415] Built SafeLearning.CompleteBarrierControlAffine (22s)
⚠ [9259/9415] Built SafeLearning.CompleteFiniteCMDPLinearProgram (32s)
warning: SafeLearning/CompleteFiniteCMDPLinearProgram.lean:67:0: automatically included section variable(s) unused in theorem `SafeLearning.CompleteFiniteCMDPLinearProgram.actual_cost_feasible_closed`:
  [Fintype I]
consider restructuring your `variable` declarations so that the variables are not in scope or explicitly omit them:
  omit [Fintype I] in theorem ...

Note: This linter can be disabled with `set_option linter.unusedSectionVars false`
warning: SafeLearning/CompleteFiniteCMDPLinearProgram.lean:86:0: automatically included section variable(s) unused in theorem `SafeLearning.CompleteFiniteCMDPLinearProgram.actual_cost_feasible_convex`:
  [Fintype I]
consider restructuring your `variable` declarations so that the variables are not in scope or explicitly omit them:
  omit [Fintype I] in theorem ...

Note: This linter can be disabled with `set_option linter.unusedSectionVars false`
warning: SafeLearning/CompleteFiniteCMDPLinearProgram.lean:98:0: automatically included section variable(s) unused in theorem `SafeLearning.CompleteFiniteCMDPLinearProgram.actual_policy_cost_feasible_iff`:
  [Fintype I]
consider restructuring your `variable` declarations so that the variables are not in scope or explicitly omit them:
  omit [Fintype I] in theorem ...

Note: This linter can be disabled with `set_option linter.unusedSectionVars false`
warning: SafeLearning/CompleteFiniteCMDPLinearProgram.lean:183:0: automatically included section variable(s) unused in theorem `SafeLearning.CompleteFiniteCMDPLinearProgram.actual_cost_feasible_finite_linear_halfspaces`:
  [Fintype I]
consider restructuring your `variable` declarations so that the variables are not in scope or explicitly omit them:
  omit [Fintype I] in theorem ...

Note: This linter can be disabled with `set_option linter.unusedSectionVars false`
✔ [9260/9415] Built SafeLearning.CompleteBarrierFilippovC1 (23s)
⚠ [9261/9415] Built SafeLearning.CompleteFoundationsStructuredModels (28s)
warning: SafeLearning/CompleteFoundationsStructuredModels.lean:218:4: Unused tactic linter: `change (-(1 : Matrix n n ℝ)) *ᵥ v = -v` does nothing

Note: This linter can be disabled with `set_option linter.unusedTactic false`
⚠ [9262/9415] Built SafeLearning.CompleteFoundationsSVDModels (27s)
warning: SafeLearning/CompleteFoundationsSVDModels.lean:121:8: `Set.mem_setOf_eq` has been deprecated: Use `Set.mem_ofPred_eq` instead
warning: SafeLearning/CompleteFoundationsSVDModels.lean:123:15: `Set.mem_setOf_eq` has been deprecated: Use `Set.mem_ofPred_eq` instead
warning: SafeLearning/CompleteFoundationsSVDModels.lean:128:10: `Set.mem_setOf_eq` has been deprecated: Use `Set.mem_ofPred_eq` instead
warning: SafeLearning/CompleteFoundationsSVDModels.lean:123:63: This simp argument is unused:
  PiLp.toLp_apply

Hint: Omit it from the simp argument list.
  [apply] simp only [Set.mem_setOf_eq, actual_coordinate_action, point, Matrix.cons_val_zero, Matrix.cons_val_one]

Note: This linter can be disabled with `set_option linter.unusedSimpArgs false`
warning: SafeLearning/CompleteFoundationsSVDModels.lean:134:27: Used `tac1 <;> tac2` where `(tac1; tac2)` would suffice

Note: This linter can be disabled with `set_option linter.unnecessarySeqFocus false`
warning: SafeLearning/CompleteFoundationsSVDModels.lean:138:35: Used `tac1 <;> tac2` where `(tac1; tac2)` would suffice

Note: This linter can be disabled with `set_option linter.unnecessarySeqFocus false`
warning: SafeLearning/CompleteFoundationsSVDModels.lean:145:44: This simp argument is unused:
  PiLp.toLp_apply

Hint: Omit it from the simp argument list.
  [apply] simp only [actual_coordinate_action, point, Matrix.cons_val_zero, Matrix.cons_val_one]

Note: This linter can be disabled with `set_option linter.unusedSimpArgs false`
⚠ [9263/9415] Built SafeLearning.CompleteModulesFIRCorollaries (22s)
warning: SafeLearning/CompleteModulesFIRCorollaries.lean:18:31: This simp argument is unused:
  Matrix.one_apply

Hint: Omit it from the simp argument list.
  [apply] simp [actualSourceCholesky, ne_of_lt h]

Note: This linter can be disabled with `set_option linter.unusedSimpArgs false`
warning: SafeLearning/CompleteModulesFIRCorollaries.lean:21:31: This simp argument is unused:
  Matrix.one_apply

Hint: Omit it from the simp argument list.
  [apply] simp [actualSourceCholesky, (ne_of_lt h).symm]

Note: This linter can be disabled with `set_option linter.unusedSimpArgs false`
⚠ [9264/9415] Built SafeLearning.CompleteFoundationsTaylorCheck (28s)
warning: SafeLearning/CompleteFoundationsTaylorCheck.lean:142:23: Used `tac1 <;> tac2` where `(tac1; tac2)` would suffice

Note: This linter can be disabled with `set_option linter.unnecessarySeqFocus false`
⚠ [9265/9415] Built SafeLearning.CompleteModulesSandwich (26s)
warning: SafeLearning/CompleteModulesSandwich.lean:30:10: This simp argument is unused:
  actualSandwichMultiplier

Hint: Omit it from the simp argument list.
  [apply] simp [he]

Note: This linter can be disabled with `set_option linter.unusedSimpArgs false`
warning: SafeLearning/CompleteModulesSandwich.lean:32:0: automatically included section variable(s) unused in theorem `SafeLearning.CompleteModulesSandwich.actual_sandwich_output_gram`:
  [DecidableEq O]
consider restructuring your `variable` declarations so that the variables are not in scope or explicitly omit them:
  omit [DecidableEq O] in theorem ...

Note: This linter can be disabled with `set_option linter.unusedSectionVars false`
warning: SafeLearning/CompleteModulesSandwich.lean:43:0: automatically included section variable(s) unused in theorem `SafeLearning.CompleteModulesSandwich.actual_sandwich_multiplier_input_gram`:
  [DecidableEq I]
consider restructuring your `variable` declarations so that the variables are not in scope or explicitly omit them:
  omit [DecidableEq I] in theorem ...

Note: This linter can be disabled with `set_option linter.unusedSectionVars false`
⚠ [9266/9415] Built SafeLearning.CompleteFoundationsConditionedQuadratic (36s)
warning: SafeLearning/CompleteFoundationsConditionedQuadratic.lean:126:76: This simp argument is unused:
  Fin.sum_univ_succ

Hint: Omit it from the simp argument list.
  [apply] simp [curvatureMatrix, inverseCurvature, Matrix.mul_apply, Matrix.diagonal, ha, hb]

Note: This linter can be disabled with `set_option linter.unusedSimpArgs false`
warning: SafeLearning/CompleteFoundationsConditionedQuadratic.lean:203:28: This simp argument is unused:
  Matrix.one_apply

Hint: Omit it from the simp argument list.
  [apply] simp [Matrix.diagonal, hij]

Note: This linter can be disabled with `set_option linter.unusedSimpArgs false`
warning: SafeLearning/CompleteFoundationsConditionedQuadratic.lean:246:74: This simp argument is unused:
  Matrix.one_apply

Hint: Omit it from the simp argument list.
  [apply] simp [curvatureMatrix, Matrix.diagonal]

Note: This linter can be disabled with `set_option linter.unusedSimpArgs false`
⚠ [9267/9415] Built SafeLearning.CompleteModulesGammaLMI (26s)
warning: SafeLearning/CompleteModulesGammaLMI.lean:30:8: This simp argument is unused:
  Matrix.smul_mul

Hint: Omit it from the simp argument list.
  [apply] simp [Matrix.mul_smul, smul_smul, hgain.ne']

Note: This linter can be disabled with `set_option linter.unusedSimpArgs false`
warning: SafeLearning/CompleteModulesGammaLMI.lean:30:24: This simp argument is unused:
  Matrix.mul_smul

Hint: Omit it from the simp argument list.
  [apply] simp [Matrix.smul_mul, smul_smul, hgain.ne']

Note: This linter can be disabled with `set_option linter.unusedSimpArgs false`
warning: SafeLearning/CompleteModulesGammaLMI.lean:32:0: automatically included section variable(s) unused in theorem `SafeLearning.CompleteModulesGammaLMI.actual_gamma_matrix_output_reassociation`:
  [Fintype I]
  [Fintype O]
consider restructuring your `variable` declarations so that the variables are not in scope or explicitly omit them:
  omit [Fintype I] [Fintype O] in theorem ...

Note: This linter can be disabled with `set_option linter.unusedSectionVars false`
warning: SafeLearning/CompleteModulesGammaLMI.lean:42:21: This simp argument is unused:
  Matrix.conjTranspose_apply

Hint: Omit it from the simp argument list.
  [apply] simp [actualGammaCertificate, actualGammaLeading, outputBarrierCross, Matrix.submatrix_apply, Equiv.sumAssoc]

Note: This linter can be disabled with `set_option linter.unusedSimpArgs false`
warning: SafeLearning/CompleteModulesGammaLMI.lean:55:0: automatically included section variable(s) unused in theorem `SafeLearning.CompleteModulesGammaLMI.actual_gamma_output_schur_is_literal_source_block`:
  [Fintype I]
consider restructuring your `variable` declarations so that the variables are not in scope or explicitly omit them:
  omit [Fintype I] in theorem ...

Note: This linter can be disabled with `set_option linter.unusedSectionVars false`
warning: SafeLearning/CompleteModulesGammaLMI.lean:68:55: This simp argument is unused:
  Matrix.conjTranspose_conjTranspose

Hint: Omit it from the simp argument list.
  [apply] simp only [Matrix.mul_smul, Matrix.smul_mul, Matrix.mul_one,
    Matrix.conjTranspose_fromRows_eq_fromCols_conjTranspose, Matrix.fromRows_mul_fromCols, Matrix.conjTranspose_zero,
    Matrix.conjTranspose_neg, Matrix.zero_mul, Matrix.mul_zero, Matrix.neg_mul, Matrix.mul_neg, neg_neg]

Note: This linter can be disabled with `set_option linter.unusedSimpArgs false`
warning: SafeLearning/CompleteModulesGammaLMI.lean:71:42: this tactic is never executed

Note: This linter can be disabled with `set_option linter.unreachableTactic false`
warning: SafeLearning/CompleteModulesGammaLMI.lean:71:42: Unused tactic linter: `ring` does nothing

Note: This linter can be disabled with `set_option linter.unusedTactic false`
warning: SafeLearning/CompleteModulesGammaLMI.lean:73:0: automatically included section variable(s) unused in theorem `SafeLearning.CompleteModulesGammaLMI.actual_gamma_scaled_schur_is_negative_lipsdp`:
  [Fintype I]
  [DecidableEq O]
consider restructuring your `variable` declarations so that the variables are not in scope or explicitly omit them:
  omit [Fintype I] [DecidableEq O] in theorem ...

Note: This linter can be disabled with `set_option linter.unusedSectionVars false`
warning: SafeLearning/CompleteModulesGammaLMI.lean:83:62: Used `tac1 <;> tac2` where `(tac1; tac2)` would suffice

Note: This linter can be disabled with `set_option linter.unnecessarySeqFocus false`
warning: SafeLearning/CompleteModulesGammaLMI.lean:91:2: Try this: 
  letI̵

The goal is a proposition, so `let` is preferred over `letI`.
The difference between `let` and `letI` is that `letI` inlines the value.
But this is not relevant for proofs because of proof irrelevance.

Note: This linter can be disabled with `set_option linter.style.haveILetI false`
✔ [9268/9415] Built SafeLearning.CompleteModulesChords (21s)
✔ [9269/9415] Built SafeLearning.CompleteModulesSectorExamples (25s)
✔ [9270/9415] Built SafeLearning.CompleteModulesFullyConnectedLayer (22s)
⚠ [9271/9415] Built SafeLearning.CompleteModulesInvalidQC (26s)
warning: SafeLearning/CompleteModulesInvalidQC.lean:92:34: Used `tac1 <;> tac2` where `(tac1; tac2)` would suffice

Note: This linter can be disabled with `set_option linter.unnecessarySeqFocus false`
⚠ [9272/9415] Built SafeLearning.CompleteModulesClassificationNorm (20s)
warning: SafeLearning/CompleteModulesClassificationNorm.lean:22:14: This simp argument is unused:
  Pi.single_apply

Hint: Omit it from the simp argument list.
  [apply] simp [hf, hs, hdistinct, hdistinct.symm]

Note: This linter can be disabled with `set_option linter.unusedSimpArgs false`
warning: SafeLearning/CompleteModulesClassificationNorm.lean:22:33: This simp argument is unused:
  hs

Hint: Omit it from the simp argument list.
  [apply] simp [Pi.single_apply, hf, hdistinct, hdistinct.symm]

Note: This linter can be disabled with `set_option linter.unusedSimpArgs false`
warning: SafeLearning/CompleteModulesClassificationNorm.lean:22:46: This simp argument is unused:
  hdistinct.symm

Hint: Omit it from the simp argument list.
  [apply] simp [Pi.single_apply, hf, hs, hdistinct]

Note: This linter can be disabled with `set_option linter.unusedSimpArgs false`
warning: SafeLearning/CompleteModulesClassificationNorm.lean:23:14: This simp argument is unused:
  Pi.single_apply

Hint: Omit it from the simp argument list.
  [apply] simp [hf, hs, hdistinct, hdistinct.symm]

Note: This linter can be disabled with `set_option linter.unusedSimpArgs false`
warning: SafeLearning/CompleteModulesClassificationNorm.lean:23:30: This simp argument is unused:
  hf

Hint: Omit it from the simp argument list.
  [apply] simp [Pi.single_apply, hs, hdistinct, hdistinct.symm]

Note: This linter can be disabled with `set_option linter.unusedSimpArgs false`
warning: SafeLearning/CompleteModulesClassificationNorm.lean:23:36: This simp argument is unused:
  hdistinct

Hint: Omit it from the simp argument list.
  [apply] simp [Pi.single_apply, hf, hs, hdistinct.symm]

Note: This linter can be disabled with `set_option linter.unusedSimpArgs false`
warning: SafeLearning/CompleteModulesClassificationNorm.lean:24:14: This simp argument is unused:
  Pi.single_apply

Hint: Omit it from the simp argument list.
  [apply] simp [hf, hs, hdistinct, hdistinct.symm]

Note: This linter can be disabled with `set_option linter.unusedSimpArgs false`
warning: SafeLearning/CompleteModulesClassificationNorm.lean:24:36: This simp argument is unused:
  hdistinct

Hint: Omit it from the simp argument list.
  [apply] simp [Pi.single_apply, hf, hs, hdistinct.symm]

Note: This linter can be disabled with `set_option linter.unusedSimpArgs false`
warning: SafeLearning/CompleteModulesClassificationNorm.lean:24:46: This simp argument is unused:
  hdistinct.symm

Hint: Omit it from the simp argument list.
  [apply] simp [Pi.single_apply, hf, hs, hdistinct]

Note: This linter can be disabled with `set_option linter.unusedSimpArgs false`
warning: SafeLearning/CompleteModulesClassificationNorm.lean:31:0: automatically included section variable(s) unused in theorem `SafeLearning.CompleteModulesClassificationNorm.actual_class_row_difference_is_adjoint_basis_difference`:
  [Fintype I]
  [DecidableEq I]
consider restructuring your `variable` declarations so that the variables are not in scope or explicitly omit them:
  omit [Fintype I] [DecidableEq I] in theorem ...

Note: This linter can be disabled with `set_option linter.unusedSectionVars false`
warning: SafeLearning/CompleteModulesClassificationNorm.lean:36:47: This simp argument is unused:
  Matrix.transpose_apply

Hint: Omit it from the simp argument list.
  [apply] simp [Matrix.mulVec_sub, Matrix.mulVec_single]

Note: This linter can be disabled with `set_option linter.unusedSimpArgs false`
warning: SafeLearning/CompleteModulesClassificationNorm.lean:51:26: Variable name `hglobal` is not explicitly referenced.

Hint: The binding can be removed (if unused) or named `_` (if used implicitly). Alternatively, prefix the name with `_` to silence this warning:
  [apply] _hglobal

Note: This linter can be disabled with `set_option linter.unusedVariables false`
warning: SafeLearning/CompleteModulesClassificationNorm.lean:59:0: automatically included section variable(s) unused in theorem `SafeLearning.CompleteModulesClassificationNorm.actual_quarter_scale_normalizer_increment`:
  [Fintype I]
  [DecidableEq I]
consider restructuring your `variable` declarations so that the variables are not in scope or explicitly omit them:
  omit [Fintype I] [DecidableEq I] in theorem ...

Note: This linter can be disabled with `set_option linter.unusedSectionVars false`
⚠ [9273/9415] Built SafeLearning.CompleteModulesGeneralNormalization (21s)
warning: SafeLearning/CompleteModulesGeneralNormalization.lean:20:0: automatically included section variable(s) unused in theorem `SafeLearning.CompleteModulesGeneralNormalization.actual_per_channel_normalization_gain_is_positive`:
  [DecidableEq I]
consider restructuring your `variable` declarations so that the variables are not in scope or explicitly omit them:
  omit [DecidableEq I] in theorem ...

Note: This linter can be disabled with `set_option linter.unusedSectionVars false`
warning: SafeLearning/CompleteModulesGeneralNormalization.lean:48:0: automatically included section variable(s) unused in theorem `SafeLearning.CompleteModulesGeneralNormalization.actual_per_channel_normalizer_increment_is_diagonal_action`:
  [Nonempty I]
consider restructuring your `variable` declarations so that the variables are not in scope or explicitly omit them:
  omit [Nonempty I] in theorem ...

Note: This linter can be disabled with `set_option linter.unusedSectionVars false`
warning: SafeLearning/CompleteModulesGeneralNormalization.lean:56:49: This simp argument is unused:
  Pi.mul_apply

Hint: Omit it from the simp argument list.
  [apply] simp only [Pi.sub_apply, Matrix.mulVec_diagonal]

Note: This linter can be disabled with `set_option linter.unusedSimpArgs false`
✔ [9274/9415] Built SafeLearning.CompleteModulesPooling (24s)
⚠ [9275/9415] Built SafeLearning.CompleteModulesClassificationCertificate (20s)
warning: SafeLearning/CompleteModulesClassificationCertificate.lean:18:0: automatically included section variable(s) unused in theorem `SafeLearning.CompleteModulesClassificationCertificate.actual_class_pair_gap_increment_is_weighted_feature_increment`:
  [Fintype O]
  [DecidableEq I]
  [DecidableEq O]
consider restructuring your `variable` declarations so that the variables are not in scope or explicitly omit them:
  omit [Fintype O] [DecidableEq I] [DecidableEq O] in theorem ...

Note: This linter can be disabled with `set_option linter.unusedSectionVars false`
⚠ [9276/9415] Built SafeLearning.CompleteModulesDynamicLayerTrajectory (25s)
warning: SafeLearning/CompleteModulesDynamicLayerTrajectory.lean:13:0: automatically included section variable(s) unused in theorem `SafeLearning.CompleteModulesDynamicLayerTrajectory.actual_layer_lmi_bounds_every_finite_trajectory_weighted_energy`:
  [DecidableEq S]
  [DecidableEq I]
consider restructuring your `variable` declarations so that the variables are not in scope or explicitly omit them:
  omit [DecidableEq S] [DecidableEq I] in theorem ...

Note: This linter can be disabled with `set_option linter.unusedSectionVars false`
warning: SafeLearning/CompleteModulesDynamicLayerTrajectory.lean:91:0: automatically included section variable(s) unused in theorem `SafeLearning.CompleteModulesDynamicLayerTrajectory.actual_dynamic_layer_certificate_dimension_is_state_plus_input_plus_output`:
  [DecidableEq S]
  [DecidableEq I]
  [DecidableEq O]
consider restructuring your `variable` declarations so that the variables are not in scope or explicitly omit them:
  omit [DecidableEq S] [DecidableEq I] [DecidableEq O] in theorem ...

Note: This linter can be disabled with `set_option linter.unusedSectionVars false`
warning: SafeLearning/CompleteModulesDynamicLayerTrajectory.lean:95:0: automatically included section variable(s) unused in theorem `SafeLearning.CompleteModulesDynamicLayerTrajectory.actual_three_tap_dynamic_certificate_has_signal_length_independent_dimension`:
  [DecidableEq I]
  [DecidableEq O]
consider restructuring your `variable` declarations so that the variables are not in scope or explicitly omit them:
  omit [DecidableEq I] [DecidableEq O] in theorem ...

Note: This linter can be disabled with `set_option linter.unusedSectionVars false`
⚠ [9277/9415] Built SafeLearning.CompleteFoundationsPowerNormalization (45s)
warning: SafeLearning/CompleteFoundationsPowerNormalization.lean:96:61: Used `tac1 <;> tac2` where `(tac1; tac2)` would suffice

Note: This linter can be disabled with `set_option linter.unnecessarySeqFocus false`
warning: SafeLearning/CompleteFoundationsPowerNormalization.lean:112:53: Used `tac1 <;> tac2` where `(tac1; tac2)` would suffice

Note: This linter can be disabled with `set_option linter.unnecessarySeqFocus false`
warning: SafeLearning/CompleteFoundationsPowerNormalization.lean:148:55: Used `tac1 <;> tac2` where `(tac1; tac2)` would suffice

Note: This linter can be disabled with `set_option linter.unnecessarySeqFocus false`
✔ [9278/9415] Built SafeLearning.CompleteModulesLipSDPWalkthrough (25s)
⚠ [9279/9415] Built SafeLearning.CompleteAppliedBandit (21s)
warning: SafeLearning/CompleteAppliedBandit.lean:12:56: This simp argument is unused:
  Matrix.cons_val_one

Hint: Omit it from the simp argument list.
  [apply] simp only [Fin.sum_univ_succ, Matrix.cons_val_zero, Fin.sum_univ_zero, add_zero]

Note: This linter can be disabled with `set_option linter.unusedSimpArgs false`
warning: SafeLearning/CompleteAppliedBandit.lean:20:15: Variable name `theta` is not explicitly referenced.

Hint: The binding can be removed (if unused) or named `_` (if used implicitly). Alternatively, prefix the name with `_` to silence this warning:
  [apply] _theta

Note: This linter can be disabled with `set_option linter.unusedVariables false`
warning: SafeLearning/CompleteAppliedBandit.lean:31:26: This simp argument is unused:
  Matrix.cons_val_one

Hint: Omit it from the simp argument list.
  [apply] simp only [finiteExpectation, policy, PMF.ofFintype_apply, Fin.sum_univ_succ, Matrix.cons_val_zero,
    Fin.sum_univ_zero, add_zero]

Note: This linter can be disabled with `set_option linter.unusedSimpArgs false`
⚠ [9280/9415] Built SafeLearning.CompleteAppliedExponentialMartingale (23s)
warning: SafeLearning/CompleteAppliedExponentialMartingale.lean:17:2: Try this: 
  letI̵

The goal is a proposition, so `let` is preferred over `letI`.
The difference between `let` and `letI` is that `letI` inlines the value.
But this is not relevant for proofs because of proof irrelevance.

Note: This linter can be disabled with `set_option linter.style.haveILetI false`
✔ [9281/9415] Built SafeLearning.CompleteModulesInterpolantPower (21s)
⚠ [9282/9415] Built SafeLearning.CompleteAppliedExerciseModels (22s)
warning: SafeLearning/CompleteAppliedExerciseModels.lean:63:22: `Set.mem_setOf_eq` has been deprecated: Use `Set.mem_ofPred_eq` instead
⚠ [9283/9415] Built SafeLearning.CompleteAppliedBinomialModel (22s)
warning: SafeLearning/CompleteAppliedBinomialModel.lean:27:13: `Set.mem_setOf_eq` has been deprecated: Use `Set.mem_ofPred_eq` instead
warning: SafeLearning/CompleteAppliedBinomialModel.lean:94:2: Try this: 
  letI̵

The goal is a proposition, so `let` is preferred over `letI`.
The difference between `let` and `letI` is that `letI` inlines the value.
But this is not relevant for proofs because of proof irrelevance.

Note: This linter can be disabled with `set_option linter.style.haveILetI false`
✔ [9284/9415] Built SafeLearning.CompleteAppliedUniformBias (25s)
⚠ [9285/9415] Built SafeLearning.CompleteAppliedCoverageTransfer (21s)
warning: SafeLearning/CompleteAppliedCoverageTransfer.lean:91:15: `Set.mem_setOf_eq` has been deprecated: Use `Set.mem_ofPred_eq` instead
✔ [9286/9415] Built SafeLearning.CompleteAppliedConfidenceIdentities (20s)
✔ [9287/9415] Built SafeLearning.CompleteAppliedGridConfidence (25s)
✔ [9288/9415] Built SafeLearning.CompleteModulesThermalEigen (20s)
✔ [9289/9415] Built SafeLearning.CompleteModulesEllipsoidHomogenization (20s)
✔ [9290/9415] Built SafeLearning.CompleteModulesEllipsoidLagrange (22s)
✔ [9291/9415] Built SafeLearning.CompleteModulesEllipsoidConcavity (22s)
✔ [9292/9415] Built SafeLearning.CompleteModulesEllipsoidCorollaries (23s)
✔ [9293/9415] Built SafeLearning.CompleteModulesGeneralRoesserRealization (21s)
⚠ [9294/9415] Built SafeLearning.CompleteFoundationsBoxedQP (46s)
warning: SafeLearning/CompleteFoundationsBoxedQP.lean:132:18: this tactic is never executed

Note: This linter can be disabled with `set_option linter.unreachableTactic false`
warning: SafeLearning/CompleteFoundationsBoxedQP.lean:132:18: Unused tactic linter: `simp [point]` does nothing

Note: This linter can be disabled with `set_option linter.unusedTactic false`
warning: SafeLearning/CompleteFoundationsBoxedQP.lean:224:18: this tactic is never executed

Note: This linter can be disabled with `set_option linter.unreachableTactic false`
warning: SafeLearning/CompleteFoundationsBoxedQP.lean:224:18: Unused tactic linter: `simp [point]` does nothing

Note: This linter can be disabled with `set_option linter.unusedTactic false`
✔ [9295/9415] Built SafeLearning.CompleteProjectOptima (20s)
⚠ [9296/9415] Built SafeLearning.CompleteCoreProbability (24s)
warning: SafeLearning/CompleteCoreProbability.lean:36:77: Used `tac1 <;> tac2` where `(tac1; tac2)` would suffice

Note: This linter can be disabled with `set_option linter.unnecessarySeqFocus false`
warning: SafeLearning/CompleteCoreProbability.lean:49:83: this tactic is never executed

Note: This linter can be disabled with `set_option linter.unreachableTactic false`
warning: SafeLearning/CompleteCoreProbability.lean:49:83: Unused tactic linter: `norm_num` does nothing

Note: This linter can be disabled with `set_option linter.unusedTactic false`
warning: SafeLearning/CompleteCoreProbability.lean:136:2: Unused tactic linter: `norm_num at hr` does nothing

Note: This linter can be disabled with `set_option linter.unusedTactic false`
✔ [9297/9415] Built SafeLearning.CompleteModulesScalarExactGain (23s)
✔ [9298/9415] Built SafeLearning.CompleteProjectDomains (24s)
⚠ [9299/9415] Built SafeLearning.CompleteCoreControl (26s)
warning: SafeLearning/CompleteCoreControl.lean:24:28: Used `tac1 <;> tac2` where `(tac1; tac2)` would suffice

Note: This linter can be disabled with `set_option linter.unnecessarySeqFocus false`
warning: SafeLearning/CompleteCoreControl.lean:192:40: Used `tac1 <;> tac2` where `(tac1; tac2)` would suffice

Note: This linter can be disabled with `set_option linter.unnecessarySeqFocus false`
warning: SafeLearning/CompleteCoreControl.lean:192:56: Used `tac1 <;> tac2` where `(tac1; tac2)` would suffice

Note: This linter can be disabled with `set_option linter.unnecessarySeqFocus false`
⚠ [9300/9415] Built SafeLearning.CompleteModulesBarrierPath (27s)
warning: SafeLearning/CompleteModulesBarrierPath.lean:119:5: Variable name `hpositive` is not explicitly referenced.

Hint: The binding can be removed (if unused) or named `_` (if used implicitly). Alternatively, prefix the name with `_` to silence this warning:
  [apply] _hpositive

Note: This linter can be disabled with `set_option linter.unusedVariables false`
⚠ [9301/9415] Built SafeLearning.CompleteBudgetValue (25s)
warning: SafeLearning/CompleteBudgetValue.lean:108:24: Variable name `hlambda` is not explicitly referenced.

Hint: The binding can be removed (if unused) or named `_` (if used implicitly). Alternatively, prefix the name with `_` to silence this warning:
  [apply] _hlambda

Note: This linter can be disabled with `set_option linter.unusedVariables false`
⚠ [9302/9415] Built SafeLearning.CompleteCoreReturns (22s)
warning: SafeLearning/CompleteCoreReturns.lean:43:31: this tactic is never executed

Note: This linter can be disabled with `set_option linter.unreachableTactic false`
warning: SafeLearning/CompleteCoreReturns.lean:43:31: Unused tactic linter: `positivity` does nothing

Note: This linter can be disabled with `set_option linter.unusedTactic false`
warning: SafeLearning/CompleteCoreReturns.lean:56:5: Variable name `hg0` is not explicitly referenced.

Hint: The binding can be removed (if unused) or named `_` (if used implicitly). Alternatively, prefix the name with `_` to silence this warning:
  [apply] _hg0

Note: This linter can be disabled with `set_option linter.unusedVariables false`
⚠ [9303/9415] Built SafeLearning.CompleteFoundationsNormExercises (23s)
warning: SafeLearning/CompleteFoundationsNormExercises.lean:16:0: automatically included section variable(s) unused in theorem `SafeLearning.CompleteFoundationsNormExercises.actual_infinity_norm_at_most_euclidean_norm`:
  [DecidableEq n]
consider restructuring your `variable` declarations so that the variables are not in scope or explicitly omit them:
  omit [DecidableEq n] in theorem ...

Note: This linter can be disabled with `set_option linter.unusedSectionVars false`
warning: SafeLearning/CompleteFoundationsNormExercises.lean:24:21: This simp argument is unused:
  PiLp.single_apply

Hint: Omit it from the simp argument list.
  [apply] simp [euclidean]

Note: This linter can be disabled with `set_option linter.unusedSimpArgs false`
⚠ [9304/9415] Built SafeLearning.CompleteFoundationsConjugateConsequences (23s)
warning: SafeLearning/CompleteFoundationsConjugateConsequences.lean:53:4: `if_pos` has been deprecated: Use `ite_eq_left` instead
warning: SafeLearning/CompleteFoundationsConjugateConsequences.lean:59:61: Used `tac1 <;> tac2` where `(tac1; tac2)` would suffice

Note: This linter can be disabled with `set_option linter.unnecessarySeqFocus false`
⚠ [9305/9415] Built SafeLearning.CompleteFiniteCMDPMatrixConsequences (23s)
warning: SafeLearning/CompleteFiniteCMDPMatrixConsequences.lean:19:4: Try this: 
  letI̵

The goal is a proposition, so `let` is preferred over `letI`.
The difference between `let` and `letI` is that `letI` inlines the value.
But this is not relevant for proofs because of proof irrelevance.

Note: This linter can be disabled with `set_option linter.style.haveILetI false`
warning: SafeLearning/CompleteFiniteCMDPMatrixConsequences.lean:16:0: automatically included section variable(s) unused in theorem `SafeLearning.CompleteFiniteCMDPMatrixConsequences.actual_model_state_type_nonempty`:
  [DecidableEq S]
consider restructuring your `variable` declarations so that the variables are not in scope or explicitly omit them:
  omit [DecidableEq S] in theorem ...

Note: This linter can be disabled with `set_option linter.unusedSectionVars false`
warning: SafeLearning/CompleteFiniteCMDPMatrixConsequences.lean:27:2: Try this: 
  letI̵

The goal is a proposition, so `let` is preferred over `letI`.
The difference between `let` and `letI` is that `letI` inlines the value.
But this is not relevant for proofs because of proof irrelevance.

Note: This linter can be disabled with `set_option linter.style.haveILetI false`
✔ [9306/9415] Built SafeLearning.CompleteCoreEntryModel (26s)
✔ [9307/9415] Built SafeLearning.CompleteFoundationsParameterizedConvexConsequences (21s)
✔ [9308/9415] Built SafeLearning.CompleteFiniteControlledPathMeasure (25s)
⚠ [9309/9415] Built SafeLearning.CompleteModulesSLLCorollaries (24s)
warning: SafeLearning/CompleteModulesSLLCorollaries.lean:40:15: `if_true` has been deprecated: Use `ite_true` instead
✔ [9310/9415] Built SafeLearning.CompleteFoundationsSequentialLogDet (27s)
✔ [9311/9415] Built SafeLearning.CompleteFiniteCMDPActiveFlow (29s)
✔ [9312/9415] Built SafeLearning.CompleteBarrierDomainControl (23s)
✔ [9313/9415] Built SafeLearning.CompletePolicyMetricPrices (33s)
⚠ [9314/9415] Built SafeLearning.CompleteModulesAOL (27s)
warning: SafeLearning/CompleteModulesAOL.lean:19:0: automatically included section variable(s) unused in theorem `SafeLearning.CompleteModulesAOL.actual_inverse_square_root_diagonal_is_symmetric`:
  [Fintype N]
consider restructuring your `variable` declarations so that the variables are not in scope or explicitly omit them:
  omit [Fintype N] in theorem ...

Note: This linter can be disabled with `set_option linter.unusedSectionVars false`
warning: SafeLearning/CompleteModulesAOL.lean:34:37: `if_true` has been deprecated: Use `ite_true` instead
warning: SafeLearning/CompleteModulesAOL.lean:37:10: This simp argument is unused:
  Matrix.diagonal_apply

Hint: Omit it from the simp argument list.
  [apply] simp [Matrix.one_apply, he]

Note: This linter can be disabled with `set_option linter.unusedSimpArgs false`
warning: SafeLearning/CompleteModulesAOL.lean:37:32: This simp argument is unused:
  Matrix.one_apply

Hint: Omit it from the simp argument list.
  [apply] simp [Matrix.diagonal_apply, he]

Note: This linter can be disabled with `set_option linter.unusedSimpArgs false`
⚠ [9315/9415] Built SafeLearning.CompleteModulesSandwichLMI (25s)
warning: SafeLearning/CompleteModulesSandwichLMI.lean:19:2: Try this: 
  letI̵

The goal is a proposition, so `let` is preferred over `letI`.
The difference between `let` and `letI` is that `letI` inlines the value.
But this is not relevant for proofs because of proof irrelevance.

Note: This linter can be disabled with `set_option linter.style.haveILetI false`
warning: SafeLearning/CompleteModulesSandwichLMI.lean:31:2: Try this: 
  letI̵

The goal is a proposition, so `let` is preferred over `letI`.
The difference between `let` and `letI` is that `letI` inlines the value.
But this is not relevant for proofs because of proof irrelevance.

Note: This linter can be disabled with `set_option linter.style.haveILetI false`
warning: SafeLearning/CompleteModulesSandwichLMI.lean:26:0: automatically included section variable(s) unused in theorem `SafeLearning.CompleteModulesSandwichLMI.actual_unit_gamma_lipsdp_iff_source_schur`:
  [DecidableEq O]
consider restructuring your `variable` declarations so that the variables are not in scope or explicitly omit them:
  omit [DecidableEq O] in theorem ...

Note: This linter can be disabled with `set_option linter.unusedSectionVars false`
warning: SafeLearning/CompleteModulesSandwichLMI.lean:46:53: This simp argument is unused:
  Matrix.inv_def

Hint: Omit it from the simp argument list.
  [apply] simp

Note: This linter can be disabled with `set_option linter.unusedSimpArgs false`
warning: SafeLearning/CompleteModulesSandwichLMI.lean:41:59: Used `tac1 <;> tac2` where `(tac1; tac2)` would suffice

Note: This linter can be disabled with `set_option linter.unnecessarySeqFocus false`
✔ [9316/9415] Built SafeLearning.CompleteModulesTanhChords (25s)
⚠ [9317/9415] Built SafeLearning.CompleteModulesNormalizationStatistics (24s)
warning: SafeLearning/CompleteModulesNormalizationStatistics.lean:43:69: This simp argument is unused:
  ← WithLp.toLp_sub

Hint: Omit it from the simp argument list.
  [apply] simp [actualEuclideanFinalLayer, actualHalfLastLayer, dist_eq_norm, Matrix.smul_mulVec, WithLp.toLp_smul,
    ← smul_sub, norm_smul, Real.norm_eq_abs]

Note: Simp arguments with `←` have the additional effect of removing the other direction from the simp set, even if the simp argument itself is unused. If the hint above does not work, try replacing `←` with `-` to only get that effect and silence this warning.

Note: This linter can be disabled with `set_option linter.unusedSimpArgs false`
warning: SafeLearning/CompleteModulesNormalizationStatistics.lean:44:63: This simp argument is unused:
  Real.norm_eq_abs

Hint: Omit it from the simp argument list.
  [apply] simp [actualEuclideanFinalLayer, actualHalfLastLayer, dist_eq_norm, ← WithLp.toLp_sub, Matrix.smul_mulVec,
    WithLp.toLp_smul, ← smul_sub, norm_smul]

Note: This linter can be disabled with `set_option linter.unusedSimpArgs false`
⚠ [9318/9415] Built SafeLearning.CompleteModulesSandwichHalf (26s)
warning: SafeLearning/CompleteModulesSandwichHalf.lean:22:0: automatically included section variable(s) unused in theorem `SafeLearning.CompleteModulesSandwichHalf.actual_half_multiplier_is_half_of_full_multiplier`:
  [Fintype K]
consider restructuring your `variable` declarations so that the variables are not in scope or explicitly omit them:
  omit [Fintype K] in theorem ...

Note: This linter can be disabled with `set_option linter.unusedSectionVars false`
warning: SafeLearning/CompleteModulesSandwichHalf.lean:29:10: This simp argument is unused:
  actualHalfMultiplier

Hint: Omit it from the simp argument list.
  [apply] simp [actualSandwichMultiplier, he]

Note: This linter can be disabled with `set_option linter.unusedSimpArgs false`
warning: SafeLearning/CompleteModulesSandwichHalf.lean:29:31: This simp argument is unused:
  actualSandwichMultiplier

Hint: Omit it from the simp argument list.
  [apply] simp [actualHalfMultiplier, he]

Note: This linter can be disabled with `set_option linter.unusedSimpArgs false`
warning: SafeLearning/CompleteModulesSandwichHalf.lean:84:25: This simp argument is unused:
  Matrix.sub_mul

Hint: Omit it from the simp argument list.
  [apply] simp [Matrix.mul_sub, Matrix.mul_smul, Matrix.smul_mul, actualSandwichMultiplier, pow_two]

Note: This linter can be disabled with `set_option linter.unusedSimpArgs false`
warning: SafeLearning/CompleteModulesSandwichHalf.lean:84:40: This simp argument is unused:
  Matrix.mul_smul

Hint: Omit it from the simp argument list.
  [apply] simp [Matrix.mul_sub, Matrix.sub_mul, Matrix.smul_mul, actualSandwichMultiplier, pow_two]

Note: This linter can be disabled with `set_option linter.unusedSimpArgs false`
warning: SafeLearning/CompleteModulesSandwichHalf.lean:84:56: This simp argument is unused:
  Matrix.smul_mul

Hint: Omit it from the simp argument list.
  [apply] simp [Matrix.mul_sub, Matrix.sub_mul, Matrix.mul_smul, actualSandwichMultiplier, pow_two]

Note: This linter can be disabled with `set_option linter.unusedSimpArgs false`
warning: SafeLearning/CompleteModulesSandwichHalf.lean:84:72: This simp argument is unused:
  actualSandwichMultiplier

Hint: Omit it from the simp argument list.
  [apply] simp [Matrix.mul_sub, Matrix.sub_mul, Matrix.mul_smul, Matrix.smul_mul, pow_two]

Note: This linter can be disabled with `set_option linter.unusedSimpArgs false`
warning: SafeLearning/CompleteModulesSandwichHalf.lean:84:97: This simp argument is unused:
  pow_two

Hint: Omit it from the simp argument list.
  [apply] simp [Matrix.mul_sub, Matrix.sub_mul, Matrix.mul_smul, Matrix.smul_mul, actualSandwichMultiplier]

Note: This linter can be disabled with `set_option linter.unusedSimpArgs false`
warning: SafeLearning/CompleteModulesSandwichHalf.lean:86:25: This simp argument is unused:
  Matrix.sub_mul

Hint: Omit it from the simp argument list.
  [apply] simp [Matrix.mul_sub, Matrix.mul_smul, Matrix.smul_mul, actualSandwichMultiplier, he]

Note: This linter can be disabled with `set_option linter.unusedSimpArgs false`
warning: SafeLearning/CompleteModulesSandwichHalf.lean:86:40: This simp argument is unused:
  Matrix.mul_smul

Hint: Omit it from the simp argument list.
  [apply] simp [Matrix.mul_sub, Matrix.sub_mul, Matrix.smul_mul, actualSandwichMultiplier, he]

Note: This linter can be disabled with `set_option linter.unusedSimpArgs false`
warning: SafeLearning/CompleteModulesSandwichHalf.lean:86:56: This simp argument is unused:
  Matrix.smul_mul

Hint: Omit it from the simp argument list.
  [apply] simp [Matrix.mul_sub, Matrix.sub_mul, Matrix.mul_smul, actualSandwichMultiplier, he]

Note: This linter can be disabled with `set_option linter.unusedSimpArgs false`
warning: SafeLearning/CompleteModulesSandwichHalf.lean:86:72: This simp argument is unused:
  actualSandwichMultiplier

Hint: Omit it from the simp argument list.
  [apply] simp [Matrix.mul_sub, Matrix.sub_mul, Matrix.mul_smul, Matrix.smul_mul, he]

Note: This linter can be disabled with `set_option linter.unusedSimpArgs false`
✔ [9319/9415] Built SafeLearning.CompleteModulesScalarActivation (27s)
⚠ [9320/9415] Built SafeLearning.CompleteModulesGeneralMargin (23s)
warning: SafeLearning/CompleteModulesGeneralMargin.lean:37:0: automatically included section variable(s) unused in theorem `SafeLearning.CompleteModulesGeneralMargin.actual_arbitrary_gap_radius_preserves_class_pair_order`:
  [Fintype O]
  [DecidableEq O]
consider restructuring your `variable` declarations so that the variables are not in scope or explicitly omit them:
  omit [Fintype O] [DecidableEq O] in theorem ...

Note: This linter can be disabled with `set_option linter.unusedSectionVars false`
warning: SafeLearning/CompleteModulesGeneralMargin.lean:101:0: automatically included section variable(s) unused in theorem `SafeLearning.CompleteModulesGeneralMargin.actual_zero_gap_gain_preserves_class_pair_everywhere`:
  [Fintype O]
  [DecidableEq O]
  [PseudoMetricSpace X]
consider restructuring your `variable` declarations so that the variables are not in scope or explicitly omit them:
  omit [Fintype O] [DecidableEq O] [PseudoMetricSpace X] in theorem ...

Note: This linter can be disabled with `set_option linter.unusedSectionVars false`
✔ [9321/9415] Built SafeLearning.CompleteModulesPoolingCorollaries (24s)
✔ [9322/9415] Built SafeLearning.CompleteModulesPoolingQC (25s)
✔ [9323/9415] Built SafeLearning.CompleteModulesDynamicCascade (23s)
✔ [9324/9415] Built SafeLearning.CompleteModulesSourceClassification (25s)
⚠ [9325/9415] Built SafeLearning.CompletePolicyImportance (26s)
warning: SafeLearning/CompletePolicyImportance.lean:15:6: This simp argument is unused:
  Fin.sum_univ_zero

Hint: Omit it from the simp argument list.
  [apply] simp only [Fin.sum_univ_two, Matrix.cons_val_zero, Matrix.cons_val_one, add_zero]

Note: This linter can be disabled with `set_option linter.unusedSimpArgs false`
warning: SafeLearning/CompletePolicyImportance.lean:15:25: This simp argument is unused:
  add_zero

Hint: Omit it from the simp argument list.
  [apply] simp only [Fin.sum_univ_two, Matrix.cons_val_zero, Matrix.cons_val_one, Fin.sum_univ_zero]

Note: This linter can be disabled with `set_option linter.unusedSimpArgs false`
warning: SafeLearning/CompletePolicyImportance.lean:28:25: This simp argument is unused:
  Fin.sum_univ_zero

Hint: Omit it from the simp argument list.
  [apply] simp only [binaryLaw, PMF.ofFintype_apply, Fin.sum_univ_two, Matrix.cons_val_zero, Matrix.cons_val_one,
    add_zero]

Note: This linter can be disabled with `set_option linter.unusedSimpArgs false`
warning: SafeLearning/CompletePolicyImportance.lean:28:44: This simp argument is unused:
  add_zero

Hint: Omit it from the simp argument list.
  [apply] simp only [binaryLaw, PMF.ofFintype_apply, Fin.sum_univ_two, Matrix.cons_val_zero, Matrix.cons_val_one,
    Fin.sum_univ_zero]

Note: This linter can be disabled with `set_option linter.unusedSimpArgs false`
✔ [9326/9415] Built SafeLearning.CompleteModulesLandscapeEpisodeCounts (25s)
⚠ [9327/9415] Built SafeLearning.CompleteModulesLandscapeRareSpike (27s)
warning: SafeLearning/CompleteModulesLandscapeRareSpike.lean:57:10: This simp argument is unused:
  PMF.toOuterMeasure_ofFintype_apply

Hint: Omit it from the simp argument list.
  [apply] simp [tsum_fintype, peakLaw, sourcePeak, Fin.sum_univ_succ, Set.indicator, h59, not_le.mpr h59, h109]

Note: This linter can be disabled with `set_option linter.unusedSimpArgs false`
warning: SafeLearning/CompleteModulesLandscapeRareSpike.lean:57:45: This simp argument is unused:
  tsum_fintype

Hint: Omit it from the simp argument list.
  [apply] simp [PMF.toOuterMeasure_ofFintype_apply, peakLaw, sourcePeak, Fin.sum_univ_succ, Set.indicator, h59,
    not_le.mpr h59, h109]

Note: This linter can be disabled with `set_option linter.unusedSimpArgs false`
warning: SafeLearning/CompleteModulesLandscapeRareSpike.lean:60:12: This simp argument is unused:
  PMF.toOuterMeasure_ofFintype_apply

Hint: Omit it from the simp argument list.
  [apply] simp [tsum_fintype, peakLaw, sourcePeak, Fin.sum_univ_succ, Set.indicator, h59, le_of_not_gt h59, h109,
    not_le.mpr h109]

Note: This linter can be disabled with `set_option linter.unusedSimpArgs false`
warning: SafeLearning/CompleteModulesLandscapeRareSpike.lean:60:47: This simp argument is unused:
  tsum_fintype

Hint: Omit it from the simp argument list.
  [apply] simp [PMF.toOuterMeasure_ofFintype_apply, peakLaw, sourcePeak, Fin.sum_univ_succ, Set.indicator, h59,
    le_of_not_gt h59, h109, not_le.mpr h109]

Note: This linter can be disabled with `set_option linter.unusedSimpArgs false`
warning: SafeLearning/CompleteModulesLandscapeRareSpike.lean:70:15: `Set.mem_setOf_eq` has been deprecated: Use `Set.mem_ofPred_eq` instead
warning: SafeLearning/CompleteModulesLandscapeRareSpike.lean:71:65: this tactic is never executed

Note: This linter can be disabled with `set_option linter.unreachableTactic false`
warning: SafeLearning/CompleteModulesLandscapeRareSpike.lean:71:65: Unused tactic linter: `norm_num at h` does nothing

Note: This linter can be disabled with `set_option linter.unusedTactic false`
✔ [9328/9415] Built SafeLearning.CompleteAppliedSplitRelu (28s)
✔ [9329/9415] Built SafeLearning.CompleteModulesOverlappingPool (31s)
⚠ [9330/9415] Built SafeLearning.CompleteAppliedTwoAtomRisk (28s)
warning: SafeLearning/CompleteAppliedTwoAtomRisk.lean:13:6: This simp argument is unused:
  Fin.sum_univ_zero

Hint: Omit it from the simp argument list.
  [apply] simp only [Fin.sum_univ_two, Matrix.cons_val_zero, Matrix.cons_val_one, add_zero]

Note: This linter can be disabled with `set_option linter.unusedSimpArgs false`
warning: SafeLearning/CompleteAppliedTwoAtomRisk.lean:13:24: This simp argument is unused:
  add_zero

Hint: Omit it from the simp argument list.
  [apply] simp only [Fin.sum_univ_two, Matrix.cons_val_zero, Matrix.cons_val_one, Fin.sum_univ_zero]

Note: This linter can be disabled with `set_option linter.unusedSimpArgs false`
warning: SafeLearning/CompleteAppliedTwoAtomRisk.lean:25:24: This simp argument is unused:
  Fin.sum_univ_zero

Hint: Omit it from the simp argument list.
  [apply] simp only [costLaw, PMF.ofFintype_apply, Fin.sum_univ_two, Matrix.cons_val_zero, Matrix.cons_val_one,
    add_zero]

Note: This linter can be disabled with `set_option linter.unusedSimpArgs false`
warning: SafeLearning/CompleteAppliedTwoAtomRisk.lean:25:42: This simp argument is unused:
  add_zero

Hint: Omit it from the simp argument list.
  [apply] simp only [costLaw, PMF.ofFintype_apply, Fin.sum_univ_two, Matrix.cons_val_zero, Matrix.cons_val_one,
    Fin.sum_univ_zero]

Note: This linter can be disabled with `set_option linter.unusedSimpArgs false`
warning: SafeLearning/CompleteAppliedTwoAtomRisk.lean:50:49: `Set.mem_setOf_eq` has been deprecated: Use `Set.mem_ofPred_eq` instead
warning: SafeLearning/CompleteAppliedTwoAtomRisk.lean:51:40: `if_pos` has been deprecated: Use `ite_eq_left` instead
warning: SafeLearning/CompleteAppliedTwoAtomRisk.lean:51:47: `if_neg` has been deprecated: Use `ite_eq_right` instead
warning: SafeLearning/CompleteAppliedTwoAtomRisk.lean:42:10: This simp argument is unused:
  PMF.toOuterMeasure_ofFintype_apply

Hint: Omit it from the simp argument list.
  [apply] simp [tsum_fintype, costLaw, costValue, Fin.sum_univ_two, Set.indicator, hz, not_le.mpr hz, hc]

Note: This linter can be disabled with `set_option linter.unusedSimpArgs false`
warning: SafeLearning/CompleteAppliedTwoAtomRisk.lean:42:45: This simp argument is unused:
  tsum_fintype

Hint: Omit it from the simp argument list.
  [apply] simp [PMF.toOuterMeasure_ofFintype_apply, costLaw, costValue, Fin.sum_univ_two, Set.indicator, hz,
    not_le.mpr hz, hc]

Note: This linter can be disabled with `set_option linter.unusedSimpArgs false`
warning: SafeLearning/CompleteAppliedTwoAtomRisk.lean:45:12: This simp argument is unused:
  PMF.toOuterMeasure_ofFintype_apply

Hint: Omit it from the simp argument list.
  [apply] simp [tsum_fintype, costLaw, costValue, Fin.sum_univ_two, Set.indicator, hz, le_of_not_gt hz, hc,
    not_le.mpr hc, ENNReal.toReal_ofReal (sub_nonneg.mpr q.2.2)]

Note: This linter can be disabled with `set_option linter.unusedSimpArgs false`
warning: SafeLearning/CompleteAppliedTwoAtomRisk.lean:45:47: This simp argument is unused:
  tsum_fintype

Hint: Omit it from the simp argument list.
  [apply] simp [PMF.toOuterMeasure_ofFintype_apply, costLaw, costValue, Fin.sum_univ_two, Set.indicator, hz,
    le_of_not_gt hz, hc, not_le.mpr hc, ENNReal.toReal_ofReal (sub_nonneg.mpr q.2.2)]

Note: This linter can be disabled with `set_option linter.unusedSimpArgs false`
warning: SafeLearning/CompleteAppliedTwoAtomRisk.lean:48:73: This simp argument is unused:
  PMF.ofFintype_apply

Hint: Omit it from the simp argument list.
  [apply] simp only [PMF.toOuterMeasure_ofFintype_apply, tsum_fintype, costLaw, costValue, Fin.sum_univ_two,
    Matrix.cons_val_zero, Matrix.cons_val_one, Fin.sum_univ_zero, add_zero, Set.indicator, Set.mem_setOf_eq,
    le_of_not_gt hz, le_of_not_gt hc, if_pos, if_neg, hz, hc]

Note: This linter can be disabled with `set_option linter.unusedSimpArgs false`
warning: SafeLearning/CompleteAppliedTwoAtomRisk.lean:50:8: This simp argument is unused:
  Fin.sum_univ_zero

Hint: Omit it from the simp argument list.
  [apply] simp only [PMF.toOuterMeasure_ofFintype_apply, tsum_fintype, costLaw, PMF.ofFintype_apply, costValue,
    Fin.sum_univ_two, Matrix.cons_val_zero, Matrix.cons_val_one, add_zero, Set.indicator, Set.mem_setOf_eq,
    le_of_not_gt hz, le_of_not_gt hc, if_pos, if_neg, hz, hc]

Note: This linter can be disabled with `set_option linter.unusedSimpArgs false`
warning: SafeLearning/CompleteAppliedTwoAtomRisk.lean:50:26: This simp argument is unused:
  add_zero

Hint: Omit it from the simp argument list.
  [apply] simp only [PMF.toOuterMeasure_ofFintype_apply, tsum_fintype, costLaw, PMF.ofFintype_apply, costValue,
    Fin.sum_univ_two, Matrix.cons_val_zero, Matrix.cons_val_one, Fin.sum_univ_zero, Set.indicator, Set.mem_setOf_eq,
    le_of_not_gt hz, le_of_not_gt hc, if_pos, if_neg, hz, hc]

Note: This linter can be disabled with `set_option linter.unusedSimpArgs false`
warning: SafeLearning/CompleteAppliedTwoAtomRisk.lean:51:47: This simp argument is unused:
  if_neg

Hint: Omit it from the simp argument list.
  [apply] simp only [PMF.toOuterMeasure_ofFintype_apply, tsum_fintype, costLaw, PMF.ofFintype_apply, costValue,
    Fin.sum_univ_two, Matrix.cons_val_zero, Matrix.cons_val_one, Fin.sum_univ_zero, add_zero, Set.indicator,
    Set.mem_setOf_eq, le_of_not_gt hz, le_of_not_gt hc, if_pos, hz, hc]

Note: This linter can be disabled with `set_option linter.unusedSimpArgs false`
warning: SafeLearning/CompleteAppliedTwoAtomRisk.lean:59:15: `Set.mem_setOf_eq` has been deprecated: Use `Set.mem_ofPred_eq` instead
warning: SafeLearning/CompleteAppliedTwoAtomRisk.lean:67:15: `Set.mem_setOf_eq` has been deprecated: Use `Set.mem_ofPred_eq` instead
⚠ [9331/9415] Built SafeLearning.CompleteAppliedIIDProducts (26s)
warning: SafeLearning/CompleteAppliedIIDProducts.lean:41:8: This simp argument is unused:
  bernoulliMeasure_real_apply

Hint: Omit it from the simp argument list.
  [apply] simp [unitInterval.coe_symm_eq]

Note: This linter can be disabled with `set_option linter.unusedSimpArgs false`
warning: SafeLearning/CompleteAppliedIIDProducts.lean:41:36: This simp argument is unused:
  unitInterval.coe_symm_eq

Hint: Omit it from the simp argument list.
  [apply] simp [bernoulliMeasure_real_apply]

Note: This linter can be disabled with `set_option linter.unusedSimpArgs false`
⚠ [9332/9415] Built SafeLearning.CompleteAppliedTailRisk (32s)
warning: SafeLearning/CompleteAppliedTailRisk.lean:31:10: This simp argument is unused:
  PMF.toOuterMeasure_ofFintype_apply

Hint: Omit it from the simp argument list.
  [apply] simp [tsum_fintype, lossLaw, lossValue, Fin.sum_univ_succ, Set.indicator, h0, not_le.mpr h0, h10, h100]

Note: This linter can be disabled with `set_option linter.unusedSimpArgs false`
warning: SafeLearning/CompleteAppliedTailRisk.lean:31:45: This simp argument is unused:
  tsum_fintype

Hint: Omit it from the simp argument list.
  [apply] simp [PMF.toOuterMeasure_ofFintype_apply, lossLaw, lossValue, Fin.sum_univ_succ, Set.indicator, h0,
    not_le.mpr h0, h10, h100]

Note: This linter can be disabled with `set_option linter.unusedSimpArgs false`
warning: SafeLearning/CompleteAppliedTailRisk.lean:35:12: This simp argument is unused:
  PMF.toOuterMeasure_ofFintype_apply

Hint: Omit it from the simp argument list.
  [apply] simp [tsum_fintype, lossLaw, lossValue, Fin.sum_univ_succ, Set.indicator, h0, le_of_not_gt h0, h10,
    not_le.mpr h10, h100]

Note: This linter can be disabled with `set_option linter.unusedSimpArgs false`
warning: SafeLearning/CompleteAppliedTailRisk.lean:35:47: This simp argument is unused:
  tsum_fintype

Hint: Omit it from the simp argument list.
  [apply] simp [PMF.toOuterMeasure_ofFintype_apply, lossLaw, lossValue, Fin.sum_univ_succ, Set.indicator, h0,
    le_of_not_gt h0, h10, not_le.mpr h10, h100]

Note: This linter can be disabled with `set_option linter.unusedSimpArgs false`
warning: SafeLearning/CompleteAppliedTailRisk.lean:55:15: `Set.mem_setOf_eq` has been deprecated: Use `Set.mem_ofPred_eq` instead
warning: SafeLearning/CompleteAppliedTailRisk.lean:59:15: `Set.mem_setOf_eq` has been deprecated: Use `Set.mem_ofPred_eq` instead
warning: SafeLearning/CompleteAppliedTailRisk.lean:63:15: `Set.mem_setOf_eq` has been deprecated: Use `Set.mem_ofPred_eq` instead
warning: SafeLearning/CompleteAppliedTailRisk.lean:56:65: this tactic is never executed

Note: This linter can be disabled with `set_option linter.unreachableTactic false`
warning: SafeLearning/CompleteAppliedTailRisk.lean:60:65: this tactic is never executed

Note: This linter can be disabled with `set_option linter.unreachableTactic false`
warning: SafeLearning/CompleteAppliedTailRisk.lean:64:65: this tactic is never executed

Note: This linter can be disabled with `set_option linter.unreachableTactic false`
warning: SafeLearning/CompleteAppliedTailRisk.lean:56:65: Unused tactic linter: `norm_num at h` does nothing

Note: This linter can be disabled with `set_option linter.unusedTactic false`
warning: SafeLearning/CompleteAppliedTailRisk.lean:60:65: Unused tactic linter: `norm_num at h` does nothing

Note: This linter can be disabled with `set_option linter.unusedTactic false`
warning: SafeLearning/CompleteAppliedTailRisk.lean:64:65: Unused tactic linter: `norm_num at h` does nothing

Note: This linter can be disabled with `set_option linter.unusedTactic false`
⚠ [9333/9415] Built SafeLearning.CompleteAppliedBaselines (30s)
warning: SafeLearning/CompleteAppliedBaselines.lean:167:15: This simp argument is unused:
  Pi.add_apply

Hint: Omit it from the simp argument list.
  [apply] simp only [Pi.sub_apply, Pi.pow_apply, id_eq]

Note: This linter can be disabled with `set_option linter.unusedSimpArgs false`
warning: SafeLearning/CompleteAppliedBaselines.lean:167:43: This simp argument is unused:
  Pi.pow_apply

Hint: Omit it from the simp argument list.
  [apply] simp only [Pi.add_apply, Pi.sub_apply, id_eq]

Note: This linter can be disabled with `set_option linter.unusedSimpArgs false`
warning: SafeLearning/CompleteAppliedBaselines.lean:188:79: Used `tac1 <;> tac2` where `(tac1; tac2)` would suffice

Note: This linter can be disabled with `set_option linter.unnecessarySeqFocus false`
warning: SafeLearning/CompleteAppliedBaselines.lean:202:12: This simp argument is unused:
  sq_eq_zero_iff

Hint: Omit it from the simp argument list.
  [apply] simp [hp, sub_eq_zero]

Note: This linter can be disabled with `set_option linter.unusedSimpArgs false`
warning: SafeLearning/CompleteAppliedBaselines.lean:219:17: this tactic is never executed

Note: This linter can be disabled with `set_option linter.unreachableTactic false`
warning: SafeLearning/CompleteAppliedBaselines.lean:219:17: Unused tactic linter: `ring` does nothing

Note: This linter can be disabled with `set_option linter.unusedTactic false`
✔ [9334/9415] Built SafeLearning.CompleteModulesSLLSpectral (37s)
✔ [9335/9415] Built SafeLearning.CompleteAppliedAlarmModel (29s)
⚠ [9336/9415] Built SafeLearning.CompleteAppliedScalarTrajectories (28s)
warning: SafeLearning/CompleteAppliedScalarTrajectories.lean:113:6: Unused tactic linter: `change -2 * (1 - x t) ≤ -u t` does nothing

Note: This linter can be disabled with `set_option linter.unusedTactic false`
✔ [9337/9415] Built SafeLearning.CompleteModulesThermalMaxima (24s)
✔ [9338/9415] Built SafeLearning.CompleteModulesGeneralFiniteKernel (25s)
⚠ [9339/9415] Built SafeLearning.CompleteBarrierISSf (25s)
warning: SafeLearning/CompleteBarrierISSf.lean:29:69: Used `tac1 <;> tac2` where `(tac1; tac2)` would suffice

Note: This linter can be disabled with `set_option linter.unnecessarySeqFocus false`
warning: SafeLearning/CompleteBarrierISSf.lean:30:16: Used `tac1 <;> tac2` where `(tac1; tac2)` would suffice

Note: This linter can be disabled with `set_option linter.unnecessarySeqFocus false`
warning: SafeLearning/CompleteBarrierISSf.lean:30:35: Used `tac1 <;> tac2` where `(tac1; tac2)` would suffice

Note: This linter can be disabled with `set_option linter.unnecessarySeqFocus false`
warning: SafeLearning/CompleteBarrierISSf.lean:30:6: Unused tactic linter: `(try rfl)` does nothing

Note: This linter can be disabled with `set_option linter.unusedTactic false`
⚠ [9340/9415] Built SafeLearning.CompleteAppliedValidation (32s)
warning: SafeLearning/CompleteAppliedValidation.lean:47:15: `Set.mem_setOf_eq` has been deprecated: Use `Set.mem_ofPred_eq` instead
warning: SafeLearning/CompleteAppliedValidation.lean:108:25: this tactic is never executed

Note: This linter can be disabled with `set_option linter.unreachableTactic false`
warning: SafeLearning/CompleteAppliedValidation.lean:108:25: Unused tactic linter: `norm_num` does nothing

Note: This linter can be disabled with `set_option linter.unusedTactic false`
warning: SafeLearning/CompleteAppliedValidation.lean:173:29: `Set.mem_setOf_eq` has been deprecated: Use `Set.mem_ofPred_eq` instead
✔ [9341/9415] Built SafeLearning.CompleteAppliedValidationNumbers (32s)
⚠ [9342/9415] Built SafeLearning.CompleteExponentialBarrier (26s)
warning: SafeLearning/CompleteExponentialBarrier.lean:30:53: This simp argument is unused:
  mulVec

Hint: Omit it from the simp argument list.
  [apply] simp [companion, eta, inputVector, dotProduct, Fin.sum_univ_two]

Note: This linter can be disabled with `set_option linter.unusedSimpArgs false`
warning: SafeLearning/CompleteExponentialBarrier.lean:30:61: This simp argument is unused:
  dotProduct

Hint: Omit it from the simp argument list.
  [apply] simp [companion, eta, inputVector, mulVec, Fin.sum_univ_two]

Note: This linter can be disabled with `set_option linter.unusedSimpArgs false`
warning: SafeLearning/CompleteExponentialBarrier.lean:30:73: This simp argument is unused:
  Fin.sum_univ_two

Hint: Omit it from the simp argument list.
  [apply] simp [companion, eta, inputVector, mulVec, dotProduct]

Note: This linter can be disabled with `set_option linter.unusedSimpArgs false`
⚠ [9343/9415] Built SafeLearning.CompleteBarrierExamples (30s)
warning: SafeLearning/CompleteBarrierExamples.lean:34:29: this tactic is never executed

Note: This linter can be disabled with `set_option linter.unreachableTactic false`
warning: SafeLearning/CompleteBarrierExamples.lean:34:29: Unused tactic linter: `ring` does nothing

Note: This linter can be disabled with `set_option linter.unusedTactic false`
warning: SafeLearning/CompleteBarrierExamples.lean:42:13: `Set.mem_setOf_eq` has been deprecated: Use `Set.mem_ofPred_eq` instead
warning: SafeLearning/CompleteBarrierExamples.lean:52:13: `Set.mem_setOf_eq` has been deprecated: Use `Set.mem_ofPred_eq` instead
warning: SafeLearning/CompleteBarrierExamples.lean:59:13: `Set.mem_setOf_eq` has been deprecated: Use `Set.mem_ofPred_eq` instead
warning: SafeLearning/CompleteBarrierExamples.lean:95:29: this tactic is never executed

Note: This linter can be disabled with `set_option linter.unreachableTactic false`
warning: SafeLearning/CompleteBarrierExamples.lean:95:29: Unused tactic linter: `ring` does nothing

Note: This linter can be disabled with `set_option linter.unusedTactic false`
✔ [9344/9415] Built SafeLearning.CompleteLyapunovValidationNumbers (35s)
⚠ [9345/9415] Built SafeLearning.CompleteFiniteControlledPathMeasureLaws (27s)
warning: SafeLearning/CompleteFiniteControlledPathMeasureLaws.lean:57:22: This simp argument is unused:
  PMF.ofFintype_apply

Hint: Omit it from the simp argument list.
  [apply] simp only [stepPMF]

Note: This linter can be disabled with `set_option linter.unusedSimpArgs false`
⚠ [9346/9415] Built SafeLearning.CompleteFoundationsNormMaterial (28s)
warning: SafeLearning/CompleteFoundationsNormMaterial.lean:39:28: This simp argument is unused:
  Pi.single_apply

Hint: Omit it from the simp argument list.
  [apply] simp [hij]

Note: This linter can be disabled with `set_option linter.unusedSimpArgs false`
warning: SafeLearning/CompleteFoundationsNormMaterial.lean:70:0: automatically included section variable(s) unused in theorem `SafeLearning.CompleteFoundationsNormMaterial.actual_stacked_infinity_norm`:
  [DecidableEq n]
  [DecidableEq m]
consider restructuring your `variable` declarations so that the variables are not in scope or explicitly omit them:
  omit [DecidableEq n] [DecidableEq m] in theorem ...

Note: This linter can be disabled with `set_option linter.unusedSectionVars false`
⚠ [9347/9415] Built SafeLearning.CompleteFoundationsTemporalLogDet (27s)
warning: SafeLearning/CompleteFoundationsTemporalLogDet.lean:25:0: automatically included section variable(s) unused in theorem `SafeLearning.CompleteFoundationsTemporalLogDet.actual_temporal_feature_gram_is_the_cumulative_outer_sum`:
  [Fintype feature]
  [DecidableEq feature]
consider restructuring your `variable` declarations so that the variables are not in scope or explicitly omit them:
  omit [Fintype feature] [DecidableEq feature] in theorem ...

Note: This linter can be disabled with `set_option linter.unusedSectionVars false`
warning: SafeLearning/CompleteFoundationsTemporalLogDet.lean:39:0: automatically included section variable(s) unused in theorem `SafeLearning.CompleteFoundationsTemporalLogDet.actual_temporal_covariance_update`:
  [Fintype feature]
consider restructuring your `variable` declarations so that the variables are not in scope or explicitly omit them:
  omit [Fintype feature] in theorem ...

Note: This linter can be disabled with `set_option linter.unusedSectionVars false`
warning: SafeLearning/CompleteFoundationsTemporalLogDet.lean:45:0: automatically included section variable(s) unused in theorem `SafeLearning.CompleteFoundationsTemporalLogDet.actual_temporal_initial_covariance`:
  [Fintype feature]
consider restructuring your `variable` declarations so that the variables are not in scope or explicitly omit them:
  omit [Fintype feature] in theorem ...

Note: This linter can be disabled with `set_option linter.unusedSectionVars false`
warning: SafeLearning/CompleteFoundationsTemporalLogDet.lean:108:70: Used `tac1 <;> tac2` where `(tac1; tac2)` would suffice

Note: This linter can be disabled with `set_option linter.unnecessarySeqFocus false`
warning: SafeLearning/CompleteFoundationsTemporalLogDet.lean:125:16: Used `tac1 <;> tac2` where `(tac1; tac2)` would suffice

Note: This linter can be disabled with `set_option linter.unnecessarySeqFocus false`
⚠ [9348/9415] Built SafeLearning.CompletePolicyMixing (30s)
warning: SafeLearning/CompletePolicyMixing.lean:135:54: Variable name `hp` is not explicitly referenced.

Hint: The binding can be removed (if unused) or named `_` (if used implicitly). Alternatively, prefix the name with `_` to silence this warning:
  [apply] _hp

Note: This linter can be disabled with `set_option linter.unusedVariables false`
⚠ [9349/9415] Built SafeLearning.CompleteFiniteCMDPVertexClassification (24s)
warning: SafeLearning/CompleteFiniteCMDPVertexClassification.lean:73:0: automatically included section variable(s) unused in theorem `SafeLearning.CompleteFiniteCMDPVertexClassification.actual_positive_row_has_positive_action`:
  [Fintype S]
consider restructuring your `variable` declarations so that the variables are not in scope or explicitly omit them:
  omit [Fintype S] in theorem ...

Note: This linter can be disabled with `set_option linter.unusedSectionVars false`
warning: SafeLearning/CompleteFiniteCMDPVertexClassification.lean:110:4: Try this: 
  letI̵

The goal is a proposition, so `let` is preferred over `letI`.
The difference between `let` and `letI` is that `letI` inlines the value.
But this is not relevant for proofs because of proof irrelevance.

Note: This linter can be disabled with `set_option linter.style.haveILetI false`
warning: SafeLearning/CompleteFiniteCMDPVertexClassification.lean:120:2: Try this: 
  letI̵

The goal is a proposition, so `let` is preferred over `letI`.
The difference between `let` and `letI` is that `letI` inlines the value.
But this is not relevant for proofs because of proof irrelevance.

Note: This linter can be disabled with `set_option linter.style.haveILetI false`
warning: SafeLearning/CompleteFiniteCMDPVertexClassification.lean:128:20: `dif_pos` has been deprecated: Use `dite_eq_left` instead
✔ [9350/9415] Built SafeLearning.CompleteModulesTanhAsymptotic (24s)
⚠ [9351/9415] Built SafeLearning.CompletePolicyLagrangianPrices (28s)
warning: SafeLearning/CompletePolicyLagrangianPrices.lean:44:64: Used `tac1 <;> tac2` where `(tac1; tac2)` would suffice

Note: This linter can be disabled with `set_option linter.unnecessarySeqFocus false`
⚠ [9352/9415] Built SafeLearning.CompleteModulesTanhNumerics (28s)
warning: SafeLearning/CompleteModulesTanhNumerics.lean:15:17: this tactic is never executed

Note: This linter can be disabled with `set_option linter.unreachableTactic false`
warning: SafeLearning/CompleteModulesTanhNumerics.lean:15:17: Unused tactic linter: `ring` does nothing

Note: This linter can be disabled with `set_option linter.unusedTactic false`
⚠ [9353/9415] Built SafeLearning.CompleteModulesMarginCorollaries (23s)
warning: SafeLearning/CompleteModulesMarginCorollaries.lean:12:0: automatically included section variable(s) unused in theorem `SafeLearning.CompleteModulesMarginCorollaries.actual_uniform_pair_radius_equals_global_margin_radius`:
  [Fintype O]
  [DecidableEq O]
  [PseudoMetricSpace X]
consider restructuring your `variable` declarations so that the variables are not in scope or explicitly omit them:
  omit [Fintype O] [DecidableEq O] [PseudoMetricSpace X] in theorem ...

Note: This linter can be disabled with `set_option linter.unusedSectionVars false`
✔ [9354/9415] Built SafeLearning.CompleteModulesTanhRefinement (29s)
✔ [9355/9415] Built SafeLearning.CompleteModulesDynamicNetwork (22s)
✔ [9356/9415] Built SafeLearning.CompleteModulesNormalizedClassification (22s)
⚠ [9357/9415] Built SafeLearning.CompleteModulesSandwichConsequences (27s)
warning: SafeLearning/CompleteModulesSandwichConsequences.lean:16:0: automatically included section variable(s) unused in theorem `SafeLearning.CompleteModulesSandwichConsequences.actual_negative_definite_matrix_is_not_positive_semidefinite`:
  [Fintype K]
  [DecidableEq K]
consider restructuring your `variable` declarations so that the variables are not in scope or explicitly omit them:
  omit [Fintype K] [DecidableEq K] in theorem ...

Note: This linter can be disabled with `set_option linter.unusedSectionVars false`
warning: SafeLearning/CompleteModulesSandwichConsequences.lean:54:0: automatically included section variable(s) unused in theorem `SafeLearning.CompleteModulesSandwichConsequences.actual_unit_block_quadratic_is_energy_plus_qc`:
  [DecidableEq O]
consider restructuring your `variable` declarations so that the variables are not in scope or explicitly omit them:
  omit [DecidableEq O] in theorem ...

Note: This linter can be disabled with `set_option linter.unusedSectionVars false`
warning: SafeLearning/CompleteModulesSandwichConsequences.lean:67:50: This simp argument is unused:
  zero_mul

Hint: Omit it from the simp argument list.
  [apply] simp only [Matrix.fromCols_mulVec_sumElim, Matrix.zero_mulVec, Matrix.one_mulVec, add_zero, zero_add,
    squared_norm_of_coordinates, one_mul, zero_add, Matrix.mulVec_diagonal, dotProduct, Pi.sub_apply]

Note: This linter can be disabled with `set_option linter.unusedSimpArgs false`
warning: SafeLearning/CompleteModulesSandwichConsequences.lean:76:0: automatically included section variable(s) unused in theorem `SafeLearning.CompleteModulesSandwichConsequences.actual_unit_slope_activation_incremental_qc`:
  [DecidableEq I]
consider restructuring your `variable` declarations so that the variables are not in scope or explicitly omit them:
  omit [DecidableEq I] in theorem ...

Note: This linter can be disabled with `set_option linter.unusedSectionVars false`
✔ [9358/9415] Built SafeLearning.CompleteAppliedFiniteKL (23s)
✔ [9359/9415] Built SafeLearning.CompleteAppliedBaselineDegenerate (22s)
⚠ [9360/9415] Built SafeLearning.CompleteAppliedTailRiskSlopes (23s)
warning: SafeLearning/CompleteAppliedTailRiskSlopes.lean:51:28: this tactic is never executed

Note: This linter can be disabled with `set_option linter.unreachableTactic false`
warning: SafeLearning/CompleteAppliedTailRiskSlopes.lean:51:39: this tactic is never executed

Note: This linter can be disabled with `set_option linter.unreachableTactic false`
warning: SafeLearning/CompleteAppliedTailRiskSlopes.lean:51:28: Unused tactic linter: `norm_num` does nothing

Note: This linter can be disabled with `set_option linter.unusedTactic false`
warning: SafeLearning/CompleteAppliedTailRiskSlopes.lean:51:39: Unused tactic linter: `(ext z; simp only [id_eq, Pi.neg_apply]; ring)` does nothing

Note: This linter can be disabled with `set_option linter.unusedTactic false`
warning: SafeLearning/CompleteAppliedTailRiskSlopes.lean:103:28: this tactic is never executed

Note: This linter can be disabled with `set_option linter.unreachableTactic false`
warning: SafeLearning/CompleteAppliedTailRiskSlopes.lean:103:39: this tactic is never executed

Note: This linter can be disabled with `set_option linter.unreachableTactic false`
warning: SafeLearning/CompleteAppliedTailRiskSlopes.lean:103:28: Unused tactic linter: `norm_num` does nothing

Note: This linter can be disabled with `set_option linter.unusedTactic false`
warning: SafeLearning/CompleteAppliedTailRiskSlopes.lean:103:39: Unused tactic linter: `(ext z; simp only [id_eq, Pi.neg_apply]; ring)` does nothing

Note: This linter can be disabled with `set_option linter.unusedTactic false`
⚠ [9361/9415] Built SafeLearning.CompleteModulesLandscapeTailAtom (25s)
warning: SafeLearning/CompleteModulesLandscapeTailAtom.lean:33:10: This simp argument is unused:
  PMF.toOuterMeasure_ofFintype_apply

Hint: Omit it from the simp argument list.
  [apply] simp [tsum_fintype, lossLaw, sourceCost, Fin.sum_univ_succ, Set.indicator, h0, not_le.mpr h0, h2, h10]

Note: This linter can be disabled with `set_option linter.unusedSimpArgs false`
warning: SafeLearning/CompleteModulesLandscapeTailAtom.lean:33:45: This simp argument is unused:
  tsum_fintype

Hint: Omit it from the simp argument list.
  [apply] simp [PMF.toOuterMeasure_ofFintype_apply, lossLaw, sourceCost, Fin.sum_univ_succ, Set.indicator, h0,
    not_le.mpr h0, h2, h10]

Note: This linter can be disabled with `set_option linter.unusedSimpArgs false`
warning: SafeLearning/CompleteModulesLandscapeTailAtom.lean:37:12: This simp argument is unused:
  PMF.toOuterMeasure_ofFintype_apply

Hint: Omit it from the simp argument list.
  [apply] simp [tsum_fintype, lossLaw, sourceCost, Fin.sum_univ_succ, Set.indicator, h0, le_of_not_gt h0, h2,
    not_le.mpr h2, h10]

Note: This linter can be disabled with `set_option linter.unusedSimpArgs false`
warning: SafeLearning/CompleteModulesLandscapeTailAtom.lean:37:47: This simp argument is unused:
  tsum_fintype

Hint: Omit it from the simp argument list.
  [apply] simp [PMF.toOuterMeasure_ofFintype_apply, lossLaw, sourceCost, Fin.sum_univ_succ, Set.indicator, h0,
    le_of_not_gt h0, h2, not_le.mpr h2, h10]

Note: This linter can be disabled with `set_option linter.unusedSimpArgs false`
warning: SafeLearning/CompleteModulesLandscapeTailAtom.lean:72:15: `Set.mem_setOf_eq` has been deprecated: Use `Set.mem_ofPred_eq` instead
warning: SafeLearning/CompleteModulesLandscapeTailAtom.lean:73:65: this tactic is never executed

Note: This linter can be disabled with `set_option linter.unreachableTactic false`
warning: SafeLearning/CompleteModulesLandscapeTailAtom.lean:73:65: Unused tactic linter: `norm_num at h` does nothing

Note: This linter can be disabled with `set_option linter.unusedTactic false`
✔ [9362/9415] Built SafeLearning.CompleteAppliedAlarmBatches (21s)
⚠ [9363/9415] Built SafeLearning.CompleteAppliedValidationTests (20s)
warning: SafeLearning/CompleteAppliedValidationTests.lean:90:16: `Set.iInter_setOf` has been deprecated: Use `Set.iInter_ofPred` instead
warning: SafeLearning/CompleteAppliedValidationTests.lean:95:51: `Set.mem_setOf_eq` has been deprecated: Use `Set.mem_ofPred_eq` instead
warning: SafeLearning/CompleteAppliedValidationTests.lean:103:50: `Set.mem_setOf_eq` has been deprecated: Use `Set.mem_ofPred_eq` instead
⚠ [9364/9415] Built SafeLearning.CompleteAppliedScalarODE (21s)
warning: SafeLearning/CompleteAppliedScalarODE.lean:16:115: Used `tac1 <;> tac2` where `(tac1; tac2)` would suffice

Note: This linter can be disabled with `set_option linter.unnecessarySeqFocus false`
warning: SafeLearning/CompleteAppliedScalarODE.lean:29:133: Used `tac1 <;> tac2` where `(tac1; tac2)` would suffice

Note: This linter can be disabled with `set_option linter.unnecessarySeqFocus false`
warning: SafeLearning/CompleteAppliedScalarODE.lean:123:27: Used `tac1 <;> tac2` where `(tac1; tac2)` would suffice

Note: This linter can be disabled with `set_option linter.unnecessarySeqFocus false`
✔ [9365/9415] Built SafeLearning.CompleteFiniteMarkovPathCorrespondence (18s)
✔ [9366/9415] Built SafeLearning.CompleteModulesLandscapeRobustRadius (29s)
⚠ [9367/9415] Built SafeLearning.CompleteExponentialBarrierConsequences (20s)
warning: SafeLearning/CompleteExponentialBarrierConsequences.lean:18:57: This simp argument is unused:
  Matrix.mul_apply

Hint: Omit it from the simp argument list.
  [apply] simp [companion, inputMatrix, gainRow, closedMatrix, Fin.sum_univ_succ]

Note: This linter can be disabled with `set_option linter.unusedSimpArgs false`
warning: SafeLearning/CompleteExponentialBarrierConsequences.lean:18:75: This simp argument is unused:
  Fin.sum_univ_succ

Hint: Omit it from the simp argument list.
  [apply] simp [companion, inputMatrix, gainRow, closedMatrix, Matrix.mul_apply]

Note: This linter can be disabled with `set_option linter.unusedSimpArgs false`
warning: SafeLearning/CompleteExponentialBarrierConsequences.lean:29:53: This simp argument is unused:
  mulVec

Hint: Omit it from the simp argument list.
  [apply] simp [companion, eta, inputMatrix, dotProduct, Fin.sum_univ_succ]

Note: This linter can be disabled with `set_option linter.unusedSimpArgs false`
warning: SafeLearning/CompleteExponentialBarrierConsequences.lean:29:61: This simp argument is unused:
  dotProduct

Hint: Omit it from the simp argument list.
  [apply] simp [companion, eta, inputMatrix, mulVec, Fin.sum_univ_succ]

Note: This linter can be disabled with `set_option linter.unusedSimpArgs false`
warning: SafeLearning/CompleteExponentialBarrierConsequences.lean:29:73: This simp argument is unused:
  Fin.sum_univ_succ

Hint: Omit it from the simp argument list.
  [apply] simp [companion, eta, inputMatrix, mulVec, dotProduct]

Note: This linter can be disabled with `set_option linter.unusedSimpArgs false`
warning: SafeLearning/CompleteExponentialBarrierConsequences.lean:36:22: `if_false` has been deprecated: Use `ite_false` instead
✔ [9368/9415] Built SafeLearning.CompleteLyapunovValidationConfidence (22s)
✔ [9369/9415] Built SafeLearning.CompleteExponentialBarrierSafety (21s)
✔ [9370/9415] Built SafeLearning.CompleteModulesTanhSharpBounds (18s)
⚠ [9371/9415] Built SafeLearning.CompleteModulesMarginDomain (16s)
warning: SafeLearning/CompleteModulesMarginDomain.lean:16:0: automatically included section variable(s) unused in theorem `SafeLearning.CompleteModulesMarginDomain.actual_nonnegative_logit_bound_can_be_replaced_by_positive_bound`:
  [DecidableEq O]
consider restructuring your `variable` declarations so that the variables are not in scope or explicitly omit them:
  omit [DecidableEq O] in theorem ...

Note: This linter can be disabled with `set_option linter.unusedSectionVars false`
warning: SafeLearning/CompleteModulesMarginDomain.lean:26:0: automatically included section variable(s) unused in theorem `SafeLearning.CompleteModulesMarginDomain.actual_nonnegative_pair_gap_bound_can_be_replaced_by_positive_bound`:
  [Fintype O]
  [DecidableEq O]
consider restructuring your `variable` declarations so that the variables are not in scope or explicitly omit them:
  omit [Fintype O] [DecidableEq O] in theorem ...

Note: This linter can be disabled with `set_option linter.unusedSectionVars false`
warning: SafeLearning/CompleteModulesMarginDomain.lean:38:0: automatically included section variable(s) unused in theorem `SafeLearning.CompleteModulesMarginDomain.actual_zero_pair_gap_bound_makes_gap_constant`:
  [Fintype O]
  [DecidableEq O]
  [PseudoMetricSpace X]
consider restructuring your `variable` declarations so that the variables are not in scope or explicitly omit them:
  omit [Fintype O] [DecidableEq O] [PseudoMetricSpace X] in theorem ...

Note: This linter can be disabled with `set_option linter.unusedSectionVars false`
✔ [9372/9415] Built SafeLearning.CompleteModulesFiniteDynamicNetwork (16s)
✔ [9373/9415] Built SafeLearning.CompleteModulesClassificationLevels (16s)
✔ [9374/9415] Built SafeLearning.CompleteAppliedFiniteKLSupport (17s)
✔ [9375/9415] Built SafeLearning.CompleteModulesTanhLocalNumerics (22s)
⚠ [9376/9415] Built SafeLearning.CompleteAppliedTailRiskOptima (17s)
warning: SafeLearning/CompleteAppliedTailRiskOptima.lean:40:23: Used `tac1 <;> tac2` where `(tac1; tac2)` would suffice

Note: This linter can be disabled with `set_option linter.unnecessarySeqFocus false`
warning: SafeLearning/CompleteAppliedTailRiskOptima.lean:59:23: Used `tac1 <;> tac2` where `(tac1; tac2)` would suffice

Note: This linter can be disabled with `set_option linter.unnecessarySeqFocus false`
warning: SafeLearning/CompleteAppliedTailRiskOptima.lean:78:23: Used `tac1 <;> tac2` where `(tac1; tac2)` would suffice

Note: This linter can be disabled with `set_option linter.unnecessarySeqFocus false`
✔ [9377/9415] Built SafeLearning.CompleteAppliedScalarODEBridges (15s)
✔ [9378/9415] Built SafeLearning.CompleteAppliedAlarmPrecision (16s)
⚠ [9379/9415] Built SafeLearning.CompleteAppliedZeroConfidence (16s)
warning: SafeLearning/CompleteAppliedZeroConfidence.lean:83:16: `Set.iInter_setOf` has been deprecated: Use `Set.iInter_ofPred` instead
warning: SafeLearning/CompleteAppliedZeroConfidence.lean:97:17: `Set.mem_setOf_eq` has been deprecated: Use `Set.mem_ofPred_eq` instead
warning: SafeLearning/CompleteAppliedZeroConfidence.lean:107:18: `Set.iInter_setOf` has been deprecated: Use `Set.iInter_ofPred` instead
warning: SafeLearning/CompleteAppliedZeroConfidence.lean:111:17: `Set.mem_setOf_eq` has been deprecated: Use `Set.mem_ofPred_eq` instead
warning: SafeLearning/CompleteAppliedZeroConfidence.lean:161:39: Used `tac1 <;> tac2` where `(tac1; tac2)` would suffice

Note: This linter can be disabled with `set_option linter.unnecessarySeqFocus false`
⚠ [9380/9415] Built SafeLearning.CompleteFiniteHistoryPathLinearProgram (16s)
warning: SafeLearning/CompleteFiniteHistoryPathLinearProgram.lean:53:0: automatically included section variable(s) unused in theorem `SafeLearning.CompleteFiniteHistoryPathLinearProgram.actual_history_path_cost_feasible_iff`:
  [Fintype I]
consider restructuring your `variable` declarations so that the variables are not in scope or explicitly omit them:
  omit [Fintype I] in theorem ...

Note: This linter can be disabled with `set_option linter.unusedSectionVars false`
✔ [9381/9415] Built SafeLearning.CompleteAppliedScalarConsequences (16s)
⚠ [9382/9415] Built SafeLearning.CompleteAppliedInformation (20s)
warning: SafeLearning/CompleteAppliedInformation.lean:37:2: try 'simp' instead of 'simpa'

Note: This linter can be disabled with `set_option linter.unnecessarySimpa false`
warning: SafeLearning/CompleteAppliedInformation.lean:71:18: This simp argument is unused:
  PMF.toOuterMeasure_ofFintype_apply

Hint: Omit it from the simp argument list.
  [apply] simp [tsum_fintype, costLaw, Fin.sum_univ_two, Set.indicator, h0, h1,
    ENNReal.toReal_ofReal (sub_nonneg.mpr q.2.2), ENNReal.toReal_ofReal q.2.1]

Note: This linter can be disabled with `set_option linter.unusedSimpArgs false`
warning: SafeLearning/CompleteAppliedInformation.lean:71:53: This simp argument is unused:
  tsum_fintype

Hint: Omit it from the simp argument list.
  [apply] simp [PMF.toOuterMeasure_ofFintype_apply, costLaw, Fin.sum_univ_two, Set.indicator, h0, h1,
    ENNReal.toReal_ofReal (sub_nonneg.mpr q.2.2), ENNReal.toReal_ofReal q.2.1]

Note: This linter can be disabled with `set_option linter.unusedSimpArgs false`
✔ [9383/9415] Built SafeLearning.CompleteLyapunovTrajectoryValidation (16s)
✔ [9384/9415] Built SafeLearning.CompleteLyapunovAdaptiveValidation (16s)
⚠ [9385/9415] Built SafeLearning.CompleteModulesTanhFTCRefinement (10s)
warning: SafeLearning/CompleteModulesTanhFTCRefinement.lean:22:18: Variable name `hr` is not explicitly referenced.

Hint: The binding can be removed (if unused) or named `_` (if used implicitly). Alternatively, prefix the name with `_` to silence this warning:
  [apply] _hr

Note: This linter can be disabled with `set_option linter.unusedVariables false`
warning: SafeLearning/CompleteModulesTanhFTCRefinement.lean:31:23: Variable name `hs` is not explicitly referenced.

Hint: The binding can be removed (if unused) or named `_` (if used implicitly). Alternatively, prefix the name with `_` to silence this warning:
  [apply] _hs

Note: This linter can be disabled with `set_option linter.unusedVariables false`
✔ [9386/9415] Built SafeLearning.CompleteModulesTanhSharpExtrema (10s)
✔ [9387/9415] Built SafeLearning.CompleteModulesTanhOffsetEndpoints (13s)
⚠ [9388/9415] Built SafeLearning.CompleteAppliedRiskPrimer (11s)
warning: SafeLearning/CompleteAppliedRiskPrimer.lean:28:10: This simp argument is unused:
  PMF.toOuterMeasure_ofFintype_apply

Hint: Omit it from the simp argument list.
  [apply] simp [tsum_fintype, lossLaw, sourceCost, Fin.sum_univ_succ, Set.indicator, h0, not_le.mpr h0, h2, h10]

Note: This linter can be disabled with `set_option linter.unusedSimpArgs false`
warning: SafeLearning/CompleteAppliedRiskPrimer.lean:28:45: This simp argument is unused:
  tsum_fintype

Hint: Omit it from the simp argument list.
  [apply] simp [PMF.toOuterMeasure_ofFintype_apply, lossLaw, sourceCost, Fin.sum_univ_succ, Set.indicator, h0,
    not_le.mpr h0, h2, h10]

Note: This linter can be disabled with `set_option linter.unusedSimpArgs false`
warning: SafeLearning/CompleteAppliedRiskPrimer.lean:32:12: This simp argument is unused:
  PMF.toOuterMeasure_ofFintype_apply

Hint: Omit it from the simp argument list.
  [apply] simp [tsum_fintype, lossLaw, sourceCost, Fin.sum_univ_succ, Set.indicator, h0, le_of_not_gt h0, h2,
    not_le.mpr h2, h10]

Note: This linter can be disabled with `set_option linter.unusedSimpArgs false`
warning: SafeLearning/CompleteAppliedRiskPrimer.lean:32:47: This simp argument is unused:
  tsum_fintype

Hint: Omit it from the simp argument list.
  [apply] simp [PMF.toOuterMeasure_ofFintype_apply, lossLaw, sourceCost, Fin.sum_univ_succ, Set.indicator, h0,
    le_of_not_gt h0, h2, not_le.mpr h2, h10]

Note: This linter can be disabled with `set_option linter.unusedSimpArgs false`
warning: SafeLearning/CompleteAppliedRiskPrimer.lean:62:15: `Set.mem_setOf_eq` has been deprecated: Use `Set.mem_ofPred_eq` instead
warning: SafeLearning/CompleteAppliedRiskPrimer.lean:63:65: this tactic is never executed

Note: This linter can be disabled with `set_option linter.unreachableTactic false`
warning: SafeLearning/CompleteAppliedRiskPrimer.lean:63:65: Unused tactic linter: `norm_num at h` does nothing

Note: This linter can be disabled with `set_option linter.unusedTactic false`
warning: SafeLearning/CompleteAppliedRiskPrimer.lean:97:67: Used `tac1 <;> tac2` where `(tac1; tac2)` would suffice

Note: This linter can be disabled with `set_option linter.unnecessarySeqFocus false`
✔ [9389/9415] Built SafeLearning.CompleteAppliedInformationBridges (9.5s)
✔ [9390/9415] Built SafeLearning.CompleteAppliedScalarAttraction (12s)
✔ [9391/9415] Built SafeLearning.CompleteAppliedEntropyUnits (11s)
✔ [9392/9415] Built SafeLearning.CompleteAppliedFiniteEntropy (11s)
⚠ [9393/9415] Built SafeLearning.CompleteAppliedBinaryPinsker (12s)
warning: SafeLearning/CompleteAppliedBinaryPinsker.lean:112:24: This simp argument is unused:
  Fin.sum_univ_zero

Hint: Omit it from the simp argument list.
  [apply] simp only [costLaw, PMF.ofFintype_apply, Fin.sum_univ_two, Matrix.cons_val_zero, Matrix.cons_val_one,
    add_zero, ENNReal.toReal_ofReal (sub_nonneg.mpr p.2.2), ENNReal.toReal_ofReal p.2.1,
    ENNReal.toReal_ofReal (sub_nonneg.mpr q.2.2), ENNReal.toReal_ofReal q.2.1]

Note: This linter can be disabled with `set_option linter.unusedSimpArgs false`
warning: SafeLearning/CompleteAppliedBinaryPinsker.lean:112:42: This simp argument is unused:
  add_zero

Hint: Omit it from the simp argument list.
  [apply] simp only [costLaw, PMF.ofFintype_apply, Fin.sum_univ_two, Matrix.cons_val_zero, Matrix.cons_val_one,
    Fin.sum_univ_zero, ENNReal.toReal_ofReal (sub_nonneg.mpr p.2.2), ENNReal.toReal_ofReal p.2.1,
    ENNReal.toReal_ofReal (sub_nonneg.mpr q.2.2), ENNReal.toReal_ofReal q.2.1]

Note: This linter can be disabled with `set_option linter.unusedSimpArgs false`
✔ [9394/9415] Built SafeLearning.CompleteModulesTanhFunctionWitness (11s)
✔ [9395/9415] Built SafeLearning.CompleteModulesTanhOffsetQC (8.4s)
✔ [9396/9415] Built SafeLearning.CompleteAppliedDiagonalODE (15s)
✔ [9397/9415] Built SafeLearning.CompleteAppliedRiskPrecision (7.8s)
✔ [9398/9415] Built SafeLearning.CompleteAppliedEntropyChain (8.3s)
✔ [9399/9415] Built SafeLearning.CompleteAppliedEntropyJensen (8.7s)
✔ [9400/9415] Built SafeLearning.CompleteAppliedSoftValues (9.3s)
✔ [9401/9415] Built SafeLearning.CompleteAppliedFiniteBregman (10s)
⚠ [9402/9415] Built SafeLearning.CompleteAppliedFiniteVariation (10s)
warning: SafeLearning/CompleteAppliedFiniteVariation.lean:88:18: This simp argument is unused:
  max_eq_left (sub_nonneg.mpr h)

Hint: Omit it from the simp argument list.
  [apply] simp [A, h]

Note: This linter can be disabled with `set_option linter.unusedSimpArgs false`
✔ [9403/9415] Built SafeLearning.CompleteAppliedMeasurePinsker (10s)
✔ [9404/9415] Built SafeLearning.CompleteAppliedEntropyConditionals (7.6s)
✔ [9405/9415] Built SafeLearning.CompleteAppliedDiagonalCertificates (14s)
⚠ [9406/9415] Built SafeLearning.CompleteAppliedEntropyGeometry (7.8s)
warning: SafeLearning/CompleteAppliedEntropyGeometry.lean:32:43: `push_neg` has been deprecated. Prefer using `push Not` instead.
If you'd rather continue using `push_neg` in your project, you can implement it as follows:
```
open Lean.Parser.Tactic in
macro "push_neg" cfg:optConfig loc:(location)? : tactic =>
  `(tactic| push $cfg:optConfig Not $[$loc]?)
```
⚠ [9407/9415] Built SafeLearning.CompleteAppliedFinitePinsker (8.2s)
warning: SafeLearning/CompleteAppliedFinitePinsker.lean:44:15: `Set.mem_setOf_eq` has been deprecated: Use `Set.mem_ofPred_eq` instead
✔ [9408/9415] Built SafeLearning.CompleteAppliedVariationBridges (7.2s)
✔ [9409/9415] Built SafeLearning.CompleteAppliedVariationMetric (8.3s)
✔ [9410/9415] Built SafeLearning.CompleteAppliedEntropyDisintegration (6.4s)
✔ [9411/9415] Built SafeLearning.CompleteAppliedDiagonalSpectral (9.4s)
✔ [9412/9415] Built SafeLearning.CompleteAppliedInformationExamples (11s)
✔ [9413/9415] Built SafeLearning.CompleteAppliedInformationPrecision (9.3s)
✔ [9414/9415] Built SafeLearning (5.4s)
Build completed successfully (9415 jobs).
