⚠ [8924/9099] Built SafeLearning.CompleteAppliedStopping (2.7s)
warning: SafeLearning/CompleteAppliedStopping.lean:154:55: Variable name `hc` is not explicitly referenced.

Hint: The binding can be removed (if unused) or named `_` (if used implicitly). Alternatively, prefix the name with `_` to silence this warning:
  [apply] _hc

Note: This linter can be disabled with `set_option linter.unusedVariables false`
⚠ [8925/9099] Built SafeLearning.CompleteModulesComplexCayleyCounterexample (9.7s)
warning: SafeLearning/CompleteModulesComplexCayleyCounterexample.lean:29:45: This simp argument is unused:
  Fin.sum_univ_one

Hint: Omit it from the simp argument list.
  [apply] simp [actualImaginarySkew, Matrix.mul_apply, Matrix.add_apply]

Note: This linter can be disabled with `set_option linter.unusedSimpArgs false`
warning: SafeLearning/CompleteModulesComplexCayleyCounterexample.lean:31:39: this tactic is never executed

Note: This linter can be disabled with `set_option linter.unreachableTactic false`
warning: SafeLearning/CompleteModulesComplexCayleyCounterexample.lean:31:22: Used `tac1 <;> tac2` where `(tac1; tac2)` would suffice

Note: This linter can be disabled with `set_option linter.unnecessarySeqFocus false`
warning: SafeLearning/CompleteModulesComplexCayleyCounterexample.lean:31:39: Unused tactic linter: `ring` does nothing

Note: This linter can be disabled with `set_option linter.unusedTactic false`
warning: SafeLearning/CompleteModulesComplexCayleyCounterexample.lean:41:45: This simp argument is unused:
  Fin.sum_univ_one

Hint: Omit it from the simp argument list.
  [apply] simp [actualImaginarySkew, Matrix.mul_apply, Matrix.sub_apply]

Note: This linter can be disabled with `set_option linter.unusedSimpArgs false`
warning: SafeLearning/CompleteModulesComplexCayleyCounterexample.lean:43:22: Used `tac1 <;> tac2` where `(tac1; tac2)` would suffice

Note: This linter can be disabled with `set_option linter.unnecessarySeqFocus false`
warning: SafeLearning/CompleteModulesComplexCayleyCounterexample.lean:52:25: This simp argument is unused:
  Fin.sum_univ_one

Hint: Omit it from the simp argument list.
  [apply] simp [Matrix.mul_apply, Complex.I_sq]

Note: This linter can be disabled with `set_option linter.unusedSimpArgs false`
warning: SafeLearning/CompleteModulesComplexCayleyCounterexample.lean:52:42: This simp argument is unused:
  Complex.I_sq

Hint: Omit it from the simp argument list.
  [apply] simp [Matrix.mul_apply, Fin.sum_univ_one]

Note: This linter can be disabled with `set_option linter.unusedSimpArgs false`
✔ [8926/9099] Built SafeLearning.CompleteModulesComplexBasics (9.9s)
⚠ [8927/9099] Built SafeLearning.CompleteModulesKernelMetric (10s)
warning: SafeLearning/CompleteModulesKernelMetric.lean:12:0: automatically included section variable(s) unused in theorem `SafeLearning.CompleteModulesKernelMetric.kernel_distance_nonnegative`:
  [InnerProductSpace ℝ H]
consider restructuring your `variable` declarations so that the variables are not in scope or explicitly omit them:
  omit [InnerProductSpace ℝ H] in theorem ...

Note: This linter can be disabled with `set_option linter.unusedSectionVars false`
warning: SafeLearning/CompleteModulesKernelMetric.lean:15:0: automatically included section variable(s) unused in theorem `SafeLearning.CompleteModulesKernelMetric.kernel_distance_self`:
  [InnerProductSpace ℝ H]
consider restructuring your `variable` declarations so that the variables are not in scope or explicitly omit them:
  omit [InnerProductSpace ℝ H] in theorem ...

Note: This linter can be disabled with `set_option linter.unusedSectionVars false`
warning: SafeLearning/CompleteModulesKernelMetric.lean:18:0: automatically included section variable(s) unused in theorem `SafeLearning.CompleteModulesKernelMetric.kernel_distance_symmetric`:
  [InnerProductSpace ℝ H]
consider restructuring your `variable` declarations so that the variables are not in scope or explicitly omit them:
  omit [InnerProductSpace ℝ H] in theorem ...

Note: This linter can be disabled with `set_option linter.unusedSectionVars false`
warning: SafeLearning/CompleteModulesKernelMetric.lean:21:0: automatically included section variable(s) unused in theorem `SafeLearning.CompleteModulesKernelMetric.kernel_distance_triangle`:
  [InnerProductSpace ℝ H]
consider restructuring your `variable` declarations so that the variables are not in scope or explicitly omit them:
  omit [InnerProductSpace ℝ H] in theorem ...

Note: This linter can be disabled with `set_option linter.unusedSectionVars false`
warning: SafeLearning/CompleteModulesKernelMetric.lean:25:0: automatically included section variable(s) unused in theorem `SafeLearning.CompleteModulesKernelMetric.kernel_distance_zero_iff`:
  [InnerProductSpace ℝ H]
consider restructuring your `variable` declarations so that the variables are not in scope or explicitly omit them:
  omit [InnerProductSpace ℝ H] in theorem ...

Note: This linter can be disabled with `set_option linter.unusedSectionVars false`
warning: SafeLearning/CompleteModulesKernelMetric.lean:74:0: automatically included section variable(s) unused in theorem `SafeLearning.CompleteModulesKernelMetric.norm_zero_is_zero_function`:
  [CompleteSpace H]
consider restructuring your `variable` declarations so that the variables are not in scope or explicitly omit them:
  omit [CompleteSpace H] in theorem ...

Note: This linter can be disabled with `set_option linter.unusedSectionVars false`
⚠ [8928/9099] Built SafeLearning.CompleteModulesMatrixError (10s)
warning: SafeLearning/CompleteModulesMatrixError.lean:37:58: This simp argument is unused:
  mul_assoc

Hint: Omit it from the simp argument list.
  [apply] simp [actualQuadratic, Matrix.sub_mulVec, Matrix.smul_mulVec, dotProduct, hnorm, Finset.sum_sub_distrib,
    Finset.mul_sum, pow_two, mul_sub, mul_comm, mul_left_comm]

Note: This linter can be disabled with `set_option linter.unusedSimpArgs false`
warning: SafeLearning/CompleteModulesMatrixError.lean:37:68: This simp argument is unused:
  mul_comm

Hint: Omit it from the simp argument list.
  [apply] simp [actualQuadratic, Matrix.sub_mulVec, Matrix.smul_mulVec, dotProduct, hnorm, Finset.sum_sub_distrib,
    Finset.mul_sum, pow_two, mul_sub, mul_assoc, mul_left_comm]

Note: This linter can be disabled with `set_option linter.unusedSimpArgs false`
warning: SafeLearning/CompleteModulesMatrixError.lean:88:25: This simp argument is unused:
  Real.norm_eq_abs

Hint: Omit it from the simp argument list.
  [apply] simp only [Pi.norm_def]

Note: This linter can be disabled with `set_option linter.unusedSimpArgs false`
⚠ [8929/9099] Built SafeLearning.CompleteModulesComplexCayley (10s)
warning: SafeLearning/CompleteModulesComplexCayley.lean:35:0: automatically included section variable(s) unused in theorem `SafeLearning.CompleteModulesComplexCayley.actual_complex_skew_numerator_is_adjoint_denominator`:
  [Fintype N]
consider restructuring your `variable` declarations so that the variables are not in scope or explicitly omit them:
  omit [Fintype N] in theorem ...

Note: This linter can be disabled with `set_option linter.unusedSectionVars false`
warning: SafeLearning/CompleteModulesComplexCayley.lean:48:2: Try this: 
  letI̵

The goal is a proposition, so `let` is preferred over `letI`.
The difference between `let` and `letI` is that `letI` inlines the value.
But this is not relevant for proofs because of proof irrelevance.

Note: This linter can be disabled with `set_option linter.style.haveILetI false`
warning: SafeLearning/CompleteModulesComplexCayley.lean:49:2: Try this: 
  letI̵

The goal is a proposition, so `let` is preferred over `letI`.
The difference between `let` and `letI` is that `letI` inlines the value.
But this is not relevant for proofs because of proof irrelevance.

Note: This linter can be disabled with `set_option linter.style.haveILetI false`
warning: SafeLearning/CompleteModulesComplexCayley.lean:74:2: Try this: 
  letI̵

The goal is a proposition, so `let` is preferred over `letI`.
The difference between `let` and `letI` is that `letI` inlines the value.
But this is not relevant for proofs because of proof irrelevance.

Note: This linter can be disabled with `set_option linter.style.haveILetI false`
✔ [8930/9099] Built SafeLearning.CompleteModulesGPDesign (10s)
⚠ [8931/9099] Built SafeLearning.CompleteWeightedProjection (10s)
warning: SafeLearning/CompleteWeightedProjection.lean:128:2: Try this: 
  letI̵

The goal is a proposition, so `let` is preferred over `letI`.
The difference between `let` and `letI` is that `letI` inlines the value.
But this is not relevant for proofs because of proof irrelevance.

Note: This linter can be disabled with `set_option linter.style.haveILetI false`
⚠ [8932/9099] Built SafeLearning.CompleteModulesGPNumerics (10s)
info: SafeLearning/CompleteModulesGPNumerics.lean:11:51: Try this:
  [apply] ring_nf
  
  The `ring` tactic failed to close the goal. Use `ring_nf` to obtain a normal form.
    
  Note that `ring` works primarily in *commutative* rings. If you have a noncommutative ring, abelian group or module, consider using `noncomm_ring`, `abel` or `module` instead.
warning: SafeLearning/CompleteModulesGPNumerics.lean:11:47: Used `tac1 <;> tac2` where `(tac1; tac2)` would suffice

Note: This linter can be disabled with `set_option linter.unnecessarySeqFocus false`
warning: SafeLearning/CompleteModulesGPNumerics.lean:30:37: Used `tac1 <;> tac2` where `(tac1; tac2)` would suffice

Note: This linter can be disabled with `set_option linter.unnecessarySeqFocus false`
warning: SafeLearning/CompleteModulesGPNumerics.lean:36:37: Used `tac1 <;> tac2` where `(tac1; tac2)` would suffice

Note: This linter can be disabled with `set_option linter.unnecessarySeqFocus false`
warning: SafeLearning/CompleteModulesGPNumerics.lean:55:37: Used `tac1 <;> tac2` where `(tac1; tac2)` would suffice

Note: This linter can be disabled with `set_option linter.unnecessarySeqFocus false`
warning: SafeLearning/CompleteModulesGPNumerics.lean:60:37: Used `tac1 <;> tac2` where `(tac1; tac2)` would suffice

Note: This linter can be disabled with `set_option linter.unnecessarySeqFocus false`
⚠ [8933/9099] Built SafeLearning.CompleteModulesScaledGram (10s)
warning: SafeLearning/CompleteModulesScaledGram.lean:48:0: automatically included section variable(s) unused in theorem `SafeLearning.CompleteModulesScaledGram.actual_symmetric_quadratic_is_bounded_by_scaled_majorizer`:
  [DecidableEq N]
consider restructuring your `variable` declarations so that the variables are not in scope or explicitly omit them:
  omit [DecidableEq N] in theorem ...

Note: This linter can be disabled with `set_option linter.unusedSectionVars false`
⚠ [8934/9099] Built SafeLearning.CompleteModulesCayley (11s)
warning: SafeLearning/CompleteModulesCayley.lean:34:0: automatically included section variable(s) unused in theorem `SafeLearning.CompleteModulesCayley.actual_skew_cayley_numerator_is_transposed_denominator`:
  [Fintype N]
consider restructuring your `variable` declarations so that the variables are not in scope or explicitly omit them:
  omit [Fintype N] in theorem ...

Note: This linter can be disabled with `set_option linter.unusedSectionVars false`
warning: SafeLearning/CompleteModulesCayley.lean:47:2: Try this: 
  letI̵

The goal is a proposition, so `let` is preferred over `letI`.
The difference between `let` and `letI` is that `letI` inlines the value.
But this is not relevant for proofs because of proof irrelevance.

Note: This linter can be disabled with `set_option linter.style.haveILetI false`
warning: SafeLearning/CompleteModulesCayley.lean:48:2: Try this: 
  letI̵

The goal is a proposition, so `let` is preferred over `letI`.
The difference between `let` and `letI` is that `letI` inlines the value.
But this is not relevant for proofs because of proof irrelevance.

Note: This linter can be disabled with `set_option linter.style.haveILetI false`
warning: SafeLearning/CompleteModulesCayley.lean:74:2: Try this: 
  letI̵

The goal is a proposition, so `let` is preferred over `letI`.
The difference between `let` and `letI` is that `letI` inlines the value.
But this is not relevant for proofs because of proof irrelevance.

Note: This linter can be disabled with `set_option linter.style.haveILetI false`
⚠ [8935/9099] Built SafeLearning.CompleteModulesInverseSpectrum (11s)
warning: SafeLearning/CompleteModulesInverseSpectrum.lean:12:0: automatically included section variable(s) unused in theorem `SafeLearning.CompleteModulesInverseSpectrum.actual_inverse_eigen_diagonalization`:
  [Nonempty N]
consider restructuring your `variable` declarations so that the variables are not in scope or explicitly omit them:
  omit [Nonempty N] in theorem ...

Note: This linter can be disabled with `set_option linter.unusedSectionVars false`
✔ [8936/9099] Built SafeLearning.CompleteModulesDeterminantTaylor (11s)
✔ [8937/9099] Built SafeLearning.CompleteModulesKernelConstruction (11s)
⚠ [8938/9099] Built SafeLearning.CompleteModulesEigenProduct (11s)
warning: SafeLearning/CompleteModulesEigenProduct.lean:18:34: This simp argument is unused:
  ih

Hint: Omit it from the simp argument list.
  [apply] simp [pow_succ, mul_comm]

Note: This linter can be disabled with `set_option linter.unusedSimpArgs false`
✔ [8939/9099] Built SafeLearning.CompleteLyapunovMargins (10s)
⚠ [8940/9099] Built SafeLearning.CompleteModulesLogDet (11s)
warning: SafeLearning/CompleteModulesLogDet.lean:18:44: This simp argument is unused:
  Matrix.mul_smul

Hint: Omit it from the simp argument list.
  [apply] simp [Matrix.trace_smul]

Note: This linter can be disabled with `set_option linter.unusedSimpArgs false`
⚠ [8941/9099] Built SafeLearning.CompleteModulesMatrixGP (12s)
warning: SafeLearning/CompleteModulesMatrixGP.lean:42:8: `tendsto_finset_sum` has been deprecated: Use `tendsto_finsetSum` instead
warning: SafeLearning/CompleteModulesMatrixGP.lean:34:0: automatically included section variable(s) unused in theorem `SafeLearning.CompleteModulesMatrixGP.mulVec_of_matrix_limit`:
  [DecidableEq I]
consider restructuring your `variable` declarations so that the variables are not in scope or explicitly omit them:
  omit [DecidableEq I] in theorem ...

Note: This linter can be disabled with `set_option linter.unusedSectionVars false`
warning: SafeLearning/CompleteModulesMatrixGP.lean:51:8: `tendsto_finset_sum` has been deprecated: Use `tendsto_finsetSum` instead
warning: SafeLearning/CompleteModulesMatrixGP.lean:46:0: automatically included section variable(s) unused in theorem `SafeLearning.CompleteModulesMatrixGP.dotProduct_of_vector_limit`:
  [DecidableEq I]
consider restructuring your `variable` declarations so that the variables are not in scope or explicitly omit them:
  omit [DecidableEq I] in theorem ...

Note: This linter can be disabled with `set_option linter.unusedSectionVars false`
⚠ [8942/9099] Built SafeLearning.CompleteModulesRKHSStructure (12s)
warning: SafeLearning/CompleteModulesRKHSStructure.lean:14:0: automatically included section variable(s) unused in theorem `SafeLearning.CompleteModulesRKHSStructure.evaluation_functional_evaluates`:
  [CompleteSpace H]
consider restructuring your `variable` declarations so that the variables are not in scope or explicitly omit them:
  omit [CompleteSpace H] in theorem ...

Note: This linter can be disabled with `set_option linter.unusedSectionVars false`
warning: SafeLearning/CompleteModulesRKHSStructure.lean:17:0: automatically included section variable(s) unused in theorem `SafeLearning.CompleteModulesRKHSStructure.evaluation_functional_is_linear`:
  [CompleteSpace H]
consider restructuring your `variable` declarations so that the variables are not in scope or explicitly omit them:
  omit [CompleteSpace H] in theorem ...

Note: This linter can be disabled with `set_option linter.unusedSectionVars false`
warning: SafeLearning/CompleteModulesRKHSStructure.lean:78:54: This simp argument is unused:
  conj_trivial

Hint: Omit it from the simp argument list.
  [apply] simp [linear_function_evaluation, RCLike.inner_apply, mul_comm]

Note: This linter can be disabled with `set_option linter.unusedSimpArgs false`
⚠ [8943/9099] Built SafeLearning.CompleteModulesLipSDP (12s)
warning: SafeLearning/CompleteModulesLipSDP.lean:73:8: This simp argument is unused:
  RCLike.inner_apply

Hint: Omit it from the simp argument list.
  [apply] simp [conj_trivial, pow_two]

Note: This linter can be disabled with `set_option linter.unusedSimpArgs false`
warning: SafeLearning/CompleteModulesLipSDP.lean:73:27: This simp argument is unused:
  conj_trivial

Hint: Omit it from the simp argument list.
  [apply] simp [RCLike.inner_apply, pow_two]

Note: This linter can be disabled with `set_option linter.unusedSimpArgs false`
warning: SafeLearning/CompleteModulesLipSDP.lean:118:44: This simp argument is unused:
  Finset.sum_mul

Hint: Omit it from the simp argument list.
  [apply] simp only [mul_add, mul_sub, Finset.mul_sum, Finset.sum_add_distrib, Finset.sum_sub_distrib, pow_two]

Note: This linter can be disabled with `set_option linter.unusedSimpArgs false`
✔ [8944/9099] Built SafeLearning.CompleteModulesRepresenter (12s)
⚠ [8945/9099] Built SafeLearning.CompleteSafetyBellman (13s)
warning: SafeLearning/CompleteSafetyBellman.lean:58:16: try 'simp' instead of 'simpa'

Note: This linter can be disabled with `set_option linter.unnecessarySimpa false`
warning: SafeLearning/CompleteSafetyBellman.lean:103:50: Used `tac1 <;> tac2` where `(tac1; tac2)` would suffice

Note: This linter can be disabled with `set_option linter.unnecessarySeqFocus false`
warning: SafeLearning/CompleteSafetyBellman.lean:127:18: Used `tac1 <;> tac2` where `(tac1; tac2)` would suffice

Note: This linter can be disabled with `set_option linter.unnecessarySeqFocus false`
⚠ [8946/9099] Built SafeLearning.CompleteModulesGPExamples (14s)
warning: SafeLearning/CompleteModulesGPExamples.lean:15:72: This simp argument is unused:
  Fin.sum_univ_two

Hint: Omit it from the simp argument list.
  [apply] simp [twoGram, Matrix.mulVec]

Note: This linter can be disabled with `set_option linter.unusedSimpArgs false`
warning: SafeLearning/CompleteModulesGPExamples.lean:75:29: Used `tac1 <;> tac2` where `(tac1; tac2)` would suffice

Note: This linter can be disabled with `set_option linter.unnecessarySeqFocus false`
warning: SafeLearning/CompleteModulesGPExamples.lean:85:6: this tactic is never executed

Note: This linter can be disabled with `set_option linter.unreachableTactic false`
warning: SafeLearning/CompleteModulesGPExamples.lean:85:6: Unused tactic linter: `ring` does nothing

Note: This linter can be disabled with `set_option linter.unusedTactic false`
warning: SafeLearning/CompleteModulesGPExamples.lean:160:7: Variable name `i` is not explicitly referenced.

Hint: The binding can be removed (if unused) or named `_` (if used implicitly). Alternatively, prefix the name with `_` to silence this warning:
  [apply] _i

Note: This linter can be disabled with `set_option linter.unusedVariables false`
warning: SafeLearning/CompleteModulesGPExamples.lean:167:8: this tactic is never executed

Note: This linter can be disabled with `set_option linter.unreachableTactic false`
warning: SafeLearning/CompleteModulesGPExamples.lean:170:4: Used `tac1 <;> tac2` where `(tac1; tac2)` would suffice

Note: This linter can be disabled with `set_option linter.unnecessarySeqFocus false`
warning: SafeLearning/CompleteModulesGPExamples.lean:167:8: Unused tactic linter: `ring` does nothing

Note: This linter can be disabled with `set_option linter.unusedTactic false`
⚠ [8947/9099] Built SafeLearning.CompleteTwoInputProjection (14s)
warning: SafeLearning/CompleteTwoInputProjection.lean:21:44: this tactic is never executed

Note: This linter can be disabled with `set_option linter.unreachableTactic false`
warning: SafeLearning/CompleteTwoInputProjection.lean:22:17: Used `tac1 <;> tac2` where `(tac1; tac2)` would suffice

Note: This linter can be disabled with `set_option linter.unnecessarySeqFocus false`
warning: SafeLearning/CompleteTwoInputProjection.lean:21:44: Unused tactic linter: `ring` does nothing

Note: This linter can be disabled with `set_option linter.unusedTactic false`
warning: SafeLearning/CompleteTwoInputProjection.lean:30:44: this tactic is never executed

Note: This linter can be disabled with `set_option linter.unreachableTactic false`
warning: SafeLearning/CompleteTwoInputProjection.lean:31:17: Used `tac1 <;> tac2` where `(tac1; tac2)` would suffice

Note: This linter can be disabled with `set_option linter.unnecessarySeqFocus false`
warning: SafeLearning/CompleteTwoInputProjection.lean:30:44: Unused tactic linter: `ring` does nothing

Note: This linter can be disabled with `set_option linter.unusedTactic false`
⚠ [8948/9099] Built SafeLearning.Modules (16s)
warning: SafeLearning/Modules.lean:30:2: Used `tac1 <;> tac2` where `(tac1; tac2)` would suffice

Note: This linter can be disabled with `set_option linter.unnecessarySeqFocus false`
warning: SafeLearning/Modules.lean:35:32: Used `tac1 <;> tac2` where `(tac1; tac2)` would suffice

Note: This linter can be disabled with `set_option linter.unnecessarySeqFocus false`
warning: SafeLearning/Modules.lean:65:2: Used `tac1 <;> tac2` where `(tac1; tac2)` would suffice

Note: This linter can be disabled with `set_option linter.unnecessarySeqFocus false`
warning: SafeLearning/Modules.lean:162:2: Used `tac1 <;> tac2` where `(tac1; tac2)` would suffice

Note: This linter can be disabled with `set_option linter.unnecessarySeqFocus false`
warning: SafeLearning/Modules.lean:505:2: Used `tac1 <;> tac2` where `(tac1; tac2)` would suffice

Note: This linter can be disabled with `set_option linter.unnecessarySeqFocus false`
✔ [8949/9099] Built SafeLearning.CompleteFoundationsSeries (9.5s)
✔ [8950/9099] Built SafeLearning.CompleteFoundationsConvergence (9.8s)
✔ [8951/9099] Built SafeLearning.CompleteFoundationsFinite (10s)
✔ [8952/9099] Built SafeLearning.CompleteFoundationsExtrema (10s)
✔ [8953/9099] Built SafeLearning.CompleteModulesBarrierBoundary (11s)
⚠ [8954/9099] Built SafeLearning.CompleteFoundationsFeatures (12s)
warning: SafeLearning/CompleteFoundationsFeatures.lean:31:70: This simp argument is unused:
  mul_assoc

Hint: Omit it from the simp argument list.
  [apply] simp only [featureSum, featureGram, sum_inner, inner_sum, real_inner_smul_left, real_inner_smul_right,
    Matrix.mulVec, dotProduct, Finset.mul_sum]

Note: This linter can be disabled with `set_option linter.unusedSimpArgs false`
✔ [8955/9099] Built SafeLearning.CompleteDiscountedFlow (11s)
⚠ [8956/9099] Built SafeLearning.CompleteBarrierTrajectories (10s)
warning: SafeLearning/CompleteBarrierTrajectories.lean:18:74: Used `tac1 <;> tac2` where `(tac1; tac2)` would suffice

Note: This linter can be disabled with `set_option linter.unnecessarySeqFocus false`
warning: SafeLearning/CompleteBarrierTrajectories.lean:67:25: Used `tac1 <;> tac2` where `(tac1; tac2)` would suffice

Note: This linter can be disabled with `set_option linter.unnecessarySeqFocus false`
warning: SafeLearning/CompleteBarrierTrajectories.lean:73:25: Used `tac1 <;> tac2` where `(tac1; tac2)` would suffice

Note: This linter can be disabled with `set_option linter.unnecessarySeqFocus false`
⚠ [8957/9099] Built SafeLearning.CompleteFoundationsFunctionExamples (11s)
warning: SafeLearning/CompleteFoundationsFunctionExamples.lean:32:14: this tactic is never executed

Note: This linter can be disabled with `set_option linter.unreachableTactic false`
warning: SafeLearning/CompleteFoundationsFunctionExamples.lean:32:4: Unused tactic linter: `all_goals fun_prop` does nothing

Note: This linter can be disabled with `set_option linter.unusedTactic false`
warning: SafeLearning/CompleteFoundationsFunctionExamples.lean:66:6: `push_neg` has been deprecated. Prefer using `push Not` instead.
If you'd rather continue using `push_neg` in your project, you can implement it as follows:
```
open Lean.Parser.Tactic in
macro "push_neg" cfg:optConfig loc:(location)? : tactic =>
  `(tactic| push $cfg:optConfig Not $[$loc]?)
```
⚠ [8958/9099] Built SafeLearning.CompleteConformal (11s)
warning: SafeLearning/CompleteConformal.lean:96:63: `if_true` has been deprecated: Use `ite_true` instead
warning: SafeLearning/CompleteConformal.lean:96:71: `if_false` has been deprecated: Use `ite_false` instead
warning: SafeLearning/CompleteConformal.lean:96:63: `if_true` has been deprecated: Use `ite_true` instead
warning: SafeLearning/CompleteConformal.lean:96:71: `if_false` has been deprecated: Use `ite_false` instead
⚠ [8959/9099] Built SafeLearning.CompleteFoundationsLogBacktracking (13s)
warning: SafeLearning/CompleteFoundationsLogBacktracking.lean:116:49: Used `tac1 <;> tac2` where `(tac1; tac2)` would suffice

Note: This linter can be disabled with `set_option linter.unnecessarySeqFocus false`
warning: SafeLearning/CompleteFoundationsLogBacktracking.lean:196:44: Used `tac1 <;> tac2` where `(tac1; tac2)` would suffice

Note: This linter can be disabled with `set_option linter.unnecessarySeqFocus false`
✔ [8960/9099] Built SafeLearning.CompleteFoundationsPowerDegeneracy (12s)
✔ [8961/9099] Built SafeLearning.CompleteCompactLyapunov (12s)
⚠ [8962/9099] Built SafeLearning.CompleteModulesCholesky (13s)
warning: SafeLearning/CompleteModulesCholesky.lean:33:0: automatically included section variable(s) unused in theorem `SafeLearning.CompleteModulesCholesky.actual_gram_schmidt_diagonal_is_norm`:
  [FiniteDimensional ℝ E]
consider restructuring your `variable` declarations so that the variables are not in scope or explicitly omit them:
  omit [FiniteDimensional ℝ E] in theorem ...

Note: This linter can be disabled with `set_option linter.unusedSectionVars false`
warning: SafeLearning/CompleteModulesCholesky.lean:76:35: This simp argument is unused:
  Matrix.conjTranspose_apply

Hint: Omit it from the simp argument list.
  [apply] simp [Matrix.gram_apply, vectors, EuclideanSpace.inner_toLp_toLp, Matrix.mul_apply,
    Matrix.star_eq_conjTranspose, dotProduct, mul_comm]

Note: This linter can be disabled with `set_option linter.unusedSimpArgs false`
warning: SafeLearning/CompleteModulesCholesky.lean:80:10: This simp argument is unused:
  finrank_euclideanSpace_fin

Hint: Omit it from the simp argument list.
  [apply] simp

Note: This linter can be disabled with `set_option linter.unusedSimpArgs false`
✔ [8963/9099] Built SafeLearning.CompleteAppliedReturns (10s)
⚠ [8964/9099] Built SafeLearning.CompleteFoundationsShiftedQuadratic (15s)
warning: SafeLearning/CompleteFoundationsShiftedQuadratic.lean:154:4: `push_neg` has been deprecated. Prefer using `push Not` instead.
If you'd rather continue using `push_neg` in your project, you can implement it as follows:
```
open Lean.Parser.Tactic in
macro "push_neg" cfg:optConfig loc:(location)? : tactic =>
  `(tactic| push $cfg:optConfig Not $[$loc]?)
```
⚠ [8965/9099] Built SafeLearning.CompleteLyapunovCounterexample (14s)
warning: SafeLearning/CompleteLyapunovCounterexample.lean:45:14: `if_neg` has been deprecated: Use `ite_eq_right` instead
warning: SafeLearning/CompleteLyapunovCounterexample.lean:75:6: `Set.mem_setOf_eq` has been deprecated: Use `Set.mem_ofPred_eq` instead
✔ [8966/9099] Built SafeLearning.CompleteAppliedMixtures (12s)
✔ [8967/9099] Built SafeLearning.CompleteAppliedNetwork (14s)
⚠ [8968/9099] Built SafeLearning.CompleteFoundationsSpectralModels (20s)
warning: SafeLearning/CompleteFoundationsSpectralModels.lean:67:45: This simp argument is unused:
  Matrix.cons_val_zero

Hint: Omit it from the simp argument list.
  [apply] simp only [Matrix.cons_val_one]

Note: This linter can be disabled with `set_option linter.unusedSimpArgs false`
warning: SafeLearning/CompleteFoundationsSpectralModels.lean:67:66: This simp argument is unused:
  Matrix.cons_val_one

Hint: Omit it from the simp argument list.
  [apply] simp only [Matrix.cons_val_zero]

Note: This linter can be disabled with `set_option linter.unusedSimpArgs false`
warning: SafeLearning/CompleteFoundationsSpectralModels.lean:310:2: try 'simp' instead of 'simpa'

Note: This linter can be disabled with `set_option linter.unnecessarySimpa false`
✔ [8969/9099] Built SafeLearning.CompleteAppliedBellman (12s)
✔ [8970/9099] Built SafeLearning.CompleteAppliedCovariance (12s)
⚠ [8971/9099] Built SafeLearning.CompleteAppliedSystems (16s)
warning: SafeLearning/CompleteAppliedSystems.lean:48:53: This simp argument is unused:
  Pi.neg_apply

Hint: Omit it from the simp argument list.
  [apply] simp only [heldThermal, Pi.add_apply, Pi.sub_apply, id_eq]

Note: This linter can be disabled with `set_option linter.unusedSimpArgs false`
warning: SafeLearning/CompleteAppliedSystems.lean:48:66: This simp argument is unused:
  id_eq

Hint: Omit it from the simp argument list.
  [apply] simp only [heldThermal, Pi.add_apply, Pi.sub_apply, Pi.neg_apply]

Note: This linter can be disabled with `set_option linter.unusedSimpArgs false`
warning: SafeLearning/CompleteAppliedSystems.lean:45:53: Used `tac1 <;> tac2` where `(tac1; tac2)` would suffice

Note: This linter can be disabled with `set_option linter.unnecessarySeqFocus false`
warning: SafeLearning/CompleteAppliedSystems.lean:140:40: try 'simp' instead of 'simpa'

Note: This linter can be disabled with `set_option linter.unnecessarySimpa false`
warning: SafeLearning/CompleteAppliedSystems.lean:141:10: try 'simp' instead of 'simpa'

Note: This linter can be disabled with `set_option linter.unnecessarySimpa false`
warning: SafeLearning/CompleteAppliedSystems.lean:201:136: Used `tac1 <;> tac2` where `(tac1; tac2)` would suffice

Note: This linter can be disabled with `set_option linter.unnecessarySeqFocus false`
warning: SafeLearning/CompleteAppliedSystems.lean:205:79: Used `tac1 <;> tac2` where `(tac1; tac2)` would suffice

Note: This linter can be disabled with `set_option linter.unnecessarySeqFocus false`
⚠ [8972/9099] Built SafeLearning.CompleteAppliedPolicy (19s)
warning: SafeLearning/CompleteAppliedPolicy.lean:46:5: Variable name `hw1` is not explicitly referenced.

Hint: The binding can be removed (if unused) or named `_` (if used implicitly). Alternatively, prefix the name with `_` to silence this warning:
  [apply] _hw1

Note: This linter can be disabled with `set_option linter.unusedVariables false`
warning: SafeLearning/CompleteAppliedPolicy.lean:137:10: Used `tac1 <;> tac2` where `(tac1; tac2)` would suffice

Note: This linter can be disabled with `set_option linter.unnecessarySeqFocus false`
warning: SafeLearning/CompleteAppliedPolicy.lean:181:50: Used `tac1 <;> tac2` where `(tac1; tac2)` would suffice

Note: This linter can be disabled with `set_option linter.unnecessarySeqFocus false`
warning: SafeLearning/CompleteAppliedPolicy.lean:181:65: Used `tac1 <;> tac2` where `(tac1; tac2)` would suffice

Note: This linter can be disabled with `set_option linter.unnecessarySeqFocus false`
warning: SafeLearning/CompleteAppliedPolicy.lean:190:48: Used `tac1 <;> tac2` where `(tac1; tac2)` would suffice

Note: This linter can be disabled with `set_option linter.unnecessarySeqFocus false`
warning: SafeLearning/CompleteAppliedPolicy.lean:190:63: Used `tac1 <;> tac2` where `(tac1; tac2)` would suffice

Note: This linter can be disabled with `set_option linter.unnecessarySeqFocus false`
⚠ [8973/9099] Built SafeLearning.CompleteAppliedBackprop (12s)
warning: SafeLearning/CompleteAppliedBackprop.lean:25:64: Used `tac1 <;> tac2` where `(tac1; tac2)` would suffice

Note: This linter can be disabled with `set_option linter.unnecessarySeqFocus false`
✔ [8974/9099] Built SafeLearning.CoreModules (23s)
⚠ [8975/9099] Built SafeLearning.CompleteAppliedConcentration (13s)
warning: SafeLearning/CompleteAppliedConcentration.lean:20:53: Used `tac1 <;> tac2` where `(tac1; tac2)` would suffice

Note: This linter can be disabled with `set_option linter.unnecessarySeqFocus false`
warning: SafeLearning/CompleteAppliedConcentration.lean:29:15: `Set.mem_setOf_eq` has been deprecated: Use `Set.mem_ofPred_eq` instead
warning: SafeLearning/CompleteAppliedConcentration.lean:71:15: `Set.mem_setOf_eq` has been deprecated: Use `Set.mem_ofPred_eq` instead
warning: SafeLearning/CompleteAppliedConcentration.lean:99:54: Used `tac1 <;> tac2` where `(tac1; tac2)` would suffice

Note: This linter can be disabled with `set_option linter.unnecessarySeqFocus false`
✔ [8976/9099] Built SafeLearning.CompleteModulesSLLExamples (13s)
✔ [8977/9099] Built SafeLearning.CompleteProjectionCharacterization (14s)
⚠ [8978/9099] Built SafeLearning.CompleteModulesComplexCayleyInverse (14s)
warning: SafeLearning/CompleteModulesComplexCayleyInverse.lean:17:2: Try this: 
  letI̵

The goal is a proposition, so `let` is preferred over `letI`.
The difference between `let` and `letI` is that `letI` inlines the value.
But this is not relevant for proofs because of proof irrelevance.

Note: This linter can be disabled with `set_option linter.style.haveILetI false`
warning: SafeLearning/CompleteModulesComplexCayleyInverse.lean:23:2: Try this: 
  letI̵

The goal is a proposition, so `let` is preferred over `letI`.
The difference between `let` and `letI` is that `letI` inlines the value.
But this is not relevant for proofs because of proof irrelevance.

Note: This linter can be disabled with `set_option linter.style.haveILetI false`
warning: SafeLearning/CompleteModulesComplexCayleyInverse.lean:32:2: Try this: 
  letI̵

The goal is a proposition, so `let` is preferred over `letI`.
The difference between `let` and `letI` is that `letI` inlines the value.
But this is not relevant for proofs because of proof irrelevance.

Note: This linter can be disabled with `set_option linter.style.haveILetI false`
warning: SafeLearning/CompleteModulesComplexCayleyInverse.lean:40:2: Try this: 
  letI̵

The goal is a proposition, so `let` is preferred over `letI`.
The difference between `let` and `letI` is that `letI` inlines the value.
But this is not relevant for proofs because of proof irrelevance.

Note: This linter can be disabled with `set_option linter.style.haveILetI false`
warning: SafeLearning/CompleteModulesComplexCayleyInverse.lean:41:2: Try this: 
  letI̵

The goal is a proposition, so `let` is preferred over `letI`.
The difference between `let` and `letI` is that `letI` inlines the value.
But this is not relevant for proofs because of proof irrelevance.

Note: This linter can be disabled with `set_option linter.style.haveILetI false`
warning: SafeLearning/CompleteModulesComplexCayleyInverse.lean:69:2: Try this: 
  letI̵

The goal is a proposition, so `let` is preferred over `letI`.
The difference between `let` and `letI` is that `letI` inlines the value.
But this is not relevant for proofs because of proof irrelevance.

Note: This linter can be disabled with `set_option linter.style.haveILetI false`
warning: SafeLearning/CompleteModulesComplexCayleyInverse.lean:71:2: Try this: 
  letI̵

The goal is a proposition, so `let` is preferred over `letI`.
The difference between `let` and `letI` is that `letI` inlines the value.
But this is not relevant for proofs because of proof irrelevance.

Note: This linter can be disabled with `set_option linter.style.haveILetI false`
warning: SafeLearning/CompleteModulesComplexCayleyInverse.lean:90:2: Try this: 
  letI̵

The goal is a proposition, so `let` is preferred over `letI`.
The difference between `let` and `letI` is that `letI` inlines the value.
But this is not relevant for proofs because of proof irrelevance.

Note: This linter can be disabled with `set_option linter.style.haveILetI false`
warning: SafeLearning/CompleteModulesComplexCayleyInverse.lean:91:2: Try this: 
  letI̵

The goal is a proposition, so `let` is preferred over `letI`.
The difference between `let` and `letI` is that `letI` inlines the value.
But this is not relevant for proofs because of proof irrelevance.

Note: This linter can be disabled with `set_option linter.style.haveILetI false`
✔ [8979/9099] Built SafeLearning.CompleteAppliedMartingale (14s)
⚠ [8980/9099] Built SafeLearning.CompleteModulesSLL (12s)
warning: SafeLearning/CompleteModulesSLL.lean:26:10: This simp argument is unused:
  Matrix.diagonal_apply

Hint: Omit it from the simp argument list.
  [apply] simp [Matrix.one_apply, (hpositive row).ne']

Note: This linter can be disabled with `set_option linter.unusedSimpArgs false`
warning: SafeLearning/CompleteModulesSLL.lean:26:32: This simp argument is unused:
  Matrix.one_apply

Hint: Omit it from the simp argument list.
  [apply] simp [Matrix.diagonal_apply, (hpositive row).ne']

Note: This linter can be disabled with `set_option linter.unusedSimpArgs false`
warning: SafeLearning/CompleteModulesSLL.lean:27:10: This simp argument is unused:
  Matrix.diagonal_apply

Hint: Omit it from the simp argument list.
  [apply] simp [Matrix.one_apply, he]

Note: This linter can be disabled with `set_option linter.unusedSimpArgs false`
warning: SafeLearning/CompleteModulesSLL.lean:27:32: This simp argument is unused:
  Matrix.one_apply

Hint: Omit it from the simp argument list.
  [apply] simp [Matrix.diagonal_apply, he]

Note: This linter can be disabled with `set_option linter.unusedSimpArgs false`
warning: SafeLearning/CompleteModulesSLL.lean:51:50: This simp argument is unused:
  Finset.mul_sum

Hint: Omit it from the simp argument list.
  [apply] simp only [Pi.sub_apply, Pi.smul_apply, smul_eq_mul, hcoordinate, Finset.sum_sub_distrib,
    Finset.sum_add_distrib, dotProduct, pow_two]

Note: This linter can be disabled with `set_option linter.unusedSimpArgs false`
warning: SafeLearning/CompleteModulesSLL.lean:81:4: Try this: 
  letI̵

The goal is a proposition, so `let` is preferred over `letI`.
The difference between `let` and `letI` is that `letI` inlines the value.
But this is not relevant for proofs because of proof irrelevance.

Note: This linter can be disabled with `set_option linter.style.haveILetI false`
warning: SafeLearning/CompleteModulesSLL.lean:106:47: This simp argument is unused:
  Pi.mul_apply

Hint: Omit it from the simp argument list.
  [apply] simp only [Matrix.mulVec_diagonal, dotProduct, Pi.sub_apply]

Note: This linter can be disabled with `set_option linter.unusedSimpArgs false`
warning: SafeLearning/CompleteModulesSLL.lean:112:40: This simp argument is unused:
  add_zero

Hint: Omit it from the simp argument list.
  [apply] simp only [zero_mul, mul_zero, zero_add, one_mul, add_sub_add_right_eq_sub, Matrix.mulVec_sub,
    Pi.sub_apply] at hq ⊢

Note: This linter can be disabled with `set_option linter.unusedSimpArgs false`
warning: SafeLearning/CompleteModulesSLL.lean:112:49: This simp argument is unused:
  one_mul

Hint: Omit it from the simp argument list.
  [apply] simp only [zero_mul, mul_zero, zero_add, add_zero, add_sub_add_right_eq_sub, Matrix.mulVec_sub,
    Pi.sub_apply] at hq ⊢

Note: This linter can be disabled with `set_option linter.unusedSimpArgs false`
✔ [8981/9099] Built SafeLearning.CompleteSafetyBellmanConsequences (11s)
⚠ [8982/9099] Built SafeLearning.CompleteModulesCayleyInverse (13s)
warning: SafeLearning/CompleteModulesCayleyInverse.lean:17:2: Try this: 
  letI̵

The goal is a proposition, so `let` is preferred over `letI`.
The difference between `let` and `letI` is that `letI` inlines the value.
But this is not relevant for proofs because of proof irrelevance.

Note: This linter can be disabled with `set_option linter.style.haveILetI false`
warning: SafeLearning/CompleteModulesCayleyInverse.lean:23:2: Try this: 
  letI̵

The goal is a proposition, so `let` is preferred over `letI`.
The difference between `let` and `letI` is that `letI` inlines the value.
But this is not relevant for proofs because of proof irrelevance.

Note: This linter can be disabled with `set_option linter.style.haveILetI false`
warning: SafeLearning/CompleteModulesCayleyInverse.lean:32:2: Try this: 
  letI̵

The goal is a proposition, so `let` is preferred over `letI`.
The difference between `let` and `letI` is that `letI` inlines the value.
But this is not relevant for proofs because of proof irrelevance.

Note: This linter can be disabled with `set_option linter.style.haveILetI false`
warning: SafeLearning/CompleteModulesCayleyInverse.lean:40:2: Try this: 
  letI̵

The goal is a proposition, so `let` is preferred over `letI`.
The difference between `let` and `letI` is that `letI` inlines the value.
But this is not relevant for proofs because of proof irrelevance.

Note: This linter can be disabled with `set_option linter.style.haveILetI false`
warning: SafeLearning/CompleteModulesCayleyInverse.lean:41:2: Try this: 
  letI̵

The goal is a proposition, so `let` is preferred over `letI`.
The difference between `let` and `letI` is that `letI` inlines the value.
But this is not relevant for proofs because of proof irrelevance.

Note: This linter can be disabled with `set_option linter.style.haveILetI false`
warning: SafeLearning/CompleteModulesCayleyInverse.lean:69:2: Try this: 
  letI̵

The goal is a proposition, so `let` is preferred over `letI`.
The difference between `let` and `letI` is that `letI` inlines the value.
But this is not relevant for proofs because of proof irrelevance.

Note: This linter can be disabled with `set_option linter.style.haveILetI false`
warning: SafeLearning/CompleteModulesCayleyInverse.lean:71:2: Try this: 
  letI̵

The goal is a proposition, so `let` is preferred over `letI`.
The difference between `let` and `letI` is that `letI` inlines the value.
But this is not relevant for proofs because of proof irrelevance.

Note: This linter can be disabled with `set_option linter.style.haveILetI false`
warning: SafeLearning/CompleteModulesCayleyInverse.lean:90:2: Try this: 
  letI̵

The goal is a proposition, so `let` is preferred over `letI`.
The difference between `let` and `letI` is that `letI` inlines the value.
But this is not relevant for proofs because of proof irrelevance.

Note: This linter can be disabled with `set_option linter.style.haveILetI false`
warning: SafeLearning/CompleteModulesCayleyInverse.lean:91:2: Try this: 
  letI̵

The goal is a proposition, so `let` is preferred over `letI`.
The difference between `let` and `letI` is that `letI` inlines the value.
But this is not relevant for proofs because of proof irrelevance.

Note: This linter can be disabled with `set_option linter.style.haveILetI false`
✔ [8983/9099] Built SafeLearning.BookApplications (15s)
⚠ [8984/9099] Built SafeLearning.CompleteModulesKernelFunctional (13s)
warning: SafeLearning/CompleteModulesKernelFunctional.lean:15:2: Try this: 
  letI̵

The goal is a proposition, so `let` is preferred over `letI`.
The difference between `let` and `letI` is that `letI` inlines the value.
But this is not relevant for proofs because of proof irrelevance.

Note: This linter can be disabled with `set_option linter.style.haveILetI false`
warning: SafeLearning/CompleteModulesKernelFunctional.lean:26:2: Try this: 
  letI̵

The goal is a proposition, so `let` is preferred over `letI`.
The difference between `let` and `letI` is that `letI` inlines the value.
But this is not relevant for proofs because of proof irrelevance.

Note: This linter can be disabled with `set_option linter.style.haveILetI false`
warning: SafeLearning/CompleteModulesKernelFunctional.lean:42:0: automatically included section variable(s) unused in theorem `SafeLearning.CompleteModulesKernelFunctional.posterior_functional_evaluates`:
  [DecidableEq I]
consider restructuring your `variable` declarations so that the variables are not in scope or explicitly omit them:
  omit [DecidableEq I] in theorem ...

Note: This linter can be disabled with `set_option linter.unusedSectionVars false`
✔ [8985/9099] Built SafeLearning.CompleteAppliedProbability (17s)
⚠ [8986/9099] Built SafeLearning.CompleteModulesCayleyPlane (16s)
warning: SafeLearning/CompleteModulesCayleyPlane.lean:31:6: This simp argument is unused:
  Matrix.smul_apply

Hint: Omit it from the simp argument list.
  [apply] simp [actualPlaneSkew, Matrix.mul_apply, Fin.sum_univ_two, Matrix.add_apply, Matrix.one_apply]

Note: This linter can be disabled with `set_option linter.unusedSimpArgs false`
⚠ [8987/9099] Built SafeLearning.CompleteModulesScalarSDP (12s)
warning: SafeLearning/CompleteModulesScalarSDP.lean:88:5: Variable name `hL` is not explicitly referenced.

Hint: The binding can be removed (if unused) or named `_` (if used implicitly). Alternatively, prefix the name with `_` to silence this warning:
  [apply] _hL

Note: This linter can be disabled with `set_option linter.unusedVariables false`
⚠ [8988/9099] Built SafeLearning.CompleteModulesBarrierGradient (15s)
warning: SafeLearning/CompleteModulesBarrierGradient.lean:94:0: automatically included section variable(s) unused in theorem `SafeLearning.CompleteModulesBarrierGradient.actual_variation_trace_splits_into_weight_blocks`:
  [DecidableEq I]
  [DecidableEq O]
consider restructuring your `variable` declarations so that the variables are not in scope or explicitly omit them:
  omit [DecidableEq I] [DecidableEq O] in theorem ...

Note: This linter can be disabled with `set_option linter.unusedSectionVars false`
⚠ [8989/9099] Built SafeLearning.CompleteModulesLipSDPNetwork (14s)
warning: SafeLearning/CompleteModulesLipSDPNetwork.lean:46:59: This simp argument is unused:
  Matrix.fromRows_mul_fromCols

Hint: Omit it from the simp argument list.
  [apply] simp only [Matrix.transpose_fromCols, Matrix.fromRows_mul, Matrix.transpose_zero, Matrix.transpose_one,
    Matrix.zero_mul, Matrix.mul_zero, Matrix.mul_one, Matrix.one_mul]

Note: This linter can be disabled with `set_option linter.unusedSimpArgs false`
warning: SafeLearning/CompleteModulesLipSDPNetwork.lean:47:63: This simp argument is unused:
  Matrix.mul_zero

Hint: Omit it from the simp argument list.
  [apply] simp only [Matrix.transpose_fromCols, Matrix.fromRows_mul, Matrix.fromRows_mul_fromCols,
    Matrix.transpose_zero, Matrix.transpose_one, Matrix.zero_mul, Matrix.mul_one, Matrix.one_mul]

Note: This linter can be disabled with `set_option linter.unusedSimpArgs false`
warning: SafeLearning/CompleteModulesLipSDPNetwork.lean:48:4: This simp argument is unused:
  Matrix.mul_one

Hint: Omit it from the simp argument list.
  [apply] simp only [Matrix.transpose_fromCols, Matrix.fromRows_mul, Matrix.fromRows_mul_fromCols,
    Matrix.transpose_zero, Matrix.transpose_one, Matrix.zero_mul, Matrix.mul_zero, Matrix.one_mul]

Note: This linter can be disabled with `set_option linter.unusedSimpArgs false`
warning: SafeLearning/CompleteModulesLipSDPNetwork.lean:66:22: This simp argument is unused:
  Matrix.fromCols_mulVec_sumElim

Hint: Omit it from the simp argument list.
  [apply] simp [liftedState]

Note: This linter can be disabled with `set_option linter.unusedSimpArgs false`
warning: SafeLearning/CompleteModulesLipSDPNetwork.lean:71:40: This simp argument is unused:
  Matrix.fromCols_mulVec_sumElim

Hint: Omit it from the simp argument list.
  [apply] simp [Matrix.mulVec_sub, liftedState]

Note: This linter can be disabled with `set_option linter.unusedSimpArgs false`
warning: SafeLearning/CompleteModulesLipSDPNetwork.lean:75:40: This simp argument is unused:
  Matrix.fromCols_mulVec_sumElim

Hint: Omit it from the simp argument list.
  [apply] simp [Matrix.mulVec_sub, liftedState]

Note: This linter can be disabled with `set_option linter.unusedSimpArgs false`
warning: SafeLearning/CompleteModulesLipSDPNetwork.lean:81:40: This simp argument is unused:
  Matrix.fromCols_mulVec_sumElim

Hint: Omit it from the simp argument list.
  [apply] simp [Matrix.mulVec_sub, liftedState, oneHiddenNetwork]

Note: This linter can be disabled with `set_option linter.unusedSimpArgs false`
✔ [8990/9099] Built SafeLearning.PrimersApplied (19s)
✔ [8991/9099] Built SafeLearning.CompleteConformalCounterexample (8.9s)
✔ [8992/9099] Built SafeLearning.CompleteModulesConformal (9.5s)
⚠ [8993/9099] Built SafeLearning.CompleteModulesSylvester (8.0s)
warning: SafeLearning/CompleteModulesSylvester.lean:28:2: Try this: 
  letI̵

The goal is a proposition, so `let` is preferred over `letI`.
The difference between `let` and `letI` is that `letI` inlines the value.
But this is not relevant for proofs because of proof irrelevance.

Note: This linter can be disabled with `set_option linter.style.haveILetI false`
✔ [8994/9099] Built SafeLearning.CompleteFoundationsCholeskyRecursion (8.8s)
⚠ [8995/9099] Built SafeLearning.CompleteFoundationsUniversalMatrices (7.8s)
warning: SafeLearning/CompleteFoundationsUniversalMatrices.lean:41:27: This simp argument is unused:
  Fin.sum_univ_succ

Hint: Omit it from the simp argument list.
  [apply] simp [Matrix.mul_apply, Matrix.vecMulVec]

Note: This linter can be disabled with `set_option linter.unusedSimpArgs false`
warning: SafeLearning/CompleteFoundationsUniversalMatrices.lean:43:65: This simp argument is unused:
  Fin.sum_univ_succ

Hint: Omit it from the simp argument list.
  [apply] simp [Matrix.mul_apply, Matrix.replicateRow, Matrix.replicateCol, Finset.sum_mul] at h

Note: This linter can be disabled with `set_option linter.unusedSimpArgs false`
✔ [8996/9099] Built SafeLearning.CompleteFoundationsL2Models (11s)
⚠ [8997/9099] Built SafeLearning.CompleteFoundationsQuadraticForms (9.5s)
warning: SafeLearning/CompleteFoundationsQuadraticForms.lean:136:39: This simp argument is unused:
  Pi.star_apply

Hint: Omit it from the simp argument list.
  [apply] simp only [hH, true_and, realQuadratic, star_trivial]

Note: This linter can be disabled with `set_option linter.unusedSimpArgs false`
warning: SafeLearning/CompleteFoundationsQuadraticForms.lean:144:39: This simp argument is unused:
  Pi.star_apply

Hint: Omit it from the simp argument list.
  [apply] simp only [hH, true_and, realQuadratic, star_trivial]

Note: This linter can be disabled with `set_option linter.unusedSimpArgs false`
⚠ [8998/9099] Built SafeLearning.CompleteLyapunovNonlinearModels (11s)
warning: SafeLearning/CompleteLyapunovNonlinearModels.lean:56:19: try 'simp' instead of 'simpa'

Note: This linter can be disabled with `set_option linter.unnecessarySimpa false`
warning: SafeLearning/CompleteLyapunovNonlinearModels.lean:68:4: Try `simp at hd` instead of `simpa using hd`

Note: This linter can be disabled with `set_option linter.unnecessarySimpa false`
warning: SafeLearning/CompleteLyapunovNonlinearModels.lean:58:55: Variable name `hc` is not explicitly referenced.

Hint: The binding can be removed (if unused) or named `_` (if used implicitly). Alternatively, prefix the name with `_` to silence this warning:
  [apply] _hc

Note: This linter can be disabled with `set_option linter.unusedVariables false`
warning: SafeLearning/CompleteLyapunovNonlinearModels.lean:149:7: Variable name `x` is not explicitly referenced.

Hint: The binding can be removed (if unused) or named `_` (if used implicitly). Alternatively, prefix the name with `_` to silence this warning:
  [apply] _x

Note: This linter can be disabled with `set_option linter.unusedVariables false`
warning: SafeLearning/CompleteLyapunovNonlinearModels.lean:150:7: Variable name `n` is not explicitly referenced.

Hint: The binding can be removed (if unused) or named `_` (if used implicitly). Alternatively, prefix the name with `_` to silence this warning:
  [apply] _n

Note: This linter can be disabled with `set_option linter.unusedVariables false`
⚠ [8999/9099] Built SafeLearning.CompleteFoundationsDefinitenessModels (10s)
warning: SafeLearning/CompleteFoundationsDefinitenessModels.lean:152:61: Used `tac1 <;> tac2` where `(tac1; tac2)` would suffice

Note: This linter can be disabled with `set_option linter.unnecessarySeqFocus false`
warning: SafeLearning/CompleteFoundationsDefinitenessModels.lean:195:76: This simp argument is unused:
  zero_pow

Hint: Omit it from the simp argument list.
  [apply] simp only [point, PiLp.toLp_apply, Matrix.cons_val_zero, Matrix.cons_val_one, mul_zero, add_zero, zero_add,
    abs_le]

Note: This linter can be disabled with `set_option linter.unusedSimpArgs false`
warning: SafeLearning/CompleteFoundationsDefinitenessModels.lean:196:4: This simp argument is unused:
  mul_zero

Hint: Omit it from the simp argument list.
  [apply] simp only [point, PiLp.toLp_apply, Matrix.cons_val_zero, Matrix.cons_val_one, zero_pow, add_zero, zero_add,
    abs_le]

Note: This linter can be disabled with `set_option linter.unusedSimpArgs false`
warning: SafeLearning/CompleteFoundationsDefinitenessModels.lean:196:13: This simp argument is unused:
  add_zero

Hint: Omit it from the simp argument list.
  [apply] simp only [point, PiLp.toLp_apply, Matrix.cons_val_zero, Matrix.cons_val_one, zero_pow, mul_zero, zero_add,
    abs_le]

Note: This linter can be disabled with `set_option linter.unusedSimpArgs false`
warning: SafeLearning/CompleteFoundationsDefinitenessModels.lean:196:22: This simp argument is unused:
  zero_add

Hint: Omit it from the simp argument list.
  [apply] simp only [point, PiLp.toLp_apply, Matrix.cons_val_zero, Matrix.cons_val_one, zero_pow, mul_zero, add_zero,
    abs_le]

Note: This linter can be disabled with `set_option linter.unusedSimpArgs false`
⚠ [9000/9099] Built SafeLearning.CompleteFoundationsPseudoinverse (11s)
warning: SafeLearning/CompleteFoundationsPseudoinverse.lean:37:33: This simp argument is unused:
  Fin.sum_univ_succ

Hint: Omit it from the simp argument list.
  [apply] simp [sourceA, Matrix.mul_apply] at h0 h1

Note: This linter can be disabled with `set_option linter.unusedSimpArgs false`
warning: SafeLearning/CompleteFoundationsPseudoinverse.lean:44:14: Used `tac1 <;> tac2` where `(tac1; tac2)` would suffice

Note: This linter can be disabled with `set_option linter.unnecessarySeqFocus false`
warning: SafeLearning/CompleteFoundationsPseudoinverse.lean:44:30: Used `tac1 <;> tac2` where `(tac1; tac2)` would suffice

Note: This linter can be disabled with `set_option linter.unnecessarySeqFocus false`
warning: SafeLearning/CompleteFoundationsPseudoinverse.lean:73:60: Used `tac1 <;> tac2` where `(tac1; tac2)` would suffice

Note: This linter can be disabled with `set_option linter.unnecessarySeqFocus false`
warning: SafeLearning/CompleteFoundationsPseudoinverse.lean:82:33: Used `tac1 <;> tac2` where `(tac1; tac2)` would suffice

Note: This linter can be disabled with `set_option linter.unnecessarySeqFocus false`
warning: SafeLearning/CompleteFoundationsPseudoinverse.lean:152:14: Used `tac1 <;> tac2` where `(tac1; tac2)` would suffice

Note: This linter can be disabled with `set_option linter.unnecessarySeqFocus false`
warning: SafeLearning/CompleteFoundationsPseudoinverse.lean:167:45: This simp argument is unused:
  Fin.sum_univ_succ

Hint: Omit it from the simp argument list.
  [apply] simp [rowMatrix, rowPlus, Matrix.mul_apply]

Note: This linter can be disabled with `set_option linter.unusedSimpArgs false`
warning: SafeLearning/CompleteFoundationsPseudoinverse.lean:175:16: Used `tac1 <;> tac2` where `(tac1; tac2)` would suffice

Note: This linter can be disabled with `set_option linter.unnecessarySeqFocus false`
⚠ [9001/9099] Built SafeLearning.CompleteFoundationsAffineRKHS (11s)
warning: SafeLearning/CompleteFoundationsAffineRKHS.lean:55:2: Try this: 
  letI̵

The goal is a proposition, so `let` is preferred over `letI`.
The difference between `let` and `letI` is that `letI` inlines the value.
But this is not relevant for proofs because of proof irrelevance.

Note: This linter can be disabled with `set_option linter.style.haveILetI false`
warning: SafeLearning/CompleteFoundationsAffineRKHS.lean:68:2: Try this: 
  letI̵

The goal is a proposition, so `let` is preferred over `letI`.
The difference between `let` and `letI` is that `letI` inlines the value.
But this is not relevant for proofs because of proof irrelevance.

Note: This linter can be disabled with `set_option linter.style.haveILetI false`
warning: SafeLearning/CompleteFoundationsAffineRKHS.lean:124:2: Try this: 
  letI̵

The goal is a proposition, so `let` is preferred over `letI`.
The difference between `let` and `letI` is that `letI` inlines the value.
But this is not relevant for proofs because of proof irrelevance.

Note: This linter can be disabled with `set_option linter.style.haveILetI false`
⚠ [9002/9099] Built SafeLearning.CompleteAppliedConditionalLaw (10s)
warning: SafeLearning/CompleteAppliedConditionalLaw.lean:18:2: Try this: 
  letI̵

The goal is a proposition, so `let` is preferred over `letI`.
The difference between `let` and `letI` is that `letI` inlines the value.
But this is not relevant for proofs because of proof irrelevance.

Note: This linter can be disabled with `set_option linter.style.haveILetI false`
✔ [9003/9099] Built SafeLearning.CompleteAppliedCorrelation (12s)
✔ [9004/9099] Built SafeLearning.CompleteProjectionDifferential (10s)
⚠ [9005/9099] Built SafeLearning.CompleteAppliedConditionalBounds (11s)
warning: SafeLearning/CompleteAppliedConditionalBounds.lean:13:2: Try this: 
  letI̵

The goal is a proposition, so `let` is preferred over `letI`.
The difference between `let` and `letI` is that `letI` inlines the value.
But this is not relevant for proofs because of proof irrelevance.

Note: This linter can be disabled with `set_option linter.style.haveILetI false`
⚠ [9006/9099] Built SafeLearning.CompleteDuality (12s)
warning: SafeLearning/CompleteDuality.lean:208:2: Try this: 
  letI̵

The goal is a proposition, so `let` is preferred over `letI`.
The difference between `let` and `letI` is that `letI` inlines the value.
But this is not relevant for proofs because of proof irrelevance.

Note: This linter can be disabled with `set_option linter.style.haveILetI false`
warning: SafeLearning/CompleteDuality.lean:232:2: Try this: 
  letI̵

The goal is a proposition, so `let` is preferred over `letI`.
The difference between `let` and `letI` is that `letI` inlines the value.
But this is not relevant for proofs because of proof irrelevance.

Note: This linter can be disabled with `set_option linter.style.haveILetI false`
warning: SafeLearning/CompleteDuality.lean:320:8: This simp argument is unused:
  Function.comp_def

Hint: Omit it from the simp argument list.
  [apply] simp [walk_dual_abs_form]

Note: This linter can be disabled with `set_option linter.unusedSimpArgs false`
warning: SafeLearning/CompleteDuality.lean:351:39: this tactic is never executed

Note: This linter can be disabled with `set_option linter.unreachableTactic false`
warning: SafeLearning/CompleteDuality.lean:351:39: Unused tactic linter: `ring` does nothing

Note: This linter can be disabled with `set_option linter.unusedTactic false`
⚠ [9007/9099] Built SafeLearning.CompleteCoreMaterialLimits (12s)
warning: SafeLearning/CompleteCoreMaterialLimits.lean:36:56: `if_neg` has been deprecated: Use `ite_eq_right` instead
warning: SafeLearning/CompleteCoreMaterialLimits.lean:31:60: Used `tac1 <;> tac2` where `(tac1; tac2)` would suffice

Note: This linter can be disabled with `set_option linter.unnecessarySeqFocus false`
⚠ [9008/9099] Built SafeLearning.CompleteAppliedLookahead (9.8s)
warning: SafeLearning/CompleteAppliedLookahead.lean:22:2: Try this: 
  letI̵

The goal is a proposition, so `let` is preferred over `letI`.
The difference between `let` and `letI` is that `letI` inlines the value.
But this is not relevant for proofs because of proof irrelevance.

Note: This linter can be disabled with `set_option linter.style.haveILetI false`
✔ [9009/9099] Built SafeLearning.CompleteProjectionGeometry (11s)
✔ [9010/9099] Built SafeLearning.CoreAnalysis (12s)
⚠ [9011/9099] Built SafeLearning.CompleteLyapunovExerciseModels (15s)
warning: SafeLearning/CompleteLyapunovExerciseModels.lean:63:39: `Set.mem_setOf_eq` has been deprecated: Use `Set.mem_ofPred_eq` instead
warning: SafeLearning/CompleteLyapunovExerciseModels.lean:63:39: `Set.mem_setOf_eq` has been deprecated: Use `Set.mem_ofPred_eq` instead
warning: SafeLearning/CompleteLyapunovExerciseModels.lean:116:7: Variable name `n` is not explicitly referenced.

Hint: The binding can be removed (if unused) or named `_` (if used implicitly). Alternatively, prefix the name with `_` to silence this warning:
  [apply] _n

Note: This linter can be disabled with `set_option linter.unusedVariables false`
warning: SafeLearning/CompleteLyapunovExerciseModels.lean:211:46: Used `tac1 <;> tac2` where `(tac1; tac2)` would suffice

Note: This linter can be disabled with `set_option linter.unnecessarySeqFocus false`
⚠ [9012/9099] Built SafeLearning.CompleteAppliedPolicyModel (15s)
warning: SafeLearning/CompleteAppliedPolicyModel.lean:68:102: This simp argument is unused:
  ENNReal.toReal_inv

Hint: Omit it from the simp argument list.
  [apply] simp (disch := finiteness) only [ENNReal.toReal_add, ENNReal.toReal_mul, ENNReal.toReal_div]

Note: This linter can be disabled with `set_option linter.unusedSimpArgs false`
⚠ [9013/9099] Built SafeLearning.CompleteModulesNetworks (22s)
info: SafeLearning/CompleteModulesNetworks.lean:49:29: Try this:
  [apply] ring_nf
  
  The `ring` tactic failed to close the goal. Use `ring_nf` to obtain a normal form.
    
  Note that `ring` works primarily in *commutative* rings. If you have a noncommutative ring, abelian group or module, consider using `noncomm_ring`, `abel` or `module` instead.
info: SafeLearning/CompleteModulesNetworks.lean:52:29: Try this:
  [apply] ring_nf
  
  The `ring` tactic failed to close the goal. Use `ring_nf` to obtain a normal form.
    
  Note that `ring` works primarily in *commutative* rings. If you have a noncommutative ring, abelian group or module, consider using `noncomm_ring`, `abel` or `module` instead.
warning: SafeLearning/CompleteModulesNetworks.lean:49:25: Used `tac1 <;> tac2` where `(tac1; tac2)` would suffice

Note: This linter can be disabled with `set_option linter.unnecessarySeqFocus false`
warning: SafeLearning/CompleteModulesNetworks.lean:52:25: Used `tac1 <;> tac2` where `(tac1; tac2)` would suffice

Note: This linter can be disabled with `set_option linter.unnecessarySeqFocus false`
info: SafeLearning/CompleteModulesNetworks.lean:72:29: Try this:
  [apply] ring_nf
  
  The `ring` tactic failed to close the goal. Use `ring_nf` to obtain a normal form.
    
  Note that `ring` works primarily in *commutative* rings. If you have a noncommutative ring, abelian group or module, consider using `noncomm_ring`, `abel` or `module` instead.
info: SafeLearning/CompleteModulesNetworks.lean:75:29: Try this:
  [apply] ring_nf
  
  The `ring` tactic failed to close the goal. Use `ring_nf` to obtain a normal form.
    
  Note that `ring` works primarily in *commutative* rings. If you have a noncommutative ring, abelian group or module, consider using `noncomm_ring`, `abel` or `module` instead.
warning: SafeLearning/CompleteModulesNetworks.lean:72:25: Used `tac1 <;> tac2` where `(tac1; tac2)` would suffice

Note: This linter can be disabled with `set_option linter.unnecessarySeqFocus false`
warning: SafeLearning/CompleteModulesNetworks.lean:75:25: Used `tac1 <;> tac2` where `(tac1; tac2)` would suffice

Note: This linter can be disabled with `set_option linter.unnecessarySeqFocus false`
warning: SafeLearning/CompleteModulesNetworks.lean:124:20: Used `tac1 <;> tac2` where `(tac1; tac2)` would suffice

Note: This linter can be disabled with `set_option linter.unnecessarySeqFocus false`
warning: SafeLearning/CompleteModulesNetworks.lean:140:29: `if_true` has been deprecated: Use `ite_true` instead
warning: SafeLearning/CompleteModulesNetworks.lean:140:37: `if_false` has been deprecated: Use `ite_false` instead
warning: SafeLearning/CompleteModulesNetworks.lean:140:29: `if_true` has been deprecated: Use `ite_true` instead
warning: SafeLearning/CompleteModulesNetworks.lean:140:37: `if_false` has been deprecated: Use `ite_false` instead
warning: SafeLearning/CompleteModulesNetworks.lean:140:29: `if_true` has been deprecated: Use `ite_true` instead
warning: SafeLearning/CompleteModulesNetworks.lean:140:37: `if_false` has been deprecated: Use `ite_false` instead
warning: SafeLearning/CompleteModulesNetworks.lean:140:29: `if_true` has been deprecated: Use `ite_true` instead
warning: SafeLearning/CompleteModulesNetworks.lean:140:37: `if_false` has been deprecated: Use `ite_false` instead
warning: SafeLearning/CompleteModulesNetworks.lean:127:5: Variable name `ha` is not explicitly referenced.

Hint: The binding can be removed (if unused) or named `_` (if used implicitly). Alternatively, prefix the name with `_` to silence this warning:
  [apply] _ha

Note: This linter can be disabled with `set_option linter.unusedVariables false`
⚠ [9014/9099] Built SafeLearning.CompleteAppliedAdaptiveSigns (11s)
warning: SafeLearning/CompleteAppliedAdaptiveSigns.lean:44:56: Used `tac1 <;> tac2` where `(tac1; tac2)` would suffice

Note: This linter can be disabled with `set_option linter.unnecessarySeqFocus false`
⚠ [9015/9099] Built SafeLearning.CompleteModulesSLLConsequences (13s)
warning: SafeLearning/CompleteModulesSLLConsequences.lean:81:0: automatically included section variable(s) unused in theorem `SafeLearning.CompleteModulesSLLConsequences.actual_majorizer_diagonal_is_nonnegative`:
  [DecidableEq N]
consider restructuring your `variable` declarations so that the variables are not in scope or explicitly omit them:
  omit [DecidableEq N] in theorem ...

Note: This linter can be disabled with `set_option linter.unusedSectionVars false`
warning: SafeLearning/CompleteModulesSLLConsequences.lean:89:0: automatically included section variable(s) unused in theorem `SafeLearning.CompleteModulesSLLConsequences.actual_majorizer_diagonal_is_positive_for_nonzero_column`:
  [DecidableEq N]
consider restructuring your `variable` declarations so that the variables are not in scope or explicitly omit them:
  omit [DecidableEq N] in theorem ...

Note: This linter can be disabled with `set_option linter.unusedSectionVars false`
⚠ [9016/9099] Built SafeLearning.CompleteModulesFinite (14s)
warning: SafeLearning/CompleteModulesFinite.lean:28:32: This simp argument is unused:
  Bool.true_eq

Hint: Omit it from the simp argument list.
  [apply] simp only [thermalSuccessor, ite_true]

Note: This linter can be disabled with `set_option linter.unusedSimpArgs false`
warning: SafeLearning/CompleteModulesFinite.lean:36:32: `Set.mem_setOf_eq` has been deprecated: Use `Set.mem_ofPred_eq` instead
warning: SafeLearning/CompleteModulesFinite.lean:46:32: `Set.mem_setOf_eq` has been deprecated: Use `Set.mem_ofPred_eq` instead
warning: SafeLearning/CompleteModulesFinite.lean:56:32: `Set.mem_setOf_eq` has been deprecated: Use `Set.mem_ofPred_eq` instead
warning: SafeLearning/CompleteModulesFinite.lean:67:32: `Set.mem_setOf_eq` has been deprecated: Use `Set.mem_ofPred_eq` instead
warning: SafeLearning/CompleteModulesFinite.lean:77:32: `Set.mem_setOf_eq` has been deprecated: Use `Set.mem_ofPred_eq` instead
warning: SafeLearning/CompleteModulesFinite.lean:94:52: Used `tac1 <;> tac2` where `(tac1; tac2)` would suffice

Note: This linter can be disabled with `set_option linter.unnecessarySeqFocus false`
warning: SafeLearning/CompleteModulesFinite.lean:135:60: Used `tac1 <;> tac2` where `(tac1; tac2)` would suffice

Note: This linter can be disabled with `set_option linter.unnecessarySeqFocus false`
warning: SafeLearning/CompleteModulesFinite.lean:138:60: Used `tac1 <;> tac2` where `(tac1; tac2)` would suffice

Note: This linter can be disabled with `set_option linter.unnecessarySeqFocus false`
⚠ [9017/9099] Built SafeLearning.CompleteAppliedDynamics (20s)
info: SafeLearning/CompleteAppliedDynamics.lean:148:59: Try this:
  [apply] ring_nf
  
  The `ring` tactic failed to close the goal. Use `ring_nf` to obtain a normal form.
    
  Note that `ring` works primarily in *commutative* rings. If you have a noncommutative ring, abelian group or module, consider using `noncomm_ring`, `abel` or `module` instead.
warning: SafeLearning/CompleteAppliedDynamics.lean:137:32: This simp argument is unused:
  Pi.sub_apply

Hint: Omit it from the simp argument list.
  [apply] simp only [g, Pi.mul_apply, Pi.div_apply, id_eq]

Note: This linter can be disabled with `set_option linter.unusedSimpArgs false`
warning: SafeLearning/CompleteAppliedDynamics.lean:137:45: This simp argument is unused:
  Pi.div_apply

Hint: Omit it from the simp argument list.
  [apply] simp only [g, Pi.mul_apply, Pi.sub_apply, id_eq]

Note: This linter can be disabled with `set_option linter.unusedSimpArgs false`
warning: SafeLearning/CompleteAppliedDynamics.lean:137:65: Used `tac1 <;> tac2` where `(tac1; tac2)` would suffice

Note: This linter can be disabled with `set_option linter.unnecessarySeqFocus false`
warning: SafeLearning/CompleteAppliedDynamics.lean:148:55: Used `tac1 <;> tac2` where `(tac1; tac2)` would suffice

Note: This linter can be disabled with `set_option linter.unnecessarySeqFocus false`
warning: SafeLearning/CompleteAppliedDynamics.lean:236:61: Used `tac1 <;> tac2` where `(tac1; tac2)` would suffice

Note: This linter can be disabled with `set_option linter.unnecessarySeqFocus false`
warning: SafeLearning/CompleteAppliedDynamics.lean:246:61: Used `tac1 <;> tac2` where `(tac1; tac2)` would suffice

Note: This linter can be disabled with `set_option linter.unnecessarySeqFocus false`
info: SafeLearning/CompleteAppliedDynamics.lean:307:65: Try this:
  [apply] ring_nf
  
  The `ring` tactic failed to close the goal. Use `ring_nf` to obtain a normal form.
    
  Note that `ring` works primarily in *commutative* rings. If you have a noncommutative ring, abelian group or module, consider using `noncomm_ring`, `abel` or `module` instead.
warning: SafeLearning/CompleteAppliedDynamics.lean:307:61: Used `tac1 <;> tac2` where `(tac1; tac2)` would suffice

Note: This linter can be disabled with `set_option linter.unnecessarySeqFocus false`
✔ [9018/9099] Built SafeLearning.CompleteModulesDynamics (14s)
⚠ [9019/9099] Built SafeLearning.CompleteModulesTheory (10s)
warning: SafeLearning/CompleteModulesTheory.lean:157:21: Used `tac1 <;> tac2` where `(tac1; tac2)` would suffice

Note: This linter can be disabled with `set_option linter.unnecessarySeqFocus false`
⚠ [9020/9099] Built SafeLearning.CompleteModulesValues (11s)
warning: SafeLearning/CompleteModulesValues.lean:89:48: `if_false` has been deprecated: Use `ite_false` instead
warning: SafeLearning/CompleteModulesValues.lean:89:57: `if_true` has been deprecated: Use `ite_true` instead
warning: SafeLearning/CompleteModulesValues.lean:82:41: Used `tac1 <;> tac2` where `(tac1; tac2)` would suffice

Note: This linter can be disabled with `set_option linter.unnecessarySeqFocus false`
✔ [9021/9099] Built SafeLearning.CompleteModulesSafeExploration (12s)
✔ [9022/9099] Built SafeLearning.CompleteAppliedTailBounds (10s)
⚠ [9023/9099] Built SafeLearning.CompleteModulesBook (16s)
warning: SafeLearning/CompleteModulesBook.lean:119:29: Used `tac1 <;> tac2` where `(tac1; tac2)` would suffice

Note: This linter can be disabled with `set_option linter.unnecessarySeqFocus false`
✔ [9024/9099] Built SafeLearning.CompleteAppliedSampling (10s)
⚠ [9025/9099] Built SafeLearning.CompleteModulesBarrierTraining (10s)
warning: SafeLearning/CompleteModulesBarrierTraining.lean:29:6: This simp argument is unused:
  Matrix.diagonal_mul

Hint: Omit it from the simp argument list.
  [apply] simp [actualTrainingMatrix, barrierMatrix, Matrix.mul_apply, Matrix.diagonal_apply, Matrix.mul_diagonal,
    Matrix.transpose_apply]

Note: This linter can be disabled with `set_option linter.unusedSimpArgs false`
warning: SafeLearning/CompleteModulesBarrierTraining.lean:29:26: This simp argument is unused:
  Matrix.mul_diagonal

Hint: Omit it from the simp argument list.
  [apply] simp [actualTrainingMatrix, barrierMatrix, Matrix.mul_apply, Matrix.diagonal_apply, Matrix.diagonal_mul,
    Matrix.transpose_apply]

Note: This linter can be disabled with `set_option linter.unusedSimpArgs false`
warning: SafeLearning/CompleteModulesBarrierTraining.lean:30:23: This simp argument is unused:
  Matrix.transpose

Hint: Omit it from the simp argument list.
  [apply] simp [scalarWeight, Matrix.mul_apply, Matrix.diagonal_apply, Pi.mul_apply]

Note: This linter can be disabled with `set_option linter.unusedSimpArgs false`
warning: SafeLearning/CompleteModulesBarrierTraining.lean:30:40: This simp argument is unused:
  Matrix.mul_apply

Hint: Omit it from the simp argument list.
  [apply] simp [scalarWeight, Matrix.transpose, Matrix.diagonal_apply, Pi.mul_apply]

Note: This linter can be disabled with `set_option linter.unusedSimpArgs false`
warning: SafeLearning/CompleteModulesBarrierTraining.lean:30:57: This simp argument is unused:
  Matrix.diagonal_apply

Hint: Omit it from the simp argument list.
  [apply] simp [scalarWeight, Matrix.transpose, Matrix.mul_apply, Pi.mul_apply]

Note: This linter can be disabled with `set_option linter.unusedSimpArgs false`
warning: SafeLearning/CompleteModulesBarrierTraining.lean:30:79: This simp argument is unused:
  Pi.mul_apply

Hint: Omit it from the simp argument list.
  [apply] simp [scalarWeight, Matrix.transpose, Matrix.mul_apply, Matrix.diagonal_apply]

Note: This linter can be disabled with `set_option linter.unusedSimpArgs false`
warning: SafeLearning/CompleteModulesBarrierTraining.lean:39:47: This simp argument is unused:
  Fin.sum_univ_one

Hint: Omit it from the simp argument list.
  [apply] simp [actualTrainingMatrix, barrierMatrix, dotProduct, Matrix.mulVec, Matrix.mul_apply, Fintype.sum_sum_type,
    Matrix.diagonal_apply, Matrix.diagonal_mul, Matrix.mul_diagonal, Matrix.transpose_apply]

Note: This linter can be disabled with `set_option linter.unusedSimpArgs false`
warning: SafeLearning/CompleteModulesBarrierTraining.lean:40:4: This simp argument is unused:
  Matrix.diagonal_mul

Hint: Omit it from the simp argument list.
  [apply] simp [actualTrainingMatrix, barrierMatrix, dotProduct, Matrix.mulVec, Matrix.mul_apply, Fintype.sum_sum_type,
    Matrix.diagonal_apply, Fin.sum_univ_one, Matrix.mul_diagonal, Matrix.transpose_apply]

Note: This linter can be disabled with `set_option linter.unusedSimpArgs false`
warning: SafeLearning/CompleteModulesBarrierTraining.lean:40:24: This simp argument is unused:
  Matrix.mul_diagonal

Hint: Omit it from the simp argument list.
  [apply] simp [actualTrainingMatrix, barrierMatrix, dotProduct, Matrix.mulVec, Matrix.mul_apply, Fintype.sum_sum_type,
    Matrix.diagonal_apply, Fin.sum_univ_one, Matrix.diagonal_mul, Matrix.transpose_apply]

Note: This linter can be disabled with `set_option linter.unusedSimpArgs false`
warning: SafeLearning/CompleteModulesBarrierTraining.lean:41:21: This simp argument is unused:
  Matrix.transpose

Hint: Omit it from the simp argument list.
  [apply] simp [scalarWeight, Matrix.mul_apply, Matrix.diagonal_apply, Pi.mul_apply]

Note: This linter can be disabled with `set_option linter.unusedSimpArgs false`
warning: SafeLearning/CompleteModulesBarrierTraining.lean:41:38: This simp argument is unused:
  Matrix.mul_apply

Hint: Omit it from the simp argument list.
  [apply] simp [scalarWeight, Matrix.transpose, Matrix.diagonal_apply, Pi.mul_apply]

Note: This linter can be disabled with `set_option linter.unusedSimpArgs false`
warning: SafeLearning/CompleteModulesBarrierTraining.lean:41:55: This simp argument is unused:
  Matrix.diagonal_apply

Hint: Omit it from the simp argument list.
  [apply] simp [scalarWeight, Matrix.transpose, Matrix.mul_apply, Pi.mul_apply]

Note: This linter can be disabled with `set_option linter.unusedSimpArgs false`
warning: SafeLearning/CompleteModulesBarrierTraining.lean:41:77: This simp argument is unused:
  Pi.mul_apply

Hint: Omit it from the simp argument list.
  [apply] simp [scalarWeight, Matrix.transpose, Matrix.mul_apply, Matrix.diagonal_apply]

Note: This linter can be disabled with `set_option linter.unusedSimpArgs false`
⚠ [9026/9099] Built SafeLearning.CompleteModulesCayleyRange (10s)
warning: SafeLearning/CompleteModulesCayleyRange.lean:39:42: This simp argument is unused:
  Matrix.one_apply

Hint: Omit it from the simp argument list.
  [apply] simp [ha, hb, hc, hd]

Note: This linter can be disabled with `set_option linter.unusedSimpArgs false`
⚠ [9027/9099] Built SafeLearning.CompleteModulesDiagonalQC (9.9s)
warning: SafeLearning/CompleteModulesDiagonalQC.lean:58:0: automatically included section variable(s) unused in theorem `SafeLearning.CompleteModulesDiagonalQC.diagonal_qc_from_actual_activations`:
  [DecidableEq K]
consider restructuring your `variable` declarations so that the variables are not in scope or explicitly omit them:
  omit [DecidableEq K] in theorem ...

Note: This linter can be disabled with `set_option linter.unusedSectionVars false`
warning: SafeLearning/CompleteModulesDiagonalQC.lean:115:28: This simp argument is unused:
  Matrix.fromCols_mulVec_sumElim

Hint: Omit it from the simp argument list.
  [apply] simp [diagonalQC, scalarQC]

Note: This linter can be disabled with `set_option linter.unusedSimpArgs false`
⚠ [9028/9099] Built SafeLearning.CompleteModulesKernel (15s)
warning: SafeLearning/CompleteModulesKernel.lean:315:8: this tactic is never executed

Note: This linter can be disabled with `set_option linter.unreachableTactic false`
warning: SafeLearning/CompleteModulesKernel.lean:315:8: Unused tactic linter: `ring` does nothing

Note: This linter can be disabled with `set_option linter.unusedTactic false`
⚠ [9029/9099] Built SafeLearning.CompleteAppliedElementary (10s)
warning: SafeLearning/CompleteAppliedElementary.lean:12:38: Used `tac1 <;> tac2` where `(tac1; tac2)` would suffice

Note: This linter can be disabled with `set_option linter.unnecessarySeqFocus false`
warning: SafeLearning/CompleteAppliedElementary.lean:85:62: Used `tac1 <;> tac2` where `(tac1; tac2)` would suffice

Note: This linter can be disabled with `set_option linter.unnecessarySeqFocus false`
warning: SafeLearning/CompleteAppliedElementary.lean:158:66: Used `tac1 <;> tac2` where `(tac1; tac2)` would suffice

Note: This linter can be disabled with `set_option linter.unnecessarySeqFocus false`
⚠ [9030/9099] Built SafeLearning.CompleteModulesBarrierSoundness (11s)
warning: SafeLearning/CompleteModulesBarrierSoundness.lean:23:0: automatically included section variable(s) unused in theorem `SafeLearning.CompleteModulesBarrierSoundness.actual_barrier_reassociates_to_output_schur_block`:
  [Fintype I]
  [Fintype O]
consider restructuring your `variable` declarations so that the variables are not in scope or explicitly omit them:
  omit [Fintype I] [Fintype O] in theorem ...

Note: This linter can be disabled with `set_option linter.unusedSectionVars false`
warning: SafeLearning/CompleteModulesBarrierSoundness.lean:34:21: This simp argument is unused:
  Matrix.conjTranspose_apply

Hint: Omit it from the simp argument list.
  [apply] simp [barrierMatrix, leadingBarrierBlock, outputBarrierCross, Matrix.submatrix_apply, Equiv.sumAssoc]

Note: This linter can be disabled with `set_option linter.unusedSimpArgs false`
warning: SafeLearning/CompleteModulesBarrierSoundness.lean:36:0: automatically included section variable(s) unused in theorem `SafeLearning.CompleteModulesBarrierSoundness.actual_barrier_schur_complement_is_negative_lipsdp_certificate`:
  [Fintype I]
consider restructuring your `variable` declarations so that the variables are not in scope or explicitly omit them:
  omit [Fintype I] in theorem ...

Note: This linter can be disabled with `set_option linter.unusedSectionVars false`
warning: SafeLearning/CompleteModulesBarrierSoundness.lean:43:53: This simp argument is unused:
  Matrix.inv_def

Hint: Omit it from the simp argument list.
  [apply] simp

Note: This linter can be disabled with `set_option linter.unusedSimpArgs false`
warning: SafeLearning/CompleteModulesBarrierSoundness.lean:47:55: This simp argument is unused:
  Matrix.conjTranspose_conjTranspose

Hint: Omit it from the simp argument list.
  [apply] simp only [Matrix.conjTranspose_fromRows_eq_fromCols_conjTranspose, Matrix.fromRows_mul_fromCols,
    Matrix.conjTranspose_zero, Matrix.conjTranspose_neg, Matrix.zero_mul, Matrix.mul_zero, neg_mul_neg, mul_zero,
    zero_mul, zero_smul, zero_sub, zero_add, one_smul]

Note: This linter can be disabled with `set_option linter.unusedSimpArgs false`
warning: SafeLearning/CompleteModulesBarrierSoundness.lean:48:36: This simp argument is unused:
  neg_mul_neg

Hint: Omit it from the simp argument list.
  [apply] simp only [Matrix.conjTranspose_fromRows_eq_fromCols_conjTranspose, Matrix.fromRows_mul_fromCols,
    Matrix.conjTranspose_zero, Matrix.conjTranspose_neg, Matrix.conjTranspose_conjTranspose, Matrix.zero_mul,
    Matrix.mul_zero, mul_zero, zero_mul, zero_smul, zero_sub, zero_add, one_smul]

Note: This linter can be disabled with `set_option linter.unusedSimpArgs false`
warning: SafeLearning/CompleteModulesBarrierSoundness.lean:51:31: Used `tac1 <;> tac2` where `(tac1; tac2)` would suffice

Note: This linter can be disabled with `set_option linter.unnecessarySeqFocus false`
warning: SafeLearning/CompleteModulesBarrierSoundness.lean:58:2: Try this: 
  letI̵

The goal is a proposition, so `let` is preferred over `letI`.
The difference between `let` and `letI` is that `letI` inlines the value.
But this is not relevant for proofs because of proof irrelevance.

Note: This linter can be disabled with `set_option linter.style.haveILetI false`
warning: SafeLearning/CompleteModulesBarrierSoundness.lean:65:0: automatically included section variable(s) unused in theorem `SafeLearning.CompleteModulesBarrierSoundness.actual_positive_barrier_has_positive_diagonal_multiplier`:
  [Fintype I]
  [Fintype O]
consider restructuring your `variable` declarations so that the variables are not in scope or explicitly omit them:
  omit [Fintype I] [Fintype O] in theorem ...

Note: This linter can be disabled with `set_option linter.unusedSectionVars false`
warning: SafeLearning/CompleteModulesBarrierSoundness.lean:72:22: This simp argument is unused:
  Matrix.diagonal_apply

Hint: Omit it from the simp argument list.
  [apply] simp [barrierMatrix] at h

Note: This linter can be disabled with `set_option linter.unusedSimpArgs false`
⚠ [9031/9099] Built SafeLearning.CompleteModulesLipSDPProduct (11s)
warning: SafeLearning/CompleteModulesLipSDPProduct.lean:15:0: automatically included section variable(s) unused in theorem `SafeLearning.CompleteModulesLipSDPProduct.actual_spectral_matrix_gain`:
  [DecidableEq K]
consider restructuring your `variable` declarations so that the variables are not in scope or explicitly omit them:
  omit [DecidableEq K] in theorem ...

Note: This linter can be disabled with `set_option linter.unusedSectionVars false`
warning: SafeLearning/CompleteModulesLipSDPProduct.lean:19:0: automatically included section variable(s) unused in theorem `SafeLearning.CompleteModulesLipSDPProduct.slope_restricted_hidden_nonexpansive`:
  [DecidableEq K]
consider restructuring your `variable` declarations so that the variables are not in scope or explicitly omit them:
  omit [DecidableEq K] in theorem ...

Note: This linter can be disabled with `set_option linter.unusedSectionVars false`
warning: SafeLearning/CompleteModulesLipSDPProduct.lean:70:0: automatically included section variable(s) unused in theorem `SafeLearning.CompleteModulesLipSDPProduct.layer_certificate_is_product_matrix`:
  [Fintype I]
  [DecidableEq O]
consider restructuring your `variable` declarations so that the variables are not in scope or explicitly omit them:
  omit [Fintype I] [DecidableEq O] in theorem ...

Note: This linter can be disabled with `set_option linter.unusedSectionVars false`
warning: SafeLearning/CompleteModulesLipSDPProduct.lean:82:69: Used `tac1 <;> tac2` where `(tac1; tac2)` would suffice

Note: This linter can be disabled with `set_option linter.unnecessarySeqFocus false`
warning: SafeLearning/CompleteModulesLipSDPProduct.lean:84:0: automatically included section variable(s) unused in theorem `SafeLearning.CompleteModulesLipSDPProduct.product_certificate_is_hermitian`:
  [Fintype I]
  [Fintype K]
  [DecidableEq O]
consider restructuring your `variable` declarations so that the variables are not in scope or explicitly omit them:
  omit [Fintype I] [Fintype K] [DecidableEq O] in theorem ...

Note: This linter can be disabled with `set_option linter.unusedSectionVars false`
warning: SafeLearning/CompleteModulesLipSDPProduct.lean:105:49: This simp argument is unused:
  zero_sub

Hint: Omit it from the simp argument list.
  [apply] simp only [Matrix.fromCols_mulVec_sumElim, Matrix.zero_mulVec, Matrix.one_mulVec, zero_add, add_zero,
    mul_zero, zero_mul, zero_add, zero_add, zero_mul]

Note: This linter can be disabled with `set_option linter.unusedSimpArgs false`
warning: SafeLearning/CompleteModulesLipSDPProduct.lean:107:13: This simp argument is unused:
  mul_add

Hint: Omit it from the simp argument list.
  [apply] simp only [mul_sub, Finset.mul_sum, Finset.sum_add_distrib, Finset.sum_sub_distrib]

Note: This linter can be disabled with `set_option linter.unusedSimpArgs false`
warning: SafeLearning/CompleteModulesLipSDPProduct.lean:107:44: This simp argument is unused:
  Finset.sum_add_distrib

Hint: Omit it from the simp argument list.
  [apply] simp only [mul_add, mul_sub, Finset.mul_sum, Finset.sum_sub_distrib]

Note: This linter can be disabled with `set_option linter.unusedSimpArgs false`
⚠ [9032/9099] Built SafeLearning.CompleteModulesLipSDPConvex (12s)
warning: SafeLearning/CompleteModulesLipSDPConvex.lean:14:0: automatically included section variable(s) unused in theorem `SafeLearning.CompleteModulesLipSDPConvex.actual_block_certificate_is_affine`:
  [Fintype I]
consider restructuring your `variable` declarations so that the variables are not in scope or explicitly omit them:
  omit [Fintype I] in theorem ...

Note: This linter can be disabled with `set_option linter.unusedSectionVars false`
warning: SafeLearning/CompleteModulesLipSDPConvex.lean:35:74: This simp argument is unused:
  Matrix.sub_apply

Hint: Omit it from the simp argument list.
  [apply] simp [Matrix.fromBlocks, Matrix.smul_apply, Matrix.add_apply]

Note: This linter can be disabled with `set_option linter.unusedSimpArgs false`
warning: SafeLearning/CompleteModulesLipSDPConvex.lean:37:65: This simp argument is unused:
  Matrix.sub_apply

Hint: Omit it from the simp argument list.
  [apply] simp [Matrix.fromBlocks, Matrix.smul_apply, Matrix.add_apply]

Note: This linter can be disabled with `set_option linter.unusedSimpArgs false`
warning: SafeLearning/CompleteModulesLipSDPConvex.lean:78:0: automatically included section variable(s) unused in theorem `SafeLearning.CompleteModulesLipSDPConvex.diagonal_multiplier_cone_is_convex`:
  [Fintype K]
  [DecidableEq K]
consider restructuring your `variable` declarations so that the variables are not in scope or explicitly omit them:
  omit [Fintype K] [DecidableEq K] in theorem ...

Note: This linter can be disabled with `set_option linter.unusedSectionVars false`
⚠ [9033/9099] Built SafeLearning.CompleteFoundationsCongruence (10s)
warning: SafeLearning/CompleteFoundationsCongruence.lean:168:16: Used `tac1 <;> tac2` where `(tac1; tac2)` would suffice

Note: This linter can be disabled with `set_option linter.unnecessarySeqFocus false`
⚠ [9034/9099] Built SafeLearning.CompleteAppliedAzuma (8.0s)
warning: SafeLearning/CompleteAppliedAzuma.lean:29:2: Try this: 
  letI̵

The goal is a proposition, so `let` is preferred over `letI`.
The difference between `let` and `letI` is that `letI` inlines the value.
But this is not relevant for proofs because of proof irrelevance.

Note: This linter can be disabled with `set_option linter.style.haveILetI false`
warning: SafeLearning/CompleteAppliedAzuma.lean:39:2: Try this: 
  letI̵

The goal is a proposition, so `let` is preferred over `letI`.
The difference between `let` and `letI` is that `letI` inlines the value.
But this is not relevant for proofs because of proof irrelevance.

Note: This linter can be disabled with `set_option linter.style.haveILetI false`
warning: SafeLearning/CompleteAppliedAzuma.lean:85:2: Try this: 
  letI̵

The goal is a proposition, so `let` is preferred over `letI`.
The difference between `let` and `letI` is that `letI` inlines the value.
But this is not relevant for proofs because of proof irrelevance.

Note: This linter can be disabled with `set_option linter.style.haveILetI false`
warning: SafeLearning/CompleteAppliedAzuma.lean:138:12: try 'simp' instead of 'simpa'

Note: This linter can be disabled with `set_option linter.unnecessarySimpa false`
⚠ [9035/9099] Built SafeLearning.CompleteAppliedExercises (14s)
warning: SafeLearning/CompleteAppliedExercises.lean:69:5: Variable name `h1` is not explicitly referenced.

Hint: The binding can be removed (if unused) or named `_` (if used implicitly). Alternatively, prefix the name with `_` to silence this warning:
  [apply] _h1

Note: This linter can be disabled with `set_option linter.unusedVariables false`
warning: SafeLearning/CompleteAppliedExercises.lean:96:15: This simp argument is unused:
  hn1

Hint: Omit it from the simp argument list.
  [apply] simp [hn, finiteTrajectoryReward]

Note: This linter can be disabled with `set_option linter.unusedSimpArgs false`
warning: SafeLearning/CompleteAppliedExercises.lean:128:43: Variable name `i` is not explicitly referenced.

Hint: The binding can be removed (if unused) or named `_` (if used implicitly). Alternatively, prefix the name with `_` to silence this warning:
  [apply] _i

Note: This linter can be disabled with `set_option linter.unusedVariables false`
⚠ [9036/9099] Built SafeLearning.CompleteFoundationsCholeskyCost (10s)
warning: SafeLearning/CompleteFoundationsCholeskyCost.lean:64:26: `if_neg` has been deprecated: Use `ite_eq_right` instead
warning: SafeLearning/CompleteFoundationsCholeskyCost.lean:74:8: `if_neg` has been deprecated: Use `ite_eq_right` instead
warning: SafeLearning/CompleteFoundationsCholeskyCost.lean:76:15: `if_pos` has been deprecated: Use `ite_eq_left` instead
warning: SafeLearning/CompleteFoundationsCholeskyCost.lean:76:15: This simp argument is unused:
  if_pos rfl

Hint: Omit it from the simp argument list.
  [apply] simp only

Note: This linter can be disabled with `set_option linter.unusedSimpArgs false`
warning: SafeLearning/CompleteFoundationsCholeskyCost.lean:101:59: `Fin.coe_castLE` has been deprecated: Use `Fin.val_castLE` instead
warning: SafeLearning/CompleteFoundationsCholeskyCost.lean:140:2: Used `tac1 <;> tac2` where `(tac1; tac2)` would suffice

Note: This linter can be disabled with `set_option linter.unnecessarySeqFocus false`
⚠ [9037/9099] Built SafeLearning.PrimersFoundations (52s)
warning: SafeLearning/PrimersFoundations.lean:35:46: This simp argument is unused:
  not_imp

Hint: Omit it from the simp argument list.
  [apply] simp only [not_forall, not_exists, not_and, exists_prop]

Note: This linter can be disabled with `set_option linter.unusedSimpArgs false`
warning: SafeLearning/PrimersFoundations.lean:152:2: Used `tac1 <;> tac2` where `(tac1; tac2)` would suffice

Note: This linter can be disabled with `set_option linter.unnecessarySeqFocus false`
warning: SafeLearning/PrimersFoundations.lean:248:35: Variable name `y` is not explicitly referenced.

Hint: The binding can be removed (if unused) or named `_` (if used implicitly). Alternatively, prefix the name with `_` to silence this warning:
  [apply] _y

Note: This linter can be disabled with `set_option linter.unusedVariables false`
warning: SafeLearning/PrimersFoundations.lean:399:142: This simp argument is unused:
  Pi.sub_apply

Hint: Omit it from the simp argument list.
  [apply] simp [Pi.add_apply, Pi.mul_apply, Pi.pow_apply, id_eq]

Note: This linter can be disabled with `set_option linter.unusedSimpArgs false`
warning: SafeLearning/PrimersFoundations.lean:399:155: This simp argument is unused:
  Pi.mul_apply

Hint: Omit it from the simp argument list.
  [apply] simp [Pi.add_apply, Pi.sub_apply, Pi.pow_apply, id_eq]

Note: This linter can be disabled with `set_option linter.unusedSimpArgs false`
warning: SafeLearning/PrimersFoundations.lean:399:192: this tactic is never executed

Note: This linter can be disabled with `set_option linter.unreachableTactic false`
warning: SafeLearning/PrimersFoundations.lean:399:192: Unused tactic linter: `ring` does nothing

Note: This linter can be disabled with `set_option linter.unusedTactic false`
warning: SafeLearning/PrimersFoundations.lean:404:133: This simp argument is unused:
  Pi.sub_apply

Hint: Omit it from the simp argument list.
  [apply] simp [Pi.add_apply, Pi.mul_apply, Pi.pow_apply, id_eq]

Note: This linter can be disabled with `set_option linter.unusedSimpArgs false`
warning: SafeLearning/PrimersFoundations.lean:404:146: This simp argument is unused:
  Pi.mul_apply

Hint: Omit it from the simp argument list.
  [apply] simp [Pi.add_apply, Pi.sub_apply, Pi.pow_apply, id_eq]

Note: This linter can be disabled with `set_option linter.unusedSimpArgs false`
warning: SafeLearning/PrimersFoundations.lean:409:67: This simp argument is unused:
  Pi.add_apply

Hint: Omit it from the simp argument list.
  [apply] simp [Pi.sub_apply, Pi.mul_apply, Pi.pow_apply, id_eq]

Note: This linter can be disabled with `set_option linter.unusedSimpArgs false`
warning: SafeLearning/PrimersFoundations.lean:409:93: This simp argument is unused:
  Pi.mul_apply

Hint: Omit it from the simp argument list.
  [apply] simp [Pi.add_apply, Pi.sub_apply, Pi.pow_apply, id_eq]

Note: This linter can be disabled with `set_option linter.unusedSimpArgs false`
warning: SafeLearning/PrimersFoundations.lean:409:130: this tactic is never executed

Note: This linter can be disabled with `set_option linter.unreachableTactic false`
warning: SafeLearning/PrimersFoundations.lean:409:130: Unused tactic linter: `ring` does nothing

Note: This linter can be disabled with `set_option linter.unusedTactic false`
warning: SafeLearning/PrimersFoundations.lean:487:52: Variable name `hy` is not explicitly referenced.

Hint: The binding can be removed (if unused) or named `_` (if used implicitly). Alternatively, prefix the name with `_` to silence this warning:
  [apply] _hy

Note: This linter can be disabled with `set_option linter.unusedVariables false`
warning: SafeLearning/PrimersFoundations.lean:602:9: Variable name `y` is not explicitly referenced.

Hint: The binding can be removed (if unused) or named `_` (if used implicitly). Alternatively, prefix the name with `_` to silence this warning:
  [apply] _y

Note: This linter can be disabled with `set_option linter.unusedVariables false`
warning: SafeLearning/PrimersFoundations.lean:719:5: Variable name `hfeasible` is not explicitly referenced.

Hint: The binding can be removed (if unused) or named `_` (if used implicitly). Alternatively, prefix the name with `_` to silence this warning:
  [apply] _hfeasible

Note: This linter can be disabled with `set_option linter.unusedVariables false`
✔ [9038/9099] Built SafeLearning.CompleteAppliedProbabilityModel (14s)
✔ [9039/9099] Built SafeLearning.CompleteFoundationsBlockModels (11s)
✔ [9040/9099] Built SafeLearning.CompleteLyapunovMetricModels (6.8s)
⚠ [9041/9099] Built SafeLearning.CompleteModulesBarrierObjective (6.6s)
warning: SafeLearning/CompleteModulesBarrierObjective.lean:14:2: Try this: 
  letI̵

The goal is a proposition, so `let` is preferred over `letI`.
The difference between `let` and `letI` is that `letI` inlines the value.
But this is not relevant for proofs because of proof irrelevance.

Note: This linter can be disabled with `set_option linter.style.haveILetI false`
warning: SafeLearning/CompleteModulesBarrierObjective.lean:27:12: This simp argument is unused:
  Matrix.fromRows_mul_fromCols

Hint: Omit it from the simp argument list.
  [apply] simp [Matrix.mul_apply, Matrix.diagonal_apply]

Note: This linter can be disabled with `set_option linter.unusedSimpArgs false`
warning: SafeLearning/CompleteModulesBarrierObjective.lean:28:25: This simp argument is unused:
  Matrix.transpose

Hint: Omit it from the simp argument list.
  [apply] simp [scalarWeight]

Note: This linter can be disabled with `set_option linter.unusedSimpArgs false`
warning: SafeLearning/CompleteModulesBarrierObjective.lean:27:81: Used `tac1 <;> tac2` where `(tac1; tac2)` would suffice

Note: This linter can be disabled with `set_option linter.unnecessarySeqFocus false`
warning: SafeLearning/CompleteModulesBarrierObjective.lean:28:43: Used `tac1 <;> tac2` where `(tac1; tac2)` would suffice

Note: This linter can be disabled with `set_option linter.unnecessarySeqFocus false`
✔ [9042/9099] Built SafeLearning.CompleteModulesPosterior (8.1s)
✔ [9043/9099] Built SafeLearning.CompleteModulesChords (8.6s)
⚠ [9044/9099] Built SafeLearning.CompleteModulesInvalidQC (9.0s)
warning: SafeLearning/CompleteModulesInvalidQC.lean:92:34: Used `tac1 <;> tac2` where `(tac1; tac2)` would suffice

Note: This linter can be disabled with `set_option linter.unnecessarySeqFocus false`
✔ [9045/9099] Built SafeLearning.CompleteModulesSectorExamples (9.3s)
⚠ [9046/9099] Built SafeLearning.CompleteModulesGramBridge (9.4s)
warning: SafeLearning/CompleteModulesGramBridge.lean:17:0: automatically included section variable(s) unused in theorem `SafeLearning.CompleteModulesGramBridge.feature_gram_positive_semidefinite`:
  [DecidableEq I]
consider restructuring your `variable` declarations so that the variables are not in scope or explicitly omit them:
  omit [DecidableEq I] in theorem ...

Note: This linter can be disabled with `set_option linter.unusedSectionVars false`
warning: SafeLearning/CompleteModulesGramBridge.lean:44:2: Try this: 
  letI̵

The goal is a proposition, so `let` is preferred over `letI`.
The difference between `let` and `letI` is that `letI` inlines the value.
But this is not relevant for proofs because of proof irrelevance.

Note: This linter can be disabled with `set_option linter.style.haveILetI false`
warning: SafeLearning/CompleteModulesGramBridge.lean:53:0: automatically included section variable(s) unused in theorem `SafeLearning.CompleteModulesGramBridge.feature_gram_positive_definite_iff_independent`:
  [DecidableEq I]
consider restructuring your `variable` declarations so that the variables are not in scope or explicitly omit them:
  omit [DecidableEq I] in theorem ...

Note: This linter can be disabled with `set_option linter.unusedSectionVars false`
warning: SafeLearning/CompleteModulesGramBridge.lean:67:0: automatically included section variable(s) unused in theorem `SafeLearning.CompleteModulesGramBridge.actual_gram_entry`:
  [Fintype I]
  [DecidableEq I]
consider restructuring your `variable` declarations so that the variables are not in scope or explicitly omit them:
  omit [Fintype I] [DecidableEq I] in theorem ...

Note: This linter can be disabled with `set_option linter.unusedSectionVars false`
warning: SafeLearning/CompleteModulesGramBridge.lean:160:10: `tendsto_finset_sum` has been deprecated: Use `tendsto_finsetSum` instead
⚠ [9047/9099] Built SafeLearning.CompleteModulesKernelCorollaries (9.5s)
warning: SafeLearning/CompleteModulesKernelCorollaries.lean:69:8: this tactic is never executed

Note: This linter can be disabled with `set_option linter.unreachableTactic false`
warning: SafeLearning/CompleteModulesKernelCorollaries.lean:69:8: Unused tactic linter: `ring` does nothing

Note: This linter can be disabled with `set_option linter.unusedTactic false`
warning: SafeLearning/CompleteModulesKernelCorollaries.lean:110:0: automatically included section variable(s) unused in theorem `SafeLearning.CompleteModulesKernelCorollaries.equal_evaluations_equal_functions`:
  [CompleteSpace H]
consider restructuring your `variable` declarations so that the variables are not in scope or explicitly omit them:
  omit [CompleteSpace H] in theorem ...

Note: This linter can be disabled with `set_option linter.unusedSectionVars false`
⚠ [9048/9099] Built SafeLearning.CompleteAppliedExponentialMartingale (7.7s)
warning: SafeLearning/CompleteAppliedExponentialMartingale.lean:17:2: Try this: 
  letI̵

The goal is a proposition, so `let` is preferred over `letI`.
The difference between `let` and `letI` is that `letI` inlines the value.
But this is not relevant for proofs because of proof irrelevance.

Note: This linter can be disabled with `set_option linter.style.haveILetI false`
✔ [9049/9099] Built SafeLearning.CompleteModulesLipSDPWalkthrough (9.0s)
✔ [9050/9099] Built SafeLearning.CompleteFoundationsGramRegularization (9.1s)
⚠ [9051/9099] Built SafeLearning.CompleteFoundationsLogic (10s)
warning: SafeLearning/CompleteFoundationsLogic.lean:15:70: This simp argument is unused:
  not_imp

Hint: Omit it from the simp argument list.
  [apply] simp only [not_forall, not_le, not_exists, not_and, not_lt, exists_prop]

Note: This linter can be disabled with `set_option linter.unusedSimpArgs false`
warning: SafeLearning/CompleteFoundationsLogic.lean:250:5: Variable name `ha` is not explicitly referenced.

Hint: The binding can be removed (if unused) or named `_` (if used implicitly). Alternatively, prefix the name with `_` to silence this warning:
  [apply] _ha

Note: This linter can be disabled with `set_option linter.unusedVariables false`
⚠ [9052/9099] Built SafeLearning.CompleteCoreBook (17s)
warning: SafeLearning/CompleteCoreBook.lean:186:38: try 'simp' instead of 'simpa'

Note: This linter can be disabled with `set_option linter.unnecessarySimpa false`
warning: SafeLearning/CompleteCoreBook.lean:186:68: try 'simp' instead of 'simpa'

Note: This linter can be disabled with `set_option linter.unnecessarySimpa false`
warning: SafeLearning/CompleteCoreBook.lean:217:28: Used `tac1 <;> tac2` where `(tac1; tac2)` would suffice

Note: This linter can be disabled with `set_option linter.unnecessarySeqFocus false`
warning: SafeLearning/CompleteCoreBook.lean:217:37: Used `tac1 <;> tac2` where `(tac1; tac2)` would suffice

Note: This linter can be disabled with `set_option linter.unnecessarySeqFocus false`
✔ [9053/9099] Built SafeLearning.CompleteFoundationsVectorModels (11s)
✔ [9054/9099] Built SafeLearning.CompleteFoundationsRates (11s)
✔ [9055/9099] Built SafeLearning.CompleteFoundationsLimits (11s)
⚠ [9056/9099] Built SafeLearning.CompleteFoundationsGeometry (12s)
warning: SafeLearning/CompleteFoundationsGeometry.lean:48:21: this tactic is never executed

Note: This linter can be disabled with `set_option linter.unreachableTactic false`
warning: SafeLearning/CompleteFoundationsGeometry.lean:48:21: Unused tactic linter: `ring` does nothing

Note: This linter can be disabled with `set_option linter.unusedTactic false`
warning: SafeLearning/CompleteFoundationsGeometry.lean:87:0: automatically included section variable(s) unused in theorem `SafeLearning.CompleteFoundationsGeometry.reverse_triangle_general`:
  [NormedSpace ℝ E]
consider restructuring your `variable` declarations so that the variables are not in scope or explicitly omit them:
  omit [NormedSpace ℝ E] in theorem ...

Note: This linter can be disabled with `set_option linter.unusedSectionVars false`
warning: SafeLearning/CompleteFoundationsGeometry.lean:88:0: automatically included section variable(s) unused in theorem `SafeLearning.CompleteFoundationsGeometry.norm_vanishes_iff`:
  [NormedSpace ℝ E]
consider restructuring your `variable` declarations so that the variables are not in scope or explicitly omit them:
  omit [NormedSpace ℝ E] in theorem ...

Note: This linter can be disabled with `set_option linter.unusedSectionVars false`
warning: SafeLearning/CompleteFoundationsGeometry.lean:90:0: automatically included section variable(s) unused in theorem `SafeLearning.CompleteFoundationsGeometry.norm_triangle`:
  [NormedSpace ℝ E]
consider restructuring your `variable` declarations so that the variables are not in scope or explicitly omit them:
  omit [NormedSpace ℝ E] in theorem ...

Note: This linter can be disabled with `set_option linter.unusedSectionVars false`
⚠ [9057/9099] Built SafeLearning.CompleteFoundationsModelErrors (12s)
warning: SafeLearning/CompleteFoundationsModelErrors.lean:62:2: try 'simp' instead of 'simpa'

Note: This linter can be disabled with `set_option linter.unnecessarySimpa false`
✔ [9058/9099] Built SafeLearning.CompleteAppliedUniformBias (14s)
✔ [9059/9099] Built SafeLearning.CompleteFoundationsCubicGrids (13s)
⚠ [9060/9099] Built SafeLearning.CompleteFoundationsTeaching (14s)
warning: SafeLearning/CompleteFoundationsTeaching.lean:70:34: `Set.mem_setOf_eq` has been deprecated: Use `Set.mem_ofPred_eq` instead
warning: SafeLearning/CompleteFoundationsTeaching.lean:70:77: This simp argument is unused:
  not_imp

Hint: Omit it from the simp argument list.
  [apply] simp only [mem_compl_iff, mem_setOf_eq, not_exists, not_and, not_forall, not_not, exists_prop]

Note: This linter can be disabled with `set_option linter.unusedSimpArgs false`
✔ [9061/9099] Built SafeLearning.CompleteBookProjects (15s)
⚠ [9062/9099] Built SafeLearning.CompleteFoundationsOptimization (15s)
warning: SafeLearning/CompleteFoundationsOptimization.lean:20:8: `ext` did not consume the patterns `z`

Note: This linter can be disabled with `set_option linter.unusedRCasesPattern false`
warning: SafeLearning/CompleteFoundationsOptimization.lean:19:76: Used `tac1 <;> tac2` where `(tac1; tac2)` would suffice

Note: This linter can be disabled with `set_option linter.unnecessarySeqFocus false`
warning: SafeLearning/CompleteFoundationsOptimization.lean:20:26: Used `tac1 <;> tac2` where `(tac1; tac2)` would suffice

Note: This linter can be disabled with `set_option linter.unnecessarySeqFocus false`
warning: SafeLearning/CompleteFoundationsOptimization.lean:27:48: `ext` did not consume the patterns `z`

Note: This linter can be disabled with `set_option linter.unusedRCasesPattern false`
warning: SafeLearning/CompleteFoundationsOptimization.lean:27:70: this tactic is never executed

Note: This linter can be disabled with `set_option linter.unreachableTactic false`
warning: SafeLearning/CompleteFoundationsOptimization.lean:27:40: Used `tac1 <;> tac2` where `(tac1; tac2)` would suffice

Note: This linter can be disabled with `set_option linter.unnecessarySeqFocus false`
warning: SafeLearning/CompleteFoundationsOptimization.lean:27:70: Unused tactic linter: `ring` does nothing

Note: This linter can be disabled with `set_option linter.unusedTactic false`
warning: SafeLearning/CompleteFoundationsOptimization.lean:34:57: `ext` did not consume the patterns `z`

Note: This linter can be disabled with `set_option linter.unusedRCasesPattern false`
warning: SafeLearning/CompleteFoundationsOptimization.lean:34:49: Used `tac1 <;> tac2` where `(tac1; tac2)` would suffice

Note: This linter can be disabled with `set_option linter.unnecessarySeqFocus false`
warning: SafeLearning/CompleteFoundationsOptimization.lean:34:75: Used `tac1 <;> tac2` where `(tac1; tac2)` would suffice

Note: This linter can be disabled with `set_option linter.unnecessarySeqFocus false`
warning: SafeLearning/CompleteFoundationsOptimization.lean:42:8: `ext` did not consume the patterns `z`

Note: This linter can be disabled with `set_option linter.unusedRCasesPattern false`
warning: SafeLearning/CompleteFoundationsOptimization.lean:41:86: Used `tac1 <;> tac2` where `(tac1; tac2)` would suffice

Note: This linter can be disabled with `set_option linter.unnecessarySeqFocus false`
warning: SafeLearning/CompleteFoundationsOptimization.lean:42:26: Used `tac1 <;> tac2` where `(tac1; tac2)` would suffice

Note: This linter can be disabled with `set_option linter.unnecessarySeqFocus false`
warning: SafeLearning/CompleteFoundationsOptimization.lean:120:15: `if_pos` has been deprecated: Use `ite_eq_left` instead
warning: SafeLearning/CompleteFoundationsOptimization.lean:127:15: `if_neg` has been deprecated: Use `ite_eq_right` instead
warning: SafeLearning/CompleteFoundationsOptimization.lean:140:15: `if_pos` has been deprecated: Use `ite_eq_left` instead
warning: SafeLearning/CompleteFoundationsOptimization.lean:147:15: `if_neg` has been deprecated: Use `ite_eq_right` instead
⚠ [9063/9099] Built SafeLearning.CompleteFoundationsSequences (14s)
warning: SafeLearning/CompleteFoundationsSequences.lean:141:6: This simp argument is unused:
  one_mul

Hint: Omit it from the simp argument list.
  [apply] simp only [multiplicativeAlternation, pow_succ, pow_mul, neg_one_sq, one_pow, mul_neg_one]

Note: This linter can be disabled with `set_option linter.unusedSimpArgs false`
⚠ [9064/9099] Built SafeLearning.CompleteModulesBarrierPath (10s)
warning: SafeLearning/CompleteModulesBarrierPath.lean:119:5: Variable name `hpositive` is not explicitly referenced.

Hint: The binding can be removed (if unused) or named `_` (if used implicitly). Alternatively, prefix the name with `_` to silence this warning:
  [apply] _hpositive

Note: This linter can be disabled with `set_option linter.unusedVariables false`
⚠ [9065/9099] Built SafeLearning.CompleteFoundationsMatrixNormModels (17s)
warning: SafeLearning/CompleteFoundationsMatrixNormModels.lean:20:80: Used `tac1 <;> tac2` where `(tac1; tac2)` would suffice

Note: This linter can be disabled with `set_option linter.unnecessarySeqFocus false`
warning: SafeLearning/CompleteFoundationsMatrixNormModels.lean:28:51: This simp argument is unused:
  PiLp.toLp_apply

Hint: Omit it from the simp argument list.
  [apply] simp only [PiLp.norm_eq_of_L1, Fin.sum_univ_two, Matrix.cons_val_zero, Matrix.cons_val_one, Real.norm_eq_abs]

Note: This linter can be disabled with `set_option linter.unusedSimpArgs false`
warning: SafeLearning/CompleteFoundationsMatrixNormModels.lean:61:6: try 'simp' instead of 'simpa'

Note: This linter can be disabled with `set_option linter.unnecessarySimpa false`
warning: SafeLearning/CompleteFoundationsMatrixNormModels.lean:62:6: try 'simp' instead of 'simpa'

Note: This linter can be disabled with `set_option linter.unnecessarySimpa false`
warning: SafeLearning/CompleteFoundationsMatrixNormModels.lean:136:89: This simp argument is unused:
  Pi.pow_apply

Hint: Omit it from the simp argument list.
  [apply] simp only [Matrix.sub_apply, partialSum, Matrix.sum_apply, tailMatrix, Matrix.diagonal_pow]

Note: This linter can be disabled with `set_option linter.unusedSimpArgs false`
warning: SafeLearning/CompleteFoundationsMatrixNormModels.lean:140:21: Used `tac1 <;> tac2` where `(tac1; tac2)` would suffice

Note: This linter can be disabled with `set_option linter.unnecessarySeqFocus false`
warning: SafeLearning/CompleteFoundationsMatrixNormModels.lean:158:8: This simp argument is unused:
  one_div

Hint: Omit it from the simp argument list.
  [apply] simp [inv_pow, div_eq_mul_inv]

Note: This linter can be disabled with `set_option linter.unusedSimpArgs false`
warning: SafeLearning/CompleteFoundationsMatrixNormModels.lean:205:6: This simp argument is unused:
  abs_of_nonneg (by positivity : (0 : ℝ) ≤ 2 * (1 / 2 : ℝ) ^ T)

Hint: Omit it from the simp argument list.
  [apply] simp [EuclideanSpace.norm_eq, Fin.sum_univ_succ, Real.norm_eq_abs]

Note: This linter can be disabled with `set_option linter.unusedSimpArgs false`
⚠ [9066/9099] Built SafeLearning.CompleteFoundationsAlgorithms (13s)
warning: SafeLearning/CompleteFoundationsAlgorithms.lean:135:41: this tactic is never executed

Note: This linter can be disabled with `set_option linter.unreachableTactic false`
warning: SafeLearning/CompleteFoundationsAlgorithms.lean:137:37: Used `tac1 <;> tac2` where `(tac1; tac2)` would suffice

Note: This linter can be disabled with `set_option linter.unnecessarySeqFocus false`
warning: SafeLearning/CompleteFoundationsAlgorithms.lean:135:41: Unused tactic linter: `ring` does nothing

Note: This linter can be disabled with `set_option linter.unusedTactic false`
✔ [9067/9099] Built SafeLearning.CompleteModulesInterpolantPower (12s)
✔ [9068/9099] Built SafeLearning.CompleteCoreEntryModel (8.6s)
✔ [9069/9099] Built SafeLearning.CompleteFoundationsGridExamples (16s)
✔ [9070/9099] Built SafeLearning.CompleteAppliedFiniteClaims (13s)
✔ [9071/9099] Built SafeLearning.CompleteAppliedConfidence (15s)
⚠ [9072/9099] Built SafeLearning.CompleteCoreReturns (10s)
warning: SafeLearning/CompleteCoreReturns.lean:43:31: this tactic is never executed

Note: This linter can be disabled with `set_option linter.unreachableTactic false`
warning: SafeLearning/CompleteCoreReturns.lean:43:31: Unused tactic linter: `positivity` does nothing

Note: This linter can be disabled with `set_option linter.unusedTactic false`
warning: SafeLearning/CompleteCoreReturns.lean:56:5: Variable name `hg0` is not explicitly referenced.

Hint: The binding can be removed (if unused) or named `_` (if used implicitly). Alternatively, prefix the name with `_` to silence this warning:
  [apply] _hg0

Note: This linter can be disabled with `set_option linter.unusedVariables false`
⚠ [9073/9099] Built SafeLearning.CompleteBudgetValue (10s)
warning: SafeLearning/CompleteBudgetValue.lean:108:24: Variable name `hlambda` is not explicitly referenced.

Hint: The binding can be removed (if unused) or named `_` (if used implicitly). Alternatively, prefix the name with `_` to silence this warning:
  [apply] _hlambda

Note: This linter can be disabled with `set_option linter.unusedVariables false`
✔ [9074/9099] Built SafeLearning.CompleteProjectOptima (7.6s)
⚠ [9075/9099] Built SafeLearning.CompleteFoundationsExerciseBridges (9.1s)
warning: SafeLearning/CompleteFoundationsExerciseBridges.lean:120:15: `Set.mem_setOf_eq` has been deprecated: Use `Set.mem_ofPred_eq` instead
✔ [9076/9099] Built SafeLearning.CompleteProjectDomains (8.5s)
⚠ [9077/9099] Built SafeLearning.CompleteCoreControl (9.0s)
warning: SafeLearning/CompleteCoreControl.lean:24:28: Used `tac1 <;> tac2` where `(tac1; tac2)` would suffice

Note: This linter can be disabled with `set_option linter.unnecessarySeqFocus false`
warning: SafeLearning/CompleteCoreControl.lean:192:40: Used `tac1 <;> tac2` where `(tac1; tac2)` would suffice

Note: This linter can be disabled with `set_option linter.unnecessarySeqFocus false`
warning: SafeLearning/CompleteCoreControl.lean:192:56: Used `tac1 <;> tac2` where `(tac1; tac2)` would suffice

Note: This linter can be disabled with `set_option linter.unnecessarySeqFocus false`
⚠ [9078/9099] Built SafeLearning.CompleteCoreProbability (9.2s)
warning: SafeLearning/CompleteCoreProbability.lean:36:77: Used `tac1 <;> tac2` where `(tac1; tac2)` would suffice

Note: This linter can be disabled with `set_option linter.unnecessarySeqFocus false`
warning: SafeLearning/CompleteCoreProbability.lean:49:83: this tactic is never executed

Note: This linter can be disabled with `set_option linter.unreachableTactic false`
warning: SafeLearning/CompleteCoreProbability.lean:49:83: Unused tactic linter: `norm_num` does nothing

Note: This linter can be disabled with `set_option linter.unusedTactic false`
warning: SafeLearning/CompleteCoreProbability.lean:136:2: Unused tactic linter: `norm_num at hr` does nothing

Note: This linter can be disabled with `set_option linter.unusedTactic false`
⚠ [9079/9099] Built SafeLearning.CompleteFoundationsSVDModels (8.3s)
warning: SafeLearning/CompleteFoundationsSVDModels.lean:121:8: `Set.mem_setOf_eq` has been deprecated: Use `Set.mem_ofPred_eq` instead
warning: SafeLearning/CompleteFoundationsSVDModels.lean:123:15: `Set.mem_setOf_eq` has been deprecated: Use `Set.mem_ofPred_eq` instead
warning: SafeLearning/CompleteFoundationsSVDModels.lean:128:10: `Set.mem_setOf_eq` has been deprecated: Use `Set.mem_ofPred_eq` instead
warning: SafeLearning/CompleteFoundationsSVDModels.lean:123:63: This simp argument is unused:
  PiLp.toLp_apply

Hint: Omit it from the simp argument list.
  [apply] simp only [Set.mem_setOf_eq, actual_coordinate_action, point, Matrix.cons_val_zero, Matrix.cons_val_one]

Note: This linter can be disabled with `set_option linter.unusedSimpArgs false`
warning: SafeLearning/CompleteFoundationsSVDModels.lean:134:27: Used `tac1 <;> tac2` where `(tac1; tac2)` would suffice

Note: This linter can be disabled with `set_option linter.unnecessarySeqFocus false`
warning: SafeLearning/CompleteFoundationsSVDModels.lean:138:35: Used `tac1 <;> tac2` where `(tac1; tac2)` would suffice

Note: This linter can be disabled with `set_option linter.unnecessarySeqFocus false`
warning: SafeLearning/CompleteFoundationsSVDModels.lean:145:44: This simp argument is unused:
  PiLp.toLp_apply

Hint: Omit it from the simp argument list.
  [apply] simp only [actual_coordinate_action, point, Matrix.cons_val_zero, Matrix.cons_val_one]

Note: This linter can be disabled with `set_option linter.unusedSimpArgs false`
⚠ [9080/9099] Built SafeLearning.CompleteFoundationsBook (21s)
warning: SafeLearning/CompleteFoundationsBook.lean:96:5: Variable name `hd₀` is not explicitly referenced.

Hint: The binding can be removed (if unused) or named `_` (if used implicitly). Alternatively, prefix the name with `_` to silence this warning:
  [apply] _hd₀

Note: This linter can be disabled with `set_option linter.unusedVariables false`
warning: SafeLearning/CompleteFoundationsBook.lean:128:21: Used `tac1 <;> tac2` where `(tac1; tac2)` would suffice

Note: This linter can be disabled with `set_option linter.unnecessarySeqFocus false`
warning: SafeLearning/CompleteFoundationsBook.lean:445:27: `push_neg` has been deprecated. Prefer using `push Not` instead.
If you'd rather continue using `push_neg` in your project, you can implement it as follows:
```
open Lean.Parser.Tactic in
macro "push_neg" cfg:optConfig loc:(location)? : tactic =>
  `(tactic| push $cfg:optConfig Not $[$loc]?)
```
warning: SafeLearning/CompleteFoundationsBook.lean:463:60: this tactic is never executed

Note: This linter can be disabled with `set_option linter.unreachableTactic false`
warning: SafeLearning/CompleteFoundationsBook.lean:463:43: Used `tac1 <;> tac2` where `(tac1; tac2)` would suffice

Note: This linter can be disabled with `set_option linter.unnecessarySeqFocus false`
warning: SafeLearning/CompleteFoundationsBook.lean:463:60: Unused tactic linter: `ring` does nothing

Note: This linter can be disabled with `set_option linter.unusedTactic false`
warning: SafeLearning/CompleteFoundationsBook.lean:534:77: Used `tac1 <;> tac2` where `(tac1; tac2)` would suffice

Note: This linter can be disabled with `set_option linter.unnecessarySeqFocus false`
⚠ [9081/9099] Built SafeLearning.CompleteFoundationsLipschitzCalculus (7.7s)
warning: SafeLearning/CompleteFoundationsLipschitzCalculus.lean:38:48: Variable name `hR` is not explicitly referenced.

Hint: The binding can be removed (if unused) or named `_` (if used implicitly). Alternatively, prefix the name with `_` to silence this warning:
  [apply] _hR

Note: This linter can be disabled with `set_option linter.unusedVariables false`
warning: SafeLearning/CompleteFoundationsLipschitzCalculus.lean:102:28: `if_pos` has been deprecated: Use `ite_eq_left` instead
warning: SafeLearning/CompleteFoundationsLipschitzCalculus.lean:241:69: This simp argument is unused:
  one_mul

Hint: Omit it from the simp argument list.
  [apply] simp only [Real.dist_eq, mul_one, mul_zero, sub_zero, NNReal.coe_one, abs_one] at ht

Note: This linter can be disabled with `set_option linter.unusedSimpArgs false`
warning: SafeLearning/CompleteFoundationsLipschitzCalculus.lean:269:77: Used `tac1 <;> tac2` where `(tac1; tac2)` would suffice

Note: This linter can be disabled with `set_option linter.unnecessarySeqFocus false`
⚠ [9082/9099] Built SafeLearning.CompleteAppliedBandit (6.7s)
warning: SafeLearning/CompleteAppliedBandit.lean:12:56: This simp argument is unused:
  Matrix.cons_val_one

Hint: Omit it from the simp argument list.
  [apply] simp only [Fin.sum_univ_succ, Matrix.cons_val_zero, Fin.sum_univ_zero, add_zero]

Note: This linter can be disabled with `set_option linter.unusedSimpArgs false`
warning: SafeLearning/CompleteAppliedBandit.lean:20:15: Variable name `theta` is not explicitly referenced.

Hint: The binding can be removed (if unused) or named `_` (if used implicitly). Alternatively, prefix the name with `_` to silence this warning:
  [apply] _theta

Note: This linter can be disabled with `set_option linter.unusedVariables false`
warning: SafeLearning/CompleteAppliedBandit.lean:31:26: This simp argument is unused:
  Matrix.cons_val_one

Hint: Omit it from the simp argument list.
  [apply] simp only [finiteExpectation, policy, PMF.ofFintype_apply, Fin.sum_univ_succ, Matrix.cons_val_zero,
    Fin.sum_univ_zero, add_zero]

Note: This linter can be disabled with `set_option linter.unusedSimpArgs false`
⚠ [9083/9099] Built SafeLearning.CompleteFoundationsQuadraticExercises (7.0s)
warning: SafeLearning/CompleteFoundationsQuadraticExercises.lean:17:69: Used `tac1 <;> tac2` where `(tac1; tac2)` would suffice

Note: This linter can be disabled with `set_option linter.unnecessarySeqFocus false`
warning: SafeLearning/CompleteFoundationsQuadraticExercises.lean:134:21: Used `tac1 <;> tac2` where `(tac1; tac2)` would suffice

Note: This linter can be disabled with `set_option linter.unnecessarySeqFocus false`
⚠ [9084/9099] Built SafeLearning.CompleteFoundationsStructuredModels (8.0s)
warning: SafeLearning/CompleteFoundationsStructuredModels.lean:218:4: Unused tactic linter: `change (-(1 : Matrix n n ℝ)) *ᵥ v = -v` does nothing

Note: This linter can be disabled with `set_option linter.unusedTactic false`
⚠ [9085/9099] Built SafeLearning.CompleteAppliedCoverageTransfer (6.1s)
warning: SafeLearning/CompleteAppliedCoverageTransfer.lean:91:15: `Set.mem_setOf_eq` has been deprecated: Use `Set.mem_ofPred_eq` instead
✔ [9086/9099] Built SafeLearning.CompleteAppliedConfidenceIdentities (6.3s)
⚠ [9087/9099] Built SafeLearning.CompleteAppliedExerciseModels (7.5s)
warning: SafeLearning/CompleteAppliedExerciseModels.lean:63:22: `Set.mem_setOf_eq` has been deprecated: Use `Set.mem_ofPred_eq` instead
⚠ [9088/9099] Built SafeLearning.CompletePolicyMixing (6.5s)
warning: SafeLearning/CompletePolicyMixing.lean:135:54: Variable name `hp` is not explicitly referenced.

Hint: The binding can be removed (if unused) or named `_` (if used implicitly). Alternatively, prefix the name with `_` to silence this warning:
  [apply] _hp

Note: This linter can be disabled with `set_option linter.unusedVariables false`
✔ [9089/9099] Built SafeLearning.CompleteAppliedGridConfidence (7.4s)
⚠ [9090/9099] Built SafeLearning.CompleteFoundationsConditionedQuadratic (8.9s)
warning: SafeLearning/CompleteFoundationsConditionedQuadratic.lean:126:76: This simp argument is unused:
  Fin.sum_univ_succ

Hint: Omit it from the simp argument list.
  [apply] simp [curvatureMatrix, inverseCurvature, Matrix.mul_apply, Matrix.diagonal, ha, hb]

Note: This linter can be disabled with `set_option linter.unusedSimpArgs false`
warning: SafeLearning/CompleteFoundationsConditionedQuadratic.lean:203:28: This simp argument is unused:
  Matrix.one_apply

Hint: Omit it from the simp argument list.
  [apply] simp [Matrix.diagonal, hij]

Note: This linter can be disabled with `set_option linter.unusedSimpArgs false`
warning: SafeLearning/CompleteFoundationsConditionedQuadratic.lean:246:74: This simp argument is unused:
  Matrix.one_apply

Hint: Omit it from the simp argument list.
  [apply] simp [curvatureMatrix, Matrix.diagonal]

Note: This linter can be disabled with `set_option linter.unusedSimpArgs false`
⚠ [9091/9099] Built SafeLearning.CompleteBarrierExamples (5.1s)
warning: SafeLearning/CompleteBarrierExamples.lean:34:29: this tactic is never executed

Note: This linter can be disabled with `set_option linter.unreachableTactic false`
warning: SafeLearning/CompleteBarrierExamples.lean:34:29: Unused tactic linter: `ring` does nothing

Note: This linter can be disabled with `set_option linter.unusedTactic false`
warning: SafeLearning/CompleteBarrierExamples.lean:42:13: `Set.mem_setOf_eq` has been deprecated: Use `Set.mem_ofPred_eq` instead
warning: SafeLearning/CompleteBarrierExamples.lean:52:13: `Set.mem_setOf_eq` has been deprecated: Use `Set.mem_ofPred_eq` instead
warning: SafeLearning/CompleteBarrierExamples.lean:59:13: `Set.mem_setOf_eq` has been deprecated: Use `Set.mem_ofPred_eq` instead
warning: SafeLearning/CompleteBarrierExamples.lean:95:29: this tactic is never executed

Note: This linter can be disabled with `set_option linter.unreachableTactic false`
warning: SafeLearning/CompleteBarrierExamples.lean:95:29: Unused tactic linter: `ring` does nothing

Note: This linter can be disabled with `set_option linter.unusedTactic false`
⚠ [9092/9099] Built SafeLearning.CompleteFoundationsPowerNormalization (11s)
warning: SafeLearning/CompleteFoundationsPowerNormalization.lean:96:61: Used `tac1 <;> tac2` where `(tac1; tac2)` would suffice

Note: This linter can be disabled with `set_option linter.unnecessarySeqFocus false`
warning: SafeLearning/CompleteFoundationsPowerNormalization.lean:112:53: Used `tac1 <;> tac2` where `(tac1; tac2)` would suffice

Note: This linter can be disabled with `set_option linter.unnecessarySeqFocus false`
warning: SafeLearning/CompleteFoundationsPowerNormalization.lean:148:55: Used `tac1 <;> tac2` where `(tac1; tac2)` would suffice

Note: This linter can be disabled with `set_option linter.unnecessarySeqFocus false`
⚠ [9093/9099] Built SafeLearning.CompleteAppliedBaselines (4.1s)
warning: SafeLearning/CompleteAppliedBaselines.lean:167:15: This simp argument is unused:
  Pi.add_apply

Hint: Omit it from the simp argument list.
  [apply] simp only [Pi.sub_apply, Pi.pow_apply, id_eq]

Note: This linter can be disabled with `set_option linter.unusedSimpArgs false`
warning: SafeLearning/CompleteAppliedBaselines.lean:167:43: This simp argument is unused:
  Pi.pow_apply

Hint: Omit it from the simp argument list.
  [apply] simp only [Pi.add_apply, Pi.sub_apply, id_eq]

Note: This linter can be disabled with `set_option linter.unusedSimpArgs false`
warning: SafeLearning/CompleteAppliedBaselines.lean:188:79: Used `tac1 <;> tac2` where `(tac1; tac2)` would suffice

Note: This linter can be disabled with `set_option linter.unnecessarySeqFocus false`
warning: SafeLearning/CompleteAppliedBaselines.lean:202:12: This simp argument is unused:
  sq_eq_zero_iff

Hint: Omit it from the simp argument list.
  [apply] simp [hp, sub_eq_zero]

Note: This linter can be disabled with `set_option linter.unusedSimpArgs false`
warning: SafeLearning/CompleteAppliedBaselines.lean:219:17: this tactic is never executed

Note: This linter can be disabled with `set_option linter.unreachableTactic false`
warning: SafeLearning/CompleteAppliedBaselines.lean:219:17: Unused tactic linter: `ring` does nothing

Note: This linter can be disabled with `set_option linter.unusedTactic false`
⚠ [9094/9099] Built SafeLearning.CompleteAppliedValidation (3.4s)
warning: SafeLearning/CompleteAppliedValidation.lean:47:15: `Set.mem_setOf_eq` has been deprecated: Use `Set.mem_ofPred_eq` instead
warning: SafeLearning/CompleteAppliedValidation.lean:108:25: this tactic is never executed

Note: This linter can be disabled with `set_option linter.unreachableTactic false`
warning: SafeLearning/CompleteAppliedValidation.lean:108:25: Unused tactic linter: `norm_num` does nothing

Note: This linter can be disabled with `set_option linter.unusedTactic false`
warning: SafeLearning/CompleteAppliedValidation.lean:173:29: `Set.mem_setOf_eq` has been deprecated: Use `Set.mem_ofPred_eq` instead
✔ [9095/9099] Built SafeLearning.CompleteAppliedValidationNumbers (3.0s)
✔ [9096/9099] Built SafeLearning.CompleteAppliedBaselineDegenerate (2.0s)
⚠ [9097/9099] Built SafeLearning.CompleteAppliedValidationTests (3.4s)
warning: SafeLearning/CompleteAppliedValidationTests.lean:90:16: `Set.iInter_setOf` has been deprecated: Use `Set.iInter_ofPred` instead
warning: SafeLearning/CompleteAppliedValidationTests.lean:95:51: `Set.mem_setOf_eq` has been deprecated: Use `Set.mem_ofPred_eq` instead
warning: SafeLearning/CompleteAppliedValidationTests.lean:103:50: `Set.mem_setOf_eq` has been deprecated: Use `Set.mem_ofPred_eq` instead
✔ [9098/9099] Built SafeLearning (2.4s)
Build completed successfully (9099 jobs).
