⚠ [8922/9869] Replayed SafeLearning.CompleteAppliedCoverageBeta
warning: SafeLearning/CompleteAppliedCoverageBeta.lean:28:8: `if_pos` has been deprecated: Use `ite_eq_left` instead
⚠ [8924/9869] Replayed SafeLearning.CompleteAppliedStopping
warning: SafeLearning/CompleteAppliedStopping.lean:154:55: Variable name `hc` is not explicitly referenced.

Hint: The binding can be removed (if unused) or named `_` (if used implicitly). Alternatively, prefix the name with `_` to silence this warning:
  [apply] _hc

Note: This linter can be disabled with `set_option linter.unusedVariables false`
⚠ [8929/9980] Replayed SafeLearning.CompleteModulesRKHSScaling
warning: SafeLearning/CompleteModulesRKHSScaling.lean:10:0: Definition `SafeLearning.CompleteModulesRKHSScaling.scaledRKHS` of class type is semireducible. Most type class instances should be instance-reducible, so consider marking this
definition with `@[instance_reducible]`. If it is intentionally semireducible, this warning can be disabled with `set_option warn.classDefReducibility false`.
warning: SafeLearning/CompleteModulesRKHSScaling.lean:20:0: automatically included section variable(s) unused in theorem `SafeLearning.CompleteModulesRKHSScaling.actual_scaled_rkhs_evaluation_is_the_original_evaluation_times_sqrt_scale`:
  [CompleteSpace H]
consider restructuring your `variable` declarations so that the variables are not in scope or explicitly omit them:
  omit [CompleteSpace H] in theorem ...

Note: This linter can be disabled with `set_option linter.unusedSectionVars false`
warning: SafeLearning/CompleteModulesRKHSScaling.lean:24:0: automatically included section variable(s) unused in theorem `SafeLearning.CompleteModulesRKHSScaling.actual_scaled_rkhs_represents_the_identical_function_with_scaled_coefficients`:
  [CompleteSpace H]
consider restructuring your `variable` declarations so that the variables are not in scope or explicitly omit them:
  omit [CompleteSpace H] in theorem ...

Note: This linter can be disabled with `set_option linter.unusedSectionVars false`
warning: SafeLearning/CompleteModulesRKHSScaling.lean:32:0: automatically included section variable(s) unused in theorem `SafeLearning.CompleteModulesRKHSScaling.actual_same_function_has_its_true_hilbert_norm_divided_by_sqrt_scale`:
  [CompleteSpace H]
consider restructuring your `variable` declarations so that the variables are not in scope or explicitly omit them:
  omit [CompleteSpace H] in theorem ...

Note: This linter can be disabled with `set_option linter.unusedSectionVars false`
warning: SafeLearning/CompleteModulesRKHSScaling.lean:51:2: Try this: 
  letI̵

The goal is a proposition, so `let` is preferred over `letI`.
The difference between `let` and `letI` is that `letI` inlines the value.
But this is not relevant for proofs because of proof irrelevance.

Note: This linter can be disabled with `set_option linter.style.haveILetI false`
warning: SafeLearning/CompleteModulesRKHSScaling.lean:52:10: `ext` did not consume the patterns `v`

Note: This linter can be disabled with `set_option linter.unusedRCasesPattern false`
warning: SafeLearning/CompleteModulesRKHSScaling.lean:57:22: `ContinuousLinearMap.smul_apply` has been deprecated: Use `smul_apply` instead

Note: The updated constant is in a different namespace. Dot notation may need to be changed (e.g., from `x.smul_apply` to `smul_apply x`).
⚠ [8931/9980] Replayed SafeLearning.CompleteModulesLandscapeCertificateChecks
warning: SafeLearning/CompleteModulesLandscapeCertificateChecks.lean:13:13: `Polynomial.eval_finset_sum` has been deprecated: Use `Polynomial.eval_finsetSum` instead
⚠ [8933/9980] Replayed SafeLearning.CompleteModulesLandscapeDelayFailure
warning: SafeLearning/CompleteModulesLandscapeDelayFailure.lean:29:94: Used `tac1 <;> tac2` where `(tac1; tac2)` would suffice

Note: This linter can be disabled with `set_option linter.unnecessarySeqFocus false`
warning: SafeLearning/CompleteModulesLandscapeDelayFailure.lean:89:17: `Set.mem_setOf_eq` has been deprecated: Use `Set.mem_ofPred_eq` instead
⚠ [8934/9980] Replayed SafeLearning.CompleteModulesLandscapeControlledDelay
warning: SafeLearning/CompleteModulesLandscapeControlledDelay.lean:81:17: `Set.mem_setOf_eq` has been deprecated: Use `Set.mem_ofPred_eq` instead
⚠ [8935/9980] Replayed SafeLearning.CompleteModulesLandscapeCubicBarrier
warning: SafeLearning/CompleteModulesLandscapeCubicBarrier.lean:35:25: `if_pos` has been deprecated: Use `ite_eq_left` instead
warning: SafeLearning/CompleteModulesLandscapeCubicBarrier.lean:35:35: `if_pos` has been deprecated: Use `ite_eq_left` instead
warning: SafeLearning/CompleteModulesLandscapeCubicBarrier.lean:40:25: `if_pos` has been deprecated: Use `ite_eq_left` instead
warning: SafeLearning/CompleteModulesLandscapeCubicBarrier.lean:40:35: `if_neg` has been deprecated: Use `ite_eq_right` instead
warning: SafeLearning/CompleteModulesLandscapeCubicBarrier.lean:45:23: `if_neg` has been deprecated: Use `ite_eq_right` instead
warning: SafeLearning/CompleteModulesLandscapeCubicBarrier.lean:45:33: `if_neg` has been deprecated: Use `ite_eq_right` instead
warning: SafeLearning/CompleteModulesLandscapeCubicBarrier.lean:53:51: Used `tac1 <;> tac2` where `(tac1; tac2)` would suffice

Note: This linter can be disabled with `set_option linter.unnecessarySeqFocus false`
warning: SafeLearning/CompleteModulesLandscapeCubicBarrier.lean:53:67: Used `tac1 <;> tac2` where `(tac1; tac2)` would suffice

Note: This linter can be disabled with `set_option linter.unnecessarySeqFocus false`
warning: SafeLearning/CompleteModulesLandscapeCubicBarrier.lean:53:87: Used `tac1 <;> tac2` where `(tac1; tac2)` would suffice

Note: This linter can be disabled with `set_option linter.unnecessarySeqFocus false`
warning: SafeLearning/CompleteModulesLandscapeCubicBarrier.lean:53:55: Unused tactic linter: `(try ext y)` does nothing

Note: This linter can be disabled with `set_option linter.unusedTactic false`
warning: SafeLearning/CompleteModulesLandscapeCubicBarrier.lean:79:14: `if_neg` has been deprecated: Use `ite_eq_right` instead
warning: SafeLearning/CompleteModulesLandscapeCubicBarrier.lean:88:67: this tactic is never executed

Note: This linter can be disabled with `set_option linter.unreachableTactic false`
warning: SafeLearning/CompleteModulesLandscapeCubicBarrier.lean:88:67: Unused tactic linter: `rfl` does nothing

Note: This linter can be disabled with `set_option linter.unusedTactic false`
warning: SafeLearning/CompleteModulesLandscapeCubicBarrier.lean:100:12: `if_pos` has been deprecated: Use `ite_eq_left` instead
⚠ [8937/9980] Replayed SafeLearning.CompleteModulesLandscapeDiscountedFailure
warning: SafeLearning/CompleteModulesLandscapeDiscountedFailure.lean:16:53: Used `tac1 <;> tac2` where `(tac1; tac2)` would suffice

Note: This linter can be disabled with `set_option linter.unnecessarySeqFocus false`
warning: SafeLearning/CompleteModulesLandscapeDiscountedFailure.lean:23:84: Used `tac1 <;> tac2` where `(tac1; tac2)` would suffice

Note: This linter can be disabled with `set_option linter.unnecessarySeqFocus false`
warning: SafeLearning/CompleteModulesLandscapeDiscountedFailure.lean:54:21: `Set.mem_setOf_eq` has been deprecated: Use `Set.mem_ofPred_eq` instead
⚠ [8938/9980] Replayed SafeLearning.CompleteModulesLandscapeExtendedFeasibility
info: SafeLearning/CompleteModulesLandscapeExtendedFeasibility.lean:53:6: Try this:
  [apply] ring_nf
  
  The `ring` tactic failed to close the goal. Use `ring_nf` to obtain a normal form.
    
  Note that `ring` works primarily in *commutative* rings. If you have a noncommutative ring, abelian group or module, consider using `noncomm_ring`, `abel` or `module` instead.
warning: SafeLearning/CompleteModulesLandscapeExtendedFeasibility.lean:51:6: Unused tactic linter: `congr 1` does nothing

Note: This linter can be disabled with `set_option linter.unusedTactic false`
⚠ [8939/9980] Replayed SafeLearning.CompleteModulesLandscapeScalarGaussianMixture
warning: SafeLearning/CompleteModulesLandscapeScalarGaussianMixture.lean:41:4: Used `tac1 <;> tac2` where `(tac1; tac2)` would suffice

Note: This linter can be disabled with `set_option linter.unnecessarySeqFocus false`
⚠ [8940/9980] Replayed SafeLearning.CompleteModulesLandscapeModelError
warning: SafeLearning/CompleteModulesLandscapeModelError.lean:58:58: Used `tac1 <;> tac2` where `(tac1; tac2)` would suffice

Note: This linter can be disabled with `set_option linter.unnecessarySeqFocus false`
⚠ [8947/9980] Replayed SafeLearning.CompleteModulesLandscapeStabilitySets
warning: SafeLearning/CompleteModulesLandscapeStabilitySets.lean:87:25: This simp argument is unused:
  one_div

Hint: Omit it from the simp argument list.
  [apply] simp [sourceTrajectory, zpow_natCast, inv_pow, div_eq_mul_inv]

Note: This linter can be disabled with `set_option linter.unusedSimpArgs false`
⚠ [8948/9980] Replayed SafeLearning.CompleteModulesLoSBOExceedanceGeometry
warning: SafeLearning/CompleteModulesLoSBOExceedanceGeometry.lean:50:56: Used `tac1 <;> tac2` where `(tac1; tac2)` would suffice

Note: This linter can be disabled with `set_option linter.unnecessarySeqFocus false`
warning: SafeLearning/CompleteModulesLoSBOExceedanceGeometry.lean:57:37: Used `tac1 <;> tac2` where `(tac1; tac2)` would suffice

Note: This linter can be disabled with `set_option linter.unnecessarySeqFocus false`
warning: SafeLearning/CompleteModulesLoSBOExceedanceGeometry.lean:69:58: Used `tac1 <;> tac2` where `(tac1; tac2)` would suffice

Note: This linter can be disabled with `set_option linter.unnecessarySeqFocus false`
⚠ [8964/9980] Replayed SafeLearning.CompleteModulesSafeOptFiniteWindows
warning: SafeLearning/CompleteModulesSafeOptFiniteWindows.lean:56:5: Variable name `hpositive` is not explicitly referenced.

Hint: The binding can be removed (if unused) or named `_` (if used implicitly). Alternatively, prefix the name with `_` to silence this warning:
  [apply] _hpositive

Note: This linter can be disabled with `set_option linter.unusedVariables false`
⚠ [8970/9980] Replayed SafeLearning.CompleteModulesSemidefiniteSchur
warning: SafeLearning/CompleteModulesSemidefiniteSchur.lean:39:0: automatically included section variable(s) unused in theorem `SafeLearning.CompleteModulesSemidefiniteSchur.actual_block_psd_implies_the_true_pseudoinverse_range_identity`:
  [DecidableEq Left]
consider restructuring your `variable` declarations so that the variables are not in scope or explicitly omit them:
  omit [DecidableEq Left] in theorem ...

Note: This linter can be disabled with `set_option linter.unusedSectionVars false`
warning: SafeLearning/CompleteModulesSemidefiniteSchur.lean:54:0: automatically included section variable(s) unused in theorem `SafeLearning.CompleteModulesSemidefiniteSchur.actual_true_range_condition_iff_pseudoinverse_identity`:
  [DecidableEq Left]
consider restructuring your `variable` declarations so that the variables are not in scope or explicitly omit them:
  omit [DecidableEq Left] in theorem ...

Note: This linter can be disabled with `set_option linter.unusedSectionVars false`
⚠ [8974/9980] Replayed SafeLearning.CompletePolicyQuadraticDual
warning: SafeLearning/CompletePolicyQuadraticDual.lean:27:0: automatically included section variable(s) unused in theorem `SafeLearning.CompletePolicyQuadraticDual.actual_real_symmetric_form`:
  [DecidableEq ι]
consider restructuring your `variable` declarations so that the variables are not in scope or explicitly omit them:
  omit [DecidableEq ι] in theorem ...

Note: This linter can be disabled with `set_option linter.unusedSectionVars false`
warning: SafeLearning/CompletePolicyQuadraticDual.lean:76:2: Used `tac1 <;> tac2` where `(tac1; tac2)` would suffice

Note: This linter can be disabled with `set_option linter.unnecessarySeqFocus false`
⚠ [8976/9980] Replayed SafeLearning.CompletePolicyFeasibleTRPO
warning: SafeLearning/CompletePolicyFeasibleTRPO.lean:50:6: this tactic is never executed

Note: This linter can be disabled with `set_option linter.unreachableTactic false`
warning: SafeLearning/CompletePolicyFeasibleTRPO.lean:50:6: Unused tactic linter: `ring` does nothing

Note: This linter can be disabled with `set_option linter.unusedTactic false`
⚠ [8977/9980] Replayed SafeLearning.CompletePolicyChecks
warning: SafeLearning/CompletePolicyChecks.lean:65:5: Variable name `hm` is not explicitly referenced.

Hint: The binding can be removed (if unused) or named `_` (if used implicitly). Alternatively, prefix the name with `_` to silence this warning:
  [apply] _hm

Note: This linter can be disabled with `set_option linter.unusedVariables false`
⚠ [8981/9980] Replayed SafeLearning.CompletePolicyQuadraticDualConvex
warning: SafeLearning/CompletePolicyQuadraticDualConvex.lean:25:0: automatically included section variable(s) unused in theorem `SafeLearning.CompletePolicyQuadraticDualConvex.actual_lagrangian_is_affine_in_both_multipliers`:
  [DecidableEq ι]
consider restructuring your `variable` declarations so that the variables are not in scope or explicitly omit them:
  omit [DecidableEq ι] in theorem ...

Note: This linter can be disabled with `set_option linter.unusedSectionVars false`
⚠ [8982/9980] Replayed SafeLearning.CompletePolicyQuadraticPerspective
warning: SafeLearning/CompletePolicyQuadraticPerspective.lean:21:13: This simp argument is unused:
  WithLp.ofLp_toLp

Hint: Omit it from the simp argument list.
  [apply] simp only [pow_two]

Note: This linter can be disabled with `set_option linter.unusedSimpArgs false`
warning: SafeLearning/CompletePolicyQuadraticPerspective.lean:40:0: automatically included section variable(s) unused in theorem `SafeLearning.CompletePolicyQuadraticPerspective.actual_perspective_domain_is_convex`:
  [Fintype ι]
  [DecidableEq ι]
consider restructuring your `variable` declarations so that the variables are not in scope or explicitly omit them:
  omit [Fintype ι] [DecidableEq ι] in theorem ...

Note: This linter can be disabled with `set_option linter.unusedSectionVars false`
warning: SafeLearning/CompletePolicyQuadraticPerspective.lean:87:24: This simp argument is unused:
  WithLp.ofLp_toLp

Hint: Omit it from the simp argument list.
  [apply] simp only [dotProduct, pow_two]

Note: This linter can be disabled with `set_option linter.unusedSimpArgs false`
⚠ [8983/9980] Replayed SafeLearning.CompletePolicyTrustStep
warning: SafeLearning/CompletePolicyTrustStep.lean:40:30: This simp argument is unused:
  Real.sqrt_div

Hint: Omit it from the simp argument list.
  [apply] simp [step]

Note: This linter can be disabled with `set_option linter.unusedSimpArgs false`
warning: SafeLearning/CompletePolicyTrustStep.lean:40:49: this tactic is never executed

Note: This linter can be disabled with `set_option linter.unreachableTactic false`
warning: SafeLearning/CompletePolicyTrustStep.lean:40:49: Unused tactic linter: `ring` does nothing

Note: This linter can be disabled with `set_option linter.unusedTactic false`
⚠ [8984/9980] Replayed SafeLearning.CompletePredictiveSafety
warning: SafeLearning/CompletePredictiveSafety.lean:89:51: `if_pos` has been deprecated: Use `ite_eq_left` instead
warning: SafeLearning/CompletePredictiveSafety.lean:91:51: `if_neg` has been deprecated: Use `ite_eq_right` instead
warning: SafeLearning/CompletePredictiveSafety.lean:91:51: This simp argument is unused:
  if_neg

Hint: Omit it from the simp argument list.
  [apply] simp only [replannedState, replannedInput, hn] at hp ⊢

Note: This linter can be disabled with `set_option linter.unusedSimpArgs false`
warning: SafeLearning/CompletePredictiveSafety.lean:177:52: Variable name `hh` is not explicitly referenced.

Hint: The binding can be removed (if unused) or named `_` (if used implicitly). Alternatively, prefix the name with `_` to silence this warning:
  [apply] _hh

Note: This linter can be disabled with `set_option linter.unusedVariables false`
warning: SafeLearning/CompletePredictiveSafety.lean:182:59: Variable name `hh` is not explicitly referenced.

Hint: The binding can be removed (if unused) or named `_` (if used implicitly). Alternatively, prefix the name with `_` to silence this warning:
  [apply] _hh

Note: This linter can be disabled with `set_option linter.unusedVariables false`
⚠ [8985/9980] Replayed SafeLearning.CompleteWeightedProjection
warning: SafeLearning/CompleteWeightedProjection.lean:128:2: Try this: 
  letI̵

The goal is a proposition, so `let` is preferred over `letI`.
The difference between `let` and `letI` is that `letI` inlines the value.
But this is not relevant for proofs because of proof irrelevance.

Note: This linter can be disabled with `set_option linter.style.haveILetI false`
⚠ [8989/9980] Replayed SafeLearning.CompleteSafetyBellman
warning: SafeLearning/CompleteSafetyBellman.lean:58:16: try 'simp' instead of 'simpa'

Note: This linter can be disabled with `set_option linter.unnecessarySimpa false`
warning: SafeLearning/CompleteSafetyBellman.lean:103:50: Used `tac1 <;> tac2` where `(tac1; tac2)` would suffice

Note: This linter can be disabled with `set_option linter.unnecessarySeqFocus false`
warning: SafeLearning/CompleteSafetyBellman.lean:127:18: Used `tac1 <;> tac2` where `(tac1; tac2)` would suffice

Note: This linter can be disabled with `set_option linter.unnecessarySeqFocus false`
⚠ [8992/9980] Replayed SafeLearning.CompleteTwoInputProjection
warning: SafeLearning/CompleteTwoInputProjection.lean:21:44: this tactic is never executed

Note: This linter can be disabled with `set_option linter.unreachableTactic false`
warning: SafeLearning/CompleteTwoInputProjection.lean:22:17: Used `tac1 <;> tac2` where `(tac1; tac2)` would suffice

Note: This linter can be disabled with `set_option linter.unnecessarySeqFocus false`
warning: SafeLearning/CompleteTwoInputProjection.lean:21:44: Unused tactic linter: `ring` does nothing

Note: This linter can be disabled with `set_option linter.unusedTactic false`
warning: SafeLearning/CompleteTwoInputProjection.lean:30:44: this tactic is never executed

Note: This linter can be disabled with `set_option linter.unreachableTactic false`
warning: SafeLearning/CompleteTwoInputProjection.lean:31:17: Used `tac1 <;> tac2` where `(tac1; tac2)` would suffice

Note: This linter can be disabled with `set_option linter.unnecessarySeqFocus false`
warning: SafeLearning/CompleteTwoInputProjection.lean:30:44: Unused tactic linter: `ring` does nothing

Note: This linter can be disabled with `set_option linter.unusedTactic false`
⚠ [9001/9980] Replayed SafeLearning.CompleteBarrierAbsolutelyContinuous
warning: SafeLearning/CompleteBarrierAbsolutelyContinuous.lean:28:18: Used `tac1 <;> tac2` where `(tac1; tac2)` would suffice

Note: This linter can be disabled with `set_option linter.unnecessarySeqFocus false`
warning: SafeLearning/CompleteBarrierAbsolutelyContinuous.lean:28:32: Used `tac1 <;> tac2` where `(tac1; tac2)` would suffice

Note: This linter can be disabled with `set_option linter.unnecessarySeqFocus false`
⚠ [9002/9980] Replayed SafeLearning.CompleteAppliedActuatorBarrier
warning: SafeLearning/CompleteAppliedActuatorBarrier.lean:26:52: Used `tac1 <;> tac2` where `(tac1; tac2)` would suffice

Note: This linter can be disabled with `set_option linter.unnecessarySeqFocus false`
⚠ [9004/9980] Replayed SafeLearning.CompleteAppliedConcentration
warning: SafeLearning/CompleteAppliedConcentration.lean:20:53: Used `tac1 <;> tac2` where `(tac1; tac2)` would suffice

Note: This linter can be disabled with `set_option linter.unnecessarySeqFocus false`
warning: SafeLearning/CompleteAppliedConcentration.lean:29:15: `Set.mem_setOf_eq` has been deprecated: Use `Set.mem_ofPred_eq` instead
warning: SafeLearning/CompleteAppliedConcentration.lean:71:15: `Set.mem_setOf_eq` has been deprecated: Use `Set.mem_ofPred_eq` instead
warning: SafeLearning/CompleteAppliedConcentration.lean:99:54: Used `tac1 <;> tac2` where `(tac1; tac2)` would suffice

Note: This linter can be disabled with `set_option linter.unnecessarySeqFocus false`
⚠ [9005/9980] Replayed SafeLearning.CompleteAppliedAdaptiveSigns
warning: SafeLearning/CompleteAppliedAdaptiveSigns.lean:44:56: Used `tac1 <;> tac2` where `(tac1; tac2)` would suffice

Note: This linter can be disabled with `set_option linter.unnecessarySeqFocus false`
⚠ [9008/9980] Replayed SafeLearning.CompleteAppliedFailureCounts
warning: SafeLearning/CompleteAppliedFailureCounts.lean:46:30: `Set.mem_setOf_eq` has been deprecated: Use `Set.mem_ofPred_eq` instead
warning: SafeLearning/CompleteAppliedFailureCounts.lean:94:15: `Set.mem_setOf_eq` has been deprecated: Use `Set.mem_ofPred_eq` instead
warning: SafeLearning/CompleteAppliedFailureCounts.lean:129:15: `Set.mem_setOf_eq` has been deprecated: Use `Set.mem_ofPred_eq` instead
warning: SafeLearning/CompleteAppliedFailureCounts.lean:135:15: `Set.mem_setOf_eq` has been deprecated: Use `Set.mem_ofPred_eq` instead
⚠ [9009/9980] Replayed SafeLearning.CompleteAppliedBinomialModel
warning: SafeLearning/CompleteAppliedBinomialModel.lean:27:13: `Set.mem_setOf_eq` has been deprecated: Use `Set.mem_ofPred_eq` instead
warning: SafeLearning/CompleteAppliedBinomialModel.lean:94:2: Try this: 
  letI̵

The goal is a proposition, so `let` is preferred over `letI`.
The difference between `let` and `letI` is that `letI` inlines the value.
But this is not relevant for proofs because of proof irrelevance.

Note: This linter can be disabled with `set_option linter.style.haveILetI false`
⚠ [9015/9980] Replayed SafeLearning.CompleteAppliedAlmostSureBridges
warning: SafeLearning/CompleteAppliedAlmostSureBridges.lean:17:0: automatically included section variable(s) unused in theorem `SafeLearning.CompleteAppliedAlmostSureBridges.actual_threshold_indicator_lower_bound`:
  [MeasurableSpace Ω]
consider restructuring your `variable` declarations so that the variables are not in scope or explicitly omit them:
  omit [MeasurableSpace Ω] in theorem ...

Note: This linter can be disabled with `set_option linter.unusedSectionVars false`
warning: SafeLearning/CompleteAppliedAlmostSureBridges.lean:44:0: automatically included section variable(s) unused in theorem `SafeLearning.CompleteAppliedAlmostSureBridges.actual_positive_event_is_the_countable_union_of_positive_threshold_events`:
  [MeasurableSpace Ω]
consider restructuring your `variable` declarations so that the variables are not in scope or explicitly omit them:
  omit [MeasurableSpace Ω] in theorem ...

Note: This linter can be disabled with `set_option linter.unusedSectionVars false`
⚠ [9016/9980] Replayed SafeLearning.CompleteAppliedConditionalLaw
warning: SafeLearning/CompleteAppliedConditionalLaw.lean:18:2: Try this: 
  letI̵

The goal is a proposition, so `let` is preferred over `letI`.
The difference between `let` and `letI` is that `letI` inlines the value.
But this is not relevant for proofs because of proof irrelevance.

Note: This linter can be disabled with `set_option linter.style.haveILetI false`
⚠ [9017/9980] Replayed SafeLearning.CompleteAppliedAzuma
warning: SafeLearning/CompleteAppliedAzuma.lean:29:2: Try this: 
  letI̵

The goal is a proposition, so `let` is preferred over `letI`.
The difference between `let` and `letI` is that `letI` inlines the value.
But this is not relevant for proofs because of proof irrelevance.

Note: This linter can be disabled with `set_option linter.style.haveILetI false`
warning: SafeLearning/CompleteAppliedAzuma.lean:39:2: Try this: 
  letI̵

The goal is a proposition, so `let` is preferred over `letI`.
The difference between `let` and `letI` is that `letI` inlines the value.
But this is not relevant for proofs because of proof irrelevance.

Note: This linter can be disabled with `set_option linter.style.haveILetI false`
warning: SafeLearning/CompleteAppliedAzuma.lean:85:2: Try this: 
  letI̵

The goal is a proposition, so `let` is preferred over `letI`.
The difference between `let` and `letI` is that `letI` inlines the value.
But this is not relevant for proofs because of proof irrelevance.

Note: This linter can be disabled with `set_option linter.style.haveILetI false`
warning: SafeLearning/CompleteAppliedAzuma.lean:138:12: try 'simp' instead of 'simpa'

Note: This linter can be disabled with `set_option linter.unnecessarySimpa false`
⚠ [9018/9980] Replayed SafeLearning.CompleteAppliedBackprop
warning: SafeLearning/CompleteAppliedBackprop.lean:25:64: Used `tac1 <;> tac2` where `(tac1; tac2)` would suffice

Note: This linter can be disabled with `set_option linter.unnecessarySeqFocus false`
⚠ [9021/9980] Replayed SafeLearning.CompleteAppliedElementary
warning: SafeLearning/CompleteAppliedElementary.lean:12:38: Used `tac1 <;> tac2` where `(tac1; tac2)` would suffice

Note: This linter can be disabled with `set_option linter.unnecessarySeqFocus false`
warning: SafeLearning/CompleteAppliedElementary.lean:85:62: Used `tac1 <;> tac2` where `(tac1; tac2)` would suffice

Note: This linter can be disabled with `set_option linter.unnecessarySeqFocus false`
warning: SafeLearning/CompleteAppliedElementary.lean:158:66: Used `tac1 <;> tac2` where `(tac1; tac2)` would suffice

Note: This linter can be disabled with `set_option linter.unnecessarySeqFocus false`
⚠ [9022/9980] Replayed SafeLearning.CompleteAppliedBandit
warning: SafeLearning/CompleteAppliedBandit.lean:12:56: This simp argument is unused:
  Matrix.cons_val_one

Hint: Omit it from the simp argument list.
  [apply] simp only [Fin.sum_univ_succ, Matrix.cons_val_zero, Fin.sum_univ_zero, add_zero]

Note: This linter can be disabled with `set_option linter.unusedSimpArgs false`
warning: SafeLearning/CompleteAppliedBandit.lean:20:15: Variable name `theta` is not explicitly referenced.

Hint: The binding can be removed (if unused) or named `_` (if used implicitly). Alternatively, prefix the name with `_` to silence this warning:
  [apply] _theta

Note: This linter can be disabled with `set_option linter.unusedVariables false`
warning: SafeLearning/CompleteAppliedBandit.lean:31:26: This simp argument is unused:
  Matrix.cons_val_one

Hint: Omit it from the simp argument list.
  [apply] simp only [finiteExpectation, policy, PMF.ofFintype_apply, Fin.sum_univ_succ, Matrix.cons_val_zero,
    Fin.sum_univ_zero, add_zero]

Note: This linter can be disabled with `set_option linter.unusedSimpArgs false`
⚠ [9023/9980] Replayed SafeLearning.CompleteAppliedBaselines
warning: SafeLearning/CompleteAppliedBaselines.lean:167:15: This simp argument is unused:
  Pi.add_apply

Hint: Omit it from the simp argument list.
  [apply] simp only [Pi.sub_apply, Pi.pow_apply, id_eq]

Note: This linter can be disabled with `set_option linter.unusedSimpArgs false`
warning: SafeLearning/CompleteAppliedBaselines.lean:167:43: This simp argument is unused:
  Pi.pow_apply

Hint: Omit it from the simp argument list.
  [apply] simp only [Pi.add_apply, Pi.sub_apply, id_eq]

Note: This linter can be disabled with `set_option linter.unusedSimpArgs false`
warning: SafeLearning/CompleteAppliedBaselines.lean:188:79: Used `tac1 <;> tac2` where `(tac1; tac2)` would suffice

Note: This linter can be disabled with `set_option linter.unnecessarySeqFocus false`
warning: SafeLearning/CompleteAppliedBaselines.lean:202:12: This simp argument is unused:
  sq_eq_zero_iff

Hint: Omit it from the simp argument list.
  [apply] simp [hp, sub_eq_zero]

Note: This linter can be disabled with `set_option linter.unusedSimpArgs false`
warning: SafeLearning/CompleteAppliedBaselines.lean:219:17: this tactic is never executed

Note: This linter can be disabled with `set_option linter.unreachableTactic false`
warning: SafeLearning/CompleteAppliedBaselines.lean:219:17: Unused tactic linter: `ring` does nothing

Note: This linter can be disabled with `set_option linter.unusedTactic false`
⚠ [9026/9980] Replayed SafeLearning.CompleteFiniteTrajectoryReturns
warning: SafeLearning/CompleteFiniteTrajectoryReturns.lean:24:0: automatically included section variable(s) unused in theorem `SafeLearning.CompleteFiniteTrajectoryReturns.finite_reward_indicator_decomposition`:
  [MeasurableSpace Ω]
consider restructuring your `variable` declarations so that the variables are not in scope or explicitly omit them:
  omit [MeasurableSpace Ω] in theorem ...

Note: This linter can be disabled with `set_option linter.unusedSectionVars false`
warning: SafeLearning/CompleteFiniteTrajectoryReturns.lean:51:0: automatically included section variable(s) unused in theorem `SafeLearning.CompleteFiniteTrajectoryReturns.actual_path_reward_series_summable`:
  [MeasurableSpace Ω]
consider restructuring your `variable` declarations so that the variables are not in scope or explicitly omit them:
  omit [MeasurableSpace Ω] in theorem ...

Note: This linter can be disabled with `set_option linter.unusedSectionVars false`
warning: SafeLearning/CompleteFiniteTrajectoryReturns.lean:91:0: automatically included section variable(s) unused in theorem `SafeLearning.CompleteFiniteTrajectoryReturns.actual_atom_discounted_series_summable`:
  [Fintype F]
consider restructuring your `variable` declarations so that the variables are not in scope or explicitly omit them:
  omit [Fintype F] in theorem ...

Note: This linter can be disabled with `set_option linter.unusedSectionVars false`
warning: SafeLearning/CompleteFiniteTrajectoryReturns.lean:126:0: automatically included section variable(s) unused in theorem `SafeLearning.CompleteFiniteTrajectoryReturns.actual_path_occupancy_nonnegative`:
  [Fintype F]
  [IsProbabilityMeasure μ]
consider restructuring your `variable` declarations so that the variables are not in scope or explicitly omit them:
  omit [Fintype F] [IsProbabilityMeasure μ] in theorem ...

Note: This linter can be disabled with `set_option linter.unusedSectionVars false`
⚠ [9027/9980] Replayed SafeLearning.CompleteFiniteCMDPOccupancy
warning: SafeLearning/CompleteFiniteCMDPOccupancy.lean:131:29: This simp argument is unused:
  mul_assoc

Hint: Omit it from the simp argument list.
  [apply] simp only [Finset.mul_sum]

Note: This linter can be disabled with `set_option linter.unusedSimpArgs false`
⚠ [9029/9980] Replayed SafeLearning.CompleteFiniteCMDPRecovery
warning: SafeLearning/CompleteFiniteCMDPRecovery.lean:46:0: automatically included section variable(s) unused in theorem `SafeLearning.CompleteFiniteCMDPRecovery.actual_nonnegative_row_marginal`:
  [Fintype S]
consider restructuring your `variable` declarations so that the variables are not in scope or explicitly omit them:
  omit [Fintype S] in theorem ...

Note: This linter can be disabled with `set_option linter.unusedSectionVars false`
warning: SafeLearning/CompleteFiniteCMDPRecovery.lean:50:0: automatically included section variable(s) unused in theorem `SafeLearning.CompleteFiniteCMDPRecovery.actual_zero_nonnegative_row_has_zero_coordinates`:
  [Fintype S]
consider restructuring your `variable` declarations so that the variables are not in scope or explicitly omit them:
  omit [Fintype S] in theorem ...

Note: This linter can be disabled with `set_option linter.unusedSectionVars false`
warning: SafeLearning/CompleteFiniteCMDPRecovery.lean:57:0: automatically included section variable(s) unused in theorem `SafeLearning.CompleteFiniteCMDPRecovery.actual_recovered_action_nonneg`:
  [Fintype S]
consider restructuring your `variable` declarations so that the variables are not in scope or explicitly omit them:
  omit [Fintype S] in theorem ...

Note: This linter can be disabled with `set_option linter.unusedSectionVars false`
warning: SafeLearning/CompleteFiniteCMDPRecovery.lean:69:32: `if_pos` has been deprecated: Use `ite_eq_left` instead
warning: SafeLearning/CompleteFiniteCMDPRecovery.lean:65:0: automatically included section variable(s) unused in theorem `SafeLearning.CompleteFiniteCMDPRecovery.actual_recovered_action_normalized`:
  [Fintype S]
consider restructuring your `variable` declarations so that the variables are not in scope or explicitly omit them:
  omit [Fintype S] in theorem ...

Note: This linter can be disabled with `set_option linter.unusedSectionVars false`
warning: SafeLearning/CompleteFiniteCMDPRecovery.lean:66:5: Variable name `hρ` is not explicitly referenced.

Hint: The binding can be removed (if unused) or named `_` (if used implicitly). Alternatively, prefix the name with `_` to silence this warning:
  [apply] _hρ

Note: This linter can be disabled with `set_option linter.unusedVariables false`
warning: SafeLearning/CompleteFiniteCMDPRecovery.lean:77:32: `if_pos` has been deprecated: Use `ite_eq_left` instead
⚠ [9030/9980] Replayed SafeLearning.CompleteFiniteControlledPathFlow
warning: SafeLearning/CompleteFiniteControlledPathFlow.lean:80:0: automatically included section variable(s) unused in theorem `SafeLearning.CompleteFiniteControlledPathFlow.actual_joint_discounted_series_summable`:
  [Fintype S]
  [Fintype A]
consider restructuring your `variable` declarations so that the variables are not in scope or explicitly omit them:
  omit [Fintype S] [Fintype A] in theorem ...

Note: This linter can be disabled with `set_option linter.unusedSectionVars false`
warning: SafeLearning/CompleteFiniteControlledPathFlow.lean:88:0: automatically included section variable(s) unused in theorem `SafeLearning.CompleteFiniteControlledPathFlow.actual_state_discounted_series_summable`:
  [Fintype S]
consider restructuring your `variable` declarations so that the variables are not in scope or explicitly omit them:
  omit [Fintype S] in theorem ...

Note: This linter can be disabled with `set_option linter.unusedSectionVars false`
warning: SafeLearning/CompleteFiniteControlledPathFlow.lean:109:29: This simp argument is unused:
  mul_assoc

Hint: Omit it from the simp argument list.
  [apply] simp only [Finset.mul_sum]

Note: This linter can be disabled with `set_option linter.unusedSimpArgs false`
warning: SafeLearning/CompleteFiniteControlledPathFlow.lean:158:0: automatically included section variable(s) unused in theorem `SafeLearning.CompleteFiniteControlledPathFlow.actual_controlled_occupancy_is_the_path_event_occupancy`:
  [Fintype S]
  [Fintype A]
  [IsProbabilityMeasure μ]
consider restructuring your `variable` declarations so that the variables are not in scope or explicitly omit them:
  omit [Fintype S] [Fintype A] [IsProbabilityMeasure μ] in theorem ...

Note: This linter can be disabled with `set_option linter.unusedSectionVars false`
⚠ [9032/9980] Replayed SafeLearning.CompleteFiniteControlledPathMeasureLaws
warning: SafeLearning/CompleteFiniteControlledPathMeasureLaws.lean:57:22: This simp argument is unused:
  PMF.ofFintype_apply

Hint: Omit it from the simp argument list.
  [apply] simp only [stepPMF]

Note: This linter can be disabled with `set_option linter.unusedSimpArgs false`
⚠ [9034/9980] Replayed SafeLearning.CompleteFiniteCMDPLinearProgram
warning: SafeLearning/CompleteFiniteCMDPLinearProgram.lean:67:0: automatically included section variable(s) unused in theorem `SafeLearning.CompleteFiniteCMDPLinearProgram.actual_cost_feasible_closed`:
  [Fintype I]
consider restructuring your `variable` declarations so that the variables are not in scope or explicitly omit them:
  omit [Fintype I] in theorem ...

Note: This linter can be disabled with `set_option linter.unusedSectionVars false`
warning: SafeLearning/CompleteFiniteCMDPLinearProgram.lean:86:0: automatically included section variable(s) unused in theorem `SafeLearning.CompleteFiniteCMDPLinearProgram.actual_cost_feasible_convex`:
  [Fintype I]
consider restructuring your `variable` declarations so that the variables are not in scope or explicitly omit them:
  omit [Fintype I] in theorem ...

Note: This linter can be disabled with `set_option linter.unusedSectionVars false`
warning: SafeLearning/CompleteFiniteCMDPLinearProgram.lean:98:0: automatically included section variable(s) unused in theorem `SafeLearning.CompleteFiniteCMDPLinearProgram.actual_policy_cost_feasible_iff`:
  [Fintype I]
consider restructuring your `variable` declarations so that the variables are not in scope or explicitly omit them:
  omit [Fintype I] in theorem ...

Note: This linter can be disabled with `set_option linter.unusedSectionVars false`
warning: SafeLearning/CompleteFiniteCMDPLinearProgram.lean:183:0: automatically included section variable(s) unused in theorem `SafeLearning.CompleteFiniteCMDPLinearProgram.actual_cost_feasible_finite_linear_halfspaces`:
  [Fintype I]
consider restructuring your `variable` declarations so that the variables are not in scope or explicitly omit them:
  omit [Fintype I] in theorem ...

Note: This linter can be disabled with `set_option linter.unusedSectionVars false`
⚠ [9035/9980] Replayed SafeLearning.CompleteFiniteHistoryPathLinearProgram
warning: SafeLearning/CompleteFiniteHistoryPathLinearProgram.lean:53:0: automatically included section variable(s) unused in theorem `SafeLearning.CompleteFiniteHistoryPathLinearProgram.actual_history_path_cost_feasible_iff`:
  [Fintype I]
consider restructuring your `variable` declarations so that the variables are not in scope or explicitly omit them:
  omit [Fintype I] in theorem ...

Note: This linter can be disabled with `set_option linter.unusedSectionVars false`
⚠ [9036/9980] Replayed SafeLearning.CompleteFiniteCMDPDeterministicVertices
warning: SafeLearning/CompleteFiniteCMDPDeterministicVertices.lean:18:0: automatically included section variable(s) unused in theorem `SafeLearning.CompleteFiniteCMDPDeterministicVertices.actual_pure_action_nonnegative`:
  [Fintype S]
  [Fintype A]
consider restructuring your `variable` declarations so that the variables are not in scope or explicitly omit them:
  omit [Fintype S] [Fintype A] in theorem ...

Note: This linter can be disabled with `set_option linter.unusedSectionVars false`
warning: SafeLearning/CompleteFiniteCMDPDeterministicVertices.lean:24:0: automatically included section variable(s) unused in theorem `SafeLearning.CompleteFiniteCMDPDeterministicVertices.actual_pure_action_normalized`:
  [Fintype S]
consider restructuring your `variable` declarations so that the variables are not in scope or explicitly omit them:
  omit [Fintype S] in theorem ...

Note: This linter can be disabled with `set_option linter.unusedSectionVars false`
⚠ [9037/9980] Replayed SafeLearning.CompleteAppliedBellmanReturns
warning: SafeLearning/CompleteAppliedBellmanReturns.lean:51:0: automatically included section variable(s) unused in theorem `SafeLearning.CompleteAppliedBellmanReturns.actual_flow_potential_identity`:
  [Nonempty A]
consider restructuring your `variable` declarations so that the variables are not in scope or explicitly omit them:
  omit [Nonempty A] in theorem ...

Note: This linter can be disabled with `set_option linter.unusedSectionVars false`
warning: SafeLearning/CompleteAppliedBellmanReturns.lean:71:30: This simp argument is unused:
  mul_assoc

Hint: Omit it from the simp argument list.
  [apply] simp only [Finset.mul_sum]

Note: This linter can be disabled with `set_option linter.unusedSimpArgs false`
⚠ [9038/9980] Replayed SafeLearning.CompleteAppliedTwoAtomRisk
warning: SafeLearning/CompleteAppliedTwoAtomRisk.lean:13:6: This simp argument is unused:
  Fin.sum_univ_zero

Hint: Omit it from the simp argument list.
  [apply] simp only [Fin.sum_univ_two, Matrix.cons_val_zero, Matrix.cons_val_one, add_zero]

Note: This linter can be disabled with `set_option linter.unusedSimpArgs false`
warning: SafeLearning/CompleteAppliedTwoAtomRisk.lean:13:24: This simp argument is unused:
  add_zero

Hint: Omit it from the simp argument list.
  [apply] simp only [Fin.sum_univ_two, Matrix.cons_val_zero, Matrix.cons_val_one, Fin.sum_univ_zero]

Note: This linter can be disabled with `set_option linter.unusedSimpArgs false`
warning: SafeLearning/CompleteAppliedTwoAtomRisk.lean:25:24: This simp argument is unused:
  Fin.sum_univ_zero

Hint: Omit it from the simp argument list.
  [apply] simp only [costLaw, PMF.ofFintype_apply, Fin.sum_univ_two, Matrix.cons_val_zero, Matrix.cons_val_one,
    add_zero]

Note: This linter can be disabled with `set_option linter.unusedSimpArgs false`
warning: SafeLearning/CompleteAppliedTwoAtomRisk.lean:25:42: This simp argument is unused:
  add_zero

Hint: Omit it from the simp argument list.
  [apply] simp only [costLaw, PMF.ofFintype_apply, Fin.sum_univ_two, Matrix.cons_val_zero, Matrix.cons_val_one,
    Fin.sum_univ_zero]

Note: This linter can be disabled with `set_option linter.unusedSimpArgs false`
warning: SafeLearning/CompleteAppliedTwoAtomRisk.lean:50:49: `Set.mem_setOf_eq` has been deprecated: Use `Set.mem_ofPred_eq` instead
warning: SafeLearning/CompleteAppliedTwoAtomRisk.lean:51:40: `if_pos` has been deprecated: Use `ite_eq_left` instead
warning: SafeLearning/CompleteAppliedTwoAtomRisk.lean:51:47: `if_neg` has been deprecated: Use `ite_eq_right` instead
warning: SafeLearning/CompleteAppliedTwoAtomRisk.lean:42:10: This simp argument is unused:
  PMF.toOuterMeasure_ofFintype_apply

Hint: Omit it from the simp argument list.
  [apply] simp [tsum_fintype, costLaw, costValue, Fin.sum_univ_two, Set.indicator, hz, not_le.mpr hz, hc]

Note: This linter can be disabled with `set_option linter.unusedSimpArgs false`
warning: SafeLearning/CompleteAppliedTwoAtomRisk.lean:42:45: This simp argument is unused:
  tsum_fintype

Hint: Omit it from the simp argument list.
  [apply] simp [PMF.toOuterMeasure_ofFintype_apply, costLaw, costValue, Fin.sum_univ_two, Set.indicator, hz,
    not_le.mpr hz, hc]

Note: This linter can be disabled with `set_option linter.unusedSimpArgs false`
warning: SafeLearning/CompleteAppliedTwoAtomRisk.lean:45:12: This simp argument is unused:
  PMF.toOuterMeasure_ofFintype_apply

Hint: Omit it from the simp argument list.
  [apply] simp [tsum_fintype, costLaw, costValue, Fin.sum_univ_two, Set.indicator, hz, le_of_not_gt hz, hc,
    not_le.mpr hc, ENNReal.toReal_ofReal (sub_nonneg.mpr q.2.2)]

Note: This linter can be disabled with `set_option linter.unusedSimpArgs false`
warning: SafeLearning/CompleteAppliedTwoAtomRisk.lean:45:47: This simp argument is unused:
  tsum_fintype

Hint: Omit it from the simp argument list.
  [apply] simp [PMF.toOuterMeasure_ofFintype_apply, costLaw, costValue, Fin.sum_univ_two, Set.indicator, hz,
    le_of_not_gt hz, hc, not_le.mpr hc, ENNReal.toReal_ofReal (sub_nonneg.mpr q.2.2)]

Note: This linter can be disabled with `set_option linter.unusedSimpArgs false`
warning: SafeLearning/CompleteAppliedTwoAtomRisk.lean:48:73: This simp argument is unused:
  PMF.ofFintype_apply

Hint: Omit it from the simp argument list.
  [apply] simp only [PMF.toOuterMeasure_ofFintype_apply, tsum_fintype, costLaw, costValue, Fin.sum_univ_two,
    Matrix.cons_val_zero, Matrix.cons_val_one, Fin.sum_univ_zero, add_zero, Set.indicator, Set.mem_setOf_eq,
    le_of_not_gt hz, le_of_not_gt hc, if_pos, if_neg, hz, hc]

Note: This linter can be disabled with `set_option linter.unusedSimpArgs false`
warning: SafeLearning/CompleteAppliedTwoAtomRisk.lean:50:8: This simp argument is unused:
  Fin.sum_univ_zero

Hint: Omit it from the simp argument list.
  [apply] simp only [PMF.toOuterMeasure_ofFintype_apply, tsum_fintype, costLaw, PMF.ofFintype_apply, costValue,
    Fin.sum_univ_two, Matrix.cons_val_zero, Matrix.cons_val_one, add_zero, Set.indicator, Set.mem_setOf_eq,
    le_of_not_gt hz, le_of_not_gt hc, if_pos, if_neg, hz, hc]

Note: This linter can be disabled with `set_option linter.unusedSimpArgs false`
warning: SafeLearning/CompleteAppliedTwoAtomRisk.lean:50:26: This simp argument is unused:
  add_zero

Hint: Omit it from the simp argument list.
  [apply] simp only [PMF.toOuterMeasure_ofFintype_apply, tsum_fintype, costLaw, PMF.ofFintype_apply, costValue,
    Fin.sum_univ_two, Matrix.cons_val_zero, Matrix.cons_val_one, Fin.sum_univ_zero, Set.indicator, Set.mem_setOf_eq,
    le_of_not_gt hz, le_of_not_gt hc, if_pos, if_neg, hz, hc]

Note: This linter can be disabled with `set_option linter.unusedSimpArgs false`
warning: SafeLearning/CompleteAppliedTwoAtomRisk.lean:51:47: This simp argument is unused:
  if_neg

Hint: Omit it from the simp argument list.
  [apply] simp only [PMF.toOuterMeasure_ofFintype_apply, tsum_fintype, costLaw, PMF.ofFintype_apply, costValue,
    Fin.sum_univ_two, Matrix.cons_val_zero, Matrix.cons_val_one, Fin.sum_univ_zero, add_zero, Set.indicator,
    Set.mem_setOf_eq, le_of_not_gt hz, le_of_not_gt hc, if_pos, hz, hc]

Note: This linter can be disabled with `set_option linter.unusedSimpArgs false`
warning: SafeLearning/CompleteAppliedTwoAtomRisk.lean:59:15: `Set.mem_setOf_eq` has been deprecated: Use `Set.mem_ofPred_eq` instead
warning: SafeLearning/CompleteAppliedTwoAtomRisk.lean:67:15: `Set.mem_setOf_eq` has been deprecated: Use `Set.mem_ofPred_eq` instead
⚠ [9041/9980] Replayed SafeLearning.CompleteAppliedInformation
warning: SafeLearning/CompleteAppliedInformation.lean:37:2: try 'simp' instead of 'simpa'

Note: This linter can be disabled with `set_option linter.unnecessarySimpa false`
warning: SafeLearning/CompleteAppliedInformation.lean:71:18: This simp argument is unused:
  PMF.toOuterMeasure_ofFintype_apply

Hint: Omit it from the simp argument list.
  [apply] simp [tsum_fintype, costLaw, Fin.sum_univ_two, Set.indicator, h0, h1,
    ENNReal.toReal_ofReal (sub_nonneg.mpr q.2.2), ENNReal.toReal_ofReal q.2.1]

Note: This linter can be disabled with `set_option linter.unusedSimpArgs false`
warning: SafeLearning/CompleteAppliedInformation.lean:71:53: This simp argument is unused:
  tsum_fintype

Hint: Omit it from the simp argument list.
  [apply] simp [PMF.toOuterMeasure_ofFintype_apply, costLaw, Fin.sum_univ_two, Set.indicator, h0, h1,
    ENNReal.toReal_ofReal (sub_nonneg.mpr q.2.2), ENNReal.toReal_ofReal q.2.1]

Note: This linter can be disabled with `set_option linter.unusedSimpArgs false`
⚠ [9042/9980] Replayed SafeLearning.CompleteAppliedBinaryPinsker
warning: SafeLearning/CompleteAppliedBinaryPinsker.lean:112:24: This simp argument is unused:
  Fin.sum_univ_zero

Hint: Omit it from the simp argument list.
  [apply] simp only [costLaw, PMF.ofFintype_apply, Fin.sum_univ_two, Matrix.cons_val_zero, Matrix.cons_val_one,
    add_zero, ENNReal.toReal_ofReal (sub_nonneg.mpr p.2.2), ENNReal.toReal_ofReal p.2.1,
    ENNReal.toReal_ofReal (sub_nonneg.mpr q.2.2), ENNReal.toReal_ofReal q.2.1]

Note: This linter can be disabled with `set_option linter.unusedSimpArgs false`
warning: SafeLearning/CompleteAppliedBinaryPinsker.lean:112:42: This simp argument is unused:
  add_zero

Hint: Omit it from the simp argument list.
  [apply] simp only [costLaw, PMF.ofFintype_apply, Fin.sum_univ_two, Matrix.cons_val_zero, Matrix.cons_val_one,
    Fin.sum_univ_zero, ENNReal.toReal_ofReal (sub_nonneg.mpr p.2.2), ENNReal.toReal_ofReal p.2.1,
    ENNReal.toReal_ofReal (sub_nonneg.mpr q.2.2), ENNReal.toReal_ofReal q.2.1]

Note: This linter can be disabled with `set_option linter.unusedSimpArgs false`
⚠ [9052/9980] Replayed SafeLearning.CompleteAppliedValidation
warning: SafeLearning/CompleteAppliedValidation.lean:47:15: `Set.mem_setOf_eq` has been deprecated: Use `Set.mem_ofPred_eq` instead
warning: SafeLearning/CompleteAppliedValidation.lean:108:25: this tactic is never executed

Note: This linter can be disabled with `set_option linter.unreachableTactic false`
warning: SafeLearning/CompleteAppliedValidation.lean:108:25: Unused tactic linter: `norm_num` does nothing

Note: This linter can be disabled with `set_option linter.unusedTactic false`
warning: SafeLearning/CompleteAppliedValidation.lean:173:29: `Set.mem_setOf_eq` has been deprecated: Use `Set.mem_ofPred_eq` instead
⚠ [9054/9980] Replayed SafeLearning.CompleteAppliedValidationTests
warning: SafeLearning/CompleteAppliedValidationTests.lean:90:16: `Set.iInter_setOf` has been deprecated: Use `Set.iInter_ofPred` instead
warning: SafeLearning/CompleteAppliedValidationTests.lean:95:51: `Set.mem_setOf_eq` has been deprecated: Use `Set.mem_ofPred_eq` instead
warning: SafeLearning/CompleteAppliedValidationTests.lean:103:50: `Set.mem_setOf_eq` has been deprecated: Use `Set.mem_ofPred_eq` instead
⚠ [9055/9980] Replayed SafeLearning.CompleteAppliedZeroConfidence
warning: SafeLearning/CompleteAppliedZeroConfidence.lean:83:16: `Set.iInter_setOf` has been deprecated: Use `Set.iInter_ofPred` instead
warning: SafeLearning/CompleteAppliedZeroConfidence.lean:97:17: `Set.mem_setOf_eq` has been deprecated: Use `Set.mem_ofPred_eq` instead
warning: SafeLearning/CompleteAppliedZeroConfidence.lean:107:18: `Set.iInter_setOf` has been deprecated: Use `Set.iInter_ofPred` instead
warning: SafeLearning/CompleteAppliedZeroConfidence.lean:111:17: `Set.mem_setOf_eq` has been deprecated: Use `Set.mem_ofPred_eq` instead
warning: SafeLearning/CompleteAppliedZeroConfidence.lean:161:39: Used `tac1 <;> tac2` where `(tac1; tac2)` would suffice

Note: This linter can be disabled with `set_option linter.unnecessarySeqFocus false`
⚠ [9060/9980] Replayed SafeLearning.CompleteAppliedGaussianBayesGeneral
warning: SafeLearning/CompleteAppliedGaussianBayesGeneral.lean:42:4: Used `tac1 <;> tac2` where `(tac1; tac2)` would suffice

Note: This linter can be disabled with `set_option linter.unnecessarySeqFocus false`
⚠ [9064/9980] Replayed SafeLearning.CompleteAppliedSequentialCalibration
warning: SafeLearning/CompleteAppliedSequentialCalibration.lean:89:89: Used `tac1 <;> tac2` where `(tac1; tac2)` would suffice

Note: This linter can be disabled with `set_option linter.unnecessarySeqFocus false`
⚠ [9065/9980] Replayed SafeLearning.CompleteAppliedCalibrationAverages
warning: SafeLearning/CompleteAppliedCalibrationAverages.lean:44:6: this tactic is never executed

Note: This linter can be disabled with `set_option linter.unreachableTactic false`
warning: SafeLearning/CompleteAppliedCalibrationAverages.lean:44:6: Unused tactic linter: `ring` does nothing

Note: This linter can be disabled with `set_option linter.unusedTactic false`
⚠ [9069/9980] Replayed SafeLearning.CompleteAppliedGaussianCDF
warning: SafeLearning/CompleteAppliedGaussianCDF.lean:22:2: Try this: 
  haveI̵

The goal is a proposition, so `have` is preferred over `haveI`.
The difference between `have` and `haveI` is that `haveI` inlines the value.
But this is not relevant for proofs because of proof irrelevance.

Note: This linter can be disabled with `set_option linter.style.haveILetI false`
⚠ [9072/9980] Replayed SafeLearning.CompleteAppliedGaussianQuantile
warning: SafeLearning/CompleteAppliedGaussianQuantile.lean:81:15: `Set.mem_setOf_eq` has been deprecated: Use `Set.mem_ofPred_eq` instead
⚠ [9073/9980] Replayed SafeLearning.CompleteAppliedGaussianStandardization
warning: SafeLearning/CompleteAppliedGaussianStandardization.lean:14:2: Try this: 
  haveI̵

The goal is a proposition, so `have` is preferred over `haveI`.
The difference between `have` and `haveI` is that `haveI` inlines the value.
But this is not relevant for proofs because of proof irrelevance.

Note: This linter can be disabled with `set_option linter.style.haveILetI false`
warning: SafeLearning/CompleteAppliedGaussianStandardization.lean:33:2: Try this: 
  haveI̵

The goal is a proposition, so `have` is preferred over `haveI`.
The difference between `have` and `haveI` is that `haveI` inlines the value.
But this is not relevant for proofs because of proof irrelevance.

Note: This linter can be disabled with `set_option linter.style.haveILetI false`
warning: SafeLearning/CompleteAppliedGaussianStandardization.lean:65:21: `Set.mem_setOf_eq` has been deprecated: Use `Set.mem_ofPred_eq` instead
warning: SafeLearning/CompleteAppliedGaussianStandardization.lean:68:21: `Set.mem_setOf_eq` has been deprecated: Use `Set.mem_ofPred_eq` instead
⚠ [9074/9980] Replayed SafeLearning.CompleteAppliedGaussianAlarmQuantile
warning: SafeLearning/CompleteAppliedGaussianAlarmQuantile.lean:50:15: `Set.mem_setOf_eq` has been deprecated: Use `Set.mem_ofPred_eq` instead
warning: SafeLearning/CompleteAppliedGaussianAlarmQuantile.lean:62:2: Try this: 
  haveI̵

The goal is a proposition, so `have` is preferred over `haveI`.
The difference between `have` and `haveI` is that `haveI` inlines the value.
But this is not relevant for proofs because of proof irrelevance.

Note: This linter can be disabled with `set_option linter.style.haveILetI false`
warning: SafeLearning/CompleteAppliedGaussianAlarmQuantile.lean:76:15: `Set.mem_setOf_eq` has been deprecated: Use `Set.mem_ofPred_eq` instead
⚠ [9075/9980] Replayed SafeLearning.CompleteAppliedCalibrationPrediction
warning: SafeLearning/CompleteAppliedCalibrationPrediction.lean:53:15: `Set.mem_setOf_eq` has been deprecated: Use `Set.mem_ofPred_eq` instead
⚠ [9083/9980] Replayed SafeLearning.Modules
warning: SafeLearning/Modules.lean:30:2: Used `tac1 <;> tac2` where `(tac1; tac2)` would suffice

Note: This linter can be disabled with `set_option linter.unnecessarySeqFocus false`
warning: SafeLearning/Modules.lean:35:32: Used `tac1 <;> tac2` where `(tac1; tac2)` would suffice

Note: This linter can be disabled with `set_option linter.unnecessarySeqFocus false`
warning: SafeLearning/Modules.lean:65:2: Used `tac1 <;> tac2` where `(tac1; tac2)` would suffice

Note: This linter can be disabled with `set_option linter.unnecessarySeqFocus false`
warning: SafeLearning/Modules.lean:162:2: Used `tac1 <;> tac2` where `(tac1; tac2)` would suffice

Note: This linter can be disabled with `set_option linter.unnecessarySeqFocus false`
warning: SafeLearning/Modules.lean:505:2: Used `tac1 <;> tac2` where `(tac1; tac2)` would suffice

Note: This linter can be disabled with `set_option linter.unnecessarySeqFocus false`
⚠ [9084/9980] Replayed SafeLearning.CompleteModulesTheory
warning: SafeLearning/CompleteModulesTheory.lean:157:21: Used `tac1 <;> tac2` where `(tac1; tac2)` would suffice

Note: This linter can be disabled with `set_option linter.unnecessarySeqFocus false`
⚠ [9085/9980] Replayed SafeLearning.CompleteModulesLipSDP
warning: SafeLearning/CompleteModulesLipSDP.lean:73:8: This simp argument is unused:
  RCLike.inner_apply

Hint: Omit it from the simp argument list.
  [apply] simp [conj_trivial, pow_two]

Note: This linter can be disabled with `set_option linter.unusedSimpArgs false`
warning: SafeLearning/CompleteModulesLipSDP.lean:73:27: This simp argument is unused:
  conj_trivial

Hint: Omit it from the simp argument list.
  [apply] simp [RCLike.inner_apply, pow_two]

Note: This linter can be disabled with `set_option linter.unusedSimpArgs false`
warning: SafeLearning/CompleteModulesLipSDP.lean:118:44: This simp argument is unused:
  Finset.sum_mul

Hint: Omit it from the simp argument list.
  [apply] simp only [mul_add, mul_sub, Finset.mul_sum, Finset.sum_add_distrib, Finset.sum_sub_distrib, pow_two]

Note: This linter can be disabled with `set_option linter.unusedSimpArgs false`
⚠ [9086/9980] Replayed SafeLearning.CompleteModulesLipSDPNetwork
warning: SafeLearning/CompleteModulesLipSDPNetwork.lean:46:59: This simp argument is unused:
  Matrix.fromRows_mul_fromCols

Hint: Omit it from the simp argument list.
  [apply] simp only [Matrix.transpose_fromCols, Matrix.fromRows_mul, Matrix.transpose_zero, Matrix.transpose_one,
    Matrix.zero_mul, Matrix.mul_zero, Matrix.mul_one, Matrix.one_mul]

Note: This linter can be disabled with `set_option linter.unusedSimpArgs false`
warning: SafeLearning/CompleteModulesLipSDPNetwork.lean:47:63: This simp argument is unused:
  Matrix.mul_zero

Hint: Omit it from the simp argument list.
  [apply] simp only [Matrix.transpose_fromCols, Matrix.fromRows_mul, Matrix.fromRows_mul_fromCols,
    Matrix.transpose_zero, Matrix.transpose_one, Matrix.zero_mul, Matrix.mul_one, Matrix.one_mul]

Note: This linter can be disabled with `set_option linter.unusedSimpArgs false`
warning: SafeLearning/CompleteModulesLipSDPNetwork.lean:48:4: This simp argument is unused:
  Matrix.mul_one

Hint: Omit it from the simp argument list.
  [apply] simp only [Matrix.transpose_fromCols, Matrix.fromRows_mul, Matrix.fromRows_mul_fromCols,
    Matrix.transpose_zero, Matrix.transpose_one, Matrix.zero_mul, Matrix.mul_zero, Matrix.one_mul]

Note: This linter can be disabled with `set_option linter.unusedSimpArgs false`
warning: SafeLearning/CompleteModulesLipSDPNetwork.lean:66:22: This simp argument is unused:
  Matrix.fromCols_mulVec_sumElim

Hint: Omit it from the simp argument list.
  [apply] simp [liftedState]

Note: This linter can be disabled with `set_option linter.unusedSimpArgs false`
warning: SafeLearning/CompleteModulesLipSDPNetwork.lean:71:40: This simp argument is unused:
  Matrix.fromCols_mulVec_sumElim

Hint: Omit it from the simp argument list.
  [apply] simp [Matrix.mulVec_sub, liftedState]

Note: This linter can be disabled with `set_option linter.unusedSimpArgs false`
warning: SafeLearning/CompleteModulesLipSDPNetwork.lean:75:40: This simp argument is unused:
  Matrix.fromCols_mulVec_sumElim

Hint: Omit it from the simp argument list.
  [apply] simp [Matrix.mulVec_sub, liftedState]

Note: This linter can be disabled with `set_option linter.unusedSimpArgs false`
warning: SafeLearning/CompleteModulesLipSDPNetwork.lean:81:40: This simp argument is unused:
  Matrix.fromCols_mulVec_sumElim

Hint: Omit it from the simp argument list.
  [apply] simp [Matrix.mulVec_sub, liftedState, oneHiddenNetwork]

Note: This linter can be disabled with `set_option linter.unusedSimpArgs false`
⚠ [9087/9980] Replayed SafeLearning.CompleteModulesDiagonalQC
warning: SafeLearning/CompleteModulesDiagonalQC.lean:58:0: automatically included section variable(s) unused in theorem `SafeLearning.CompleteModulesDiagonalQC.diagonal_qc_from_actual_activations`:
  [DecidableEq K]
consider restructuring your `variable` declarations so that the variables are not in scope or explicitly omit them:
  omit [DecidableEq K] in theorem ...

Note: This linter can be disabled with `set_option linter.unusedSectionVars false`
warning: SafeLearning/CompleteModulesDiagonalQC.lean:115:28: This simp argument is unused:
  Matrix.fromCols_mulVec_sumElim

Hint: Omit it from the simp argument list.
  [apply] simp [diagonalQC, scalarQC]

Note: This linter can be disabled with `set_option linter.unusedSimpArgs false`
⚠ [9092/9980] Replayed SafeLearning.CompleteAppliedCircleFeedback
warning: SafeLearning/CompleteAppliedCircleFeedback.lean:94:17: Variable name `hk` is not explicitly referenced.

Hint: The binding can be removed (if unused) or named `_` (if used implicitly). Alternatively, prefix the name with `_` to silence this warning:
  [apply] _hk

Note: This linter can be disabled with `set_option linter.unusedVariables false`
⚠ [9098/9980] Replayed SafeLearning.CompleteAppliedCompactLipschitzCriterion
warning: SafeLearning/CompleteAppliedCompactLipschitzCriterion.lean:35:6: `push_neg` has been deprecated. Prefer using `push Not` instead.
If you'd rather continue using `push_neg` in your project, you can implement it as follows:
```
open Lean.Parser.Tactic in
macro "push_neg" cfg:optConfig loc:(location)? : tactic =>
  `(tactic| push $cfg:optConfig Not $[$loc]?)
```
⚠ [9099/9980] Replayed SafeLearning.CompleteAppliedScalarTrajectories
warning: SafeLearning/CompleteAppliedScalarTrajectories.lean:113:6: Unused tactic linter: `change -2 * (1 - x t) ≤ -u t` does nothing

Note: This linter can be disabled with `set_option linter.unusedTactic false`
⚠ [9100/9980] Replayed SafeLearning.CompleteAppliedSmallGainStorage
warning: SafeLearning/CompleteAppliedSmallGainStorage.lean:57:40: Used `tac1 <;> tac2` where `(tac1; tac2)` would suffice

Note: This linter can be disabled with `set_option linter.unnecessarySeqFocus false`
⚠ [9102/9980] Replayed SafeLearning.CompleteAppliedComparisonFilter
warning: SafeLearning/CompleteAppliedComparisonFilter.lean:30:52: Used `tac1 <;> tac2` where `(tac1; tac2)` would suffice

Note: This linter can be disabled with `set_option linter.unnecessarySeqFocus false`
warning: SafeLearning/CompleteAppliedComparisonFilter.lean:72:50: Used `tac1 <;> tac2` where `(tac1; tac2)` would suffice

Note: This linter can be disabled with `set_option linter.unnecessarySeqFocus false`
warning: SafeLearning/CompleteAppliedComparisonFilter.lean:80:10: `if_pos` has been deprecated: Use `ite_eq_left` instead
warning: SafeLearning/CompleteAppliedComparisonFilter.lean:82:36: `if_pos` has been deprecated: Use `ite_eq_left` instead
warning: SafeLearning/CompleteAppliedComparisonFilter.lean:92:12: `if_pos` has been deprecated: Use `ite_eq_left` instead
warning: SafeLearning/CompleteAppliedComparisonFilter.lean:104:14: `if_neg` has been deprecated: Use `ite_eq_right` instead
warning: SafeLearning/CompleteAppliedComparisonFilter.lean:116:10: `if_neg` has been deprecated: Use `ite_eq_right` instead
warning: SafeLearning/CompleteAppliedComparisonFilter.lean:121:42: `if_neg` has been deprecated: Use `ite_eq_right` instead
warning: SafeLearning/CompleteAppliedComparisonFilter.lean:156:34: `if_pos` has been deprecated: Use `ite_eq_left` instead
warning: SafeLearning/CompleteAppliedComparisonFilter.lean:158:34: `if_neg` has been deprecated: Use `ite_eq_right` instead
warning: SafeLearning/CompleteAppliedComparisonFilter.lean:153:65: Variable name `ht` is not explicitly referenced.

Hint: The binding can be removed (if unused) or named `_` (if used implicitly). Alternatively, prefix the name with `_` to silence this warning:
  [apply] _ht

Note: This linter can be disabled with `set_option linter.unusedVariables false`
⚠ [9103/9980] Replayed SafeLearning.CompleteAppliedComparisonFilterNumbers
warning: SafeLearning/CompleteAppliedComparisonFilterNumbers.lean:140:8: `if_neg` has been deprecated: Use `ite_eq_right` instead
⚠ [9104/9980] Replayed SafeLearning.CompleteAppliedConditionalBounds
warning: SafeLearning/CompleteAppliedConditionalBounds.lean:13:2: Try this: 
  letI̵

The goal is a proposition, so `let` is preferred over `letI`.
The difference between `let` and `letI` is that `letI` inlines the value.
But this is not relevant for proofs because of proof irrelevance.

Note: This linter can be disabled with `set_option linter.style.haveILetI false`
⚠ [9110/9980] Replayed SafeLearning.CompleteAppliedScalarODE
warning: SafeLearning/CompleteAppliedScalarODE.lean:16:115: Used `tac1 <;> tac2` where `(tac1; tac2)` would suffice

Note: This linter can be disabled with `set_option linter.unnecessarySeqFocus false`
warning: SafeLearning/CompleteAppliedScalarODE.lean:29:133: Used `tac1 <;> tac2` where `(tac1; tac2)` would suffice

Note: This linter can be disabled with `set_option linter.unnecessarySeqFocus false`
warning: SafeLearning/CompleteAppliedScalarODE.lean:123:27: Used `tac1 <;> tac2` where `(tac1; tac2)` would suffice

Note: This linter can be disabled with `set_option linter.unnecessarySeqFocus false`
⚠ [9112/9980] Replayed SafeLearning.CompleteAppliedControlAffineDefinitions
warning: SafeLearning/CompleteAppliedControlAffineDefinitions.lean:16:0: automatically included section variable(s) unused in theorem `SafeLearning.CompleteAppliedControlAffineDefinitions.actual_input_contribution_is_linear_at_every_fixed_state`:
  [Fintype n]
consider restructuring your `variable` declarations so that the variables are not in scope or explicitly omit them:
  omit [Fintype n] in theorem ...

Note: This linter can be disabled with `set_option linter.unusedSectionVars false`
warning: SafeLearning/CompleteAppliedControlAffineDefinitions.lean:39:77: This simp argument is unused:
  Matrix.mulVec

Hint: Omit it from the simp argument list.
  [apply] simp [controlAffineField, pendulumDrift, pendulumInputMatrix, dotProduct, Fin.sum_univ_succ]

Note: This linter can be disabled with `set_option linter.unusedSimpArgs false`
warning: SafeLearning/CompleteAppliedControlAffineDefinitions.lean:40:15: This simp argument is unused:
  Fin.sum_univ_succ

Hint: Omit it from the simp argument list.
  [apply] simp [controlAffineField, pendulumDrift, pendulumInputMatrix, Matrix.mulVec, dotProduct]

Note: This linter can be disabled with `set_option linter.unusedSimpArgs false`
warning: SafeLearning/CompleteAppliedControlAffineDefinitions.lean:49:63: This simp argument is unused:
  Matrix.mulVec

Hint: Omit it from the simp argument list.
  [apply] simp [controlAffineField, unicycleInputMatrix, dotProduct, Fin.sum_univ_succ, mul_comm]

Note: This linter can be disabled with `set_option linter.unusedSimpArgs false`
warning: SafeLearning/CompleteAppliedControlAffineDefinitions.lean:108:15: `Set.mem_setOf_eq` has been deprecated: Use `Set.mem_ofPred_eq` instead
warning: SafeLearning/CompleteAppliedControlAffineDefinitions.lean:111:15: `Set.mem_setOf_eq` has been deprecated: Use `Set.mem_ofPred_eq` instead
warning: SafeLearning/CompleteAppliedControlAffineDefinitions.lean:111:49: This simp argument is unused:
  ContinuousLinearMap.map_add

Hint: Omit it from the simp argument list.
  [apply] simp only [Set.mem_setOf_eq, map_add, map_smul] at *

Note: This linter can be disabled with `set_option linter.unusedSimpArgs false`
⚠ [9114/9980] Replayed SafeLearning.CompleteAppliedControlAffineQuadratic
warning: SafeLearning/CompleteAppliedControlAffineQuadratic.lean:16:0: automatically included section variable(s) unused in theorem `SafeLearning.CompleteAppliedControlAffineQuadratic.actual_control_affine_lie_derivative_has_the_literal_linear_input_row`:
  [DecidableEq m]
consider restructuring your `variable` declarations so that the variables are not in scope or explicitly omit them:
  omit [DecidableEq m] in theorem ...

Note: This linter can be disabled with `set_option linter.unusedSectionVars false`
warning: SafeLearning/CompleteAppliedControlAffineQuadratic.lean:23:0: automatically included section variable(s) unused in theorem `SafeLearning.CompleteAppliedControlAffineQuadratic.actual_all_derivative_constraints_have_the_literal_matrix_inequality_form`:
  [Fintype constraints]
consider restructuring your `variable` declarations so that the variables are not in scope or explicitly omit them:
  omit [Fintype constraints] in theorem ...

Note: This linter can be disabled with `set_option linter.unusedSectionVars false`
warning: SafeLearning/CompleteAppliedControlAffineQuadratic.lean:45:0: automatically included section variable(s) unused in theorem `SafeLearning.CompleteAppliedControlAffineQuadratic.actual_closest_input_squared_distance_is_a_quadratic_polynomial`:
  [DecidableEq m]
consider restructuring your `variable` declarations so that the variables are not in scope or explicitly omit them:
  omit [DecidableEq m] in theorem ...

Note: This linter can be disabled with `set_option linter.unusedSectionVars false`
warning: SafeLearning/CompleteAppliedControlAffineQuadratic.lean:58:0: automatically included section variable(s) unused in theorem `SafeLearning.CompleteAppliedControlAffineQuadratic.actual_minimizing_that_quadratic_is_exactly_choosing_a_closest_input`:
  [DecidableEq m]
consider restructuring your `variable` declarations so that the variables are not in scope or explicitly omit them:
  omit [DecidableEq m] in theorem ...

Note: This linter can be disabled with `set_option linter.unusedSectionVars false`
⚠ [9115/9980] Replayed SafeLearning.CompleteAppliedCoordinateTransfer
warning: SafeLearning/CompleteAppliedCoordinateTransfer.lean:42:24: Used `tac1 <;> tac2` where `(tac1; tac2)` would suffice

Note: This linter can be disabled with `set_option linter.unnecessarySeqFocus false`
warning: SafeLearning/CompleteAppliedCoordinateTransfer.lean:104:33: Used `tac1 <;> tac2` where `(tac1; tac2)` would suffice

Note: This linter can be disabled with `set_option linter.unnecessarySeqFocus false`
⚠ [9119/9980] Replayed SafeLearning.CompleteAppliedCovarianceMatrix
warning: SafeLearning/CompleteAppliedCovarianceMatrix.lean:20:0: automatically included section variable(s) unused in theorem `SafeLearning.CompleteAppliedCovarianceMatrix.actual_linear_combination_has_finite_second_moment`:
  [DecidableEq I]
  [IsProbabilityMeasure μ]
consider restructuring your `variable` declarations so that the variables are not in scope or explicitly omit them:
  omit [DecidableEq I] [IsProbabilityMeasure μ] in theorem ...

Note: This linter can be disabled with `set_option linter.unusedSectionVars false`
warning: SafeLearning/CompleteAppliedCovarianceMatrix.lean:25:0: automatically included section variable(s) unused in theorem `SafeLearning.CompleteAppliedCovarianceMatrix.actual_covariance_matrix_is_the_true_expected_centered_outer_product`:
  [Fintype I]
  [DecidableEq I]
  [IsProbabilityMeasure μ]
consider restructuring your `variable` declarations so that the variables are not in scope or explicitly omit them:
  omit [Fintype I] [DecidableEq I] [IsProbabilityMeasure μ] in theorem ...

Note: This linter can be disabled with `set_option linter.unusedSectionVars false`
warning: SafeLearning/CompleteAppliedCovarianceMatrix.lean:30:0: automatically included section variable(s) unused in theorem `SafeLearning.CompleteAppliedCovarianceMatrix.actual_source_covariance_is_the_true_bilinear_matrix_form`:
  [DecidableEq I]
consider restructuring your `variable` declarations so that the variables are not in scope or explicitly omit them:
  omit [DecidableEq I] in theorem ...

Note: This linter can be disabled with `set_option linter.unusedSectionVars false`
warning: SafeLearning/CompleteAppliedCovarianceMatrix.lean:94:0: automatically included section variable(s) unused in theorem `SafeLearning.CompleteAppliedCovarianceMatrix.actual_affine_random_vector_has_the_true_transformed_covariance`:
  [Fintype J]
  [DecidableEq J]
consider restructuring your `variable` declarations so that the variables are not in scope or explicitly omit them:
  omit [Fintype J] [DecidableEq J] in theorem ...

Note: This linter can be disabled with `set_option linter.unusedSectionVars false`
⚠ [9120/9980] Replayed SafeLearning.CompleteAppliedCovarianceConsequences
warning: SafeLearning/CompleteAppliedCovarianceConsequences.lean:14:0: automatically included section variable(s) unused in theorem `SafeLearning.CompleteAppliedCovarianceConsequences.actual_linear_combination_mean_is_the_same_combination_of_coordinate_means`:
  [DecidableEq I]
consider restructuring your `variable` declarations so that the variables are not in scope or explicitly omit them:
  omit [DecidableEq I] in theorem ...

Note: This linter can be disabled with `set_option linter.unusedSectionVars false`
warning: SafeLearning/CompleteAppliedCovarianceConsequences.lean:39:2: Try this: 
  letI̵

The goal is a proposition, so `let` is preferred over `letI`.
The difference between `let` and `letI` is that `letI` inlines the value.
But this is not relevant for proofs because of proof irrelevance.

Note: This linter can be disabled with `set_option linter.style.haveILetI false`
warning: SafeLearning/CompleteAppliedCovarianceConsequences.lean:68:0: automatically included section variable(s) unused in theorem `SafeLearning.CompleteAppliedCovarianceConsequences.actual_standard_deviation_is_nonnegative_and_squared_equals_variance`:
  [IsProbabilityMeasure μ]
consider restructuring your `variable` declarations so that the variables are not in scope or explicitly omit them:
  omit [IsProbabilityMeasure μ] in theorem ...

Note: This linter can be disabled with `set_option linter.unusedSectionVars false`
⚠ [9122/9980] Replayed SafeLearning.CompleteAppliedCoverageUniformLaw
warning: SafeLearning/CompleteAppliedCoverageUniformLaw.lean:66:2: Try this: 
  haveI̵

The goal is a proposition, so `have` is preferred over `haveI`.
The difference between `have` and `haveI` is that `haveI` inlines the value.
But this is not relevant for proofs because of proof irrelevance.

Note: This linter can be disabled with `set_option linter.style.haveILetI false`
warning: SafeLearning/CompleteAppliedCoverageUniformLaw.lean:67:2: Try this: 
  haveI̵

The goal is a proposition, so `have` is preferred over `haveI`.
The difference between `have` and `haveI` is that `haveI` inlines the value.
But this is not relevant for proofs because of proof irrelevance.

Note: This linter can be disabled with `set_option linter.style.haveILetI false`
warning: SafeLearning/CompleteAppliedCoverageUniformLaw.lean:72:2: Try this: 
  haveI̵

The goal is a proposition, so `have` is preferred over `haveI`.
The difference between `have` and `haveI` is that `haveI` inlines the value.
But this is not relevant for proofs because of proof irrelevance.

Note: This linter can be disabled with `set_option linter.style.haveILetI false`
⚠ [9123/9980] Replayed SafeLearning.CompleteAppliedCoverageContinuousTransform
warning: SafeLearning/CompleteAppliedCoverageContinuousTransform.lean:62:2: Try this: 
  haveI̵

The goal is a proposition, so `have` is preferred over `haveI`.
The difference between `have` and `haveI` is that `haveI` inlines the value.
But this is not relevant for proofs because of proof irrelevance.

Note: This linter can be disabled with `set_option linter.style.haveILetI false`
warning: SafeLearning/CompleteAppliedCoverageContinuousTransform.lean:64:2: Try this: 
  haveI̵

The goal is a proposition, so `have` is preferred over `haveI`.
The difference between `have` and `haveI` is that `haveI` inlines the value.
But this is not relevant for proofs because of proof irrelevance.

Note: This linter can be disabled with `set_option linter.style.haveILetI false`
⚠ [9128/9980] Replayed SafeLearning.CompleteAppliedCoverageTransfer
warning: SafeLearning/CompleteAppliedCoverageTransfer.lean:91:15: `Set.mem_setOf_eq` has been deprecated: Use `Set.mem_ofPred_eq` instead
⚠ [9150/9980] Replayed SafeLearning.CompleteAppliedSystems
warning: SafeLearning/CompleteAppliedSystems.lean:48:53: This simp argument is unused:
  Pi.neg_apply

Hint: Omit it from the simp argument list.
  [apply] simp only [heldThermal, Pi.add_apply, Pi.sub_apply, id_eq]

Note: This linter can be disabled with `set_option linter.unusedSimpArgs false`
warning: SafeLearning/CompleteAppliedSystems.lean:48:66: This simp argument is unused:
  id_eq

Hint: Omit it from the simp argument list.
  [apply] simp only [heldThermal, Pi.add_apply, Pi.sub_apply, Pi.neg_apply]

Note: This linter can be disabled with `set_option linter.unusedSimpArgs false`
warning: SafeLearning/CompleteAppliedSystems.lean:45:53: Used `tac1 <;> tac2` where `(tac1; tac2)` would suffice

Note: This linter can be disabled with `set_option linter.unnecessarySeqFocus false`
warning: SafeLearning/CompleteAppliedSystems.lean:140:40: try 'simp' instead of 'simpa'

Note: This linter can be disabled with `set_option linter.unnecessarySimpa false`
warning: SafeLearning/CompleteAppliedSystems.lean:141:10: try 'simp' instead of 'simpa'

Note: This linter can be disabled with `set_option linter.unnecessarySimpa false`
warning: SafeLearning/CompleteAppliedSystems.lean:201:136: Used `tac1 <;> tac2` where `(tac1; tac2)` would suffice

Note: This linter can be disabled with `set_option linter.unnecessarySeqFocus false`
warning: SafeLearning/CompleteAppliedSystems.lean:205:79: Used `tac1 <;> tac2` where `(tac1; tac2)` would suffice

Note: This linter can be disabled with `set_option linter.unnecessarySeqFocus false`
⚠ [9151/9980] Replayed SafeLearning.CompleteAppliedDynamics
info: SafeLearning/CompleteAppliedDynamics.lean:148:59: Try this:
  [apply] ring_nf
  
  The `ring` tactic failed to close the goal. Use `ring_nf` to obtain a normal form.
    
  Note that `ring` works primarily in *commutative* rings. If you have a noncommutative ring, abelian group or module, consider using `noncomm_ring`, `abel` or `module` instead.
warning: SafeLearning/CompleteAppliedDynamics.lean:137:32: This simp argument is unused:
  Pi.sub_apply

Hint: Omit it from the simp argument list.
  [apply] simp only [g, Pi.mul_apply, Pi.div_apply, id_eq]

Note: This linter can be disabled with `set_option linter.unusedSimpArgs false`
warning: SafeLearning/CompleteAppliedDynamics.lean:137:45: This simp argument is unused:
  Pi.div_apply

Hint: Omit it from the simp argument list.
  [apply] simp only [g, Pi.mul_apply, Pi.sub_apply, id_eq]

Note: This linter can be disabled with `set_option linter.unusedSimpArgs false`
warning: SafeLearning/CompleteAppliedDynamics.lean:137:65: Used `tac1 <;> tac2` where `(tac1; tac2)` would suffice

Note: This linter can be disabled with `set_option linter.unnecessarySeqFocus false`
warning: SafeLearning/CompleteAppliedDynamics.lean:148:55: Used `tac1 <;> tac2` where `(tac1; tac2)` would suffice

Note: This linter can be disabled with `set_option linter.unnecessarySeqFocus false`
warning: SafeLearning/CompleteAppliedDynamics.lean:236:61: Used `tac1 <;> tac2` where `(tac1; tac2)` would suffice

Note: This linter can be disabled with `set_option linter.unnecessarySeqFocus false`
warning: SafeLearning/CompleteAppliedDynamics.lean:246:61: Used `tac1 <;> tac2` where `(tac1; tac2)` would suffice

Note: This linter can be disabled with `set_option linter.unnecessarySeqFocus false`
info: SafeLearning/CompleteAppliedDynamics.lean:307:65: Try this:
  [apply] ring_nf
  
  The `ring` tactic failed to close the goal. Use `ring_nf` to obtain a normal form.
    
  Note that `ring` works primarily in *commutative* rings. If you have a noncommutative ring, abelian group or module, consider using `noncomm_ring`, `abel` or `module` instead.
warning: SafeLearning/CompleteAppliedDynamics.lean:307:61: Used `tac1 <;> tac2` where `(tac1; tac2)` would suffice

Note: This linter can be disabled with `set_option linter.unnecessarySeqFocus false`
⚠ [9153/9980] Replayed SafeLearning.CompleteAppliedIndependencePitfalls
warning: SafeLearning/CompleteAppliedIndependencePitfalls.lean:99:8: `measurable_pi_lambda` has been deprecated: Use `Measurable.of_eval` instead
warning: SafeLearning/CompleteAppliedIndependencePitfalls.lean:115:2: Try this: 
  haveI̵

The goal is a proposition, so `have` is preferred over `haveI`.
The difference between `have` and `haveI` is that `haveI` inlines the value.
But this is not relevant for proofs because of proof irrelevance.

Note: This linter can be disabled with `set_option linter.style.haveILetI false`
warning: SafeLearning/CompleteAppliedIndependencePitfalls.lean:127:2: Try this: 
  letI̵

The goal is a proposition, so `let` is preferred over `letI`.
The difference between `let` and `letI` is that `letI` inlines the value.
But this is not relevant for proofs because of proof irrelevance.

Note: This linter can be disabled with `set_option linter.style.haveILetI false`
⚠ [9155/9980] Replayed SafeLearning.CompleteAppliedEnsembleCovariance
warning: SafeLearning/CompleteAppliedEnsembleCovariance.lean:23:0: automatically included section variable(s) unused in theorem `SafeLearning.CompleteAppliedEnsembleCovariance.actual_empirical_covariance_is_the_literal_average_centered_outer_product`:
  [Nonempty E]
  [DecidableEq E]
  [Fintype I]
  [DecidableEq I]
consider restructuring your `variable` declarations so that the variables are not in scope or explicitly omit them:
  omit [Nonempty E] [DecidableEq E] [Fintype I] [DecidableEq I] in theorem ...

Note: This linter can be disabled with `set_option linter.unusedSectionVars false`
warning: SafeLearning/CompleteAppliedEnsembleCovariance.lean:32:0: automatically included section variable(s) unused in theorem `SafeLearning.CompleteAppliedEnsembleCovariance.actual_centered_ensemble_columns_sum_to_zero`:
  [DecidableEq E]
  [Fintype I]
  [DecidableEq I]
consider restructuring your `variable` declarations so that the variables are not in scope or explicitly omit them:
  omit [DecidableEq E] [Fintype I] [DecidableEq I] in theorem ...

Note: This linter can be disabled with `set_option linter.unusedSectionVars false`
warning: SafeLearning/CompleteAppliedEnsembleCovariance.lean:37:0: automatically included section variable(s) unused in theorem `SafeLearning.CompleteAppliedEnsembleCovariance.actual_ones_column_has_rank_one`:
  [Fintype E]
  [DecidableEq E]
consider restructuring your `variable` declarations so that the variables are not in scope or explicitly omit them:
  omit [Fintype E] [DecidableEq E] in theorem ...

Note: This linter can be disabled with `set_option linter.unusedSectionVars false`
warning: SafeLearning/CompleteAppliedEnsembleCovariance.lean:64:0: automatically included section variable(s) unused in theorem `SafeLearning.CompleteAppliedEnsembleCovariance.actual_empirical_covariance_is_positive_semidefinite`:
  [DecidableEq E]
  [DecidableEq I]
consider restructuring your `variable` declarations so that the variables are not in scope or explicitly omit them:
  omit [DecidableEq E] [DecidableEq I] in theorem ...

Note: This linter can be disabled with `set_option linter.unusedSectionVars false`
warning: SafeLearning/CompleteAppliedEnsembleCovariance.lean:110:0: automatically included section variable(s) unused in theorem `SafeLearning.CompleteAppliedEnsembleCovariance.actual_fusion_of_positive_definite_member_covariances_is_positive_definite`:
  [DecidableEq E]
consider restructuring your `variable` declarations so that the variables are not in scope or explicitly omit them:
  omit [DecidableEq E] in theorem ...

Note: This linter can be disabled with `set_option linter.unusedSectionVars false`
⚠ [9160/9980] Replayed SafeLearning.CompleteAppliedEntropyGeometry
warning: SafeLearning/CompleteAppliedEntropyGeometry.lean:32:43: `push_neg` has been deprecated. Prefer using `push Not` instead.
If you'd rather continue using `push_neg` in your project, you can implement it as follows:
```
open Lean.Parser.Tactic in
macro "push_neg" cfg:optConfig loc:(location)? : tactic =>
  `(tactic| push $cfg:optConfig Not $[$loc]?)
```
⚠ [9168/9980] Replayed SafeLearning.CompleteAppliedExcursionDecomposition
warning: SafeLearning/CompleteAppliedExcursionDecomposition.lean:63:8: `if_pos` has been deprecated: Use `ite_eq_left` instead
warning: SafeLearning/CompleteAppliedExcursionDecomposition.lean:72:8: `if_neg` has been deprecated: Use `ite_eq_right` instead
⚠ [9169/9980] Replayed SafeLearning.CompleteAppliedExercises
warning: SafeLearning/CompleteAppliedExercises.lean:69:5: Variable name `h1` is not explicitly referenced.

Hint: The binding can be removed (if unused) or named `_` (if used implicitly). Alternatively, prefix the name with `_` to silence this warning:
  [apply] _h1

Note: This linter can be disabled with `set_option linter.unusedVariables false`
warning: SafeLearning/CompleteAppliedExercises.lean:96:15: This simp argument is unused:
  hn1

Hint: Omit it from the simp argument list.
  [apply] simp [hn, finiteTrajectoryReward]

Note: This linter can be disabled with `set_option linter.unusedSimpArgs false`
warning: SafeLearning/CompleteAppliedExercises.lean:128:43: Variable name `i` is not explicitly referenced.

Hint: The binding can be removed (if unused) or named `_` (if used implicitly). Alternatively, prefix the name with `_` to silence this warning:
  [apply] _i

Note: This linter can be disabled with `set_option linter.unusedVariables false`
⚠ [9170/9980] Replayed SafeLearning.CompleteAppliedPolicy
warning: SafeLearning/CompleteAppliedPolicy.lean:46:5: Variable name `hw1` is not explicitly referenced.

Hint: The binding can be removed (if unused) or named `_` (if used implicitly). Alternatively, prefix the name with `_` to silence this warning:
  [apply] _hw1

Note: This linter can be disabled with `set_option linter.unusedVariables false`
warning: SafeLearning/CompleteAppliedPolicy.lean:137:10: Used `tac1 <;> tac2` where `(tac1; tac2)` would suffice

Note: This linter can be disabled with `set_option linter.unnecessarySeqFocus false`
warning: SafeLearning/CompleteAppliedPolicy.lean:181:50: Used `tac1 <;> tac2` where `(tac1; tac2)` would suffice

Note: This linter can be disabled with `set_option linter.unnecessarySeqFocus false`
warning: SafeLearning/CompleteAppliedPolicy.lean:181:65: Used `tac1 <;> tac2` where `(tac1; tac2)` would suffice

Note: This linter can be disabled with `set_option linter.unnecessarySeqFocus false`
warning: SafeLearning/CompleteAppliedPolicy.lean:190:48: Used `tac1 <;> tac2` where `(tac1; tac2)` would suffice

Note: This linter can be disabled with `set_option linter.unnecessarySeqFocus false`
warning: SafeLearning/CompleteAppliedPolicy.lean:190:63: Used `tac1 <;> tac2` where `(tac1; tac2)` would suffice

Note: This linter can be disabled with `set_option linter.unnecessarySeqFocus false`
⚠ [9171/9980] Replayed SafeLearning.CompleteAppliedPolicyModel
warning: SafeLearning/CompleteAppliedPolicyModel.lean:68:102: This simp argument is unused:
  ENNReal.toReal_inv

Hint: Omit it from the simp argument list.
  [apply] simp (disch := finiteness) only [ENNReal.toReal_add, ENNReal.toReal_mul, ENNReal.toReal_div]

Note: This linter can be disabled with `set_option linter.unusedSimpArgs false`
⚠ [9172/9980] Replayed SafeLearning.CompleteAppliedExerciseModels
warning: SafeLearning/CompleteAppliedExerciseModels.lean:63:22: `Set.mem_setOf_eq` has been deprecated: Use `Set.mem_ofPred_eq` instead
⚠ [9174/9980] Replayed SafeLearning.CompleteAppliedExponentialMartingale
warning: SafeLearning/CompleteAppliedExponentialMartingale.lean:17:2: Try this: 
  letI̵

The goal is a proposition, so `let` is preferred over `letI`.
The difference between `let` and `letI` is that `letI` inlines the value.
But this is not relevant for proofs because of proof irrelevance.

Note: This linter can be disabled with `set_option linter.style.haveILetI false`
⚠ [9175/9980] Replayed SafeLearning.CompleteAppliedFiniteHorizonQuadratic
warning: SafeLearning/CompleteAppliedFiniteHorizonQuadratic.lean:45:60: Used `tac1 <;> tac2` where `(tac1; tac2)` would suffice

Note: This linter can be disabled with `set_option linter.unnecessarySeqFocus false`
warning: SafeLearning/CompleteAppliedFiniteHorizonQuadratic.lean:47:34: Used `tac1 <;> tac2` where `(tac1; tac2)` would suffice

Note: This linter can be disabled with `set_option linter.unnecessarySeqFocus false`
warning: SafeLearning/CompleteAppliedFiniteHorizonQuadratic.lean:72:34: Used `tac1 <;> tac2` where `(tac1; tac2)` would suffice

Note: This linter can be disabled with `set_option linter.unnecessarySeqFocus false`
⚠ [9176/9980] Replayed SafeLearning.CompleteAppliedFiniteHorizonSourceConsequences
warning: SafeLearning/CompleteAppliedFiniteHorizonSourceConsequences.lean:16:25: Used `tac1 <;> tac2` where `(tac1; tac2)` would suffice

Note: This linter can be disabled with `set_option linter.unnecessarySeqFocus false`
warning: SafeLearning/CompleteAppliedFiniteHorizonSourceConsequences.lean:17:25: Used `tac1 <;> tac2` where `(tac1; tac2)` would suffice

Note: This linter can be disabled with `set_option linter.unnecessarySeqFocus false`
warning: SafeLearning/CompleteAppliedFiniteHorizonSourceConsequences.lean:25:57: Used `tac1 <;> tac2` where `(tac1; tac2)` would suffice

Note: This linter can be disabled with `set_option linter.unnecessarySeqFocus false`
⚠ [9177/9980] Replayed SafeLearning.CompleteAppliedFiniteVariation
warning: SafeLearning/CompleteAppliedFiniteVariation.lean:88:18: This simp argument is unused:
  max_eq_left (sub_nonneg.mpr h)

Hint: Omit it from the simp argument list.
  [apply] simp [A, h]

Note: This linter can be disabled with `set_option linter.unusedSimpArgs false`
⚠ [9178/9980] Replayed SafeLearning.CompleteAppliedFinitePinsker
warning: SafeLearning/CompleteAppliedFinitePinsker.lean:44:15: `Set.mem_setOf_eq` has been deprecated: Use `Set.mem_ofPred_eq` instead
⚠ [9179/9980] Replayed SafeLearning.CompleteModulesDissipation
warning: SafeLearning/CompleteModulesDissipation.lean:69:47: Used `tac1 <;> tac2` where `(tac1; tac2)` would suffice

Note: This linter can be disabled with `set_option linter.unnecessarySeqFocus false`
⚠ [9187/9980] Replayed SafeLearning.CompleteAppliedGaussianNinetyQuantile
warning: SafeLearning/CompleteAppliedGaussianNinetyQuantile.lean:47:15: `Set.mem_setOf_eq` has been deprecated: Use `Set.mem_ofPred_eq` instead
⚠ [9190/9980] Replayed SafeLearning.CompleteAppliedGaussianChanceConstraint
warning: SafeLearning/CompleteAppliedGaussianChanceConstraint.lean:19:2: Try this: 
  haveI̵

The goal is a proposition, so `have` is preferred over `haveI`.
The difference between `have` and `haveI` is that `haveI` inlines the value.
But this is not relevant for proofs because of proof irrelevance.

Note: This linter can be disabled with `set_option linter.style.haveILetI false`
warning: SafeLearning/CompleteAppliedGaussianChanceConstraint.lean:53:15: `Set.mem_setOf_eq` has been deprecated: Use `Set.mem_ofPred_eq` instead
⚠ [9191/9980] Replayed SafeLearning.CompleteAppliedGaussianCentralConfidence
warning: SafeLearning/CompleteAppliedGaussianCentralConfidence.lean:55:15: `Set.mem_setOf_eq` has been deprecated: Use `Set.mem_ofPred_eq` instead
⚠ [9197/9980] Replayed SafeLearning.CompleteAppliedGaussianFourSource
warning: SafeLearning/CompleteAppliedGaussianFourSource.lean:105:4: Used `tac1 <;> tac2` where `(tac1; tac2)` would suffice

Note: This linter can be disabled with `set_option linter.unnecessarySeqFocus false`
warning: SafeLearning/CompleteAppliedGaussianFourSource.lean:110:4: Used `tac1 <;> tac2` where `(tac1; tac2)` would suffice

Note: This linter can be disabled with `set_option linter.unnecessarySeqFocus false`
⚠ [9201/9980] Replayed SafeLearning.CompleteAppliedTailRisk
warning: SafeLearning/CompleteAppliedTailRisk.lean:31:10: This simp argument is unused:
  PMF.toOuterMeasure_ofFintype_apply

Hint: Omit it from the simp argument list.
  [apply] simp [tsum_fintype, lossLaw, lossValue, Fin.sum_univ_succ, Set.indicator, h0, not_le.mpr h0, h10, h100]

Note: This linter can be disabled with `set_option linter.unusedSimpArgs false`
warning: SafeLearning/CompleteAppliedTailRisk.lean:31:45: This simp argument is unused:
  tsum_fintype

Hint: Omit it from the simp argument list.
  [apply] simp [PMF.toOuterMeasure_ofFintype_apply, lossLaw, lossValue, Fin.sum_univ_succ, Set.indicator, h0,
    not_le.mpr h0, h10, h100]

Note: This linter can be disabled with `set_option linter.unusedSimpArgs false`
warning: SafeLearning/CompleteAppliedTailRisk.lean:35:12: This simp argument is unused:
  PMF.toOuterMeasure_ofFintype_apply

Hint: Omit it from the simp argument list.
  [apply] simp [tsum_fintype, lossLaw, lossValue, Fin.sum_univ_succ, Set.indicator, h0, le_of_not_gt h0, h10,
    not_le.mpr h10, h100]

Note: This linter can be disabled with `set_option linter.unusedSimpArgs false`
warning: SafeLearning/CompleteAppliedTailRisk.lean:35:47: This simp argument is unused:
  tsum_fintype

Hint: Omit it from the simp argument list.
  [apply] simp [PMF.toOuterMeasure_ofFintype_apply, lossLaw, lossValue, Fin.sum_univ_succ, Set.indicator, h0,
    le_of_not_gt h0, h10, not_le.mpr h10, h100]

Note: This linter can be disabled with `set_option linter.unusedSimpArgs false`
warning: SafeLearning/CompleteAppliedTailRisk.lean:55:15: `Set.mem_setOf_eq` has been deprecated: Use `Set.mem_ofPred_eq` instead
warning: SafeLearning/CompleteAppliedTailRisk.lean:59:15: `Set.mem_setOf_eq` has been deprecated: Use `Set.mem_ofPred_eq` instead
warning: SafeLearning/CompleteAppliedTailRisk.lean:63:15: `Set.mem_setOf_eq` has been deprecated: Use `Set.mem_ofPred_eq` instead
warning: SafeLearning/CompleteAppliedTailRisk.lean:56:65: this tactic is never executed

Note: This linter can be disabled with `set_option linter.unreachableTactic false`
warning: SafeLearning/CompleteAppliedTailRisk.lean:60:65: this tactic is never executed

Note: This linter can be disabled with `set_option linter.unreachableTactic false`
warning: SafeLearning/CompleteAppliedTailRisk.lean:64:65: this tactic is never executed

Note: This linter can be disabled with `set_option linter.unreachableTactic false`
warning: SafeLearning/CompleteAppliedTailRisk.lean:56:65: Unused tactic linter: `norm_num at h` does nothing

Note: This linter can be disabled with `set_option linter.unusedTactic false`
warning: SafeLearning/CompleteAppliedTailRisk.lean:60:65: Unused tactic linter: `norm_num at h` does nothing

Note: This linter can be disabled with `set_option linter.unusedTactic false`
warning: SafeLearning/CompleteAppliedTailRisk.lean:64:65: Unused tactic linter: `norm_num at h` does nothing

Note: This linter can be disabled with `set_option linter.unusedTactic false`
⚠ [9202/9980] Replayed SafeLearning.CompleteAppliedTailRiskSlopes
warning: SafeLearning/CompleteAppliedTailRiskSlopes.lean:51:28: this tactic is never executed

Note: This linter can be disabled with `set_option linter.unreachableTactic false`
warning: SafeLearning/CompleteAppliedTailRiskSlopes.lean:51:39: this tactic is never executed

Note: This linter can be disabled with `set_option linter.unreachableTactic false`
warning: SafeLearning/CompleteAppliedTailRiskSlopes.lean:51:28: Unused tactic linter: `norm_num` does nothing

Note: This linter can be disabled with `set_option linter.unusedTactic false`
warning: SafeLearning/CompleteAppliedTailRiskSlopes.lean:51:39: Unused tactic linter: `(ext z; simp only [id_eq, Pi.neg_apply]; ring)` does nothing

Note: This linter can be disabled with `set_option linter.unusedTactic false`
warning: SafeLearning/CompleteAppliedTailRiskSlopes.lean:103:28: this tactic is never executed

Note: This linter can be disabled with `set_option linter.unreachableTactic false`
warning: SafeLearning/CompleteAppliedTailRiskSlopes.lean:103:39: this tactic is never executed

Note: This linter can be disabled with `set_option linter.unreachableTactic false`
warning: SafeLearning/CompleteAppliedTailRiskSlopes.lean:103:28: Unused tactic linter: `norm_num` does nothing

Note: This linter can be disabled with `set_option linter.unusedTactic false`
warning: SafeLearning/CompleteAppliedTailRiskSlopes.lean:103:39: Unused tactic linter: `(ext z; simp only [id_eq, Pi.neg_apply]; ring)` does nothing

Note: This linter can be disabled with `set_option linter.unusedTactic false`
⚠ [9203/9980] Replayed SafeLearning.CompleteAppliedTailRiskOptima
warning: SafeLearning/CompleteAppliedTailRiskOptima.lean:40:23: Used `tac1 <;> tac2` where `(tac1; tac2)` would suffice

Note: This linter can be disabled with `set_option linter.unnecessarySeqFocus false`
warning: SafeLearning/CompleteAppliedTailRiskOptima.lean:59:23: Used `tac1 <;> tac2` where `(tac1; tac2)` would suffice

Note: This linter can be disabled with `set_option linter.unnecessarySeqFocus false`
warning: SafeLearning/CompleteAppliedTailRiskOptima.lean:78:23: Used `tac1 <;> tac2` where `(tac1; tac2)` would suffice

Note: This linter can be disabled with `set_option linter.unnecessarySeqFocus false`
⚠ [9204/9980] Replayed SafeLearning.CompleteAppliedRiskPrimer
warning: SafeLearning/CompleteAppliedRiskPrimer.lean:28:10: This simp argument is unused:
  PMF.toOuterMeasure_ofFintype_apply

Hint: Omit it from the simp argument list.
  [apply] simp [tsum_fintype, lossLaw, sourceCost, Fin.sum_univ_succ, Set.indicator, h0, not_le.mpr h0, h2, h10]

Note: This linter can be disabled with `set_option linter.unusedSimpArgs false`
warning: SafeLearning/CompleteAppliedRiskPrimer.lean:28:45: This simp argument is unused:
  tsum_fintype

Hint: Omit it from the simp argument list.
  [apply] simp [PMF.toOuterMeasure_ofFintype_apply, lossLaw, sourceCost, Fin.sum_univ_succ, Set.indicator, h0,
    not_le.mpr h0, h2, h10]

Note: This linter can be disabled with `set_option linter.unusedSimpArgs false`
warning: SafeLearning/CompleteAppliedRiskPrimer.lean:32:12: This simp argument is unused:
  PMF.toOuterMeasure_ofFintype_apply

Hint: Omit it from the simp argument list.
  [apply] simp [tsum_fintype, lossLaw, sourceCost, Fin.sum_univ_succ, Set.indicator, h0, le_of_not_gt h0, h2,
    not_le.mpr h2, h10]

Note: This linter can be disabled with `set_option linter.unusedSimpArgs false`
warning: SafeLearning/CompleteAppliedRiskPrimer.lean:32:47: This simp argument is unused:
  tsum_fintype

Hint: Omit it from the simp argument list.
  [apply] simp [PMF.toOuterMeasure_ofFintype_apply, lossLaw, sourceCost, Fin.sum_univ_succ, Set.indicator, h0,
    le_of_not_gt h0, h2, not_le.mpr h2, h10]

Note: This linter can be disabled with `set_option linter.unusedSimpArgs false`
warning: SafeLearning/CompleteAppliedRiskPrimer.lean:62:15: `Set.mem_setOf_eq` has been deprecated: Use `Set.mem_ofPred_eq` instead
warning: SafeLearning/CompleteAppliedRiskPrimer.lean:63:65: this tactic is never executed

Note: This linter can be disabled with `set_option linter.unreachableTactic false`
warning: SafeLearning/CompleteAppliedRiskPrimer.lean:63:65: Unused tactic linter: `norm_num at h` does nothing

Note: This linter can be disabled with `set_option linter.unusedTactic false`
warning: SafeLearning/CompleteAppliedRiskPrimer.lean:97:67: Used `tac1 <;> tac2` where `(tac1; tac2)` would suffice

Note: This linter can be disabled with `set_option linter.unnecessarySeqFocus false`
⚠ [9206/9980] Replayed SafeLearning.CompleteAppliedGeneralCorrelation
warning: SafeLearning/CompleteAppliedGeneralCorrelation.lean:17:0: automatically included section variable(s) unused in theorem `SafeLearning.CompleteAppliedGeneralCorrelation.actual_variance_of_standardized_quantity`:
  [IsProbabilityMeasure μ]
consider restructuring your `variable` declarations so that the variables are not in scope or explicitly omit them:
  omit [IsProbabilityMeasure μ] in theorem ...

Note: This linter can be disabled with `set_option linter.unusedSectionVars false`
warning: SafeLearning/CompleteAppliedGeneralCorrelation.lean:24:0: automatically included section variable(s) unused in theorem `SafeLearning.CompleteAppliedGeneralCorrelation.actual_correlation_is_the_covariance_of_standardized_variables`:
  [IsProbabilityMeasure μ]
consider restructuring your `variable` declarations so that the variables are not in scope or explicitly omit them:
  omit [IsProbabilityMeasure μ] in theorem ...

Note: This linter can be disabled with `set_option linter.unusedSectionVars false`
warning: SafeLearning/CompleteAppliedGeneralCorrelation.lean:62:0: automatically included section variable(s) unused in theorem `SafeLearning.CompleteAppliedGeneralCorrelation.actual_covariance_respects_almost_sure_equality_on_the_right`:
  [IsProbabilityMeasure μ]
consider restructuring your `variable` declarations so that the variables are not in scope or explicitly omit them:
  omit [IsProbabilityMeasure μ] in theorem ...

Note: This linter can be disabled with `set_option linter.unusedSectionVars false`
warning: SafeLearning/CompleteAppliedGeneralCorrelation.lean:153:0: automatically included section variable(s) unused in theorem `SafeLearning.CompleteAppliedGeneralCorrelation.actual_pair_covariance_matrix_has_the_literal_correlation_entries`:
  [IsProbabilityMeasure μ]
consider restructuring your `variable` declarations so that the variables are not in scope or explicitly omit them:
  omit [IsProbabilityMeasure μ] in theorem ...

Note: This linter can be disabled with `set_option linter.unusedSectionVars false`
⚠ [9207/9980] Replayed SafeLearning.CompleteAppliedGlobalLipschitzPicard
warning: SafeLearning/CompleteAppliedGlobalLipschitzPicard.lean:17:8: automatically included section variable(s) unused in theorem `SafeLearning.CompleteAppliedGlobalLipschitzPicard.extendPath_of_mem`:
  [NormedSpace ℝ E]
  [CompleteSpace E]
consider restructuring your `variable` declarations so that the variables are not in scope or explicitly omit them:
  omit [NormedSpace ℝ E] [CompleteSpace E] in theorem ...

Note: This linter can be disabled with `set_option linter.unusedSectionVars false`
warning: SafeLearning/CompleteAppliedGlobalLipschitzPicard.lean:23:12: automatically included section variable(s) unused in theorem `SafeLearning.CompleteAppliedGlobalLipschitzPicard.extendPath_continuous`:
  [NormedSpace ℝ E]
  [CompleteSpace E]
consider restructuring your `variable` declarations so that the variables are not in scope or explicitly omit them:
  omit [NormedSpace ℝ E] [CompleteSpace E] in theorem ...

Note: This linter can be disabled with `set_option linter.unusedSectionVars false`
⚠ [9208/9980] Replayed SafeLearning.CompleteAppliedGlobalLipschitzACVectorUniqueness
warning: SafeLearning/CompleteAppliedGlobalLipschitzACVectorUniqueness.lean:30:6: `ContinuousLinearMap.lipschitz` has been deprecated: Use `ContinuousLinearMap.lipschitzWith` instead
⚠ [9212/9980] Replayed SafeLearning.CompleteAppliedHarvestThreshold
warning: SafeLearning/CompleteAppliedHarvestThreshold.lean:107:69: Used `tac1 <;> tac2` where `(tac1; tac2)` would suffice

Note: This linter can be disabled with `set_option linter.unnecessarySeqFocus false`
warning: SafeLearning/CompleteAppliedHarvestThreshold.lean:107:84: Used `tac1 <;> tac2` where `(tac1; tac2)` would suffice

Note: This linter can be disabled with `set_option linter.unnecessarySeqFocus false`
warning: SafeLearning/CompleteAppliedHarvestThreshold.lean:124:71: Used `tac1 <;> tac2` where `(tac1; tac2)` would suffice

Note: This linter can be disabled with `set_option linter.unnecessarySeqFocus false`
warning: SafeLearning/CompleteAppliedHarvestThreshold.lean:124:86: Used `tac1 <;> tac2` where `(tac1; tac2)` would suffice

Note: This linter can be disabled with `set_option linter.unnecessarySeqFocus false`
warning: SafeLearning/CompleteAppliedHarvestThreshold.lean:140:71: Used `tac1 <;> tac2` where `(tac1; tac2)` would suffice

Note: This linter can be disabled with `set_option linter.unnecessarySeqFocus false`
warning: SafeLearning/CompleteAppliedHarvestThreshold.lean:140:86: Used `tac1 <;> tac2` where `(tac1; tac2)` would suffice

Note: This linter can be disabled with `set_option linter.unnecessarySeqFocus false`
warning: SafeLearning/CompleteAppliedHarvestThreshold.lean:146:29: Used `tac1 <;> tac2` where `(tac1; tac2)` would suffice

Note: This linter can be disabled with `set_option linter.unnecessarySeqFocus false`
warning: SafeLearning/CompleteAppliedHarvestThreshold.lean:107:16: Unused tactic linter: `(try simp only [← one_div])` does nothing

Note: This linter can be disabled with `set_option linter.unusedTactic false`
⚠ [9213/9980] Replayed SafeLearning.CompleteAppliedHarvestConstrained
warning: SafeLearning/CompleteAppliedHarvestConstrained.lean:37:25: Used `tac1 <;> tac2` where `(tac1; tac2)` would suffice

Note: This linter can be disabled with `set_option linter.unnecessarySeqFocus false`
warning: SafeLearning/CompleteAppliedHarvestConstrained.lean:47:19: this tactic is never executed

Note: This linter can be disabled with `set_option linter.unreachableTactic false`
warning: SafeLearning/CompleteAppliedHarvestConstrained.lean:49:15: Used `tac1 <;> tac2` where `(tac1; tac2)` would suffice

Note: This linter can be disabled with `set_option linter.unnecessarySeqFocus false`
warning: SafeLearning/CompleteAppliedHarvestConstrained.lean:47:19: Unused tactic linter: `ring` does nothing

Note: This linter can be disabled with `set_option linter.unusedTactic false`
warning: SafeLearning/CompleteAppliedHarvestConstrained.lean:76:44: this tactic is never executed

Note: This linter can be disabled with `set_option linter.unreachableTactic false`
warning: SafeLearning/CompleteAppliedHarvestConstrained.lean:76:25: Used `tac1 <;> tac2` where `(tac1; tac2)` would suffice

Note: This linter can be disabled with `set_option linter.unnecessarySeqFocus false`
warning: SafeLearning/CompleteAppliedHarvestConstrained.lean:76:44: Unused tactic linter: `ring` does nothing

Note: This linter can be disabled with `set_option linter.unusedTactic false`
⚠ [9216/9980] Replayed SafeLearning.CompleteAppliedIIDProducts
warning: SafeLearning/CompleteAppliedIIDProducts.lean:41:8: This simp argument is unused:
  bernoulliMeasure_real_apply

Hint: Omit it from the simp argument list.
  [apply] simp [unitInterval.coe_symm_eq]

Note: This linter can be disabled with `set_option linter.unusedSimpArgs false`
warning: SafeLearning/CompleteAppliedIIDProducts.lean:41:36: This simp argument is unused:
  unitInterval.coe_symm_eq

Hint: Omit it from the simp argument list.
  [apply] simp [bernoulliMeasure_real_apply]

Note: This linter can be disabled with `set_option linter.unusedSimpArgs false`
⚠ [9217/9980] Replayed SafeLearning.CompleteAppliedImpulseResponse
warning: SafeLearning/CompleteAppliedImpulseResponse.lean:47:40: Used `tac1 <;> tac2` where `(tac1; tac2)` would suffice

Note: This linter can be disabled with `set_option linter.unnecessarySeqFocus false`
warning: SafeLearning/CompleteAppliedImpulseResponse.lean:55:40: Used `tac1 <;> tac2` where `(tac1; tac2)` would suffice

Note: This linter can be disabled with `set_option linter.unnecessarySeqFocus false`
⚠ [9218/9980] Replayed SafeLearning.CompleteAppliedIndependencePitfallsConsequences
warning: SafeLearning/CompleteAppliedIndependencePitfallsConsequences.lean:49:2: Try this: 
  letI̵

The goal is a proposition, so `let` is preferred over `letI`.
The difference between `let` and `letI` is that `letI` inlines the value.
But this is not relevant for proofs because of proof irrelevance.

Note: This linter can be disabled with `set_option linter.style.haveILetI false`
warning: SafeLearning/CompleteAppliedIndependencePitfallsConsequences.lean:58:2: Try this: 
  letI̵

The goal is a proposition, so `let` is preferred over `letI`.
The difference between `let` and `letI` is that `letI` inlines the value.
But this is not relevant for proofs because of proof irrelevance.

Note: This linter can be disabled with `set_option linter.style.haveILetI false`
⚠ [9220/9980] Replayed SafeLearning.CompleteModulesLandscapeFiniteCounts
warning: SafeLearning/CompleteModulesLandscapeFiniteCounts.lean:15:0: automatically included section variable(s) unused in theorem `SafeLearning.CompleteModulesLandscapeFiniteCounts.actual_step_cost_is_the_zero_one_source_indicator`:
  [MeasurableSpace Ω]
consider restructuring your `variable` declarations so that the variables are not in scope or explicitly omit them:
  omit [MeasurableSpace Ω] in theorem ...

Note: This linter can be disabled with `set_option linter.unusedSectionVars false`
warning: SafeLearning/CompleteModulesLandscapeFiniteCounts.lean:49:10: `MeasureTheory.integrable_finset_sum` has been deprecated: Use `MeasureTheory.integrable_finsetSum` instead
warning: SafeLearning/CompleteModulesLandscapeFiniteCounts.lean:82:0: automatically included section variable(s) unused in theorem `SafeLearning.CompleteModulesLandscapeFiniteCounts.actual_one_step_and_every_step_trajectories_attain_both_bounds`:
  [MeasurableSpace Ω]
consider restructuring your `variable` declarations so that the variables are not in scope or explicitly omit them:
  omit [MeasurableSpace Ω] in theorem ...

Note: This linter can be disabled with `set_option linter.unusedSectionVars false`
⚠ [9225/9980] Replayed SafeLearning.CompleteAppliedIntegratorEnergy
warning: SafeLearning/CompleteAppliedIntegratorEnergy.lean:69:50: Used `tac1 <;> tac2` where `(tac1; tac2)` would suffice

Note: This linter can be disabled with `set_option linter.unnecessarySeqFocus false`
⚠ [9226/9980] Replayed SafeLearning.CompleteAppliedIntegratorGramian
warning: SafeLearning/CompleteAppliedIntegratorGramian.lean:28:50: Used `tac1 <;> tac2` where `(tac1; tac2)` would suffice

Note: This linter can be disabled with `set_option linter.unnecessarySeqFocus false`
⚠ [9229/9980] Replayed SafeLearning.CompleteAppliedLookahead
warning: SafeLearning/CompleteAppliedLookahead.lean:22:2: Try this: 
  letI̵

The goal is a proposition, so `let` is preferred over `letI`.
The difference between `let` and `letI` is that `letI` inlines the value.
But this is not relevant for proofs because of proof irrelevance.

Note: This linter can be disabled with `set_option linter.style.haveILetI false`
⚠ [9236/9980] Replayed SafeLearning.CompleteDualPILinearModel
warning: SafeLearning/CompleteDualPILinearModel.lean:20:58: This simp argument is unused:
  Fin.sum_univ_two

Hint: Omit it from the simp argument list.
  [apply] simp [loopMatrix, loopStep, Matrix.mulVec]

Note: This linter can be disabled with `set_option linter.unusedSimpArgs false`
warning: SafeLearning/CompleteDualPILinearModel.lean:30:4: Used `tac1 <;> tac2` where `(tac1; tac2)` would suffice

Note: This linter can be disabled with `set_option linter.unnecessarySeqFocus false`
warning: SafeLearning/CompleteDualPILinearModel.lean:51:2: Unused tactic linter: `push_cast` does nothing

Note: This linter can be disabled with `set_option linter.unusedTactic false`
⚠ [9239/9980] Replayed SafeLearning.CompleteDualPIStability
warning: SafeLearning/CompleteDualPIStability.lean:73:20: Used `tac1 <;> tac2` where `(tac1; tac2)` would suffice

Note: This linter can be disabled with `set_option linter.unnecessarySeqFocus false`
ℹ [9240/9980] Replayed SafeLearning.CompleteDualPIOscillation
info: SafeLearning/CompleteDualPIOscillation.lean:85:4: Try this:
  [apply] ring_nf
  
  The `ring` tactic failed to close the goal. Use `ring_nf` to obtain a normal form.
    
  Note that `ring` works primarily in *commutative* rings. If you have a noncommutative ring, abelian group or module, consider using `noncomm_ring`, `abel` or `module` instead.
⚠ [9241/9980] Replayed SafeLearning.CompleteAppliedMultiplierLoop
warning: SafeLearning/CompleteAppliedMultiplierLoop.lean:101:41: this tactic is never executed

Note: This linter can be disabled with `set_option linter.unreachableTactic false`
warning: SafeLearning/CompleteAppliedMultiplierLoop.lean:101:41: Unused tactic linter: `ring` does nothing

Note: This linter can be disabled with `set_option linter.unusedTactic false`
⚠ [9245/9980] Replayed SafeLearning.CompleteAppliedNonlinearEquilibria
warning: SafeLearning/CompleteAppliedNonlinearEquilibria.lean:20:39: this tactic is never executed

Note: This linter can be disabled with `set_option linter.unreachableTactic false`
warning: SafeLearning/CompleteAppliedNonlinearEquilibria.lean:20:39: Unused tactic linter: `ring` does nothing

Note: This linter can be disabled with `set_option linter.unusedTactic false`
warning: SafeLearning/CompleteAppliedNonlinearEquilibria.lean:28:68: Used `tac1 <;> tac2` where `(tac1; tac2)` would suffice

Note: This linter can be disabled with `set_option linter.unnecessarySeqFocus false`
warning: SafeLearning/CompleteAppliedNonlinearEquilibria.lean:76:42: try 'simp' instead of 'simpa'

Note: This linter can be disabled with `set_option linter.unnecessarySimpa false`
warning: SafeLearning/CompleteAppliedNonlinearEquilibria.lean:76:78: this tactic is never executed

Note: This linter can be disabled with `set_option linter.unreachableTactic false`
warning: SafeLearning/CompleteAppliedNonlinearEquilibria.lean:76:78: Unused tactic linter: `norm_num` does nothing

Note: This linter can be disabled with `set_option linter.unusedTactic false`
⚠ [9252/9980] Replayed SafeLearning.CompleteAppliedOptimalValue
warning: SafeLearning/CompleteAppliedOptimalValue.lean:39:0: automatically included section variable(s) unused in theorem `SafeLearning.CompleteAppliedOptimalValue.actual_pure_initial_mean_is_the_value_at_that_state`:
  [MeasurableSpace S]
  [MeasurableSingletonClass S]
consider restructuring your `variable` declarations so that the variables are not in scope or explicitly omit them:
  omit [MeasurableSpace S] [MeasurableSingletonClass S] in theorem ...

Note: This linter can be disabled with `set_option linter.unusedSectionVars false`
⚠ [9253/9980] Replayed SafeLearning.CompleteAppliedPendulumLinear
warning: SafeLearning/CompleteAppliedPendulumLinear.lean:49:80: Used `tac1 <;> tac2` where `(tac1; tac2)` would suffice

Note: This linter can be disabled with `set_option linter.unnecessarySeqFocus false`
warning: SafeLearning/CompleteAppliedPendulumLinear.lean:105:30: This simp argument is unused:
  zero_mul

Hint: Omit it from the simp argument list.
  [apply] simp only [hangingPlus, hangingMinus, Complex.add_re, Complex.sub_re, Complex.mul_re, Complex.add_im,
    Complex.sub_im, Complex.mul_im, Complex.ofReal_re, Complex.ofReal_im, Complex.I_re, Complex.I_im, mul_zero,
    sub_zero, add_zero, mul_one, zero_add]

Note: This linter can be disabled with `set_option linter.unusedSimpArgs false`
warning: SafeLearning/CompleteAppliedPendulumLinear.lean:105:74: This simp argument is unused:
  zero_add

Hint: Omit it from the simp argument list.
  [apply] simp only [hangingPlus, hangingMinus, Complex.add_re, Complex.sub_re, Complex.mul_re, Complex.add_im,
    Complex.sub_im, Complex.mul_im, Complex.ofReal_re, Complex.ofReal_im, Complex.I_re, Complex.I_im, zero_mul,
    mul_zero, sub_zero, add_zero, mul_one]

Note: This linter can be disabled with `set_option linter.unusedSimpArgs false`
warning: SafeLearning/CompleteAppliedPendulumLinear.lean:106:34: Used `tac1 <;> tac2` where `(tac1; tac2)` would suffice

Note: This linter can be disabled with `set_option linter.unnecessarySeqFocus false`
⚠ [9254/9980] Replayed SafeLearning.CompleteAppliedPendulumSampling
warning: SafeLearning/CompleteAppliedPendulumSampling.lean:80:65: Used `tac1 <;> tac2` where `(tac1; tac2)` would suffice

Note: This linter can be disabled with `set_option linter.unnecessarySeqFocus false`
warning: SafeLearning/CompleteAppliedPendulumSampling.lean:82:67: Used `tac1 <;> tac2` where `(tac1; tac2)` would suffice

Note: This linter can be disabled with `set_option linter.unnecessarySeqFocus false`
warning: SafeLearning/CompleteAppliedPendulumSampling.lean:138:24: Try `simp at h` instead of `simpa using h`

Note: This linter can be disabled with `set_option linter.unnecessarySimpa false`
⚠ [9255/9980] Replayed SafeLearning.CompleteAppliedPendulumExactSample
warning: SafeLearning/CompleteAppliedPendulumExactSample.lean:33:40: This simp argument is unused:
  pow_two

Hint: Omit it from the simp argument list.
  [apply] simp [Complex.mul_re, Complex.mul_im]

Note: This linter can be disabled with `set_option linter.unusedSimpArgs false`
⚠ [9257/9980] Replayed SafeLearning.CompleteAppliedPendulumLocalField
warning: SafeLearning/CompleteAppliedPendulumLocalField.lean:58:66: this tactic is never executed

Note: This linter can be disabled with `set_option linter.unreachableTactic false`
warning: SafeLearning/CompleteAppliedPendulumLocalField.lean:57:70: Used `tac1 <;> tac2` where `(tac1; tac2)` would suffice

Note: This linter can be disabled with `set_option linter.unnecessarySeqFocus false`
warning: SafeLearning/CompleteAppliedPendulumLocalField.lean:58:66: Unused tactic linter: `ring` does nothing

Note: This linter can be disabled with `set_option linter.unusedTactic false`
⚠ [9258/9980] Replayed SafeLearning.CompleteAppliedPendulumStability
warning: SafeLearning/CompleteAppliedPendulumStability.lean:35:24: this tactic is never executed

Note: This linter can be disabled with `set_option linter.unreachableTactic false`
warning: SafeLearning/CompleteAppliedPendulumStability.lean:36:39: Used `tac1 <;> tac2` where `(tac1; tac2)` would suffice

Note: This linter can be disabled with `set_option linter.unnecessarySeqFocus false`
warning: SafeLearning/CompleteAppliedPendulumStability.lean:35:24: Unused tactic linter: `ring` does nothing

Note: This linter can be disabled with `set_option linter.unusedTactic false`
⚠ [9260/9980] Replayed SafeLearning.CompleteAppliedPendulumInstability
info: SafeLearning/CompleteAppliedPendulumInstability.lean:102:38: Try this:
  [apply] ring_nf
  
  The `ring` tactic failed to close the goal. Use `ring_nf` to obtain a normal form.
    
  Note that `ring` works primarily in *commutative* rings. If you have a noncommutative ring, abelian group or module, consider using `noncomm_ring`, `abel` or `module` instead.
warning: SafeLearning/CompleteAppliedPendulumInstability.lean:102:22: Used `tac1 <;> tac2` where `(tac1; tac2)` would suffice

Note: This linter can be disabled with `set_option linter.unnecessarySeqFocus false`
⚠ [9269/9980] Replayed SafeLearning.CompleteModulesLipSDPProduct
warning: SafeLearning/CompleteModulesLipSDPProduct.lean:15:0: automatically included section variable(s) unused in theorem `SafeLearning.CompleteModulesLipSDPProduct.actual_spectral_matrix_gain`:
  [DecidableEq K]
consider restructuring your `variable` declarations so that the variables are not in scope or explicitly omit them:
  omit [DecidableEq K] in theorem ...

Note: This linter can be disabled with `set_option linter.unusedSectionVars false`
warning: SafeLearning/CompleteModulesLipSDPProduct.lean:19:0: automatically included section variable(s) unused in theorem `SafeLearning.CompleteModulesLipSDPProduct.slope_restricted_hidden_nonexpansive`:
  [DecidableEq K]
consider restructuring your `variable` declarations so that the variables are not in scope or explicitly omit them:
  omit [DecidableEq K] in theorem ...

Note: This linter can be disabled with `set_option linter.unusedSectionVars false`
warning: SafeLearning/CompleteModulesLipSDPProduct.lean:70:0: automatically included section variable(s) unused in theorem `SafeLearning.CompleteModulesLipSDPProduct.layer_certificate_is_product_matrix`:
  [Fintype I]
  [DecidableEq O]
consider restructuring your `variable` declarations so that the variables are not in scope or explicitly omit them:
  omit [Fintype I] [DecidableEq O] in theorem ...

Note: This linter can be disabled with `set_option linter.unusedSectionVars false`
warning: SafeLearning/CompleteModulesLipSDPProduct.lean:82:69: Used `tac1 <;> tac2` where `(tac1; tac2)` would suffice

Note: This linter can be disabled with `set_option linter.unnecessarySeqFocus false`
warning: SafeLearning/CompleteModulesLipSDPProduct.lean:84:0: automatically included section variable(s) unused in theorem `SafeLearning.CompleteModulesLipSDPProduct.product_certificate_is_hermitian`:
  [Fintype I]
  [Fintype K]
  [DecidableEq O]
consider restructuring your `variable` declarations so that the variables are not in scope or explicitly omit them:
  omit [Fintype I] [Fintype K] [DecidableEq O] in theorem ...

Note: This linter can be disabled with `set_option linter.unusedSectionVars false`
warning: SafeLearning/CompleteModulesLipSDPProduct.lean:105:49: This simp argument is unused:
  zero_sub

Hint: Omit it from the simp argument list.
  [apply] simp only [Matrix.fromCols_mulVec_sumElim, Matrix.zero_mulVec, Matrix.one_mulVec, zero_add, add_zero,
    mul_zero, zero_mul, zero_add, zero_add, zero_mul]

Note: This linter can be disabled with `set_option linter.unusedSimpArgs false`
warning: SafeLearning/CompleteModulesLipSDPProduct.lean:107:13: This simp argument is unused:
  mul_add

Hint: Omit it from the simp argument list.
  [apply] simp only [mul_sub, Finset.mul_sum, Finset.sum_add_distrib, Finset.sum_sub_distrib]

Note: This linter can be disabled with `set_option linter.unusedSimpArgs false`
warning: SafeLearning/CompleteModulesLipSDPProduct.lean:107:44: This simp argument is unused:
  Finset.sum_add_distrib

Hint: Omit it from the simp argument list.
  [apply] simp only [mul_add, mul_sub, Finset.mul_sum, Finset.sum_sub_distrib]

Note: This linter can be disabled with `set_option linter.unusedSimpArgs false`
⚠ [9270/9980] Replayed SafeLearning.CompleteModulesClassificationNorm
warning: SafeLearning/CompleteModulesClassificationNorm.lean:22:14: This simp argument is unused:
  Pi.single_apply

Hint: Omit it from the simp argument list.
  [apply] simp [hf, hs, hdistinct, hdistinct.symm]

Note: This linter can be disabled with `set_option linter.unusedSimpArgs false`
warning: SafeLearning/CompleteModulesClassificationNorm.lean:22:33: This simp argument is unused:
  hs

Hint: Omit it from the simp argument list.
  [apply] simp [Pi.single_apply, hf, hdistinct, hdistinct.symm]

Note: This linter can be disabled with `set_option linter.unusedSimpArgs false`
warning: SafeLearning/CompleteModulesClassificationNorm.lean:22:46: This simp argument is unused:
  hdistinct.symm

Hint: Omit it from the simp argument list.
  [apply] simp [Pi.single_apply, hf, hs, hdistinct]

Note: This linter can be disabled with `set_option linter.unusedSimpArgs false`
warning: SafeLearning/CompleteModulesClassificationNorm.lean:23:14: This simp argument is unused:
  Pi.single_apply

Hint: Omit it from the simp argument list.
  [apply] simp [hf, hs, hdistinct, hdistinct.symm]

Note: This linter can be disabled with `set_option linter.unusedSimpArgs false`
warning: SafeLearning/CompleteModulesClassificationNorm.lean:23:30: This simp argument is unused:
  hf

Hint: Omit it from the simp argument list.
  [apply] simp [Pi.single_apply, hs, hdistinct, hdistinct.symm]

Note: This linter can be disabled with `set_option linter.unusedSimpArgs false`
warning: SafeLearning/CompleteModulesClassificationNorm.lean:23:36: This simp argument is unused:
  hdistinct

Hint: Omit it from the simp argument list.
  [apply] simp [Pi.single_apply, hf, hs, hdistinct.symm]

Note: This linter can be disabled with `set_option linter.unusedSimpArgs false`
warning: SafeLearning/CompleteModulesClassificationNorm.lean:24:14: This simp argument is unused:
  Pi.single_apply

Hint: Omit it from the simp argument list.
  [apply] simp [hf, hs, hdistinct, hdistinct.symm]

Note: This linter can be disabled with `set_option linter.unusedSimpArgs false`
warning: SafeLearning/CompleteModulesClassificationNorm.lean:24:36: This simp argument is unused:
  hdistinct

Hint: Omit it from the simp argument list.
  [apply] simp [Pi.single_apply, hf, hs, hdistinct.symm]

Note: This linter can be disabled with `set_option linter.unusedSimpArgs false`
warning: SafeLearning/CompleteModulesClassificationNorm.lean:24:46: This simp argument is unused:
  hdistinct.symm

Hint: Omit it from the simp argument list.
  [apply] simp [Pi.single_apply, hf, hs, hdistinct]

Note: This linter can be disabled with `set_option linter.unusedSimpArgs false`
warning: SafeLearning/CompleteModulesClassificationNorm.lean:31:0: automatically included section variable(s) unused in theorem `SafeLearning.CompleteModulesClassificationNorm.actual_class_row_difference_is_adjoint_basis_difference`:
  [Fintype I]
  [DecidableEq I]
consider restructuring your `variable` declarations so that the variables are not in scope or explicitly omit them:
  omit [Fintype I] [DecidableEq I] in theorem ...

Note: This linter can be disabled with `set_option linter.unusedSectionVars false`
warning: SafeLearning/CompleteModulesClassificationNorm.lean:36:47: This simp argument is unused:
  Matrix.transpose_apply

Hint: Omit it from the simp argument list.
  [apply] simp [Matrix.mulVec_sub, Matrix.mulVec_single]

Note: This linter can be disabled with `set_option linter.unusedSimpArgs false`
warning: SafeLearning/CompleteModulesClassificationNorm.lean:51:26: Variable name `hglobal` is not explicitly referenced.

Hint: The binding can be removed (if unused) or named `_` (if used implicitly). Alternatively, prefix the name with `_` to silence this warning:
  [apply] _hglobal

Note: This linter can be disabled with `set_option linter.unusedVariables false`
warning: SafeLearning/CompleteModulesClassificationNorm.lean:59:0: automatically included section variable(s) unused in theorem `SafeLearning.CompleteModulesClassificationNorm.actual_quarter_scale_normalizer_increment`:
  [Fintype I]
  [DecidableEq I]
consider restructuring your `variable` declarations so that the variables are not in scope or explicitly omit them:
  omit [Fintype I] [DecidableEq I] in theorem ...

Note: This linter can be disabled with `set_option linter.unusedSectionVars false`
⚠ [9271/9980] Replayed SafeLearning.CompleteModulesClassificationCertificate
warning: SafeLearning/CompleteModulesClassificationCertificate.lean:18:0: automatically included section variable(s) unused in theorem `SafeLearning.CompleteModulesClassificationCertificate.actual_class_pair_gap_increment_is_weighted_feature_increment`:
  [Fintype O]
  [DecidableEq I]
  [DecidableEq O]
consider restructuring your `variable` declarations so that the variables are not in scope or explicitly omit them:
  omit [Fintype O] [DecidableEq I] [DecidableEq O] in theorem ...

Note: This linter can be disabled with `set_option linter.unusedSectionVars false`
⚠ [9272/9980] Replayed SafeLearning.CompleteModulesGeneralMargin
warning: SafeLearning/CompleteModulesGeneralMargin.lean:37:0: automatically included section variable(s) unused in theorem `SafeLearning.CompleteModulesGeneralMargin.actual_arbitrary_gap_radius_preserves_class_pair_order`:
  [Fintype O]
  [DecidableEq O]
consider restructuring your `variable` declarations so that the variables are not in scope or explicitly omit them:
  omit [Fintype O] [DecidableEq O] in theorem ...

Note: This linter can be disabled with `set_option linter.unusedSectionVars false`
warning: SafeLearning/CompleteModulesGeneralMargin.lean:101:0: automatically included section variable(s) unused in theorem `SafeLearning.CompleteModulesGeneralMargin.actual_zero_gap_gain_preserves_class_pair_everywhere`:
  [Fintype O]
  [DecidableEq O]
  [PseudoMetricSpace X]
consider restructuring your `variable` declarations so that the variables are not in scope or explicitly omit them:
  omit [Fintype O] [DecidableEq O] [PseudoMetricSpace X] in theorem ...

Note: This linter can be disabled with `set_option linter.unusedSectionVars false`
⚠ [9280/9980] Replayed SafeLearning.CompleteAppliedScalarEnergyBound
warning: SafeLearning/CompleteAppliedScalarEnergyBound.lean:34:55: Used `tac1 <;> tac2` where `(tac1; tac2)` would suffice

Note: This linter can be disabled with `set_option linter.unnecessarySeqFocus false`
⚠ [9284/9980] Replayed SafeLearning.CompleteAppliedScalarStepResponse
warning: SafeLearning/CompleteAppliedScalarStepResponse.lean:22:40: Used `tac1 <;> tac2` where `(tac1; tac2)` would suffice

Note: This linter can be disabled with `set_option linter.unnecessarySeqFocus false`
warning: SafeLearning/CompleteAppliedScalarStepResponse.lean:35:46: Used `tac1 <;> tac2` where `(tac1; tac2)` would suffice

Note: This linter can be disabled with `set_option linter.unnecessarySeqFocus false`
warning: SafeLearning/CompleteAppliedScalarStepResponse.lean:81:28: Used `tac1 <;> tac2` where `(tac1; tac2)` would suffice

Note: This linter can be disabled with `set_option linter.unnecessarySeqFocus false`
⚠ [9285/9980] Replayed SafeLearning.CompleteAppliedScalarFrequencyGain
warning: SafeLearning/CompleteAppliedScalarFrequencyGain.lean:30:23: Used `tac1 <;> tac2` where `(tac1; tac2)` would suffice

Note: This linter can be disabled with `set_option linter.unnecessarySeqFocus false`
⚠ [9286/9980] Replayed SafeLearning.CompleteAppliedScalarLQR
warning: SafeLearning/CompleteAppliedScalarLQR.lean:54:61: Used `tac1 <;> tac2` where `(tac1; tac2)` would suffice

Note: This linter can be disabled with `set_option linter.unnecessarySeqFocus false`
warning: SafeLearning/CompleteAppliedScalarLQR.lean:54:84: Used `tac1 <;> tac2` where `(tac1; tac2)` would suffice

Note: This linter can be disabled with `set_option linter.unnecessarySeqFocus false`
warning: SafeLearning/CompleteAppliedScalarLQR.lean:106:51: Used `tac1 <;> tac2` where `(tac1; tac2)` would suffice

Note: This linter can be disabled with `set_option linter.unnecessarySeqFocus false`
⚠ [9288/9980] Replayed SafeLearning.CompleteAppliedScalarLQRAC
warning: SafeLearning/CompleteAppliedScalarLQRAC.lean:18:55: Used `tac1 <;> tac2` where `(tac1; tac2)` would suffice

Note: This linter can be disabled with `set_option linter.unnecessarySeqFocus false`
warning: SafeLearning/CompleteAppliedScalarLQRAC.lean:38:54: Used `tac1 <;> tac2` where `(tac1; tac2)` would suffice

Note: This linter can be disabled with `set_option linter.unnecessarySeqFocus false`
warning: SafeLearning/CompleteAppliedScalarLQRAC.lean:38:77: Used `tac1 <;> tac2` where `(tac1; tac2)` would suffice

Note: This linter can be disabled with `set_option linter.unnecessarySeqFocus false`
⚠ [9289/9980] Replayed SafeLearning.CompleteAppliedSectorGlobal
warning: SafeLearning/CompleteAppliedSectorGlobal.lean:140:29: Used `tac1 <;> tac2` where `(tac1; tac2)` would suffice

Note: This linter can be disabled with `set_option linter.unnecessarySeqFocus false`
warning: SafeLearning/CompleteAppliedSectorGlobal.lean:140:53: Used `tac1 <;> tac2` where `(tac1; tac2)` would suffice

Note: This linter can be disabled with `set_option linter.unnecessarySeqFocus false`
⚠ [9296/9980] Replayed SafeLearning.CompleteAppliedSmallGainSource
warning: SafeLearning/CompleteAppliedSmallGainSource.lean:19:29: Used `tac1 <;> tac2` where `(tac1; tac2)` would suffice

Note: This linter can be disabled with `set_option linter.unnecessarySeqFocus false`
warning: SafeLearning/CompleteAppliedSmallGainSource.lean:19:53: Used `tac1 <;> tac2` where `(tac1; tac2)` would suffice

Note: This linter can be disabled with `set_option linter.unnecessarySeqFocus false`
⚠ [9297/9980] Replayed SafeLearning.CompleteAppliedSoftBellman
warning: SafeLearning/CompleteAppliedSoftBellman.lean:14:0: automatically included section variable(s) unused in theorem `SafeLearning.CompleteAppliedSoftBellman.actual_entropy_regularized_objective_changes_by_at_most_the_score_bound`:
  [NeZero n]
consider restructuring your `variable` declarations so that the variables are not in scope or explicitly omit them:
  omit [NeZero n] in theorem ...

Note: This linter can be disabled with `set_option linter.unusedSectionVars false`
⚠ [9299/9980] Replayed SafeLearning.CompleteAppliedSoftmaxLimits
warning: SafeLearning/CompleteAppliedSoftmaxLimits.lean:65:15: `tendsto_finset_sum` has been deprecated: Use `tendsto_finsetSum` instead
⚠ [9300/9980] Replayed SafeLearning.CompleteAppliedSoftmaxConsequences
warning: SafeLearning/CompleteAppliedSoftmaxConsequences.lean:24:0: automatically included section variable(s) unused in theorem `SafeLearning.CompleteAppliedSoftmaxConsequences.actual_temperature_scaled_score_exponential_tends_to_one_at_high_temperature`:
  [NeZero n]
consider restructuring your `variable` declarations so that the variables are not in scope or explicitly omit them:
  omit [NeZero n] in theorem ...

Note: This linter can be disabled with `set_option linter.unusedSectionVars false`
⚠ [9304/9980] Replayed SafeLearning.CompleteAppliedTerminalPlanShift
warning: SafeLearning/CompleteAppliedTerminalPlanShift.lean:47:21: `if_pos` has been deprecated: Use `ite_eq_left` instead
warning: SafeLearning/CompleteAppliedTerminalPlanShift.lean:51:23: `if_pos` has been deprecated: Use `ite_eq_left` instead
warning: SafeLearning/CompleteAppliedTerminalPlanShift.lean:51:49: `if_pos` has been deprecated: Use `ite_eq_left` instead
warning: SafeLearning/CompleteAppliedTerminalPlanShift.lean:51:72: `if_pos` has been deprecated: Use `ite_eq_left` instead
warning: SafeLearning/CompleteAppliedTerminalPlanShift.lean:54:23: `if_neg` has been deprecated: Use `ite_eq_right` instead
warning: SafeLearning/CompleteAppliedTerminalPlanShift.lean:54:49: `if_pos` has been deprecated: Use `ite_eq_left` instead
warning: SafeLearning/CompleteAppliedTerminalPlanShift.lean:55:21: `if_neg` has been deprecated: Use `ite_eq_right` instead
warning: SafeLearning/CompleteAppliedTerminalPlanShift.lean:66:23: `if_pos` has been deprecated: Use `ite_eq_left` instead
warning: SafeLearning/CompleteAppliedTerminalPlanShift.lean:72:23: `if_pos` has been deprecated: Use `ite_eq_left` instead
warning: SafeLearning/CompleteAppliedTerminalPlanShift.lean:74:23: `if_neg` has been deprecated: Use `ite_eq_right` instead
warning: SafeLearning/CompleteAppliedTerminalPlanShift.lean:97:10: `if_pos` has been deprecated: Use `ite_eq_left` instead
⚠ [9311/9980] Replayed SafeLearning.CompleteAppliedTransientAmplification
warning: SafeLearning/CompleteAppliedTransientAmplification.lean:31:78: Used `tac1 <;> tac2` where `(tac1; tac2)` would suffice

Note: This linter can be disabled with `set_option linter.unnecessarySeqFocus false`
warning: SafeLearning/CompleteAppliedTransientAmplification.lean:41:63: Used `tac1 <;> tac2` where `(tac1; tac2)` would suffice

Note: This linter can be disabled with `set_option linter.unnecessarySeqFocus false`
warning: SafeLearning/CompleteAppliedTransientAmplification.lean:41:77: Used `tac1 <;> tac2` where `(tac1; tac2)` would suffice

Note: This linter can be disabled with `set_option linter.unnecessarySeqFocus false`
warning: SafeLearning/CompleteAppliedTransientAmplification.lean:66:48: Used `tac1 <;> tac2` where `(tac1; tac2)` would suffice

Note: This linter can be disabled with `set_option linter.unnecessarySeqFocus false`
warning: SafeLearning/CompleteAppliedTransientAmplification.lean:66:62: Used `tac1 <;> tac2` where `(tac1; tac2)` would suffice

Note: This linter can be disabled with `set_option linter.unnecessarySeqFocus false`
info: SafeLearning/CompleteAppliedTransientAmplification.lean:77:76: Try this:
  [apply] ring_nf
  
  The `ring` tactic failed to close the goal. Use `ring_nf` to obtain a normal form.
    
  Note that `ring` works primarily in *commutative* rings. If you have a noncommutative ring, abelian group or module, consider using `noncomm_ring`, `abel` or `module` instead.
⚠ [9312/9980] Replayed SafeLearning.CompleteAppliedTransientConsequences
warning: SafeLearning/CompleteAppliedTransientConsequences.lean:78:8: This simp argument is unused:
  sq_eq_zero_iff

Hint: Omit it from the simp argument list.
  [apply] simp [sub_eq_zero]

Note: This linter can be disabled with `set_option linter.unusedSimpArgs false`
⚠ [9313/9980] Replayed SafeLearning.CompleteAppliedTubeConstraints
warning: SafeLearning/CompleteAppliedTubeConstraints.lean:71:16: Variable name `hcr` is not explicitly referenced.

Hint: The binding can be removed (if unused) or named `_` (if used implicitly). Alternatively, prefix the name with `_` to silence this warning:
  [apply] _hcr

Note: This linter can be disabled with `set_option linter.unusedVariables false`
warning: SafeLearning/CompleteAppliedTubeConstraints.lean:112:42: Used `tac1 <;> tac2` where `(tac1; tac2)` would suffice

Note: This linter can be disabled with `set_option linter.unnecessarySeqFocus false`
⚠ [9326/9980] Replayed SafeLearning.CompleteBarrierAEComparison
warning: SafeLearning/CompleteBarrierAEComparison.lean:52:18: Used `tac1 <;> tac2` where `(tac1; tac2)` would suffice

Note: This linter can be disabled with `set_option linter.unnecessarySeqFocus false`
warning: SafeLearning/CompleteBarrierAEComparison.lean:52:32: Used `tac1 <;> tac2` where `(tac1; tac2)` would suffice

Note: This linter can be disabled with `set_option linter.unnecessarySeqFocus false`
⚠ [9333/9980] Replayed SafeLearning.CompleteBarrierNonlinearDomainComparison
warning: SafeLearning/CompleteBarrierNonlinearDomainComparison.lean:91:2: `push_neg` has been deprecated. Prefer using `push Not` instead.
If you'd rather continue using `push_neg` in your project, you can implement it as follows:
```
open Lean.Parser.Tactic in
macro "push_neg" cfg:optConfig loc:(location)? : tactic =>
  `(tactic| push $cfg:optConfig Not $[$loc]?)
```
⚠ [9335/9980] Replayed SafeLearning.PrimersFoundations
warning: SafeLearning/PrimersFoundations.lean:35:46: This simp argument is unused:
  not_imp

Hint: Omit it from the simp argument list.
  [apply] simp only [not_forall, not_exists, not_and, exists_prop]

Note: This linter can be disabled with `set_option linter.unusedSimpArgs false`
warning: SafeLearning/PrimersFoundations.lean:152:2: Used `tac1 <;> tac2` where `(tac1; tac2)` would suffice

Note: This linter can be disabled with `set_option linter.unnecessarySeqFocus false`
warning: SafeLearning/PrimersFoundations.lean:248:35: Variable name `y` is not explicitly referenced.

Hint: The binding can be removed (if unused) or named `_` (if used implicitly). Alternatively, prefix the name with `_` to silence this warning:
  [apply] _y

Note: This linter can be disabled with `set_option linter.unusedVariables false`
warning: SafeLearning/PrimersFoundations.lean:399:142: This simp argument is unused:
  Pi.sub_apply

Hint: Omit it from the simp argument list.
  [apply] simp [Pi.add_apply, Pi.mul_apply, Pi.pow_apply, id_eq]

Note: This linter can be disabled with `set_option linter.unusedSimpArgs false`
warning: SafeLearning/PrimersFoundations.lean:399:155: This simp argument is unused:
  Pi.mul_apply

Hint: Omit it from the simp argument list.
  [apply] simp [Pi.add_apply, Pi.sub_apply, Pi.pow_apply, id_eq]

Note: This linter can be disabled with `set_option linter.unusedSimpArgs false`
warning: SafeLearning/PrimersFoundations.lean:399:192: this tactic is never executed

Note: This linter can be disabled with `set_option linter.unreachableTactic false`
warning: SafeLearning/PrimersFoundations.lean:399:192: Unused tactic linter: `ring` does nothing

Note: This linter can be disabled with `set_option linter.unusedTactic false`
warning: SafeLearning/PrimersFoundations.lean:404:133: This simp argument is unused:
  Pi.sub_apply

Hint: Omit it from the simp argument list.
  [apply] simp [Pi.add_apply, Pi.mul_apply, Pi.pow_apply, id_eq]

Note: This linter can be disabled with `set_option linter.unusedSimpArgs false`
warning: SafeLearning/PrimersFoundations.lean:404:146: This simp argument is unused:
  Pi.mul_apply

Hint: Omit it from the simp argument list.
  [apply] simp [Pi.add_apply, Pi.sub_apply, Pi.pow_apply, id_eq]

Note: This linter can be disabled with `set_option linter.unusedSimpArgs false`
warning: SafeLearning/PrimersFoundations.lean:409:67: This simp argument is unused:
  Pi.add_apply

Hint: Omit it from the simp argument list.
  [apply] simp [Pi.sub_apply, Pi.mul_apply, Pi.pow_apply, id_eq]

Note: This linter can be disabled with `set_option linter.unusedSimpArgs false`
warning: SafeLearning/PrimersFoundations.lean:409:93: This simp argument is unused:
  Pi.mul_apply

Hint: Omit it from the simp argument list.
  [apply] simp [Pi.add_apply, Pi.sub_apply, Pi.pow_apply, id_eq]

Note: This linter can be disabled with `set_option linter.unusedSimpArgs false`
warning: SafeLearning/PrimersFoundations.lean:409:130: this tactic is never executed

Note: This linter can be disabled with `set_option linter.unreachableTactic false`
warning: SafeLearning/PrimersFoundations.lean:409:130: Unused tactic linter: `ring` does nothing

Note: This linter can be disabled with `set_option linter.unusedTactic false`
warning: SafeLearning/PrimersFoundations.lean:487:52: Variable name `hy` is not explicitly referenced.

Hint: The binding can be removed (if unused) or named `_` (if used implicitly). Alternatively, prefix the name with `_` to silence this warning:
  [apply] _hy

Note: This linter can be disabled with `set_option linter.unusedVariables false`
warning: SafeLearning/PrimersFoundations.lean:602:9: Variable name `y` is not explicitly referenced.

Hint: The binding can be removed (if unused) or named `_` (if used implicitly). Alternatively, prefix the name with `_` to silence this warning:
  [apply] _y

Note: This linter can be disabled with `set_option linter.unusedVariables false`
warning: SafeLearning/PrimersFoundations.lean:719:5: Variable name `hfeasible` is not explicitly referenced.

Hint: The binding can be removed (if unused) or named `_` (if used implicitly). Alternatively, prefix the name with `_` to silence this warning:
  [apply] _hfeasible

Note: This linter can be disabled with `set_option linter.unusedVariables false`
⚠ [9337/9980] Replayed SafeLearning.CompleteCoreControl
warning: SafeLearning/CompleteCoreControl.lean:24:28: Used `tac1 <;> tac2` where `(tac1; tac2)` would suffice

Note: This linter can be disabled with `set_option linter.unnecessarySeqFocus false`
warning: SafeLearning/CompleteCoreControl.lean:192:40: Used `tac1 <;> tac2` where `(tac1; tac2)` would suffice

Note: This linter can be disabled with `set_option linter.unnecessarySeqFocus false`
warning: SafeLearning/CompleteCoreControl.lean:192:56: Used `tac1 <;> tac2` where `(tac1; tac2)` would suffice

Note: This linter can be disabled with `set_option linter.unnecessarySeqFocus false`
⚠ [9338/9980] Replayed SafeLearning.CompleteBarrierExamples
warning: SafeLearning/CompleteBarrierExamples.lean:34:29: this tactic is never executed

Note: This linter can be disabled with `set_option linter.unreachableTactic false`
warning: SafeLearning/CompleteBarrierExamples.lean:34:29: Unused tactic linter: `ring` does nothing

Note: This linter can be disabled with `set_option linter.unusedTactic false`
warning: SafeLearning/CompleteBarrierExamples.lean:42:13: `Set.mem_setOf_eq` has been deprecated: Use `Set.mem_ofPred_eq` instead
warning: SafeLearning/CompleteBarrierExamples.lean:52:13: `Set.mem_setOf_eq` has been deprecated: Use `Set.mem_ofPred_eq` instead
warning: SafeLearning/CompleteBarrierExamples.lean:59:13: `Set.mem_setOf_eq` has been deprecated: Use `Set.mem_ofPred_eq` instead
warning: SafeLearning/CompleteBarrierExamples.lean:95:29: this tactic is never executed

Note: This linter can be disabled with `set_option linter.unreachableTactic false`
warning: SafeLearning/CompleteBarrierExamples.lean:95:29: Unused tactic linter: `ring` does nothing

Note: This linter can be disabled with `set_option linter.unusedTactic false`
⚠ [9342/9980] Replayed SafeLearning.CompleteBarrierFiniteEscape
warning: SafeLearning/CompleteBarrierFiniteEscape.lean:24:44: Used `tac1 <;> tac2` where `(tac1; tac2)` would suffice

Note: This linter can be disabled with `set_option linter.unnecessarySeqFocus false`
⚠ [9343/9980] Replayed SafeLearning.CompleteBarrierISSf
warning: SafeLearning/CompleteBarrierISSf.lean:29:69: Used `tac1 <;> tac2` where `(tac1; tac2)` would suffice

Note: This linter can be disabled with `set_option linter.unnecessarySeqFocus false`
warning: SafeLearning/CompleteBarrierISSf.lean:30:16: Used `tac1 <;> tac2` where `(tac1; tac2)` would suffice

Note: This linter can be disabled with `set_option linter.unnecessarySeqFocus false`
warning: SafeLearning/CompleteBarrierISSf.lean:30:35: Used `tac1 <;> tac2` where `(tac1; tac2)` would suffice

Note: This linter can be disabled with `set_option linter.unnecessarySeqFocus false`
warning: SafeLearning/CompleteBarrierISSf.lean:30:6: Unused tactic linter: `(try rfl)` does nothing

Note: This linter can be disabled with `set_option linter.unusedTactic false`
⚠ [9347/9980] Replayed SafeLearning.CompleteBarrierTrajectories
warning: SafeLearning/CompleteBarrierTrajectories.lean:18:74: Used `tac1 <;> tac2` where `(tac1; tac2)` would suffice

Note: This linter can be disabled with `set_option linter.unnecessarySeqFocus false`
warning: SafeLearning/CompleteBarrierTrajectories.lean:67:25: Used `tac1 <;> tac2` where `(tac1; tac2)` would suffice

Note: This linter can be disabled with `set_option linter.unnecessarySeqFocus false`
warning: SafeLearning/CompleteBarrierTrajectories.lean:73:25: Used `tac1 <;> tac2` where `(tac1; tac2)` would suffice

Note: This linter can be disabled with `set_option linter.unnecessarySeqFocus false`
⚠ [9348/9980] Replayed SafeLearning.CompleteCoreBook
warning: SafeLearning/CompleteCoreBook.lean:186:38: try 'simp' instead of 'simpa'

Note: This linter can be disabled with `set_option linter.unnecessarySimpa false`
warning: SafeLearning/CompleteCoreBook.lean:186:68: try 'simp' instead of 'simpa'

Note: This linter can be disabled with `set_option linter.unnecessarySimpa false`
warning: SafeLearning/CompleteCoreBook.lean:217:28: Used `tac1 <;> tac2` where `(tac1; tac2)` would suffice

Note: This linter can be disabled with `set_option linter.unnecessarySeqFocus false`
warning: SafeLearning/CompleteCoreBook.lean:217:37: Used `tac1 <;> tac2` where `(tac1; tac2)` would suffice

Note: This linter can be disabled with `set_option linter.unnecessarySeqFocus false`
⚠ [9349/9980] Replayed SafeLearning.CompleteBudgetValue
warning: SafeLearning/CompleteBudgetValue.lean:108:24: Variable name `hlambda` is not explicitly referenced.

Hint: The binding can be removed (if unused) or named `_` (if used implicitly). Alternatively, prefix the name with `_` to silence this warning:
  [apply] _hlambda

Note: This linter can be disabled with `set_option linter.unusedVariables false`
⚠ [9350/9980] Replayed SafeLearning.CompleteCMDPTailRisk
warning: SafeLearning/CompleteCMDPTailRisk.lean:31:10: This simp argument is unused:
  PMF.toOuterMeasure_ofFintype_apply

Hint: Omit it from the simp argument list.
  [apply] simp [tsum_fintype, lossLaw, lossValue, Fin.sum_univ_succ, Set.indicator, h0, not_le.mpr h0, h10, h100]

Note: This linter can be disabled with `set_option linter.unusedSimpArgs false`
warning: SafeLearning/CompleteCMDPTailRisk.lean:31:45: This simp argument is unused:
  tsum_fintype

Hint: Omit it from the simp argument list.
  [apply] simp [PMF.toOuterMeasure_ofFintype_apply, lossLaw, lossValue, Fin.sum_univ_succ, Set.indicator, h0,
    not_le.mpr h0, h10, h100]

Note: This linter can be disabled with `set_option linter.unusedSimpArgs false`
warning: SafeLearning/CompleteCMDPTailRisk.lean:35:12: This simp argument is unused:
  PMF.toOuterMeasure_ofFintype_apply

Hint: Omit it from the simp argument list.
  [apply] simp [tsum_fintype, lossLaw, lossValue, Fin.sum_univ_succ, Set.indicator, h0, le_of_not_gt h0, h10,
    not_le.mpr h10, h100]

Note: This linter can be disabled with `set_option linter.unusedSimpArgs false`
warning: SafeLearning/CompleteCMDPTailRisk.lean:35:47: This simp argument is unused:
  tsum_fintype

Hint: Omit it from the simp argument list.
  [apply] simp [PMF.toOuterMeasure_ofFintype_apply, lossLaw, lossValue, Fin.sum_univ_succ, Set.indicator, h0,
    le_of_not_gt h0, h10, not_le.mpr h10, h100]

Note: This linter can be disabled with `set_option linter.unusedSimpArgs false`
warning: SafeLearning/CompleteCMDPTailRisk.lean:56:15: `Set.mem_setOf_eq` has been deprecated: Use `Set.mem_ofPred_eq` instead
warning: SafeLearning/CompleteCMDPTailRisk.lean:57:65: this tactic is never executed

Note: This linter can be disabled with `set_option linter.unreachableTactic false`
warning: SafeLearning/CompleteCMDPTailRisk.lean:57:65: Unused tactic linter: `norm_num at h` does nothing

Note: This linter can be disabled with `set_option linter.unusedTactic false`
⚠ [9351/9980] Replayed SafeLearning.CompleteCMDPGaussianTailRisk
warning: SafeLearning/CompleteCMDPGaussianTailRisk.lean:24:2: Try this: 
  haveI̵

The goal is a proposition, so `have` is preferred over `haveI`.
The difference between `have` and `haveI` is that `haveI` inlines the value.
But this is not relevant for proofs because of proof irrelevance.

Note: This linter can be disabled with `set_option linter.style.haveILetI false`
warning: SafeLearning/CompleteCMDPGaussianTailRisk.lean:51:15: `Set.mem_setOf_eq` has been deprecated: Use `Set.mem_ofPred_eq` instead
warning: SafeLearning/CompleteCMDPGaussianTailRisk.lean:72:106: Used `tac1 <;> tac2` where `(tac1; tac2)` would suffice

Note: This linter can be disabled with `set_option linter.unnecessarySeqFocus false`
⚠ [9353/9980] Replayed SafeLearning.CompleteConformal
warning: SafeLearning/CompleteConformal.lean:96:63: `if_true` has been deprecated: Use `ite_true` instead
warning: SafeLearning/CompleteConformal.lean:96:71: `if_false` has been deprecated: Use `ite_false` instead
warning: SafeLearning/CompleteConformal.lean:96:63: `if_true` has been deprecated: Use `ite_true` instead
warning: SafeLearning/CompleteConformal.lean:96:71: `if_false` has been deprecated: Use `ite_false` instead
⚠ [9356/9980] Replayed SafeLearning.CompleteLyapunovCounterexample
warning: SafeLearning/CompleteLyapunovCounterexample.lean:45:14: `if_neg` has been deprecated: Use `ite_eq_right` instead
warning: SafeLearning/CompleteLyapunovCounterexample.lean:75:6: `Set.mem_setOf_eq` has been deprecated: Use `Set.mem_ofPred_eq` instead
⚠ [9357/9980] Replayed SafeLearning.CompleteCoreMaterialLimits
warning: SafeLearning/CompleteCoreMaterialLimits.lean:36:56: `if_neg` has been deprecated: Use `ite_eq_right` instead
warning: SafeLearning/CompleteCoreMaterialLimits.lean:31:60: Used `tac1 <;> tac2` where `(tac1; tac2)` would suffice

Note: This linter can be disabled with `set_option linter.unnecessarySeqFocus false`
⚠ [9358/9980] Replayed SafeLearning.CompleteCoreProbability
warning: SafeLearning/CompleteCoreProbability.lean:36:77: Used `tac1 <;> tac2` where `(tac1; tac2)` would suffice

Note: This linter can be disabled with `set_option linter.unnecessarySeqFocus false`
warning: SafeLearning/CompleteCoreProbability.lean:49:83: this tactic is never executed

Note: This linter can be disabled with `set_option linter.unreachableTactic false`
warning: SafeLearning/CompleteCoreProbability.lean:49:83: Unused tactic linter: `norm_num` does nothing

Note: This linter can be disabled with `set_option linter.unusedTactic false`
warning: SafeLearning/CompleteCoreProbability.lean:136:2: Unused tactic linter: `norm_num at hr` does nothing

Note: This linter can be disabled with `set_option linter.unusedTactic false`
⚠ [9359/9980] Replayed SafeLearning.CompleteCoreReturns
warning: SafeLearning/CompleteCoreReturns.lean:43:31: this tactic is never executed

Note: This linter can be disabled with `set_option linter.unreachableTactic false`
warning: SafeLearning/CompleteCoreReturns.lean:43:31: Unused tactic linter: `positivity` does nothing

Note: This linter can be disabled with `set_option linter.unusedTactic false`
warning: SafeLearning/CompleteCoreReturns.lean:56:5: Variable name `hg0` is not explicitly referenced.

Hint: The binding can be removed (if unused) or named `_` (if used implicitly). Alternatively, prefix the name with `_` to silence this warning:
  [apply] _hg0

Note: This linter can be disabled with `set_option linter.unusedVariables false`
⚠ [9364/9980] Replayed SafeLearning.CompleteDuality
warning: SafeLearning/CompleteDuality.lean:208:2: Try this: 
  letI̵

The goal is a proposition, so `let` is preferred over `letI`.
The difference between `let` and `letI` is that `letI` inlines the value.
But this is not relevant for proofs because of proof irrelevance.

Note: This linter can be disabled with `set_option linter.style.haveILetI false`
warning: SafeLearning/CompleteDuality.lean:232:2: Try this: 
  letI̵

The goal is a proposition, so `let` is preferred over `letI`.
The difference between `let` and `letI` is that `letI` inlines the value.
But this is not relevant for proofs because of proof irrelevance.

Note: This linter can be disabled with `set_option linter.style.haveILetI false`
warning: SafeLearning/CompleteDuality.lean:320:8: This simp argument is unused:
  Function.comp_def

Hint: Omit it from the simp argument list.
  [apply] simp [walk_dual_abs_form]

Note: This linter can be disabled with `set_option linter.unusedSimpArgs false`
warning: SafeLearning/CompleteDuality.lean:351:39: this tactic is never executed

Note: This linter can be disabled with `set_option linter.unreachableTactic false`
warning: SafeLearning/CompleteDuality.lean:351:39: Unused tactic linter: `ring` does nothing

Note: This linter can be disabled with `set_option linter.unusedTactic false`
⚠ [9365/9980] Replayed SafeLearning.CompleteExponentialBarrier
warning: SafeLearning/CompleteExponentialBarrier.lean:30:53: This simp argument is unused:
  mulVec

Hint: Omit it from the simp argument list.
  [apply] simp [companion, eta, inputVector, dotProduct, Fin.sum_univ_two]

Note: This linter can be disabled with `set_option linter.unusedSimpArgs false`
warning: SafeLearning/CompleteExponentialBarrier.lean:30:61: This simp argument is unused:
  dotProduct

Hint: Omit it from the simp argument list.
  [apply] simp [companion, eta, inputVector, mulVec, Fin.sum_univ_two]

Note: This linter can be disabled with `set_option linter.unusedSimpArgs false`
warning: SafeLearning/CompleteExponentialBarrier.lean:30:73: This simp argument is unused:
  Fin.sum_univ_two

Hint: Omit it from the simp argument list.
  [apply] simp [companion, eta, inputVector, mulVec, dotProduct]

Note: This linter can be disabled with `set_option linter.unusedSimpArgs false`
⚠ [9367/9980] Replayed SafeLearning.CompleteExponentialBarrierConsequences
warning: SafeLearning/CompleteExponentialBarrierConsequences.lean:18:57: This simp argument is unused:
  Matrix.mul_apply

Hint: Omit it from the simp argument list.
  [apply] simp [companion, inputMatrix, gainRow, closedMatrix, Fin.sum_univ_succ]

Note: This linter can be disabled with `set_option linter.unusedSimpArgs false`
warning: SafeLearning/CompleteExponentialBarrierConsequences.lean:18:75: This simp argument is unused:
  Fin.sum_univ_succ

Hint: Omit it from the simp argument list.
  [apply] simp [companion, inputMatrix, gainRow, closedMatrix, Matrix.mul_apply]

Note: This linter can be disabled with `set_option linter.unusedSimpArgs false`
warning: SafeLearning/CompleteExponentialBarrierConsequences.lean:29:53: This simp argument is unused:
  mulVec

Hint: Omit it from the simp argument list.
  [apply] simp [companion, eta, inputMatrix, dotProduct, Fin.sum_univ_succ]

Note: This linter can be disabled with `set_option linter.unusedSimpArgs false`
warning: SafeLearning/CompleteExponentialBarrierConsequences.lean:29:61: This simp argument is unused:
  dotProduct

Hint: Omit it from the simp argument list.
  [apply] simp [companion, eta, inputMatrix, mulVec, Fin.sum_univ_succ]

Note: This linter can be disabled with `set_option linter.unusedSimpArgs false`
warning: SafeLearning/CompleteExponentialBarrierConsequences.lean:29:73: This simp argument is unused:
  Fin.sum_univ_succ

Hint: Omit it from the simp argument list.
  [apply] simp [companion, eta, inputMatrix, mulVec, dotProduct]

Note: This linter can be disabled with `set_option linter.unusedSimpArgs false`
warning: SafeLearning/CompleteExponentialBarrierConsequences.lean:36:22: `if_false` has been deprecated: Use `ite_false` instead
⚠ [9369/9980] Replayed SafeLearning.CompleteFiniteNonnegativeAffineExtrema
warning: SafeLearning/CompleteFiniteNonnegativeAffineExtrema.lean:21:4: Try this: 
  letI̵

The goal is a proposition, so `let` is preferred over `letI`.
The difference between `let` and `letI` is that `letI` inlines the value.
But this is not relevant for proofs because of proof irrelevance.

Note: This linter can be disabled with `set_option linter.style.haveILetI false`
warning: SafeLearning/CompleteFiniteNonnegativeAffineExtrema.lean:24:4: Try this: 
  letI̵

The goal is a proposition, so `let` is preferred over `letI`.
The difference between `let` and `letI` is that `letI` inlines the value.
But this is not relevant for proofs because of proof irrelevance.

Note: This linter can be disabled with `set_option linter.style.haveILetI false`
warning: SafeLearning/CompleteFiniteNonnegativeAffineExtrema.lean:42:29: `if_pos` has been deprecated: Use `ite_eq_left` instead
warning: SafeLearning/CompleteFiniteNonnegativeAffineExtrema.lean:46:0: automatically included section variable(s) unused in theorem `SafeLearning.CompleteFiniteNonnegativeAffineExtrema.actual_extreme_nonnegative_affine_point_has_no_supported_kernel_direction`:
  [Fintype J]
consider restructuring your `variable` declarations so that the variables are not in scope or explicitly omit them:
  omit [Fintype J] in theorem ...

Note: This linter can be disabled with `set_option linter.unusedSectionVars false`
warning: SafeLearning/CompleteFiniteNonnegativeAffineExtrema.lean:105:0: automatically included section variable(s) unused in theorem `SafeLearning.CompleteFiniteNonnegativeAffineExtrema.actual_support_extension_is_injective`:
  [Fintype I]
consider restructuring your `variable` declarations so that the variables are not in scope or explicitly omit them:
  omit [Fintype I] in theorem ...

Note: This linter can be disabled with `set_option linter.unusedSectionVars false`
⚠ [9372/9980] Replayed SafeLearning.CompleteFiniteCMDPSpectrum
warning: SafeLearning/CompleteFiniteCMDPSpectrum.lean:13:0: automatically included section variable(s) unused in theorem `SafeLearning.CompleteFiniteCMDPSpectrum.actual_stochastic_complex_average_norm_bound`:
  [DecidableEq S]
consider restructuring your `variable` declarations so that the variables are not in scope or explicitly omit them:
  omit [DecidableEq S] in theorem ...

Note: This linter can be disabled with `set_option linter.unusedSectionVars false`
warning: SafeLearning/CompleteFiniteCMDPSpectrum.lean:46:0: automatically included section variable(s) unused in theorem `SafeLearning.CompleteFiniteCMDPSpectrum.actual_stochastic_matrix_has_literal_one_eigenvector`:
  [DecidableEq S]
consider restructuring your `variable` declarations so that the variables are not in scope or explicitly omit them:
  omit [DecidableEq S] in theorem ...

Note: This linter can be disabled with `set_option linter.unusedSectionVars false`
⚠ [9374/9980] Replayed SafeLearning.CompleteFiniteCMDPMatrixConsequences
warning: SafeLearning/CompleteFiniteCMDPMatrixConsequences.lean:19:4: Try this: 
  letI̵

The goal is a proposition, so `let` is preferred over `letI`.
The difference between `let` and `letI` is that `letI` inlines the value.
But this is not relevant for proofs because of proof irrelevance.

Note: This linter can be disabled with `set_option linter.style.haveILetI false`
warning: SafeLearning/CompleteFiniteCMDPMatrixConsequences.lean:16:0: automatically included section variable(s) unused in theorem `SafeLearning.CompleteFiniteCMDPMatrixConsequences.actual_model_state_type_nonempty`:
  [DecidableEq S]
consider restructuring your `variable` declarations so that the variables are not in scope or explicitly omit them:
  omit [DecidableEq S] in theorem ...

Note: This linter can be disabled with `set_option linter.unusedSectionVars false`
warning: SafeLearning/CompleteFiniteCMDPMatrixConsequences.lean:27:2: Try this: 
  letI̵

The goal is a proposition, so `let` is preferred over `letI`.
The difference between `let` and `letI` is that `letI` inlines the value.
But this is not relevant for proofs because of proof irrelevance.

Note: This linter can be disabled with `set_option linter.style.haveILetI false`
⚠ [9375/9980] Replayed SafeLearning.CompleteFiniteCMDPVertexClassification
warning: SafeLearning/CompleteFiniteCMDPVertexClassification.lean:73:0: automatically included section variable(s) unused in theorem `SafeLearning.CompleteFiniteCMDPVertexClassification.actual_positive_row_has_positive_action`:
  [Fintype S]
consider restructuring your `variable` declarations so that the variables are not in scope or explicitly omit them:
  omit [Fintype S] in theorem ...

Note: This linter can be disabled with `set_option linter.unusedSectionVars false`
warning: SafeLearning/CompleteFiniteCMDPVertexClassification.lean:110:4: Try this: 
  letI̵

The goal is a proposition, so `let` is preferred over `letI`.
The difference between `let` and `letI` is that `letI` inlines the value.
But this is not relevant for proofs because of proof irrelevance.

Note: This linter can be disabled with `set_option linter.style.haveILetI false`
warning: SafeLearning/CompleteFiniteCMDPVertexClassification.lean:120:2: Try this: 
  letI̵

The goal is a proposition, so `let` is preferred over `letI`.
The difference between `let` and `letI` is that `letI` inlines the value.
But this is not relevant for proofs because of proof irrelevance.

Note: This linter can be disabled with `set_option linter.style.haveILetI false`
warning: SafeLearning/CompleteFiniteCMDPVertexClassification.lean:128:20: `dif_pos` has been deprecated: Use `dite_eq_left` instead
⚠ [9377/9980] Replayed SafeLearning.CompleteFinitePathOccupancyReindex
warning: SafeLearning/CompleteFinitePathOccupancyReindex.lean:22:0: automatically included section variable(s) unused in theorem `SafeLearning.CompleteFinitePathOccupancyReindex.actual_one_based_successor_is_the_original_coordinate`:
  [Fintype F]
  [IsProbabilityMeasure μ]
consider restructuring your `variable` declarations so that the variables are not in scope or explicitly omit them:
  omit [Fintype F] [IsProbabilityMeasure μ] in theorem ...

Note: This linter can be disabled with `set_option linter.unusedSectionVars false`
⚠ [9378/9980] Replayed SafeLearning.CompleteFinitePolicyValues
warning: SafeLearning/CompleteFinitePolicyValues.lean:33:0: automatically included section variable(s) unused in theorem `SafeLearning.CompleteFinitePolicyValues.actual_policy_kernel_probability_law`:
  [DecidableEq S]
consider restructuring your `variable` declarations so that the variables are not in scope or explicitly omit them:
  omit [DecidableEq S] in theorem ...

Note: This linter can be disabled with `set_option linter.unusedSectionVars false`
warning: SafeLearning/CompleteFinitePolicyValues.lean:70:0: automatically included section variable(s) unused in theorem `SafeLearning.CompleteFinitePolicyValues.actual_averaged_advantage_formula`:
  [DecidableEq S]
consider restructuring your `variable` declarations so that the variables are not in scope or explicitly omit them:
  omit [DecidableEq S] in theorem ...

Note: This linter can be disabled with `set_option linter.unusedSectionVars false`
⚠ [9379/9980] Replayed SafeLearning.CompleteFinitePolicyPerformance
warning: SafeLearning/CompleteFinitePolicyPerformance.lean:21:0: automatically included section variable(s) unused in theorem `SafeLearning.CompleteFinitePolicyPerformance.actual_stationary_state_occupancy_fixed_point`:
  [DecidableEq S]
consider restructuring your `variable` declarations so that the variables are not in scope or explicitly omit them:
  omit [DecidableEq S] in theorem ...

Note: This linter can be disabled with `set_option linter.unusedSectionVars false`
⚠ [9382/9980] Replayed SafeLearning.CompleteFinitePolicyTrajectorySeries
warning: SafeLearning/CompleteFinitePolicyTrajectorySeries.lean:24:2: Try this: 
  haveI̵

The goal is a proposition, so `have` is preferred over `haveI`.
The difference between `have` and `haveI` is that `haveI` inlines the value.
But this is not relevant for proofs because of proof irrelevance.

Note: This linter can be disabled with `set_option linter.style.haveILetI false`
warning: SafeLearning/CompleteFinitePolicyTrajectorySeries.lean:21:0: automatically included section variable(s) unused in theorem `SafeLearning.CompleteFinitePolicyTrajectorySeries.actual_normalized_initial_law_has_nonempty_states`:
  [DecidableEq S]
consider restructuring your `variable` declarations so that the variables are not in scope or explicitly omit them:
  omit [DecidableEq S] in theorem ...

Note: This linter can be disabled with `set_option linter.unusedSectionVars false`
warning: SafeLearning/CompleteFinitePolicyTrajectorySeries.lean:32:2: Try this: 
  letI̵

The goal is a proposition, so `let` is preferred over `letI`.
The difference between `let` and `letI` is that `letI` inlines the value.
But this is not relevant for proofs because of proof irrelevance.

Note: This linter can be disabled with `set_option linter.style.haveILetI false`
⚠ [9383/9980] Replayed SafeLearning.CompleteFinitePolicySeriesConsequences
warning: SafeLearning/CompleteFinitePolicySeriesConsequences.lean:43:0: automatically included section variable(s) unused in theorem `SafeLearning.CompleteFinitePolicySeriesConsequences.actual_state_occupancy_total_probability`:
  [DecidableEq S]
consider restructuring your `variable` declarations so that the variables are not in scope or explicitly omit them:
  omit [DecidableEq S] in theorem ...

Note: This linter can be disabled with `set_option linter.unusedSectionVars false`
⚠ [9385/9980] Replayed SafeLearning.CompleteFoundationsSpectralModels
warning: SafeLearning/CompleteFoundationsSpectralModels.lean:67:45: This simp argument is unused:
  Matrix.cons_val_zero

Hint: Omit it from the simp argument list.
  [apply] simp only [Matrix.cons_val_one]

Note: This linter can be disabled with `set_option linter.unusedSimpArgs false`
warning: SafeLearning/CompleteFoundationsSpectralModels.lean:67:66: This simp argument is unused:
  Matrix.cons_val_one

Hint: Omit it from the simp argument list.
  [apply] simp only [Matrix.cons_val_zero]

Note: This linter can be disabled with `set_option linter.unusedSimpArgs false`
warning: SafeLearning/CompleteFoundationsSpectralModels.lean:310:2: try 'simp' instead of 'simpa'

Note: This linter can be disabled with `set_option linter.unnecessarySimpa false`
⚠ [9386/9980] Replayed SafeLearning.CompleteFoundationsFunctionExamples
warning: SafeLearning/CompleteFoundationsFunctionExamples.lean:32:14: this tactic is never executed

Note: This linter can be disabled with `set_option linter.unreachableTactic false`
warning: SafeLearning/CompleteFoundationsFunctionExamples.lean:32:4: Unused tactic linter: `all_goals fun_prop` does nothing

Note: This linter can be disabled with `set_option linter.unusedTactic false`
warning: SafeLearning/CompleteFoundationsFunctionExamples.lean:66:6: `push_neg` has been deprecated. Prefer using `push Not` instead.
If you'd rather continue using `push_neg` in your project, you can implement it as follows:
```
open Lean.Parser.Tactic in
macro "push_neg" cfg:optConfig loc:(location)? : tactic =>
  `(tactic| push $cfg:optConfig Not $[$loc]?)
```
⚠ [9387/9980] Replayed SafeLearning.CompleteFoundationsAffineRKHS
warning: SafeLearning/CompleteFoundationsAffineRKHS.lean:55:2: Try this: 
  letI̵

The goal is a proposition, so `let` is preferred over `letI`.
The difference between `let` and `letI` is that `letI` inlines the value.
But this is not relevant for proofs because of proof irrelevance.

Note: This linter can be disabled with `set_option linter.style.haveILetI false`
warning: SafeLearning/CompleteFoundationsAffineRKHS.lean:68:2: Try this: 
  letI̵

The goal is a proposition, so `let` is preferred over `letI`.
The difference between `let` and `letI` is that `letI` inlines the value.
But this is not relevant for proofs because of proof irrelevance.

Note: This linter can be disabled with `set_option linter.style.haveILetI false`
warning: SafeLearning/CompleteFoundationsAffineRKHS.lean:124:2: Try this: 
  letI̵

The goal is a proposition, so `let` is preferred over `letI`.
The difference between `let` and `letI` is that `letI` inlines the value.
But this is not relevant for proofs because of proof irrelevance.

Note: This linter can be disabled with `set_option linter.style.haveILetI false`
ℹ [9388/9980] Replayed SafeLearning.CompleteFoundationsAffineValueIteration
info: SafeLearning/CompleteFoundationsAffineValueIteration.lean:63:4: Try this:
  [apply] ring_nf
  
  The `ring` tactic failed to close the goal. Use `ring_nf` to obtain a normal form.
    
  Note that `ring` works primarily in *commutative* rings. If you have a noncommutative ring, abelian group or module, consider using `noncomm_ring`, `abel` or `module` instead.
⚠ [9389/9980] Replayed SafeLearning.CompleteFoundationsAlgorithms
warning: SafeLearning/CompleteFoundationsAlgorithms.lean:135:41: this tactic is never executed

Note: This linter can be disabled with `set_option linter.unreachableTactic false`
warning: SafeLearning/CompleteFoundationsAlgorithms.lean:137:37: Used `tac1 <;> tac2` where `(tac1; tac2)` would suffice

Note: This linter can be disabled with `set_option linter.unnecessarySeqFocus false`
warning: SafeLearning/CompleteFoundationsAlgorithms.lean:135:41: Unused tactic linter: `ring` does nothing

Note: This linter can be disabled with `set_option linter.unusedTactic false`
⚠ [9390/9980] Replayed SafeLearning.CompleteFoundationsPenaltyModels
warning: SafeLearning/CompleteFoundationsPenaltyModels.lean:89:2: Used `tac1 <;> tac2` where `(tac1; tac2)` would suffice

Note: This linter can be disabled with `set_option linter.unnecessarySeqFocus false`
warning: SafeLearning/CompleteFoundationsPenaltyModels.lean:124:35: Used `tac1 <;> tac2` where `(tac1; tac2)` would suffice

Note: This linter can be disabled with `set_option linter.unnecessarySeqFocus false`
warning: SafeLearning/CompleteFoundationsPenaltyModels.lean:143:2: Used `tac1 <;> tac2` where `(tac1; tac2)` would suffice

Note: This linter can be disabled with `set_option linter.unnecessarySeqFocus false`
⚠ [9397/9980] Replayed SafeLearning.CompleteFoundationsQuadraticForms
warning: SafeLearning/CompleteFoundationsQuadraticForms.lean:136:39: This simp argument is unused:
  Pi.star_apply

Hint: Omit it from the simp argument list.
  [apply] simp only [hH, true_and, realQuadratic, star_trivial]

Note: This linter can be disabled with `set_option linter.unusedSimpArgs false`
warning: SafeLearning/CompleteFoundationsQuadraticForms.lean:144:39: This simp argument is unused:
  Pi.star_apply

Hint: Omit it from the simp argument list.
  [apply] simp only [hH, true_and, realQuadratic, star_trivial]

Note: This linter can be disabled with `set_option linter.unusedSimpArgs false`
⚠ [9399/9980] Replayed SafeLearning.CompleteFoundationsBook
warning: SafeLearning/CompleteFoundationsBook.lean:96:5: Variable name `hd₀` is not explicitly referenced.

Hint: The binding can be removed (if unused) or named `_` (if used implicitly). Alternatively, prefix the name with `_` to silence this warning:
  [apply] _hd₀

Note: This linter can be disabled with `set_option linter.unusedVariables false`
warning: SafeLearning/CompleteFoundationsBook.lean:128:21: Used `tac1 <;> tac2` where `(tac1; tac2)` would suffice

Note: This linter can be disabled with `set_option linter.unnecessarySeqFocus false`
warning: SafeLearning/CompleteFoundationsBook.lean:445:27: `push_neg` has been deprecated. Prefer using `push Not` instead.
If you'd rather continue using `push_neg` in your project, you can implement it as follows:
```
open Lean.Parser.Tactic in
macro "push_neg" cfg:optConfig loc:(location)? : tactic =>
  `(tactic| push $cfg:optConfig Not $[$loc]?)
```
warning: SafeLearning/CompleteFoundationsBook.lean:463:60: this tactic is never executed

Note: This linter can be disabled with `set_option linter.unreachableTactic false`
warning: SafeLearning/CompleteFoundationsBook.lean:463:43: Used `tac1 <;> tac2` where `(tac1; tac2)` would suffice

Note: This linter can be disabled with `set_option linter.unnecessarySeqFocus false`
warning: SafeLearning/CompleteFoundationsBook.lean:463:60: Unused tactic linter: `ring` does nothing

Note: This linter can be disabled with `set_option linter.unusedTactic false`
warning: SafeLearning/CompleteFoundationsBook.lean:534:77: Used `tac1 <;> tac2` where `(tac1; tac2)` would suffice

Note: This linter can be disabled with `set_option linter.unnecessarySeqFocus false`
⚠ [9400/9980] Replayed SafeLearning.CompleteFoundationsCalculusModels
warning: SafeLearning/CompleteFoundationsCalculusModels.lean:151:47: This simp argument is unused:
  real_inner_smul_left

Hint: Omit it from the simp argument list.
  [apply] simp [InnerProductSpace.toDual_apply_apply, ContinuousLinearMap.adjoint_inner_left, innerSL_apply_apply]

Note: This linter can be disabled with `set_option linter.unusedSimpArgs false`
warning: SafeLearning/CompleteFoundationsCalculusModels.lean:196:68: Used `tac1 <;> tac2` where `(tac1; tac2)` would suffice

Note: This linter can be disabled with `set_option linter.unnecessarySeqFocus false`
⚠ [9401/9980] Replayed SafeLearning.CompleteFoundationsConstrainedModels
warning: SafeLearning/CompleteFoundationsConstrainedModels.lean:56:4: `push_neg` has been deprecated. Prefer using `push Not` instead.
If you'd rather continue using `push_neg` in your project, you can implement it as follows:
```
open Lean.Parser.Tactic in
macro "push_neg" cfg:optConfig loc:(location)? : tactic =>
  `(tactic| push $cfg:optConfig Not $[$loc]?)
```
warning: SafeLearning/CompleteFoundationsConstrainedModels.lean:262:20: this tactic is never executed

Note: This linter can be disabled with `set_option linter.unreachableTactic false`
warning: SafeLearning/CompleteFoundationsConstrainedModels.lean:262:20: Unused tactic linter: `simp [point]` does nothing

Note: This linter can be disabled with `set_option linter.unusedTactic false`
warning: SafeLearning/CompleteFoundationsConstrainedModels.lean:281:33: Used `tac1 <;> tac2` where `(tac1; tac2)` would suffice

Note: This linter can be disabled with `set_option linter.unnecessarySeqFocus false`
⚠ [9402/9980] Replayed SafeLearning.CompleteFoundationsBoxedQP
warning: SafeLearning/CompleteFoundationsBoxedQP.lean:132:18: this tactic is never executed

Note: This linter can be disabled with `set_option linter.unreachableTactic false`
warning: SafeLearning/CompleteFoundationsBoxedQP.lean:132:18: Unused tactic linter: `simp [point]` does nothing

Note: This linter can be disabled with `set_option linter.unusedTactic false`
warning: SafeLearning/CompleteFoundationsBoxedQP.lean:224:18: this tactic is never executed

Note: This linter can be disabled with `set_option linter.unreachableTactic false`
warning: SafeLearning/CompleteFoundationsBoxedQP.lean:224:18: Unused tactic linter: `simp [point]` does nothing

Note: This linter can be disabled with `set_option linter.unusedTactic false`
⚠ [9403/9980] Replayed SafeLearning.CompleteFoundationsFiniteSetIteration
warning: SafeLearning/CompleteFoundationsFiniteSetIteration.lean:59:2: `push_neg` has been deprecated. Prefer using `push Not` instead.
If you'd rather continue using `push_neg` in your project, you can implement it as follows:
```
open Lean.Parser.Tactic in
macro "push_neg" cfg:optConfig loc:(location)? : tactic =>
  `(tactic| push $cfg:optConfig Not $[$loc]?)
```
warning: SafeLearning/CompleteFoundationsFiniteSetIteration.lean:131:2: `push_neg` has been deprecated. Prefer using `push Not` instead.
If you'd rather continue using `push_neg` in your project, you can implement it as follows:
```
open Lean.Parser.Tactic in
macro "push_neg" cfg:optConfig loc:(location)? : tactic =>
  `(tactic| push $cfg:optConfig Not $[$loc]?)
```
⚠ [9406/9980] Replayed SafeLearning.CompleteModulesCholesky
warning: SafeLearning/CompleteModulesCholesky.lean:33:0: automatically included section variable(s) unused in theorem `SafeLearning.CompleteModulesCholesky.actual_gram_schmidt_diagonal_is_norm`:
  [FiniteDimensional ℝ E]
consider restructuring your `variable` declarations so that the variables are not in scope or explicitly omit them:
  omit [FiniteDimensional ℝ E] in theorem ...

Note: This linter can be disabled with `set_option linter.unusedSectionVars false`
warning: SafeLearning/CompleteModulesCholesky.lean:76:35: This simp argument is unused:
  Matrix.conjTranspose_apply

Hint: Omit it from the simp argument list.
  [apply] simp [Matrix.gram_apply, vectors, EuclideanSpace.inner_toLp_toLp, Matrix.mul_apply,
    Matrix.star_eq_conjTranspose, dotProduct, mul_comm]

Note: This linter can be disabled with `set_option linter.unusedSimpArgs false`
warning: SafeLearning/CompleteModulesCholesky.lean:80:10: This simp argument is unused:
  finrank_euclideanSpace_fin

Hint: Omit it from the simp argument list.
  [apply] simp

Note: This linter can be disabled with `set_option linter.unusedSimpArgs false`
⚠ [9408/9980] Replayed SafeLearning.CompleteFoundationsCholeskyCost
warning: SafeLearning/CompleteFoundationsCholeskyCost.lean:64:26: `if_neg` has been deprecated: Use `ite_eq_right` instead
warning: SafeLearning/CompleteFoundationsCholeskyCost.lean:74:8: `if_neg` has been deprecated: Use `ite_eq_right` instead
warning: SafeLearning/CompleteFoundationsCholeskyCost.lean:76:15: `if_pos` has been deprecated: Use `ite_eq_left` instead
warning: SafeLearning/CompleteFoundationsCholeskyCost.lean:76:15: This simp argument is unused:
  if_pos rfl

Hint: Omit it from the simp argument list.
  [apply] simp only

Note: This linter can be disabled with `set_option linter.unusedSimpArgs false`
warning: SafeLearning/CompleteFoundationsCholeskyCost.lean:101:59: `Fin.coe_castLE` has been deprecated: Use `Fin.val_castLE` instead
warning: SafeLearning/CompleteFoundationsCholeskyCost.lean:140:2: Used `tac1 <;> tac2` where `(tac1; tac2)` would suffice

Note: This linter can be disabled with `set_option linter.unnecessarySeqFocus false`
⚠ [9410/9980] Replayed SafeLearning.CompleteFoundationsCholeskyFamily
warning: SafeLearning/CompleteFoundationsCholeskyFamily.lean:94:4: Try this: intro ha j
⚠ [9412/9980] Replayed SafeLearning.CompleteFoundationsMatrixNormModels
warning: SafeLearning/CompleteFoundationsMatrixNormModels.lean:20:80: Used `tac1 <;> tac2` where `(tac1; tac2)` would suffice

Note: This linter can be disabled with `set_option linter.unnecessarySeqFocus false`
warning: SafeLearning/CompleteFoundationsMatrixNormModels.lean:28:51: This simp argument is unused:
  PiLp.toLp_apply

Hint: Omit it from the simp argument list.
  [apply] simp only [PiLp.norm_eq_of_L1, Fin.sum_univ_two, Matrix.cons_val_zero, Matrix.cons_val_one, Real.norm_eq_abs]

Note: This linter can be disabled with `set_option linter.unusedSimpArgs false`
warning: SafeLearning/CompleteFoundationsMatrixNormModels.lean:61:6: try 'simp' instead of 'simpa'

Note: This linter can be disabled with `set_option linter.unnecessarySimpa false`
warning: SafeLearning/CompleteFoundationsMatrixNormModels.lean:62:6: try 'simp' instead of 'simpa'

Note: This linter can be disabled with `set_option linter.unnecessarySimpa false`
warning: SafeLearning/CompleteFoundationsMatrixNormModels.lean:136:89: This simp argument is unused:
  Pi.pow_apply

Hint: Omit it from the simp argument list.
  [apply] simp only [Matrix.sub_apply, partialSum, Matrix.sum_apply, tailMatrix, Matrix.diagonal_pow]

Note: This linter can be disabled with `set_option linter.unusedSimpArgs false`
warning: SafeLearning/CompleteFoundationsMatrixNormModels.lean:140:21: Used `tac1 <;> tac2` where `(tac1; tac2)` would suffice

Note: This linter can be disabled with `set_option linter.unnecessarySeqFocus false`
warning: SafeLearning/CompleteFoundationsMatrixNormModels.lean:158:8: This simp argument is unused:
  one_div

Hint: Omit it from the simp argument list.
  [apply] simp [inv_pow, div_eq_mul_inv]

Note: This linter can be disabled with `set_option linter.unusedSimpArgs false`
warning: SafeLearning/CompleteFoundationsMatrixNormModels.lean:205:6: This simp argument is unused:
  abs_of_nonneg (by positivity : (0 : ℝ) ≤ 2 * (1 / 2 : ℝ) ^ T)

Hint: Omit it from the simp argument list.
  [apply] simp [EuclideanSpace.norm_eq, Fin.sum_univ_succ, Real.norm_eq_abs]

Note: This linter can be disabled with `set_option linter.unusedSimpArgs false`
⚠ [9413/9980] Replayed SafeLearning.CompleteFoundationsConditionedQuadratic
warning: SafeLearning/CompleteFoundationsConditionedQuadratic.lean:126:76: This simp argument is unused:
  Fin.sum_univ_succ

Hint: Omit it from the simp argument list.
  [apply] simp [curvatureMatrix, inverseCurvature, Matrix.mul_apply, Matrix.diagonal, ha, hb]

Note: This linter can be disabled with `set_option linter.unusedSimpArgs false`
warning: SafeLearning/CompleteFoundationsConditionedQuadratic.lean:203:28: This simp argument is unused:
  Matrix.one_apply

Hint: Omit it from the simp argument list.
  [apply] simp [Matrix.diagonal, hij]

Note: This linter can be disabled with `set_option linter.unusedSimpArgs false`
warning: SafeLearning/CompleteFoundationsConditionedQuadratic.lean:246:74: This simp argument is unused:
  Matrix.one_apply

Hint: Omit it from the simp argument list.
  [apply] simp [curvatureMatrix, Matrix.diagonal]

Note: This linter can be disabled with `set_option linter.unusedSimpArgs false`
⚠ [9414/9980] Replayed SafeLearning.CompleteFoundationsCongruence
warning: SafeLearning/CompleteFoundationsCongruence.lean:168:16: Used `tac1 <;> tac2` where `(tac1; tac2)` would suffice

Note: This linter can be disabled with `set_option linter.unnecessarySeqFocus false`
⚠ [9415/9980] Replayed SafeLearning.CompleteFoundationsMatrixConjugate
warning: SafeLearning/CompleteFoundationsMatrixConjugate.lean:19:2: Try this: 
  letI̵

The goal is a proposition, so `let` is preferred over `letI`.
The difference between `let` and `letI` is that `letI` inlines the value.
But this is not relevant for proofs because of proof irrelevance.

Note: This linter can be disabled with `set_option linter.style.haveILetI false`
warning: SafeLearning/CompleteFoundationsMatrixConjugate.lean:22:0: automatically included section variable(s) unused in theorem `SafeLearning.CompleteFoundationsMatrixConjugate.actual_symmetric_cross_pairing`:
  [DecidableEq n]
consider restructuring your `variable` declarations so that the variables are not in scope or explicitly omit them:
  omit [DecidableEq n] in theorem ...

Note: This linter can be disabled with `set_option linter.unusedSectionVars false`
warning: SafeLearning/CompleteFoundationsMatrixConjugate.lean:90:0: automatically included section variable(s) unused in theorem `SafeLearning.CompleteFoundationsMatrixConjugate.actual_pairing_Jensen_gap_identity`:
  [DecidableEq n]
consider restructuring your `variable` declarations so that the variables are not in scope or explicitly omit them:
  omit [DecidableEq n] in theorem ...

Note: This linter can be disabled with `set_option linter.unusedSectionVars false`
warning: SafeLearning/CompleteFoundationsMatrixConjugate.lean:141:15: `ContinuousLinearMap.smul_apply` has been deprecated: Use `smul_apply` instead

Note: The updated constant is in a different namespace. Dot notation may need to be changed (e.g., from `x.smul_apply` to `smul_apply x`).
⚠ [9416/9980] Replayed SafeLearning.CompleteFoundationsOptimization
warning: SafeLearning/CompleteFoundationsOptimization.lean:20:8: `ext` did not consume the patterns `z`

Note: This linter can be disabled with `set_option linter.unusedRCasesPattern false`
warning: SafeLearning/CompleteFoundationsOptimization.lean:19:76: Used `tac1 <;> tac2` where `(tac1; tac2)` would suffice

Note: This linter can be disabled with `set_option linter.unnecessarySeqFocus false`
warning: SafeLearning/CompleteFoundationsOptimization.lean:20:26: Used `tac1 <;> tac2` where `(tac1; tac2)` would suffice

Note: This linter can be disabled with `set_option linter.unnecessarySeqFocus false`
warning: SafeLearning/CompleteFoundationsOptimization.lean:27:48: `ext` did not consume the patterns `z`

Note: This linter can be disabled with `set_option linter.unusedRCasesPattern false`
warning: SafeLearning/CompleteFoundationsOptimization.lean:27:70: this tactic is never executed

Note: This linter can be disabled with `set_option linter.unreachableTactic false`
warning: SafeLearning/CompleteFoundationsOptimization.lean:27:40: Used `tac1 <;> tac2` where `(tac1; tac2)` would suffice

Note: This linter can be disabled with `set_option linter.unnecessarySeqFocus false`
warning: SafeLearning/CompleteFoundationsOptimization.lean:27:70: Unused tactic linter: `ring` does nothing

Note: This linter can be disabled with `set_option linter.unusedTactic false`
warning: SafeLearning/CompleteFoundationsOptimization.lean:34:57: `ext` did not consume the patterns `z`

Note: This linter can be disabled with `set_option linter.unusedRCasesPattern false`
warning: SafeLearning/CompleteFoundationsOptimization.lean:34:49: Used `tac1 <;> tac2` where `(tac1; tac2)` would suffice

Note: This linter can be disabled with `set_option linter.unnecessarySeqFocus false`
warning: SafeLearning/CompleteFoundationsOptimization.lean:34:75: Used `tac1 <;> tac2` where `(tac1; tac2)` would suffice

Note: This linter can be disabled with `set_option linter.unnecessarySeqFocus false`
warning: SafeLearning/CompleteFoundationsOptimization.lean:42:8: `ext` did not consume the patterns `z`

Note: This linter can be disabled with `set_option linter.unusedRCasesPattern false`
warning: SafeLearning/CompleteFoundationsOptimization.lean:41:86: Used `tac1 <;> tac2` where `(tac1; tac2)` would suffice

Note: This linter can be disabled with `set_option linter.unnecessarySeqFocus false`
warning: SafeLearning/CompleteFoundationsOptimization.lean:42:26: Used `tac1 <;> tac2` where `(tac1; tac2)` would suffice

Note: This linter can be disabled with `set_option linter.unnecessarySeqFocus false`
warning: SafeLearning/CompleteFoundationsOptimization.lean:120:15: `if_pos` has been deprecated: Use `ite_eq_left` instead
warning: SafeLearning/CompleteFoundationsOptimization.lean:127:15: `if_neg` has been deprecated: Use `ite_eq_right` instead
warning: SafeLearning/CompleteFoundationsOptimization.lean:140:15: `if_pos` has been deprecated: Use `ite_eq_left` instead
warning: SafeLearning/CompleteFoundationsOptimization.lean:147:15: `if_neg` has been deprecated: Use `ite_eq_right` instead
⚠ [9417/9980] Replayed SafeLearning.CompleteFoundationsShiftedConjugate
warning: SafeLearning/CompleteFoundationsShiftedConjugate.lean:55:40: `if_pos` has been deprecated: Use `ite_eq_left` instead
warning: SafeLearning/CompleteFoundationsShiftedConjugate.lean:57:41: `if_neg` has been deprecated: Use `ite_eq_right` instead
warning: SafeLearning/CompleteFoundationsShiftedConjugate.lean:70:8: `if_pos` has been deprecated: Use `ite_eq_left` instead
warning: SafeLearning/CompleteFoundationsShiftedConjugate.lean:87:23: `if_pos` has been deprecated: Use `ite_eq_left` instead
warning: SafeLearning/CompleteFoundationsShiftedConjugate.lean:91:23: `if_neg` has been deprecated: Use `ite_eq_right` instead
⚠ [9418/9980] Replayed SafeLearning.CompleteFoundationsConjugateConsequences
warning: SafeLearning/CompleteFoundationsConjugateConsequences.lean:53:4: `if_pos` has been deprecated: Use `ite_eq_left` instead
warning: SafeLearning/CompleteFoundationsConjugateConsequences.lean:59:61: Used `tac1 <;> tac2` where `(tac1; tac2)` would suffice

Note: This linter can be disabled with `set_option linter.unnecessarySeqFocus false`
⚠ [9420/9980] Replayed SafeLearning.CompleteFoundationsContractionApplications
warning: SafeLearning/CompleteFoundationsContractionApplications.lean:26:0: automatically included section variable(s) unused in theorem `SafeLearning.CompleteFoundationsContractionApplications.actual_successor_maximum_does_not_enlarge_the_uniform_error`:
  [Fintype S]
consider restructuring your `variable` declarations so that the variables are not in scope or explicitly omit them:
  omit [Fintype S] in theorem ...

Note: This linter can be disabled with `set_option linter.unusedSectionVars false`
⚠ [9427/9980] Replayed SafeLearning.CompleteFoundationsConvexSets
warning: SafeLearning/CompleteFoundationsConvexSets.lean:41:2: try 'simp' instead of 'simpa'

Note: This linter can be disabled with `set_option linter.unnecessarySimpa false`
warning: SafeLearning/CompleteFoundationsConvexSets.lean:46:24: `Set.mem_setOf_eq` has been deprecated: Use `Set.mem_ofPred_eq` instead
⚠ [9438/9980] Replayed SafeLearning.CompleteFoundationsDefinitenessModels
warning: SafeLearning/CompleteFoundationsDefinitenessModels.lean:152:61: Used `tac1 <;> tac2` where `(tac1; tac2)` would suffice

Note: This linter can be disabled with `set_option linter.unnecessarySeqFocus false`
warning: SafeLearning/CompleteFoundationsDefinitenessModels.lean:195:76: This simp argument is unused:
  zero_pow

Hint: Omit it from the simp argument list.
  [apply] simp only [point, PiLp.toLp_apply, Matrix.cons_val_zero, Matrix.cons_val_one, mul_zero, add_zero, zero_add,
    abs_le]

Note: This linter can be disabled with `set_option linter.unusedSimpArgs false`
warning: SafeLearning/CompleteFoundationsDefinitenessModels.lean:196:4: This simp argument is unused:
  mul_zero

Hint: Omit it from the simp argument list.
  [apply] simp only [point, PiLp.toLp_apply, Matrix.cons_val_zero, Matrix.cons_val_one, zero_pow, add_zero, zero_add,
    abs_le]

Note: This linter can be disabled with `set_option linter.unusedSimpArgs false`
warning: SafeLearning/CompleteFoundationsDefinitenessModels.lean:196:13: This simp argument is unused:
  add_zero

Hint: Omit it from the simp argument list.
  [apply] simp only [point, PiLp.toLp_apply, Matrix.cons_val_zero, Matrix.cons_val_one, zero_pow, mul_zero, zero_add,
    abs_le]

Note: This linter can be disabled with `set_option linter.unusedSimpArgs false`
warning: SafeLearning/CompleteFoundationsDefinitenessModels.lean:196:22: This simp argument is unused:
  zero_add

Hint: Omit it from the simp argument list.
  [apply] simp only [point, PiLp.toLp_apply, Matrix.cons_val_zero, Matrix.cons_val_one, zero_pow, mul_zero, add_zero,
    abs_le]

Note: This linter can be disabled with `set_option linter.unusedSimpArgs false`
⚠ [9443/9980] Replayed SafeLearning.CompleteFoundationsExactPenaltyModels
warning: SafeLearning/CompleteFoundationsExactPenaltyModels.lean:41:5: Variable name `hrho` is not explicitly referenced.

Hint: The binding can be removed (if unused) or named `_` (if used implicitly). Alternatively, prefix the name with `_` to silence this warning:
  [apply] _hrho

Note: This linter can be disabled with `set_option linter.unusedVariables false`
warning: SafeLearning/CompleteFoundationsExactPenaltyModels.lean:93:93: Used `tac1 <;> tac2` where `(tac1; tac2)` would suffice

Note: This linter can be disabled with `set_option linter.unnecessarySeqFocus false`
warning: SafeLearning/CompleteFoundationsExactPenaltyModels.lean:99:66: Used `tac1 <;> tac2` where `(tac1; tac2)` would suffice

Note: This linter can be disabled with `set_option linter.unnecessarySeqFocus false`
⚠ [9445/9980] Replayed SafeLearning.CompleteFoundationsLogic
warning: SafeLearning/CompleteFoundationsLogic.lean:15:70: This simp argument is unused:
  not_imp

Hint: Omit it from the simp argument list.
  [apply] simp only [not_forall, not_le, not_exists, not_and, not_lt, exists_prop]

Note: This linter can be disabled with `set_option linter.unusedSimpArgs false`
warning: SafeLearning/CompleteFoundationsLogic.lean:250:5: Variable name `ha` is not explicitly referenced.

Hint: The binding can be removed (if unused) or named `_` (if used implicitly). Alternatively, prefix the name with `_` to silence this warning:
  [apply] _ha

Note: This linter can be disabled with `set_option linter.unusedVariables false`
⚠ [9446/9980] Replayed SafeLearning.CompleteFoundationsTeaching
warning: SafeLearning/CompleteFoundationsTeaching.lean:70:34: `Set.mem_setOf_eq` has been deprecated: Use `Set.mem_ofPred_eq` instead
warning: SafeLearning/CompleteFoundationsTeaching.lean:70:77: This simp argument is unused:
  not_imp

Hint: Omit it from the simp argument list.
  [apply] simp only [mem_compl_iff, mem_setOf_eq, not_exists, not_and, not_forall, not_not, exists_prop]

Note: This linter can be disabled with `set_option linter.unusedSimpArgs false`
⚠ [9447/9980] Replayed SafeLearning.CompleteFoundationsExerciseBridges
warning: SafeLearning/CompleteFoundationsExerciseBridges.lean:120:15: `Set.mem_setOf_eq` has been deprecated: Use `Set.mem_ofPred_eq` instead
⚠ [9448/9980] Replayed SafeLearning.CompleteFoundationsExtendedConjugate
warning: SafeLearning/CompleteFoundationsExtendedConjugate.lean:56:8: `if_pos` has been deprecated: Use `ite_eq_left` instead
warning: SafeLearning/CompleteFoundationsExtendedConjugate.lean:64:15: `if_pos` has been deprecated: Use `ite_eq_left` instead
warning: SafeLearning/CompleteFoundationsExtendedConjugate.lean:67:55: `if_pos` has been deprecated: Use `ite_eq_left` instead
warning: SafeLearning/CompleteFoundationsExtendedConjugate.lean:70:15: `if_neg` has been deprecated: Use `ite_eq_right` instead
warning: SafeLearning/CompleteFoundationsExtendedConjugate.lean:77:23: `if_pos` has been deprecated: Use `ite_eq_left` instead
warning: SafeLearning/CompleteFoundationsExtendedConjugate.lean:80:23: `if_neg` has been deprecated: Use `ite_eq_right` instead
⚠ [9452/9980] Replayed SafeLearning.CompleteFoundationsFeatures
warning: SafeLearning/CompleteFoundationsFeatures.lean:31:70: This simp argument is unused:
  mul_assoc

Hint: Omit it from the simp argument list.
  [apply] simp only [featureSum, featureGram, sum_inner, inner_sum, real_inner_smul_left, real_inner_smul_right,
    Matrix.mulVec, dotProduct, Finset.mul_sum]

Note: This linter can be disabled with `set_option linter.unusedSimpArgs false`
⚠ [9454/9980] Replayed SafeLearning.CompleteFoundationsFiniteDynamics
warning: SafeLearning/CompleteFoundationsFiniteDynamics.lean:23:0: automatically included section variable(s) unused in theorem `SafeLearning.CompleteFoundationsFiniteDynamics.actual_determinism_propagates_a_repeated_state_to_every_future_time`:
  [Fintype X]
consider restructuring your `variable` declarations so that the variables are not in scope or explicitly omit them:
  omit [Fintype X] in theorem ...

Note: This linter can be disabled with `set_option linter.unusedSectionVars false`
⚠ [9463/9980] Replayed SafeLearning.CompleteFoundationsGeneralizedEigen
warning: SafeLearning/CompleteFoundationsGeneralizedEigen.lean:213:57: Used `tac1 <;> tac2` where `(tac1; tac2)` would suffice

Note: This linter can be disabled with `set_option linter.unnecessarySeqFocus false`
warning: SafeLearning/CompleteFoundationsGeneralizedEigen.lean:215:32: Used `tac1 <;> tac2` where `(tac1; tac2)` would suffice

Note: This linter can be disabled with `set_option linter.unnecessarySeqFocus false`
⚠ [9464/9980] Replayed SafeLearning.CompleteFoundationsGeneralizedEigenConsequences
warning: SafeLearning/CompleteFoundationsGeneralizedEigenConsequences.lean:26:17: This simp argument is unused:
  Matrix.cons_val_one

Hint: Omit it from the simp argument list.
  [apply] simp only

Note: This linter can be disabled with `set_option linter.unusedSimpArgs false`
⚠ [9465/9980] Replayed SafeLearning.CompleteFoundationsGenericPenalty
warning: SafeLearning/CompleteFoundationsGenericPenalty.lean:111:4: `push_neg` has been deprecated. Prefer using `push Not` instead.
If you'd rather continue using `push_neg` in your project, you can implement it as follows:
```
open Lean.Parser.Tactic in
macro "push_neg" cfg:optConfig loc:(location)? : tactic =>
  `(tactic| push $cfg:optConfig Not $[$loc]?)
```
⚠ [9466/9980] Replayed SafeLearning.CompleteFoundationsGeometricExample
warning: SafeLearning/CompleteFoundationsGeometricExample.lean:24:64: Used `tac1 <;> tac2` where `(tac1; tac2)` would suffice

Note: This linter can be disabled with `set_option linter.unnecessarySeqFocus false`
⚠ [9467/9980] Replayed SafeLearning.CompleteFoundationsGeometry
warning: SafeLearning/CompleteFoundationsGeometry.lean:48:21: this tactic is never executed

Note: This linter can be disabled with `set_option linter.unreachableTactic false`
warning: SafeLearning/CompleteFoundationsGeometry.lean:48:21: Unused tactic linter: `ring` does nothing

Note: This linter can be disabled with `set_option linter.unusedTactic false`
warning: SafeLearning/CompleteFoundationsGeometry.lean:87:0: automatically included section variable(s) unused in theorem `SafeLearning.CompleteFoundationsGeometry.reverse_triangle_general`:
  [NormedSpace ℝ E]
consider restructuring your `variable` declarations so that the variables are not in scope or explicitly omit them:
  omit [NormedSpace ℝ E] in theorem ...

Note: This linter can be disabled with `set_option linter.unusedSectionVars false`
warning: SafeLearning/CompleteFoundationsGeometry.lean:88:0: automatically included section variable(s) unused in theorem `SafeLearning.CompleteFoundationsGeometry.norm_vanishes_iff`:
  [NormedSpace ℝ E]
consider restructuring your `variable` declarations so that the variables are not in scope or explicitly omit them:
  omit [NormedSpace ℝ E] in theorem ...

Note: This linter can be disabled with `set_option linter.unusedSectionVars false`
warning: SafeLearning/CompleteFoundationsGeometry.lean:90:0: automatically included section variable(s) unused in theorem `SafeLearning.CompleteFoundationsGeometry.norm_triangle`:
  [NormedSpace ℝ E]
consider restructuring your `variable` declarations so that the variables are not in scope or explicitly omit them:
  omit [NormedSpace ℝ E] in theorem ...

Note: This linter can be disabled with `set_option linter.unusedSectionVars false`
⚠ [9471/9980] Replayed SafeLearning.CompleteFoundationsImplicationConsequences
warning: SafeLearning/CompleteFoundationsImplicationConsequences.lean:21:9: Variable name `x` is not explicitly referenced.

Hint: The binding can be removed (if unused) or named `_` (if used implicitly). Alternatively, prefix the name with `_` to silence this warning:
  [apply] _x

Note: This linter can be disabled with `set_option linter.unusedVariables false`
warning: SafeLearning/CompleteFoundationsImplicationConsequences.lean:38:45: This simp argument is unused:
  not_imp

Hint: Omit it from the simp argument list.
  [apply] simp only [Function.Injective, not_forall] at hni

Note: This linter can be disabled with `set_option linter.unusedSimpArgs false`
⚠ [9478/9980] Replayed SafeLearning.CompleteFoundationsLiminfLimsupLesson
warning: SafeLearning/CompleteFoundationsLiminfLimsupLesson.lean:94:53: Used `tac1 <;> tac2` where `(tac1; tac2)` would suffice

Note: This linter can be disabled with `set_option linter.unnecessarySeqFocus false`
⚠ [9480/9980] Replayed SafeLearning.CompleteFoundationsLipschitzCalculus
warning: SafeLearning/CompleteFoundationsLipschitzCalculus.lean:38:48: Variable name `hR` is not explicitly referenced.

Hint: The binding can be removed (if unused) or named `_` (if used implicitly). Alternatively, prefix the name with `_` to silence this warning:
  [apply] _hR

Note: This linter can be disabled with `set_option linter.unusedVariables false`
warning: SafeLearning/CompleteFoundationsLipschitzCalculus.lean:102:28: `if_pos` has been deprecated: Use `ite_eq_left` instead
warning: SafeLearning/CompleteFoundationsLipschitzCalculus.lean:241:69: This simp argument is unused:
  one_mul

Hint: Omit it from the simp argument list.
  [apply] simp only [Real.dist_eq, mul_one, mul_zero, sub_zero, NNReal.coe_one, abs_one] at ht

Note: This linter can be disabled with `set_option linter.unusedSimpArgs false`
warning: SafeLearning/CompleteFoundationsLipschitzCalculus.lean:269:77: Used `tac1 <;> tac2` where `(tac1; tac2)` would suffice

Note: This linter can be disabled with `set_option linter.unnecessarySeqFocus false`
⚠ [9485/9980] Replayed SafeLearning.CompleteFoundationsLogBacktracking
warning: SafeLearning/CompleteFoundationsLogBacktracking.lean:116:49: Used `tac1 <;> tac2` where `(tac1; tac2)` would suffice

Note: This linter can be disabled with `set_option linter.unnecessarySeqFocus false`
warning: SafeLearning/CompleteFoundationsLogBacktracking.lean:196:44: Used `tac1 <;> tac2` where `(tac1; tac2)` would suffice

Note: This linter can be disabled with `set_option linter.unnecessarySeqFocus false`
⚠ [9490/9980] Replayed SafeLearning.CompleteFoundationsMinimaModels
warning: SafeLearning/CompleteFoundationsMinimaModels.lean:36:51: try 'simp' instead of 'simpa'

Note: This linter can be disabled with `set_option linter.unnecessarySimpa false`
warning: SafeLearning/CompleteFoundationsMinimaModels.lean:46:30: this tactic is never executed

Note: This linter can be disabled with `set_option linter.unreachableTactic false`
warning: SafeLearning/CompleteFoundationsMinimaModels.lean:46:30: Unused tactic linter: `(simp only [id_eq]; ring)` does nothing

Note: This linter can be disabled with `set_option linter.unusedTactic false`
warning: SafeLearning/CompleteFoundationsMinimaModels.lean:111:22: `Set.mem_setOf_eq` has been deprecated: Use `Set.mem_ofPred_eq` instead
warning: SafeLearning/CompleteFoundationsMinimaModels.lean:123:22: `Set.mem_setOf_eq` has been deprecated: Use `Set.mem_ofPred_eq` instead
warning: SafeLearning/CompleteFoundationsMinimaModels.lean:128:22: `Set.mem_setOf_eq` has been deprecated: Use `Set.mem_ofPred_eq` instead
⚠ [9492/9980] Replayed SafeLearning.CompleteFoundationsModelErrors
warning: SafeLearning/CompleteFoundationsModelErrors.lean:62:2: try 'simp' instead of 'simpa'

Note: This linter can be disabled with `set_option linter.unnecessarySimpa false`
⚠ [9493/9980] Replayed SafeLearning.CompleteModulesSafeOptPracticeNumbers
warning: SafeLearning/CompleteModulesSafeOptPracticeNumbers.lean:71:78: Used `tac1 <;> tac2` where `(tac1; tac2)` would suffice

Note: This linter can be disabled with `set_option linter.unnecessarySeqFocus false`
⚠ [9494/9980] Replayed SafeLearning.CompleteModulesSafeOptConfidenceIntersections
warning: SafeLearning/CompleteModulesSafeOptConfidenceIntersections.lean:35:44: `Set.mem_setOf_eq` has been deprecated: Use `Set.mem_ofPred_eq` instead
⚠ [9503/9980] Replayed SafeLearning.CompleteFoundationsNormDuality
warning: SafeLearning/CompleteFoundationsNormDuality.lean:19:0: automatically included section variable(s) unused in theorem `SafeLearning.CompleteFoundationsNormDuality.actual_l1_norm_is_sum_absolute_values`:
  [DecidableEq n]
consider restructuring your `variable` declarations so that the variables are not in scope or explicitly omit them:
  omit [DecidableEq n] in theorem ...

Note: This linter can be disabled with `set_option linter.unusedSectionVars false`
warning: SafeLearning/CompleteFoundationsNormDuality.lean:23:0: automatically included section variable(s) unused in theorem `SafeLearning.CompleteFoundationsNormDuality.actual_l2_norm_squared`:
  [DecidableEq n]
consider restructuring your `variable` declarations so that the variables are not in scope or explicitly omit them:
  omit [DecidableEq n] in theorem ...

Note: This linter can be disabled with `set_option linter.unusedSectionVars false`
warning: SafeLearning/CompleteFoundationsNormDuality.lean:29:0: automatically included section variable(s) unused in theorem `SafeLearning.CompleteFoundationsNormDuality.actual_euclidean_pairing_is_dot`:
  [DecidableEq n]
consider restructuring your `variable` declarations so that the variables are not in scope or explicitly omit them:
  omit [DecidableEq n] in theorem ...

Note: This linter can be disabled with `set_option linter.unusedSectionVars false`
warning: SafeLearning/CompleteFoundationsNormDuality.lean:142:0: automatically included section variable(s) unused in theorem `SafeLearning.CompleteFoundationsNormDuality.actual_largest_absolute_coordinate_exists`:
  [DecidableEq n]
consider restructuring your `variable` declarations so that the variables are not in scope or explicitly omit them:
  omit [DecidableEq n] in theorem ...

Note: This linter can be disabled with `set_option linter.unusedSectionVars false`
⚠ [9504/9980] Replayed SafeLearning.CompleteFoundationsNormExercises
warning: SafeLearning/CompleteFoundationsNormExercises.lean:16:0: automatically included section variable(s) unused in theorem `SafeLearning.CompleteFoundationsNormExercises.actual_infinity_norm_at_most_euclidean_norm`:
  [DecidableEq n]
consider restructuring your `variable` declarations so that the variables are not in scope or explicitly omit them:
  omit [DecidableEq n] in theorem ...

Note: This linter can be disabled with `set_option linter.unusedSectionVars false`
warning: SafeLearning/CompleteFoundationsNormExercises.lean:24:21: This simp argument is unused:
  PiLp.single_apply

Hint: Omit it from the simp argument list.
  [apply] simp [euclidean]

Note: This linter can be disabled with `set_option linter.unusedSimpArgs false`
⚠ [9505/9980] Replayed SafeLearning.CompleteFoundationsNormMaterial
warning: SafeLearning/CompleteFoundationsNormMaterial.lean:39:28: This simp argument is unused:
  Pi.single_apply

Hint: Omit it from the simp argument list.
  [apply] simp [hij]

Note: This linter can be disabled with `set_option linter.unusedSimpArgs false`
warning: SafeLearning/CompleteFoundationsNormMaterial.lean:70:0: automatically included section variable(s) unused in theorem `SafeLearning.CompleteFoundationsNormMaterial.actual_stacked_infinity_norm`:
  [DecidableEq n]
  [DecidableEq m]
consider restructuring your `variable` declarations so that the variables are not in scope or explicitly omit them:
  omit [DecidableEq n] [DecidableEq m] in theorem ...

Note: This linter can be disabled with `set_option linter.unusedSectionVars false`
⚠ [9507/9980] Replayed SafeLearning.CompleteFoundationsParameterizedConvex
warning: SafeLearning/CompleteFoundationsParameterizedConvex.lean:88:78: Used `tac1 <;> tac2` where `(tac1; tac2)` would suffice

Note: This linter can be disabled with `set_option linter.unnecessarySeqFocus false`
warning: SafeLearning/CompleteFoundationsParameterizedConvex.lean:180:67: try 'simp' instead of 'simpa'

Note: This linter can be disabled with `set_option linter.unnecessarySimpa false`
⚠ [9509/9980] Replayed SafeLearning.CompleteFoundationsParsevalModels
warning: SafeLearning/CompleteFoundationsParsevalModels.lean:29:0: automatically included section variable(s) unused in theorem `SafeLearning.CompleteFoundationsParsevalModels.actual_frobenius_squared`:
  [DecidableEq M]
  [DecidableEq N]
consider restructuring your `variable` declarations so that the variables are not in scope or explicitly omit them:
  omit [DecidableEq M] [DecidableEq N] in theorem ...

Note: This linter can be disabled with `set_option linter.unusedSectionVars false`
warning: SafeLearning/CompleteFoundationsParsevalModels.lean:32:10: This simp argument is unused:
  Real.rpow_two

Hint: Omit it from the simp argument list.
  [apply] simp [Real.norm_eq_abs, sq_abs]

Note: This linter can be disabled with `set_option linter.unusedSimpArgs false`
warning: SafeLearning/CompleteFoundationsParsevalModels.lean:35:0: automatically included section variable(s) unused in theorem `SafeLearning.CompleteFoundationsParsevalModels.actual_error_entries`:
  [DecidableEq N]
consider restructuring your `variable` declarations so that the variables are not in scope or explicitly omit them:
  omit [DecidableEq N] in theorem ...

Note: This linter can be disabled with `set_option linter.unusedSectionVars false`
warning: SafeLearning/CompleteFoundationsParsevalModels.lean:44:0: automatically included section variable(s) unused in theorem `SafeLearning.CompleteFoundationsParsevalModels.actual_error_is_symmetric`:
  [DecidableEq N]
consider restructuring your `variable` declarations so that the variables are not in scope or explicitly omit them:
  omit [DecidableEq N] in theorem ...

Note: This linter can be disabled with `set_option linter.unusedSectionVars false`
warning: SafeLearning/CompleteFoundationsParsevalModels.lean:47:0: automatically included section variable(s) unused in theorem `SafeLearning.CompleteFoundationsParsevalModels.actual_entry_differential`:
  [DecidableEq N]
consider restructuring your `variable` declarations so that the variables are not in scope or explicitly omit them:
  omit [DecidableEq N] in theorem ...

Note: This linter can be disabled with `set_option linter.unusedSectionVars false`
warning: SafeLearning/CompleteFoundationsParsevalModels.lean:56:0: automatically included section variable(s) unused in theorem `SafeLearning.CompleteFoundationsParsevalModels.actual_symmetric_trace_identity`:
  [DecidableEq M]
  [DecidableEq N]
consider restructuring your `variable` declarations so that the variables are not in scope or explicitly omit them:
  omit [DecidableEq M] [DecidableEq N] in theorem ...

Note: This linter can be disabled with `set_option linter.unusedSectionVars false`
warning: SafeLearning/CompleteFoundationsParsevalModels.lean:86:0: automatically included section variable(s) unused in theorem `SafeLearning.CompleteFoundationsParsevalModels.actual_inner_coordinates`:
  [DecidableEq M]
  [DecidableEq N]
consider restructuring your `variable` declarations so that the variables are not in scope or explicitly omit them:
  omit [DecidableEq M] [DecidableEq N] in theorem ...

Note: This linter can be disabled with `set_option linter.unusedSectionVars false`
warning: SafeLearning/CompleteFoundationsParsevalModels.lean:107:13: `ContinuousLinearMap.smul_apply` has been deprecated: Use `_root_.smul_apply` instead

Note: The updated constant is in a different namespace. Dot notation may need to be changed (e.g., from `x.smul_apply` to `_root_.smul_apply x`).
warning: SafeLearning/CompleteFoundationsParsevalModels.lean:107:44: `ContinuousLinearMap.sum_apply` has been deprecated: Use `_root_.sum_apply` instead

Note: The updated constant is in a different namespace. Dot notation may need to be changed (e.g., from `x.sum_apply` to `_root_.sum_apply x`).
⚠ [9510/9980] Replayed SafeLearning.CompleteFoundationsParsevalTrace
warning: SafeLearning/CompleteFoundationsParsevalTrace.lean:17:0: automatically included section variable(s) unused in theorem `SafeLearning.CompleteFoundationsParsevalTrace.actual_trace_pair_coordinates`:
  [DecidableEq M]
  [DecidableEq N]
consider restructuring your `variable` declarations so that the variables are not in scope or explicitly omit them:
  omit [DecidableEq M] [DecidableEq N] in theorem ...

Note: This linter can be disabled with `set_option linter.unusedSectionVars false`
warning: SafeLearning/CompleteFoundationsParsevalTrace.lean:27:0: automatically included section variable(s) unused in theorem `SafeLearning.CompleteFoundationsParsevalTrace.actual_symmetric_source_trace_equalities`:
  [DecidableEq M]
  [DecidableEq N]
consider restructuring your `variable` declarations so that the variables are not in scope or explicitly omit them:
  omit [DecidableEq M] [DecidableEq N] in theorem ...

Note: This linter can be disabled with `set_option linter.unusedSectionVars false`
⚠ [9511/9980] Replayed SafeLearning.CompleteFoundationsPolygonLP
warning: SafeLearning/CompleteFoundationsPolygonLP.lean:106:21: Unused tactic linter: `change _ = _` does nothing

Note: This linter can be disabled with `set_option linter.unusedTactic false`
warning: SafeLearning/CompleteFoundationsPolygonLP.lean:126:21: Unused tactic linter: `change _ = _` does nothing

Note: This linter can be disabled with `set_option linter.unusedTactic false`
warning: SafeLearning/CompleteFoundationsPolygonLP.lean:146:21: Unused tactic linter: `change _ = _` does nothing

Note: This linter can be disabled with `set_option linter.unusedTactic false`
warning: SafeLearning/CompleteFoundationsPolygonLP.lean:166:21: Unused tactic linter: `change _ = _` does nothing

Note: This linter can be disabled with `set_option linter.unusedTactic false`
warning: SafeLearning/CompleteFoundationsPolygonLP.lean:278:23: Unused tactic linter: `change _ = _` does nothing

Note: This linter can be disabled with `set_option linter.unusedTactic false`
⚠ [9513/9980] Replayed SafeLearning.CompleteFoundationsPowerNormalization
warning: SafeLearning/CompleteFoundationsPowerNormalization.lean:96:61: Used `tac1 <;> tac2` where `(tac1; tac2)` would suffice

Note: This linter can be disabled with `set_option linter.unnecessarySeqFocus false`
warning: SafeLearning/CompleteFoundationsPowerNormalization.lean:112:53: Used `tac1 <;> tac2` where `(tac1; tac2)` would suffice

Note: This linter can be disabled with `set_option linter.unnecessarySeqFocus false`
warning: SafeLearning/CompleteFoundationsPowerNormalization.lean:148:55: Used `tac1 <;> tac2` where `(tac1; tac2)` would suffice

Note: This linter can be disabled with `set_option linter.unnecessarySeqFocus false`
⚠ [9515/9980] Replayed SafeLearning.CompleteFoundationsPseudoinverse
warning: SafeLearning/CompleteFoundationsPseudoinverse.lean:37:33: This simp argument is unused:
  Fin.sum_univ_succ

Hint: Omit it from the simp argument list.
  [apply] simp [sourceA, Matrix.mul_apply] at h0 h1

Note: This linter can be disabled with `set_option linter.unusedSimpArgs false`
warning: SafeLearning/CompleteFoundationsPseudoinverse.lean:44:14: Used `tac1 <;> tac2` where `(tac1; tac2)` would suffice

Note: This linter can be disabled with `set_option linter.unnecessarySeqFocus false`
warning: SafeLearning/CompleteFoundationsPseudoinverse.lean:44:30: Used `tac1 <;> tac2` where `(tac1; tac2)` would suffice

Note: This linter can be disabled with `set_option linter.unnecessarySeqFocus false`
warning: SafeLearning/CompleteFoundationsPseudoinverse.lean:73:60: Used `tac1 <;> tac2` where `(tac1; tac2)` would suffice

Note: This linter can be disabled with `set_option linter.unnecessarySeqFocus false`
warning: SafeLearning/CompleteFoundationsPseudoinverse.lean:82:33: Used `tac1 <;> tac2` where `(tac1; tac2)` would suffice

Note: This linter can be disabled with `set_option linter.unnecessarySeqFocus false`
warning: SafeLearning/CompleteFoundationsPseudoinverse.lean:152:14: Used `tac1 <;> tac2` where `(tac1; tac2)` would suffice

Note: This linter can be disabled with `set_option linter.unnecessarySeqFocus false`
warning: SafeLearning/CompleteFoundationsPseudoinverse.lean:167:45: This simp argument is unused:
  Fin.sum_univ_succ

Hint: Omit it from the simp argument list.
  [apply] simp [rowMatrix, rowPlus, Matrix.mul_apply]

Note: This linter can be disabled with `set_option linter.unusedSimpArgs false`
warning: SafeLearning/CompleteFoundationsPseudoinverse.lean:175:16: Used `tac1 <;> tac2` where `(tac1; tac2)` would suffice

Note: This linter can be disabled with `set_option linter.unnecessarySeqFocus false`
⚠ [9516/9980] Replayed SafeLearning.CompleteFoundationsQuadraticExercises
warning: SafeLearning/CompleteFoundationsQuadraticExercises.lean:17:69: Used `tac1 <;> tac2` where `(tac1; tac2)` would suffice

Note: This linter can be disabled with `set_option linter.unnecessarySeqFocus false`
warning: SafeLearning/CompleteFoundationsQuadraticExercises.lean:134:21: Used `tac1 <;> tac2` where `(tac1; tac2)` would suffice

Note: This linter can be disabled with `set_option linter.unnecessarySeqFocus false`
⚠ [9518/9980] Replayed SafeLearning.CompleteFoundationsRankOneSchur
warning: SafeLearning/CompleteFoundationsRankOneSchur.lean:122:88: Used `tac1 <;> tac2` where `(tac1; tac2)` would suffice

Note: This linter can be disabled with `set_option linter.unnecessarySeqFocus false`
warning: SafeLearning/CompleteFoundationsRankOneSchur.lean:127:88: Used `tac1 <;> tac2` where `(tac1; tac2)` would suffice

Note: This linter can be disabled with `set_option linter.unnecessarySeqFocus false`
warning: SafeLearning/CompleteFoundationsRankOneSchur.lean:270:39: Used `tac1 <;> tac2` where `(tac1; tac2)` would suffice

Note: This linter can be disabled with `set_option linter.unnecessarySeqFocus false`
⚠ [9519/9980] Replayed SafeLearning.CompleteFoundationsRankOneConsequences
warning: SafeLearning/CompleteFoundationsRankOneConsequences.lean:36:37: Used `tac1 <;> tac2` where `(tac1; tac2)` would suffice

Note: This linter can be disabled with `set_option linter.unnecessarySeqFocus false`
⚠ [9524/9980] Replayed SafeLearning.CompleteFoundationsReachabilityJump
warning: SafeLearning/CompleteFoundationsReachabilityJump.lean:26:2: Unused tactic linter: `all_goals try push Not` does nothing

Note: This linter can be disabled with `set_option linter.unusedTactic false`
⚠ [9526/9980] Replayed SafeLearning.CompleteFoundationsRegretRates
warning: SafeLearning/CompleteFoundationsRegretRates.lean:74:4: try 'simp' instead of 'simpa'

Note: This linter can be disabled with `set_option linter.unnecessarySimpa false`
warning: SafeLearning/CompleteFoundationsRegretRates.lean:135:23: This simp argument is unused:
  Real.norm_eq_abs

Hint: Omit it from the simp argument list.
  [apply] simp [trialRegret, abs_pow]

Note: This linter can be disabled with `set_option linter.unusedSimpArgs false`
warning: SafeLearning/CompleteFoundationsRegretRates.lean:135:41: This simp argument is unused:
  abs_pow

Hint: Omit it from the simp argument list.
  [apply] simp [trialRegret, Real.norm_eq_abs]

Note: This linter can be disabled with `set_option linter.unusedSimpArgs false`
⚠ [9528/9980] Replayed SafeLearning.CompleteFoundationsSVDModels
warning: SafeLearning/CompleteFoundationsSVDModels.lean:121:8: `Set.mem_setOf_eq` has been deprecated: Use `Set.mem_ofPred_eq` instead
warning: SafeLearning/CompleteFoundationsSVDModels.lean:123:15: `Set.mem_setOf_eq` has been deprecated: Use `Set.mem_ofPred_eq` instead
warning: SafeLearning/CompleteFoundationsSVDModels.lean:128:10: `Set.mem_setOf_eq` has been deprecated: Use `Set.mem_ofPred_eq` instead
warning: SafeLearning/CompleteFoundationsSVDModels.lean:123:63: This simp argument is unused:
  PiLp.toLp_apply

Hint: Omit it from the simp argument list.
  [apply] simp only [Set.mem_setOf_eq, actual_coordinate_action, point, Matrix.cons_val_zero, Matrix.cons_val_one]

Note: This linter can be disabled with `set_option linter.unusedSimpArgs false`
warning: SafeLearning/CompleteFoundationsSVDModels.lean:134:27: Used `tac1 <;> tac2` where `(tac1; tac2)` would suffice

Note: This linter can be disabled with `set_option linter.unnecessarySeqFocus false`
warning: SafeLearning/CompleteFoundationsSVDModels.lean:138:35: Used `tac1 <;> tac2` where `(tac1; tac2)` would suffice

Note: This linter can be disabled with `set_option linter.unnecessarySeqFocus false`
warning: SafeLearning/CompleteFoundationsSVDModels.lean:145:44: This simp argument is unused:
  PiLp.toLp_apply

Hint: Omit it from the simp argument list.
  [apply] simp only [actual_coordinate_action, point, Matrix.cons_val_zero, Matrix.cons_val_one]

Note: This linter can be disabled with `set_option linter.unusedSimpArgs false`
⚠ [9531/9980] Replayed SafeLearning.CompleteFoundationsScopePitfalls
warning: SafeLearning/CompleteFoundationsScopePitfalls.lean:39:4: Try `simp at hf` instead of `simpa using hf`

Note: This linter can be disabled with `set_option linter.unnecessarySimpa false`
warning: SafeLearning/CompleteFoundationsScopePitfalls.lean:49:2: Try `simp at hf` instead of `simpa using hf`

Note: This linter can be disabled with `set_option linter.unnecessarySimpa false`
⚠ [9532/9980] Replayed SafeLearning.CompleteFoundationsSequences
warning: SafeLearning/CompleteFoundationsSequences.lean:141:6: This simp argument is unused:
  one_mul

Hint: Omit it from the simp argument list.
  [apply] simp only [multiplicativeAlternation, pow_succ, pow_mul, neg_one_sq, one_pow, mul_neg_one]

Note: This linter can be disabled with `set_option linter.unusedSimpArgs false`
⚠ [9533/9980] Replayed SafeLearning.CompleteFoundationsUniversalMatrices
warning: SafeLearning/CompleteFoundationsUniversalMatrices.lean:41:27: This simp argument is unused:
  Fin.sum_univ_succ

Hint: Omit it from the simp argument list.
  [apply] simp [Matrix.mul_apply, Matrix.vecMulVec]

Note: This linter can be disabled with `set_option linter.unusedSimpArgs false`
warning: SafeLearning/CompleteFoundationsUniversalMatrices.lean:43:65: This simp argument is unused:
  Fin.sum_univ_succ

Hint: Omit it from the simp argument list.
  [apply] simp [Matrix.mul_apply, Matrix.replicateRow, Matrix.replicateCol, Finset.sum_mul] at h

Note: This linter can be disabled with `set_option linter.unusedSimpArgs false`
⚠ [9538/9980] Replayed SafeLearning.CompleteFoundationsShiftedQuadratic
warning: SafeLearning/CompleteFoundationsShiftedQuadratic.lean:154:4: `push_neg` has been deprecated. Prefer using `push Not` instead.
If you'd rather continue using `push_neg` in your project, you can implement it as follows:
```
open Lean.Parser.Tactic in
macro "push_neg" cfg:optConfig loc:(location)? : tactic =>
  `(tactic| push $cfg:optConfig Not $[$loc]?)
```
⚠ [9539/9980] Replayed SafeLearning.CompleteFoundationsSixMatrixNorms
warning: SafeLearning/CompleteFoundationsSixMatrixNorms.lean:22:6: try 'simp' instead of 'simpa'

Note: This linter can be disabled with `set_option linter.unnecessarySimpa false`
warning: SafeLearning/CompleteFoundationsSixMatrixNorms.lean:23:6: try 'simp' instead of 'simpa'

Note: This linter can be disabled with `set_option linter.unnecessarySimpa false`
warning: SafeLearning/CompleteFoundationsSixMatrixNorms.lean:29:76: Used `tac1 <;> tac2` where `(tac1; tac2)` would suffice

Note: This linter can be disabled with `set_option linter.unnecessarySeqFocus false`
warning: SafeLearning/CompleteFoundationsSixMatrixNorms.lean:52:51: This simp argument is unused:
  PiLp.toLp_apply

Hint: Omit it from the simp argument list.
  [apply] simp only [PiLp.norm_eq_of_L1, Fin.sum_univ_two, Matrix.cons_val_zero, Matrix.cons_val_one, Real.norm_eq_abs]

Note: This linter can be disabled with `set_option linter.unusedSimpArgs false`
⚠ [9545/9980] Replayed SafeLearning.CompleteFoundationsSolutionSensitivity
warning: SafeLearning/CompleteFoundationsSolutionSensitivity.lean:94:64: Used `tac1 <;> tac2` where `(tac1; tac2)` would suffice

Note: This linter can be disabled with `set_option linter.unnecessarySeqFocus false`
warning: SafeLearning/CompleteFoundationsSolutionSensitivity.lean:148:69: Used `tac1 <;> tac2` where `(tac1; tac2)` would suffice

Note: This linter can be disabled with `set_option linter.unnecessarySeqFocus false`
⚠ [9547/9980] Replayed SafeLearning.CompleteFoundationsStructuredModels
warning: SafeLearning/CompleteFoundationsStructuredModels.lean:218:4: Unused tactic linter: `change (-(1 : Matrix n n ℝ)) *ᵥ v = -v` does nothing

Note: This linter can be disabled with `set_option linter.unusedTactic false`
⚠ [9553/9980] Replayed SafeLearning.CompleteFoundationsTaylorCheck
warning: SafeLearning/CompleteFoundationsTaylorCheck.lean:142:23: Used `tac1 <;> tac2` where `(tac1; tac2)` would suffice

Note: This linter can be disabled with `set_option linter.unnecessarySeqFocus false`
⚠ [9555/9980] Replayed SafeLearning.CompleteFoundationsTemporalLogDet
warning: SafeLearning/CompleteFoundationsTemporalLogDet.lean:25:0: automatically included section variable(s) unused in theorem `SafeLearning.CompleteFoundationsTemporalLogDet.actual_temporal_feature_gram_is_the_cumulative_outer_sum`:
  [Fintype feature]
  [DecidableEq feature]
consider restructuring your `variable` declarations so that the variables are not in scope or explicitly omit them:
  omit [Fintype feature] [DecidableEq feature] in theorem ...

Note: This linter can be disabled with `set_option linter.unusedSectionVars false`
warning: SafeLearning/CompleteFoundationsTemporalLogDet.lean:39:0: automatically included section variable(s) unused in theorem `SafeLearning.CompleteFoundationsTemporalLogDet.actual_temporal_covariance_update`:
  [Fintype feature]
consider restructuring your `variable` declarations so that the variables are not in scope or explicitly omit them:
  omit [Fintype feature] in theorem ...

Note: This linter can be disabled with `set_option linter.unusedSectionVars false`
warning: SafeLearning/CompleteFoundationsTemporalLogDet.lean:45:0: automatically included section variable(s) unused in theorem `SafeLearning.CompleteFoundationsTemporalLogDet.actual_temporal_initial_covariance`:
  [Fintype feature]
consider restructuring your `variable` declarations so that the variables are not in scope or explicitly omit them:
  omit [Fintype feature] in theorem ...

Note: This linter can be disabled with `set_option linter.unusedSectionVars false`
warning: SafeLearning/CompleteFoundationsTemporalLogDet.lean:108:70: Used `tac1 <;> tac2` where `(tac1; tac2)` would suffice

Note: This linter can be disabled with `set_option linter.unnecessarySeqFocus false`
warning: SafeLearning/CompleteFoundationsTemporalLogDet.lean:125:16: Used `tac1 <;> tac2` where `(tac1; tac2)` would suffice

Note: This linter can be disabled with `set_option linter.unnecessarySeqFocus false`
⚠ [9560/9980] Replayed SafeLearning.CompleteFoundationsWeightedEvaluation
warning: SafeLearning/CompleteFoundationsWeightedEvaluation.lean:112:0: automatically included section variable(s) unused in theorem `SafeLearning.CompleteFoundationsWeightedEvaluation.actual_positive_weight_row_identity_provides_a_strict_contraction_factor`:
  [DecidableEq S]
consider restructuring your `variable` declarations so that the variables are not in scope or explicitly omit them:
  omit [DecidableEq S] in theorem ...

Note: This linter can be disabled with `set_option linter.unusedSectionVars false`
⚠ [9564/9980] Replayed SafeLearning.CompleteLyapunovExerciseModels
warning: SafeLearning/CompleteLyapunovExerciseModels.lean:63:39: `Set.mem_setOf_eq` has been deprecated: Use `Set.mem_ofPred_eq` instead
warning: SafeLearning/CompleteLyapunovExerciseModels.lean:63:39: `Set.mem_setOf_eq` has been deprecated: Use `Set.mem_ofPred_eq` instead
warning: SafeLearning/CompleteLyapunovExerciseModels.lean:116:7: Variable name `n` is not explicitly referenced.

Hint: The binding can be removed (if unused) or named `_` (if used implicitly). Alternatively, prefix the name with `_` to silence this warning:
  [apply] _n

Note: This linter can be disabled with `set_option linter.unusedVariables false`
warning: SafeLearning/CompleteLyapunovExerciseModels.lean:211:46: Used `tac1 <;> tac2` where `(tac1; tac2)` would suffice

Note: This linter can be disabled with `set_option linter.unnecessarySeqFocus false`
⚠ [9568/9980] Replayed SafeLearning.CompleteLyapunovNonlinearModels
warning: SafeLearning/CompleteLyapunovNonlinearModels.lean:56:19: try 'simp' instead of 'simpa'

Note: This linter can be disabled with `set_option linter.unnecessarySimpa false`
warning: SafeLearning/CompleteLyapunovNonlinearModels.lean:68:4: Try `simp at hd` instead of `simpa using hd`

Note: This linter can be disabled with `set_option linter.unnecessarySimpa false`
warning: SafeLearning/CompleteLyapunovNonlinearModels.lean:58:55: Variable name `hc` is not explicitly referenced.

Hint: The binding can be removed (if unused) or named `_` (if used implicitly). Alternatively, prefix the name with `_` to silence this warning:
  [apply] _hc

Note: This linter can be disabled with `set_option linter.unusedVariables false`
warning: SafeLearning/CompleteLyapunovNonlinearModels.lean:149:7: Variable name `x` is not explicitly referenced.

Hint: The binding can be removed (if unused) or named `_` (if used implicitly). Alternatively, prefix the name with `_` to silence this warning:
  [apply] _x

Note: This linter can be disabled with `set_option linter.unusedVariables false`
warning: SafeLearning/CompleteLyapunovNonlinearModels.lean:150:7: Variable name `n` is not explicitly referenced.

Hint: The binding can be removed (if unused) or named `_` (if used implicitly). Alternatively, prefix the name with `_` to silence this warning:
  [apply] _n

Note: This linter can be disabled with `set_option linter.unusedVariables false`
⚠ [9572/9980] Replayed SafeLearning.CompletePolicyDivergence
warning: SafeLearning/CompletePolicyDivergence.lean:36:4: this tactic is never executed

Note: This linter can be disabled with `set_option linter.unreachableTactic false`
warning: SafeLearning/CompletePolicyDivergence.lean:36:28: this tactic is never executed

Note: This linter can be disabled with `set_option linter.unreachableTactic false`
warning: SafeLearning/CompletePolicyDivergence.lean:36:4: Unused tactic linter: `simp [Real.log_div]` does nothing

Note: This linter can be disabled with `set_option linter.unusedTactic false`
warning: SafeLearning/CompletePolicyDivergence.lean:36:28: Unused tactic linter: `ring` does nothing

Note: This linter can be disabled with `set_option linter.unusedTactic false`
⚠ [9574/9980] Replayed SafeLearning.CompleteModulesScaledGram
warning: SafeLearning/CompleteModulesScaledGram.lean:48:0: automatically included section variable(s) unused in theorem `SafeLearning.CompleteModulesScaledGram.actual_symmetric_quadratic_is_bounded_by_scaled_majorizer`:
  [DecidableEq N]
consider restructuring your `variable` declarations so that the variables are not in scope or explicitly omit them:
  omit [DecidableEq N] in theorem ...

Note: This linter can be disabled with `set_option linter.unusedSectionVars false`
⚠ [9575/9980] Replayed SafeLearning.CompleteModulesSLL
warning: SafeLearning/CompleteModulesSLL.lean:26:10: This simp argument is unused:
  Matrix.diagonal_apply

Hint: Omit it from the simp argument list.
  [apply] simp [Matrix.one_apply, (hpositive row).ne']

Note: This linter can be disabled with `set_option linter.unusedSimpArgs false`
warning: SafeLearning/CompleteModulesSLL.lean:26:32: This simp argument is unused:
  Matrix.one_apply

Hint: Omit it from the simp argument list.
  [apply] simp [Matrix.diagonal_apply, (hpositive row).ne']

Note: This linter can be disabled with `set_option linter.unusedSimpArgs false`
warning: SafeLearning/CompleteModulesSLL.lean:27:10: This simp argument is unused:
  Matrix.diagonal_apply

Hint: Omit it from the simp argument list.
  [apply] simp [Matrix.one_apply, he]

Note: This linter can be disabled with `set_option linter.unusedSimpArgs false`
warning: SafeLearning/CompleteModulesSLL.lean:27:32: This simp argument is unused:
  Matrix.one_apply

Hint: Omit it from the simp argument list.
  [apply] simp [Matrix.diagonal_apply, he]

Note: This linter can be disabled with `set_option linter.unusedSimpArgs false`
warning: SafeLearning/CompleteModulesSLL.lean:51:50: This simp argument is unused:
  Finset.mul_sum

Hint: Omit it from the simp argument list.
  [apply] simp only [Pi.sub_apply, Pi.smul_apply, smul_eq_mul, hcoordinate, Finset.sum_sub_distrib,
    Finset.sum_add_distrib, dotProduct, pow_two]

Note: This linter can be disabled with `set_option linter.unusedSimpArgs false`
warning: SafeLearning/CompleteModulesSLL.lean:81:4: Try this: 
  letI̵

The goal is a proposition, so `let` is preferred over `letI`.
The difference between `let` and `letI` is that `letI` inlines the value.
But this is not relevant for proofs because of proof irrelevance.

Note: This linter can be disabled with `set_option linter.style.haveILetI false`
warning: SafeLearning/CompleteModulesSLL.lean:106:47: This simp argument is unused:
  Pi.mul_apply

Hint: Omit it from the simp argument list.
  [apply] simp only [Matrix.mulVec_diagonal, dotProduct, Pi.sub_apply]

Note: This linter can be disabled with `set_option linter.unusedSimpArgs false`
warning: SafeLearning/CompleteModulesSLL.lean:112:40: This simp argument is unused:
  add_zero

Hint: Omit it from the simp argument list.
  [apply] simp only [zero_mul, mul_zero, zero_add, one_mul, add_sub_add_right_eq_sub, Matrix.mulVec_sub,
    Pi.sub_apply] at hq ⊢

Note: This linter can be disabled with `set_option linter.unusedSimpArgs false`
warning: SafeLearning/CompleteModulesSLL.lean:112:49: This simp argument is unused:
  one_mul

Hint: Omit it from the simp argument list.
  [apply] simp only [zero_mul, mul_zero, zero_add, add_zero, add_sub_add_right_eq_sub, Matrix.mulVec_sub,
    Pi.sub_apply] at hq ⊢

Note: This linter can be disabled with `set_option linter.unusedSimpArgs false`
⚠ [9576/9980] Replayed SafeLearning.CompleteModulesSLLConsequences
warning: SafeLearning/CompleteModulesSLLConsequences.lean:81:0: automatically included section variable(s) unused in theorem `SafeLearning.CompleteModulesSLLConsequences.actual_majorizer_diagonal_is_nonnegative`:
  [DecidableEq N]
consider restructuring your `variable` declarations so that the variables are not in scope or explicitly omit them:
  omit [DecidableEq N] in theorem ...

Note: This linter can be disabled with `set_option linter.unusedSectionVars false`
warning: SafeLearning/CompleteModulesSLLConsequences.lean:89:0: automatically included section variable(s) unused in theorem `SafeLearning.CompleteModulesSLLConsequences.actual_majorizer_diagonal_is_positive_for_nonzero_column`:
  [DecidableEq N]
consider restructuring your `variable` declarations so that the variables are not in scope or explicitly omit them:
  omit [DecidableEq N] in theorem ...

Note: This linter can be disabled with `set_option linter.unusedSectionVars false`
⚠ [9577/9980] Replayed SafeLearning.CompleteModulesSLLRegularization
warning: SafeLearning/CompleteModulesSLLRegularization.lean:30:60: This simp argument is unused:
  Matrix.diagonal_apply

Hint: Omit it from the simp argument list.
  [apply] simp [actualRegularizedDiagonal, actualScaledMajorizer]

Note: This linter can be disabled with `set_option linter.unusedSimpArgs false`
warning: SafeLearning/CompleteModulesSLLRegularization.lean:32:12: This simp argument is unused:
  actualRegularizedDiagonal

Hint: Omit it from the simp argument list.
  [apply] simp [actualScaledMajorizer, Matrix.diagonal_apply, he]

Note: This linter can be disabled with `set_option linter.unusedSimpArgs false`
warning: SafeLearning/CompleteModulesSLLRegularization.lean:32:60: This simp argument is unused:
  Matrix.diagonal_apply

Hint: Omit it from the simp argument list.
  [apply] simp [actualRegularizedDiagonal, actualScaledMajorizer, he]

Note: This linter can be disabled with `set_option linter.unusedSimpArgs false`
⚠ [9578/9980] Replayed SafeLearning.CompleteModulesAOL
warning: SafeLearning/CompleteModulesAOL.lean:19:0: automatically included section variable(s) unused in theorem `SafeLearning.CompleteModulesAOL.actual_inverse_square_root_diagonal_is_symmetric`:
  [Fintype N]
consider restructuring your `variable` declarations so that the variables are not in scope or explicitly omit them:
  omit [Fintype N] in theorem ...

Note: This linter can be disabled with `set_option linter.unusedSectionVars false`
warning: SafeLearning/CompleteModulesAOL.lean:34:37: `if_true` has been deprecated: Use `ite_true` instead
warning: SafeLearning/CompleteModulesAOL.lean:37:10: This simp argument is unused:
  Matrix.diagonal_apply

Hint: Omit it from the simp argument list.
  [apply] simp [Matrix.one_apply, he]

Note: This linter can be disabled with `set_option linter.unusedSimpArgs false`
warning: SafeLearning/CompleteModulesAOL.lean:37:32: This simp argument is unused:
  Matrix.one_apply

Hint: Omit it from the simp argument list.
  [apply] simp [Matrix.diagonal_apply, he]

Note: This linter can be disabled with `set_option linter.unusedSimpArgs false`
⚠ [9580/9980] Replayed SafeLearning.CompleteModulesLogDet
warning: SafeLearning/CompleteModulesLogDet.lean:18:44: This simp argument is unused:
  Matrix.mul_smul

Hint: Omit it from the simp argument list.
  [apply] simp [Matrix.trace_smul]

Note: This linter can be disabled with `set_option linter.unusedSimpArgs false`
⚠ [9581/9980] Replayed SafeLearning.CompleteModulesBarrierGradient
warning: SafeLearning/CompleteModulesBarrierGradient.lean:94:0: automatically included section variable(s) unused in theorem `SafeLearning.CompleteModulesBarrierGradient.actual_variation_trace_splits_into_weight_blocks`:
  [DecidableEq I]
  [DecidableEq O]
consider restructuring your `variable` declarations so that the variables are not in scope or explicitly omit them:
  omit [DecidableEq I] [DecidableEq O] in theorem ...

Note: This linter can be disabled with `set_option linter.unusedSectionVars false`
⚠ [9582/9980] Replayed SafeLearning.CompleteModulesBarrierTraining
warning: SafeLearning/CompleteModulesBarrierTraining.lean:29:6: This simp argument is unused:
  Matrix.diagonal_mul

Hint: Omit it from the simp argument list.
  [apply] simp [actualTrainingMatrix, barrierMatrix, Matrix.mul_apply, Matrix.diagonal_apply, Matrix.mul_diagonal,
    Matrix.transpose_apply]

Note: This linter can be disabled with `set_option linter.unusedSimpArgs false`
warning: SafeLearning/CompleteModulesBarrierTraining.lean:29:26: This simp argument is unused:
  Matrix.mul_diagonal

Hint: Omit it from the simp argument list.
  [apply] simp [actualTrainingMatrix, barrierMatrix, Matrix.mul_apply, Matrix.diagonal_apply, Matrix.diagonal_mul,
    Matrix.transpose_apply]

Note: This linter can be disabled with `set_option linter.unusedSimpArgs false`
warning: SafeLearning/CompleteModulesBarrierTraining.lean:30:23: This simp argument is unused:
  Matrix.transpose

Hint: Omit it from the simp argument list.
  [apply] simp [scalarWeight, Matrix.mul_apply, Matrix.diagonal_apply, Pi.mul_apply]

Note: This linter can be disabled with `set_option linter.unusedSimpArgs false`
warning: SafeLearning/CompleteModulesBarrierTraining.lean:30:40: This simp argument is unused:
  Matrix.mul_apply

Hint: Omit it from the simp argument list.
  [apply] simp [scalarWeight, Matrix.transpose, Matrix.diagonal_apply, Pi.mul_apply]

Note: This linter can be disabled with `set_option linter.unusedSimpArgs false`
warning: SafeLearning/CompleteModulesBarrierTraining.lean:30:57: This simp argument is unused:
  Matrix.diagonal_apply

Hint: Omit it from the simp argument list.
  [apply] simp [scalarWeight, Matrix.transpose, Matrix.mul_apply, Pi.mul_apply]

Note: This linter can be disabled with `set_option linter.unusedSimpArgs false`
warning: SafeLearning/CompleteModulesBarrierTraining.lean:30:79: This simp argument is unused:
  Pi.mul_apply

Hint: Omit it from the simp argument list.
  [apply] simp [scalarWeight, Matrix.transpose, Matrix.mul_apply, Matrix.diagonal_apply]

Note: This linter can be disabled with `set_option linter.unusedSimpArgs false`
warning: SafeLearning/CompleteModulesBarrierTraining.lean:39:47: This simp argument is unused:
  Fin.sum_univ_one

Hint: Omit it from the simp argument list.
  [apply] simp [actualTrainingMatrix, barrierMatrix, dotProduct, Matrix.mulVec, Matrix.mul_apply, Fintype.sum_sum_type,
    Matrix.diagonal_apply, Matrix.diagonal_mul, Matrix.mul_diagonal, Matrix.transpose_apply]

Note: This linter can be disabled with `set_option linter.unusedSimpArgs false`
warning: SafeLearning/CompleteModulesBarrierTraining.lean:40:4: This simp argument is unused:
  Matrix.diagonal_mul

Hint: Omit it from the simp argument list.
  [apply] simp [actualTrainingMatrix, barrierMatrix, dotProduct, Matrix.mulVec, Matrix.mul_apply, Fintype.sum_sum_type,
    Matrix.diagonal_apply, Fin.sum_univ_one, Matrix.mul_diagonal, Matrix.transpose_apply]

Note: This linter can be disabled with `set_option linter.unusedSimpArgs false`
warning: SafeLearning/CompleteModulesBarrierTraining.lean:40:24: This simp argument is unused:
  Matrix.mul_diagonal

Hint: Omit it from the simp argument list.
  [apply] simp [actualTrainingMatrix, barrierMatrix, dotProduct, Matrix.mulVec, Matrix.mul_apply, Fintype.sum_sum_type,
    Matrix.diagonal_apply, Fin.sum_univ_one, Matrix.diagonal_mul, Matrix.transpose_apply]

Note: This linter can be disabled with `set_option linter.unusedSimpArgs false`
warning: SafeLearning/CompleteModulesBarrierTraining.lean:41:21: This simp argument is unused:
  Matrix.transpose

Hint: Omit it from the simp argument list.
  [apply] simp [scalarWeight, Matrix.mul_apply, Matrix.diagonal_apply, Pi.mul_apply]

Note: This linter can be disabled with `set_option linter.unusedSimpArgs false`
warning: SafeLearning/CompleteModulesBarrierTraining.lean:41:38: This simp argument is unused:
  Matrix.mul_apply

Hint: Omit it from the simp argument list.
  [apply] simp [scalarWeight, Matrix.transpose, Matrix.diagonal_apply, Pi.mul_apply]

Note: This linter can be disabled with `set_option linter.unusedSimpArgs false`
warning: SafeLearning/CompleteModulesBarrierTraining.lean:41:55: This simp argument is unused:
  Matrix.diagonal_apply

Hint: Omit it from the simp argument list.
  [apply] simp [scalarWeight, Matrix.transpose, Matrix.mul_apply, Pi.mul_apply]

Note: This linter can be disabled with `set_option linter.unusedSimpArgs false`
warning: SafeLearning/CompleteModulesBarrierTraining.lean:41:77: This simp argument is unused:
  Pi.mul_apply

Hint: Omit it from the simp argument list.
  [apply] simp [scalarWeight, Matrix.transpose, Matrix.mul_apply, Matrix.diagonal_apply]

Note: This linter can be disabled with `set_option linter.unusedSimpArgs false`
⚠ [9583/9980] Replayed SafeLearning.CompleteModulesBarrierObjective
warning: SafeLearning/CompleteModulesBarrierObjective.lean:14:2: Try this: 
  letI̵

The goal is a proposition, so `let` is preferred over `letI`.
The difference between `let` and `letI` is that `letI` inlines the value.
But this is not relevant for proofs because of proof irrelevance.

Note: This linter can be disabled with `set_option linter.style.haveILetI false`
warning: SafeLearning/CompleteModulesBarrierObjective.lean:27:12: This simp argument is unused:
  Matrix.fromRows_mul_fromCols

Hint: Omit it from the simp argument list.
  [apply] simp [Matrix.mul_apply, Matrix.diagonal_apply]

Note: This linter can be disabled with `set_option linter.unusedSimpArgs false`
warning: SafeLearning/CompleteModulesBarrierObjective.lean:28:25: This simp argument is unused:
  Matrix.transpose

Hint: Omit it from the simp argument list.
  [apply] simp [scalarWeight]

Note: This linter can be disabled with `set_option linter.unusedSimpArgs false`
warning: SafeLearning/CompleteModulesBarrierObjective.lean:27:81: Used `tac1 <;> tac2` where `(tac1; tac2)` would suffice

Note: This linter can be disabled with `set_option linter.unnecessarySeqFocus false`
warning: SafeLearning/CompleteModulesBarrierObjective.lean:28:43: Used `tac1 <;> tac2` where `(tac1; tac2)` would suffice

Note: This linter can be disabled with `set_option linter.unnecessarySeqFocus false`
⚠ [9584/9980] Replayed SafeLearning.CompleteModulesBarrierPath
warning: SafeLearning/CompleteModulesBarrierPath.lean:119:5: Variable name `hpositive` is not explicitly referenced.

Hint: The binding can be removed (if unused) or named `_` (if used implicitly). Alternatively, prefix the name with `_` to silence this warning:
  [apply] _hpositive

Note: This linter can be disabled with `set_option linter.unusedVariables false`
⚠ [9585/9980] Replayed SafeLearning.CompleteModulesBarrierSoundness
warning: SafeLearning/CompleteModulesBarrierSoundness.lean:23:0: automatically included section variable(s) unused in theorem `SafeLearning.CompleteModulesBarrierSoundness.actual_barrier_reassociates_to_output_schur_block`:
  [Fintype I]
  [Fintype O]
consider restructuring your `variable` declarations so that the variables are not in scope or explicitly omit them:
  omit [Fintype I] [Fintype O] in theorem ...

Note: This linter can be disabled with `set_option linter.unusedSectionVars false`
warning: SafeLearning/CompleteModulesBarrierSoundness.lean:34:21: This simp argument is unused:
  Matrix.conjTranspose_apply

Hint: Omit it from the simp argument list.
  [apply] simp [barrierMatrix, leadingBarrierBlock, outputBarrierCross, Matrix.submatrix_apply, Equiv.sumAssoc]

Note: This linter can be disabled with `set_option linter.unusedSimpArgs false`
warning: SafeLearning/CompleteModulesBarrierSoundness.lean:36:0: automatically included section variable(s) unused in theorem `SafeLearning.CompleteModulesBarrierSoundness.actual_barrier_schur_complement_is_negative_lipsdp_certificate`:
  [Fintype I]
consider restructuring your `variable` declarations so that the variables are not in scope or explicitly omit them:
  omit [Fintype I] in theorem ...

Note: This linter can be disabled with `set_option linter.unusedSectionVars false`
warning: SafeLearning/CompleteModulesBarrierSoundness.lean:43:53: This simp argument is unused:
  Matrix.inv_def

Hint: Omit it from the simp argument list.
  [apply] simp

Note: This linter can be disabled with `set_option linter.unusedSimpArgs false`
warning: SafeLearning/CompleteModulesBarrierSoundness.lean:47:55: This simp argument is unused:
  Matrix.conjTranspose_conjTranspose

Hint: Omit it from the simp argument list.
  [apply] simp only [Matrix.conjTranspose_fromRows_eq_fromCols_conjTranspose, Matrix.fromRows_mul_fromCols,
    Matrix.conjTranspose_zero, Matrix.conjTranspose_neg, Matrix.zero_mul, Matrix.mul_zero, neg_mul_neg, mul_zero,
    zero_mul, zero_smul, zero_sub, zero_add, one_smul]

Note: This linter can be disabled with `set_option linter.unusedSimpArgs false`
warning: SafeLearning/CompleteModulesBarrierSoundness.lean:48:36: This simp argument is unused:
  neg_mul_neg

Hint: Omit it from the simp argument list.
  [apply] simp only [Matrix.conjTranspose_fromRows_eq_fromCols_conjTranspose, Matrix.fromRows_mul_fromCols,
    Matrix.conjTranspose_zero, Matrix.conjTranspose_neg, Matrix.conjTranspose_conjTranspose, Matrix.zero_mul,
    Matrix.mul_zero, mul_zero, zero_mul, zero_smul, zero_sub, zero_add, one_smul]

Note: This linter can be disabled with `set_option linter.unusedSimpArgs false`
warning: SafeLearning/CompleteModulesBarrierSoundness.lean:51:31: Used `tac1 <;> tac2` where `(tac1; tac2)` would suffice

Note: This linter can be disabled with `set_option linter.unnecessarySeqFocus false`
warning: SafeLearning/CompleteModulesBarrierSoundness.lean:58:2: Try this: 
  letI̵

The goal is a proposition, so `let` is preferred over `letI`.
The difference between `let` and `letI` is that `letI` inlines the value.
But this is not relevant for proofs because of proof irrelevance.

Note: This linter can be disabled with `set_option linter.style.haveILetI false`
warning: SafeLearning/CompleteModulesBarrierSoundness.lean:65:0: automatically included section variable(s) unused in theorem `SafeLearning.CompleteModulesBarrierSoundness.actual_positive_barrier_has_positive_diagonal_multiplier`:
  [Fintype I]
  [Fintype O]
consider restructuring your `variable` declarations so that the variables are not in scope or explicitly omit them:
  omit [Fintype I] [Fintype O] in theorem ...

Note: This linter can be disabled with `set_option linter.unusedSectionVars false`
warning: SafeLearning/CompleteModulesBarrierSoundness.lean:72:22: This simp argument is unused:
  Matrix.diagonal_apply

Hint: Omit it from the simp argument list.
  [apply] simp [barrierMatrix] at h

Note: This linter can be disabled with `set_option linter.unusedSimpArgs false`
⚠ [9586/9980] Replayed SafeLearning.CompleteModulesBook
warning: SafeLearning/CompleteModulesBook.lean:119:29: Used `tac1 <;> tac2` where `(tac1; tac2)` would suffice

Note: This linter can be disabled with `set_option linter.unnecessarySeqFocus false`
⚠ [9587/9980] Replayed SafeLearning.CompleteModulesCayley
warning: SafeLearning/CompleteModulesCayley.lean:34:0: automatically included section variable(s) unused in theorem `SafeLearning.CompleteModulesCayley.actual_skew_cayley_numerator_is_transposed_denominator`:
  [Fintype N]
consider restructuring your `variable` declarations so that the variables are not in scope or explicitly omit them:
  omit [Fintype N] in theorem ...

Note: This linter can be disabled with `set_option linter.unusedSectionVars false`
warning: SafeLearning/CompleteModulesCayley.lean:47:2: Try this: 
  letI̵

The goal is a proposition, so `let` is preferred over `letI`.
The difference between `let` and `letI` is that `letI` inlines the value.
But this is not relevant for proofs because of proof irrelevance.

Note: This linter can be disabled with `set_option linter.style.haveILetI false`
warning: SafeLearning/CompleteModulesCayley.lean:48:2: Try this: 
  letI̵

The goal is a proposition, so `let` is preferred over `letI`.
The difference between `let` and `letI` is that `letI` inlines the value.
But this is not relevant for proofs because of proof irrelevance.

Note: This linter can be disabled with `set_option linter.style.haveILetI false`
warning: SafeLearning/CompleteModulesCayley.lean:74:2: Try this: 
  letI̵

The goal is a proposition, so `let` is preferred over `letI`.
The difference between `let` and `letI` is that `letI` inlines the value.
But this is not relevant for proofs because of proof irrelevance.

Note: This linter can be disabled with `set_option linter.style.haveILetI false`
⚠ [9588/9980] Replayed SafeLearning.CompleteModulesCayleyInverse
warning: SafeLearning/CompleteModulesCayleyInverse.lean:17:2: Try this: 
  letI̵

The goal is a proposition, so `let` is preferred over `letI`.
The difference between `let` and `letI` is that `letI` inlines the value.
But this is not relevant for proofs because of proof irrelevance.

Note: This linter can be disabled with `set_option linter.style.haveILetI false`
warning: SafeLearning/CompleteModulesCayleyInverse.lean:23:2: Try this: 
  letI̵

The goal is a proposition, so `let` is preferred over `letI`.
The difference between `let` and `letI` is that `letI` inlines the value.
But this is not relevant for proofs because of proof irrelevance.

Note: This linter can be disabled with `set_option linter.style.haveILetI false`
warning: SafeLearning/CompleteModulesCayleyInverse.lean:32:2: Try this: 
  letI̵

The goal is a proposition, so `let` is preferred over `letI`.
The difference between `let` and `letI` is that `letI` inlines the value.
But this is not relevant for proofs because of proof irrelevance.

Note: This linter can be disabled with `set_option linter.style.haveILetI false`
warning: SafeLearning/CompleteModulesCayleyInverse.lean:40:2: Try this: 
  letI̵

The goal is a proposition, so `let` is preferred over `letI`.
The difference between `let` and `letI` is that `letI` inlines the value.
But this is not relevant for proofs because of proof irrelevance.

Note: This linter can be disabled with `set_option linter.style.haveILetI false`
warning: SafeLearning/CompleteModulesCayleyInverse.lean:41:2: Try this: 
  letI̵

The goal is a proposition, so `let` is preferred over `letI`.
The difference between `let` and `letI` is that `letI` inlines the value.
But this is not relevant for proofs because of proof irrelevance.

Note: This linter can be disabled with `set_option linter.style.haveILetI false`
warning: SafeLearning/CompleteModulesCayleyInverse.lean:69:2: Try this: 
  letI̵

The goal is a proposition, so `let` is preferred over `letI`.
The difference between `let` and `letI` is that `letI` inlines the value.
But this is not relevant for proofs because of proof irrelevance.

Note: This linter can be disabled with `set_option linter.style.haveILetI false`
warning: SafeLearning/CompleteModulesCayleyInverse.lean:71:2: Try this: 
  letI̵

The goal is a proposition, so `let` is preferred over `letI`.
The difference between `let` and `letI` is that `letI` inlines the value.
But this is not relevant for proofs because of proof irrelevance.

Note: This linter can be disabled with `set_option linter.style.haveILetI false`
warning: SafeLearning/CompleteModulesCayleyInverse.lean:90:2: Try this: 
  letI̵

The goal is a proposition, so `let` is preferred over `letI`.
The difference between `let` and `letI` is that `letI` inlines the value.
But this is not relevant for proofs because of proof irrelevance.

Note: This linter can be disabled with `set_option linter.style.haveILetI false`
warning: SafeLearning/CompleteModulesCayleyInverse.lean:91:2: Try this: 
  letI̵

The goal is a proposition, so `let` is preferred over `letI`.
The difference between `let` and `letI` is that `letI` inlines the value.
But this is not relevant for proofs because of proof irrelevance.

Note: This linter can be disabled with `set_option linter.style.haveILetI false`
⚠ [9589/9980] Replayed SafeLearning.CompleteModulesCayleyPlane
warning: SafeLearning/CompleteModulesCayleyPlane.lean:31:6: This simp argument is unused:
  Matrix.smul_apply

Hint: Omit it from the simp argument list.
  [apply] simp [actualPlaneSkew, Matrix.mul_apply, Fin.sum_univ_two, Matrix.add_apply, Matrix.one_apply]

Note: This linter can be disabled with `set_option linter.unusedSimpArgs false`
⚠ [9590/9980] Replayed SafeLearning.CompleteModulesCayleyRange
warning: SafeLearning/CompleteModulesCayleyRange.lean:39:42: This simp argument is unused:
  Matrix.one_apply

Hint: Omit it from the simp argument list.
  [apply] simp [ha, hb, hc, hd]

Note: This linter can be disabled with `set_option linter.unusedSimpArgs false`
⚠ [9597/9980] Replayed SafeLearning.CompleteModulesComplexCayley
warning: SafeLearning/CompleteModulesComplexCayley.lean:35:0: automatically included section variable(s) unused in theorem `SafeLearning.CompleteModulesComplexCayley.actual_complex_skew_numerator_is_adjoint_denominator`:
  [Fintype N]
consider restructuring your `variable` declarations so that the variables are not in scope or explicitly omit them:
  omit [Fintype N] in theorem ...

Note: This linter can be disabled with `set_option linter.unusedSectionVars false`
warning: SafeLearning/CompleteModulesComplexCayley.lean:48:2: Try this: 
  letI̵

The goal is a proposition, so `let` is preferred over `letI`.
The difference between `let` and `letI` is that `letI` inlines the value.
But this is not relevant for proofs because of proof irrelevance.

Note: This linter can be disabled with `set_option linter.style.haveILetI false`
warning: SafeLearning/CompleteModulesComplexCayley.lean:49:2: Try this: 
  letI̵

The goal is a proposition, so `let` is preferred over `letI`.
The difference between `let` and `letI` is that `letI` inlines the value.
But this is not relevant for proofs because of proof irrelevance.

Note: This linter can be disabled with `set_option linter.style.haveILetI false`
warning: SafeLearning/CompleteModulesComplexCayley.lean:74:2: Try this: 
  letI̵

The goal is a proposition, so `let` is preferred over `letI`.
The difference between `let` and `letI` is that `letI` inlines the value.
But this is not relevant for proofs because of proof irrelevance.

Note: This linter can be disabled with `set_option linter.style.haveILetI false`
⚠ [9598/9980] Replayed SafeLearning.CompleteModulesComplexCayleyCounterexample
warning: SafeLearning/CompleteModulesComplexCayleyCounterexample.lean:29:45: This simp argument is unused:
  Fin.sum_univ_one

Hint: Omit it from the simp argument list.
  [apply] simp [actualImaginarySkew, Matrix.mul_apply, Matrix.add_apply]

Note: This linter can be disabled with `set_option linter.unusedSimpArgs false`
warning: SafeLearning/CompleteModulesComplexCayleyCounterexample.lean:31:39: this tactic is never executed

Note: This linter can be disabled with `set_option linter.unreachableTactic false`
warning: SafeLearning/CompleteModulesComplexCayleyCounterexample.lean:31:22: Used `tac1 <;> tac2` where `(tac1; tac2)` would suffice

Note: This linter can be disabled with `set_option linter.unnecessarySeqFocus false`
warning: SafeLearning/CompleteModulesComplexCayleyCounterexample.lean:31:39: Unused tactic linter: `ring` does nothing

Note: This linter can be disabled with `set_option linter.unusedTactic false`
warning: SafeLearning/CompleteModulesComplexCayleyCounterexample.lean:41:45: This simp argument is unused:
  Fin.sum_univ_one

Hint: Omit it from the simp argument list.
  [apply] simp [actualImaginarySkew, Matrix.mul_apply, Matrix.sub_apply]

Note: This linter can be disabled with `set_option linter.unusedSimpArgs false`
warning: SafeLearning/CompleteModulesComplexCayleyCounterexample.lean:43:22: Used `tac1 <;> tac2` where `(tac1; tac2)` would suffice

Note: This linter can be disabled with `set_option linter.unnecessarySeqFocus false`
warning: SafeLearning/CompleteModulesComplexCayleyCounterexample.lean:52:25: This simp argument is unused:
  Fin.sum_univ_one

Hint: Omit it from the simp argument list.
  [apply] simp [Matrix.mul_apply, Complex.I_sq]

Note: This linter can be disabled with `set_option linter.unusedSimpArgs false`
warning: SafeLearning/CompleteModulesComplexCayleyCounterexample.lean:52:42: This simp argument is unused:
  Complex.I_sq

Hint: Omit it from the simp argument list.
  [apply] simp [Matrix.mul_apply, Fin.sum_univ_one]

Note: This linter can be disabled with `set_option linter.unusedSimpArgs false`
⚠ [9599/9980] Replayed SafeLearning.CompleteModulesComplexCayleyInverse
warning: SafeLearning/CompleteModulesComplexCayleyInverse.lean:17:2: Try this: 
  letI̵

The goal is a proposition, so `let` is preferred over `letI`.
The difference between `let` and `letI` is that `letI` inlines the value.
But this is not relevant for proofs because of proof irrelevance.

Note: This linter can be disabled with `set_option linter.style.haveILetI false`
warning: SafeLearning/CompleteModulesComplexCayleyInverse.lean:23:2: Try this: 
  letI̵

The goal is a proposition, so `let` is preferred over `letI`.
The difference between `let` and `letI` is that `letI` inlines the value.
But this is not relevant for proofs because of proof irrelevance.

Note: This linter can be disabled with `set_option linter.style.haveILetI false`
warning: SafeLearning/CompleteModulesComplexCayleyInverse.lean:32:2: Try this: 
  letI̵

The goal is a proposition, so `let` is preferred over `letI`.
The difference between `let` and `letI` is that `letI` inlines the value.
But this is not relevant for proofs because of proof irrelevance.

Note: This linter can be disabled with `set_option linter.style.haveILetI false`
warning: SafeLearning/CompleteModulesComplexCayleyInverse.lean:40:2: Try this: 
  letI̵

The goal is a proposition, so `let` is preferred over `letI`.
The difference between `let` and `letI` is that `letI` inlines the value.
But this is not relevant for proofs because of proof irrelevance.

Note: This linter can be disabled with `set_option linter.style.haveILetI false`
warning: SafeLearning/CompleteModulesComplexCayleyInverse.lean:41:2: Try this: 
  letI̵

The goal is a proposition, so `let` is preferred over `letI`.
The difference between `let` and `letI` is that `letI` inlines the value.
But this is not relevant for proofs because of proof irrelevance.

Note: This linter can be disabled with `set_option linter.style.haveILetI false`
warning: SafeLearning/CompleteModulesComplexCayleyInverse.lean:69:2: Try this: 
  letI̵

The goal is a proposition, so `let` is preferred over `letI`.
The difference between `let` and `letI` is that `letI` inlines the value.
But this is not relevant for proofs because of proof irrelevance.

Note: This linter can be disabled with `set_option linter.style.haveILetI false`
warning: SafeLearning/CompleteModulesComplexCayleyInverse.lean:71:2: Try this: 
  letI̵

The goal is a proposition, so `let` is preferred over `letI`.
The difference between `let` and `letI` is that `letI` inlines the value.
But this is not relevant for proofs because of proof irrelevance.

Note: This linter can be disabled with `set_option linter.style.haveILetI false`
warning: SafeLearning/CompleteModulesComplexCayleyInverse.lean:90:2: Try this: 
  letI̵

The goal is a proposition, so `let` is preferred over `letI`.
The difference between `let` and `letI` is that `letI` inlines the value.
But this is not relevant for proofs because of proof irrelevance.

Note: This linter can be disabled with `set_option linter.style.haveILetI false`
warning: SafeLearning/CompleteModulesComplexCayleyInverse.lean:91:2: Try this: 
  letI̵

The goal is a proposition, so `let` is preferred over `letI`.
The difference between `let` and `letI` is that `letI` inlines the value.
But this is not relevant for proofs because of proof irrelevance.

Note: This linter can be disabled with `set_option linter.style.haveILetI false`
⚠ [9602/9980] Replayed SafeLearning.CompleteModulesDesignAOL
warning: SafeLearning/CompleteModulesDesignAOL.lean:26:69: Used `tac1 <;> tac2` where `(tac1; tac2)` would suffice

Note: This linter can be disabled with `set_option linter.unnecessarySeqFocus false`
warning: SafeLearning/CompleteModulesDesignAOL.lean:71:4: This simp argument is unused:
  Matrix.vecMul

Hint: Omit it from the simp argument list.
  [apply] simp [sourceLayer, sourceD, actualSourceWeights, Matrix.mul_apply, Matrix.mulVec, dotProduct,
    Fin.sum_univ_two, diagonal_apply]

Note: This linter can be disabled with `set_option linter.unusedSimpArgs false`
⚠ [9605/9980] Replayed SafeLearning.CompleteModulesDesignCertificateSet
warning: SafeLearning/CompleteModulesDesignCertificateSet.lean:57:56: This simp argument is unused:
  Fin.sum_univ_one

Hint: Omit it from the simp argument list.
  [apply] simp [sourceCertificate, blockCertificate, sourceFirst, sourceLast, dotProduct, Matrix.mulVec,
    Matrix.mul_apply, Fintype.sum_sum_type, Fin.sum_univ_two, Matrix.fromBlocks, Matrix.diagonal_apply]

Note: This linter can be disabled with `set_option linter.unusedSimpArgs false`
warning: SafeLearning/CompleteModulesDesignCertificateSet.lean:59:2: Unused tactic linter: `norm_num [Matrix.transpose, Matrix.transpose_apply, Matrix.mul_apply, Matrix.diagonal_mul,
  Fin.sum_univ_one, Fin.sum_univ_two, Matrix.diagonal_apply]` does nothing

Note: This linter can be disabled with `set_option linter.unusedTactic false`
warning: SafeLearning/CompleteModulesDesignCertificateSet.lean:81:11: this tactic is never executed

Note: This linter can be disabled with `set_option linter.unreachableTactic false`
warning: SafeLearning/CompleteModulesDesignCertificateSet.lean:85:11: this tactic is never executed

Note: This linter can be disabled with `set_option linter.unreachableTactic false`
warning: SafeLearning/CompleteModulesDesignCertificateSet.lean:90:11: this tactic is never executed

Note: This linter can be disabled with `set_option linter.unreachableTactic false`
warning: SafeLearning/CompleteModulesDesignCertificateSet.lean:94:11: this tactic is never executed

Note: This linter can be disabled with `set_option linter.unreachableTactic false`
warning: SafeLearning/CompleteModulesDesignCertificateSet.lean:81:11: Unused tactic linter: `norm_num [Matrix.transpose, Matrix.transpose_apply, Matrix.mul_apply, Matrix.diagonal_mul,
  Fin.sum_univ_one, Fin.sum_univ_two, Matrix.diagonal_apply]` does nothing

Note: This linter can be disabled with `set_option linter.unusedTactic false`
warning: SafeLearning/CompleteModulesDesignCertificateSet.lean:85:11: Unused tactic linter: `norm_num [Matrix.transpose, Matrix.transpose_apply, Matrix.mul_apply, Matrix.diagonal_mul,
  Fin.sum_univ_one, Fin.sum_univ_two, Matrix.diagonal_apply]` does nothing

Note: This linter can be disabled with `set_option linter.unusedTactic false`
warning: SafeLearning/CompleteModulesDesignCertificateSet.lean:90:11: Unused tactic linter: `norm_num [Matrix.transpose, Matrix.transpose_apply, Matrix.mul_apply, Matrix.diagonal_mul,
  Fin.sum_univ_one, Fin.sum_univ_two, Matrix.diagonal_apply]` does nothing

Note: This linter can be disabled with `set_option linter.unusedTactic false`
warning: SafeLearning/CompleteModulesDesignCertificateSet.lean:94:11: Unused tactic linter: `norm_num [Matrix.transpose, Matrix.transpose_apply, Matrix.mul_apply, Matrix.diagonal_mul,
  Fin.sum_univ_one, Fin.sum_univ_two, Matrix.diagonal_apply]` does nothing

Note: This linter can be disabled with `set_option linter.unusedTactic false`
⚠ [9607/9980] Replayed SafeLearning.CompleteModulesDesignEasyMatrices
warning: SafeLearning/CompleteModulesDesignEasyMatrices.lean:128:75: This simp argument is unused:
  Fin.sum_univ_one

Hint: Omit it from the simp argument list.
  [apply] simp [sourceEmbedding, Matrix.mulVec, dotProduct]

Note: This linter can be disabled with `set_option linter.unusedSimpArgs false`
⚠ [9609/9980] Replayed SafeLearning.CompleteModulesGeneralNormalization
warning: SafeLearning/CompleteModulesGeneralNormalization.lean:20:0: automatically included section variable(s) unused in theorem `SafeLearning.CompleteModulesGeneralNormalization.actual_per_channel_normalization_gain_is_positive`:
  [DecidableEq I]
consider restructuring your `variable` declarations so that the variables are not in scope or explicitly omit them:
  omit [DecidableEq I] in theorem ...

Note: This linter can be disabled with `set_option linter.unusedSectionVars false`
warning: SafeLearning/CompleteModulesGeneralNormalization.lean:48:0: automatically included section variable(s) unused in theorem `SafeLearning.CompleteModulesGeneralNormalization.actual_per_channel_normalizer_increment_is_diagonal_action`:
  [Nonempty I]
consider restructuring your `variable` declarations so that the variables are not in scope or explicitly omit them:
  omit [Nonempty I] in theorem ...

Note: This linter can be disabled with `set_option linter.unusedSectionVars false`
warning: SafeLearning/CompleteModulesGeneralNormalization.lean:56:49: This simp argument is unused:
  Pi.mul_apply

Hint: Omit it from the simp argument list.
  [apply] simp only [Pi.sub_apply, Matrix.mulVec_diagonal]

Note: This linter can be disabled with `set_option linter.unusedSimpArgs false`
⚠ [9610/9980] Replayed SafeLearning.CompleteModulesDesignEasyPreprocessing
warning: SafeLearning/CompleteModulesDesignEasyPreprocessing.lean:49:22: Used `tac1 <;> tac2` where `(tac1; tac2)` would suffice

Note: This linter can be disabled with `set_option linter.unnecessarySeqFocus false`
⚠ [9611/9980] Replayed SafeLearning.CompleteModulesDesignExpressivity
warning: SafeLearning/CompleteModulesDesignExpressivity.lean:44:56: This simp argument is unused:
  real_inner_self_eq_norm_sq

Hint: Omit it from the simp argument list.
  [apply] simp [sourceTarget, inner_add_right, inner_smul_right]

Note: This linter can be disabled with `set_option linter.unusedSimpArgs false`
⚠ [9615/9980] Replayed SafeLearning.CompleteModulesDesignTruncation
warning: SafeLearning/CompleteModulesDesignTruncation.lean:21:82: Used `tac1 <;> tac2` where `(tac1; tac2)` would suffice

Note: This linter can be disabled with `set_option linter.unnecessarySeqFocus false`
warning: SafeLearning/CompleteModulesDesignTruncation.lean:34:53: This simp argument is unused:
  conjTranspose_apply

Hint: Omit it from the simp argument list.
  [apply] simp [realification, mul_apply, Fin.sum_univ_two, diagonal_apply]

Note: This linter can be disabled with `set_option linter.unusedSimpArgs false`
warning: SafeLearning/CompleteModulesDesignTruncation.lean:34:73: This simp argument is unused:
  diagonal_apply

Hint: Omit it from the simp argument list.
  [apply] simp [realification, mul_apply, Fin.sum_univ_two, conjTranspose_apply]

Note: This linter can be disabled with `set_option linter.unusedSimpArgs false`
warning: SafeLearning/CompleteModulesDesignTruncation.lean:106:65: Used `tac1 <;> tac2` where `(tac1; tac2)` would suffice

Note: This linter can be disabled with `set_option linter.unnecessarySeqFocus false`
⚠ [9618/9980] Replayed SafeLearning.CompleteModulesDynamicLayer
warning: SafeLearning/CompleteModulesDynamicLayer.lean:68:13: This simp argument is unused:
  actual_bilinear_matrix_pullback

Hint: Omit it from the simp argument list.
  [apply] simp only [← Matrix.mulVec_mulVec, Matrix.dotProduct_transpose_mulVec, Matrix.mulVec_add, add_dotProduct,
    dotProduct_add]

Note: This linter can be disabled with `set_option linter.unusedSimpArgs false`
warning: SafeLearning/CompleteModulesDynamicLayer.lean:69:57: This simp argument is unused:
  add_dotProduct

Hint: Omit it from the simp argument list.
  [apply] simp only [actual_bilinear_matrix_pullback, ← Matrix.mulVec_mulVec, Matrix.dotProduct_transpose_mulVec,
    Matrix.mulVec_add, dotProduct_add]

Note: This linter can be disabled with `set_option linter.unusedSimpArgs false`
warning: SafeLearning/CompleteModulesDynamicLayer.lean:70:47: This simp argument is unused:
  Pi.mul_apply

Hint: Omit it from the simp argument list.
  [apply] simp only [Matrix.mulVec_diagonal, dotProduct, Pi.add_apply, Finset.sum_add_distrib, Finset.sum_sub_distrib,
    Finset.mul_sum, Finset.sum_mul]

Note: This linter can be disabled with `set_option linter.unusedSimpArgs false`
warning: SafeLearning/CompleteModulesDynamicLayer.lean:70:60: This simp argument is unused:
  Pi.add_apply

Hint: Omit it from the simp argument list.
  [apply] simp only [Matrix.mulVec_diagonal, dotProduct, Pi.mul_apply, Finset.sum_add_distrib, Finset.sum_sub_distrib,
    Finset.mul_sum, Finset.sum_mul]

Note: This linter can be disabled with `set_option linter.unusedSimpArgs false`
warning: SafeLearning/CompleteModulesDynamicLayer.lean:70:73: This simp argument is unused:
  Finset.sum_add_distrib

Hint: Omit it from the simp argument list.
  [apply] simp only [Matrix.mulVec_diagonal, dotProduct, Pi.mul_apply, Pi.add_apply, Finset.sum_sub_distrib,
    Finset.mul_sum, Finset.sum_mul]

Note: This linter can be disabled with `set_option linter.unusedSimpArgs false`
warning: SafeLearning/CompleteModulesDynamicLayer.lean:71:4: This simp argument is unused:
  Finset.sum_sub_distrib

Hint: Omit it from the simp argument list.
  [apply] simp only [Matrix.mulVec_diagonal, dotProduct, Pi.mul_apply, Pi.add_apply, Finset.sum_add_distrib,
    Finset.mul_sum, Finset.sum_mul]

Note: This linter can be disabled with `set_option linter.unusedSimpArgs false`
warning: SafeLearning/CompleteModulesDynamicLayer.lean:71:42: This simp argument is unused:
  Finset.sum_mul

Hint: Omit it from the simp argument list.
  [apply] simp only [Matrix.mulVec_diagonal, dotProduct, Pi.mul_apply, Pi.add_apply, Finset.sum_add_distrib,
    Finset.sum_sub_distrib, Finset.mul_sum]

Note: This linter can be disabled with `set_option linter.unusedSimpArgs false`
⚠ [9619/9980] Replayed SafeLearning.CompleteModulesDynamicLayerSoundness
warning: SafeLearning/CompleteModulesDynamicLayerSoundness.lean:23:0: automatically included section variable(s) unused in theorem `SafeLearning.CompleteModulesDynamicLayerSoundness.actual_dynamic_preactivation_difference_cancels_bias`:
  [Fintype O]
  [DecidableEq O]
consider restructuring your `variable` declarations so that the variables are not in scope or explicitly omit them:
  omit [Fintype O] [DecidableEq O] in theorem ...

Note: This linter can be disabled with `set_option linter.unusedSectionVars false`
⚠ [9620/9980] Replayed SafeLearning.CompleteModulesDynamicLayerTrajectory
warning: SafeLearning/CompleteModulesDynamicLayerTrajectory.lean:13:0: automatically included section variable(s) unused in theorem `SafeLearning.CompleteModulesDynamicLayerTrajectory.actual_layer_lmi_bounds_every_finite_trajectory_weighted_energy`:
  [DecidableEq S]
  [DecidableEq I]
consider restructuring your `variable` declarations so that the variables are not in scope or explicitly omit them:
  omit [DecidableEq S] [DecidableEq I] in theorem ...

Note: This linter can be disabled with `set_option linter.unusedSectionVars false`
warning: SafeLearning/CompleteModulesDynamicLayerTrajectory.lean:91:0: automatically included section variable(s) unused in theorem `SafeLearning.CompleteModulesDynamicLayerTrajectory.actual_dynamic_layer_certificate_dimension_is_state_plus_input_plus_output`:
  [DecidableEq S]
  [DecidableEq I]
  [DecidableEq O]
consider restructuring your `variable` declarations so that the variables are not in scope or explicitly omit them:
  omit [DecidableEq S] [DecidableEq I] [DecidableEq O] in theorem ...

Note: This linter can be disabled with `set_option linter.unusedSectionVars false`
warning: SafeLearning/CompleteModulesDynamicLayerTrajectory.lean:95:0: automatically included section variable(s) unused in theorem `SafeLearning.CompleteModulesDynamicLayerTrajectory.actual_three_tap_dynamic_certificate_has_signal_length_independent_dimension`:
  [DecidableEq I]
  [DecidableEq O]
consider restructuring your `variable` declarations so that the variables are not in scope or explicitly omit them:
  omit [DecidableEq I] [DecidableEq O] in theorem ...

Note: This linter can be disabled with `set_option linter.unusedSectionVars false`
⚠ [9624/9980] Replayed SafeLearning.CompleteModulesEigenProduct
warning: SafeLearning/CompleteModulesEigenProduct.lean:18:34: This simp argument is unused:
  ih

Hint: Omit it from the simp argument list.
  [apply] simp [pow_succ, mul_comm]

Note: This linter can be disabled with `set_option linter.unusedSimpArgs false`
⚠ [9630/9980] Replayed SafeLearning.CompleteModulesEllipsoidExample
warning: SafeLearning/CompleteModulesEllipsoidExample.lean:102:49: Used `tac1 <;> tac2` where `(tac1; tac2)` would suffice

Note: This linter can be disabled with `set_option linter.unnecessarySeqFocus false`
⚠ [9635/9980] Replayed SafeLearning.CompleteModulesEllipsoidRow
warning: SafeLearning/CompleteModulesEllipsoidRow.lean:107:8: This simp argument is unused:
  Matrix.diagonal_apply

Hint: Omit it from the simp argument list.
  [apply] simp [actualRowMatrix, actualRowEnergy, Matrix.mul_apply, Matrix.transpose_apply, Matrix.mulVec, dotProduct,
    Finset.sum_mul, actualRadiusSquareMatrix]

Note: This linter can be disabled with `set_option linter.unusedSimpArgs false`
warning: SafeLearning/CompleteModulesEllipsoidRow.lean:129:0: automatically included section variable(s) unused in theorem `SafeLearning.CompleteModulesEllipsoidRow.actual_smaller_row_interval_bound_implies_the_larger_bound`:
  [DecidableEq n]
consider restructuring your `variable` declarations so that the variables are not in scope or explicitly omit them:
  omit [DecidableEq n] in theorem ...

Note: This linter can be disabled with `set_option linter.unusedSectionVars false`
⚠ [9636/9980] Replayed SafeLearning.CompleteModulesEllipsoidOffset
warning: SafeLearning/CompleteModulesEllipsoidOffset.lean:12:0: automatically included section variable(s) unused in theorem `SafeLearning.CompleteModulesEllipsoidOffset.actual_negative_ellipsoid_vector_has_the_same_energy`:
  [DecidableEq n]
consider restructuring your `variable` declarations so that the variables are not in scope or explicitly omit them:
  omit [DecidableEq n] in theorem ...

Note: This linter can be disabled with `set_option linter.unusedSectionVars false`
⚠ [9640/9980] Replayed SafeLearning.CompleteModulesFIRBase
warning: SafeLearning/CompleteModulesFIRBase.lean:51:46: This simp argument is unused:
  Matrix.smul_mul

Hint: Omit it from the simp argument list.
  [apply] simp [actualFIRGramian, actualFIRStateMatrix, Matrix.mul_smul]

Note: This linter can be disabled with `set_option linter.unusedSimpArgs false`
warning: SafeLearning/CompleteModulesFIRBase.lean:51:62: This simp argument is unused:
  Matrix.mul_smul

Hint: Omit it from the simp argument list.
  [apply] simp [actualFIRGramian, actualFIRStateMatrix, Matrix.smul_mul]

Note: This linter can be disabled with `set_option linter.unusedSimpArgs false`
warning: SafeLearning/CompleteModulesFIRBase.lean:66:2: Used `tac1 <;> tac2` where `(tac1; tac2)` would suffice

Note: This linter can be disabled with `set_option linter.unnecessarySeqFocus false`
warning: SafeLearning/CompleteModulesFIRBase.lean:76:25: This simp argument is unused:
  Matrix.smul_mul

Hint: Omit it from the simp argument list.
  [apply] simp [actualFIRStorage, Matrix.mul_smul, smul_smul, hn]

Note: This linter can be disabled with `set_option linter.unusedSimpArgs false`
warning: SafeLearning/CompleteModulesFIRBase.lean:76:41: This simp argument is unused:
  Matrix.mul_smul

Hint: Omit it from the simp argument list.
  [apply] simp [actualFIRStorage, Matrix.smul_mul, smul_smul, hn]

Note: This linter can be disabled with `set_option linter.unusedSimpArgs false`
warning: SafeLearning/CompleteModulesFIRBase.lean:99:54: This simp argument is unused:
  Fin.sum_univ_one

Hint: Omit it from the simp argument list.
  [apply] simp [actualFIRDissipationMatrix, Matrix.mul_apply]

Note: This linter can be disabled with `set_option linter.unusedSimpArgs false`
⚠ [9644/9980] Replayed SafeLearning.CompleteModulesFIROperator
warning: SafeLearning/CompleteModulesFIROperator.lean:33:0: automatically included section variable(s) unused in theorem `SafeLearning.CompleteModulesFIROperator.actual_unit_row_cholesky_certificate_identity`:
  [Fintype N]
  [DecidableEq N]
consider restructuring your `variable` declarations so that the variables are not in scope or explicitly omit them:
  omit [Fintype N] [DecidableEq N] in theorem ...

Note: This linter can be disabled with `set_option linter.unusedSectionVars false`
warning: SafeLearning/CompleteModulesFIROperator.lean:54:67: This simp argument is unused:
  Matrix.mul_apply

Hint: Omit it from the simp argument list.
  [apply] simp [quadratic, actualFIRKernelRow, actualFIROutput, Matrix.mulVec, Fin.sum_univ_two, Fin.sum_univ_one,
    dotProduct]

Note: This linter can be disabled with `set_option linter.unusedSimpArgs false`
warning: SafeLearning/CompleteModulesFIROperator.lean:55:21: This simp argument is unused:
  Fin.sum_univ_one

Hint: Omit it from the simp argument list.
  [apply] simp [quadratic, actualFIRKernelRow, actualFIROutput, Matrix.mulVec, Matrix.mul_apply, Fin.sum_univ_two,
    dotProduct]

Note: This linter can be disabled with `set_option linter.unusedSimpArgs false`
warning: SafeLearning/CompleteModulesFIROperator.lean:70:48: Variable name `hstorage` is not explicitly referenced.

Hint: The binding can be removed (if unused) or named `_` (if used implicitly). Alternatively, prefix the name with `_` to silence this warning:
  [apply] _hstorage

Note: This linter can be disabled with `set_option linter.unusedVariables false`
⚠ [9645/9980] Replayed SafeLearning.CompleteModulesFIRNumbers
warning: SafeLearning/CompleteModulesFIRNumbers.lean:80:23: This simp argument is unused:
  Fin.sum_univ_one

Hint: Omit it from the simp argument list.
  [apply] simp [actualExactCertificate, actualSourceKernelRow, actualDelayedKernel, actualCurrentKernel,
    Matrix.mul_apply]

Note: This linter can be disabled with `set_option linter.unusedSimpArgs false`
⚠ [9646/9980] Replayed SafeLearning.CompleteModulesFIRParameterization
warning: SafeLearning/CompleteModulesFIRParameterization.lean:22:2: try 'simp' instead of 'simpa'

Note: This linter can be disabled with `set_option linter.unnecessarySimpa false`
warning: SafeLearning/CompleteModulesFIRParameterization.lean:44:38: This simp argument is unused:
  Matrix.replicateRow_apply

Hint: Omit it from the simp argument list.
  [apply] simp [actualUnitRow, actualParameterUnitVector, actualParameterFactor, actualFIRKernelRow,
    actualParameterizedCurrentKernel, actualParameterizedDelayedKernel, Matrix.mul_apply, Fin.sum_univ_two]

Note: This linter can be disabled with `set_option linter.unusedSimpArgs false`
⚠ [9648/9980] Replayed SafeLearning.CompleteModulesFIRCorollaries
warning: SafeLearning/CompleteModulesFIRCorollaries.lean:18:31: This simp argument is unused:
  Matrix.one_apply

Hint: Omit it from the simp argument list.
  [apply] simp [actualSourceCholesky, ne_of_lt h]

Note: This linter can be disabled with `set_option linter.unusedSimpArgs false`
warning: SafeLearning/CompleteModulesFIRCorollaries.lean:21:31: This simp argument is unused:
  Matrix.one_apply

Hint: Omit it from the simp argument list.
  [apply] simp [actualSourceCholesky, (ne_of_lt h).symm]

Note: This linter can be disabled with `set_option linter.unusedSimpArgs false`
⚠ [9650/9980] Replayed SafeLearning.CompleteModulesFinite
warning: SafeLearning/CompleteModulesFinite.lean:28:32: This simp argument is unused:
  Bool.true_eq

Hint: Omit it from the simp argument list.
  [apply] simp only [thermalSuccessor, ite_true]

Note: This linter can be disabled with `set_option linter.unusedSimpArgs false`
warning: SafeLearning/CompleteModulesFinite.lean:36:32: `Set.mem_setOf_eq` has been deprecated: Use `Set.mem_ofPred_eq` instead
warning: SafeLearning/CompleteModulesFinite.lean:46:32: `Set.mem_setOf_eq` has been deprecated: Use `Set.mem_ofPred_eq` instead
warning: SafeLearning/CompleteModulesFinite.lean:56:32: `Set.mem_setOf_eq` has been deprecated: Use `Set.mem_ofPred_eq` instead
warning: SafeLearning/CompleteModulesFinite.lean:67:32: `Set.mem_setOf_eq` has been deprecated: Use `Set.mem_ofPred_eq` instead
warning: SafeLearning/CompleteModulesFinite.lean:77:32: `Set.mem_setOf_eq` has been deprecated: Use `Set.mem_ofPred_eq` instead
warning: SafeLearning/CompleteModulesFinite.lean:94:52: Used `tac1 <;> tac2` where `(tac1; tac2)` would suffice

Note: This linter can be disabled with `set_option linter.unnecessarySeqFocus false`
warning: SafeLearning/CompleteModulesFinite.lean:135:60: Used `tac1 <;> tac2` where `(tac1; tac2)` would suffice

Note: This linter can be disabled with `set_option linter.unnecessarySeqFocus false`
warning: SafeLearning/CompleteModulesFinite.lean:138:60: Used `tac1 <;> tac2` where `(tac1; tac2)` would suffice

Note: This linter can be disabled with `set_option linter.unnecessarySeqFocus false`
⚠ [9654/9980] Replayed SafeLearning.CompleteModulesGPCoefficientObjective
warning: SafeLearning/CompleteModulesGPCoefficientObjective.lean:22:0: automatically included section variable(s) unused in theorem `SafeLearning.CompleteModulesGPCoefficientObjective.actual_row_linear_map_is_the_true_matrix_action`:
  [DecidableEq I]
consider restructuring your `variable` declarations so that the variables are not in scope or explicitly omit them:
  omit [DecidableEq I] in theorem ...

Note: This linter can be disabled with `set_option linter.unusedSectionVars false`
warning: SafeLearning/CompleteModulesGPCoefficientObjective.lean:47:52: Used `tac1 <;> tac2` where `(tac1; tac2)` would suffice

Note: This linter can be disabled with `set_option linter.unnecessarySeqFocus false`
warning: SafeLearning/CompleteModulesGPCoefficientObjective.lean:76:33: `ContinuousLinearMap.sum_apply` has been deprecated: Use `_root_.sum_apply` instead

Note: The updated constant is in a different namespace. Dot notation may need to be changed (e.g., from `x.sum_apply` to `_root_.sum_apply x`).
warning: SafeLearning/CompleteModulesGPCoefficientObjective.lean:76:63: `ContinuousLinearMap.add_apply` has been deprecated: Use `_root_.add_apply` instead

Note: The updated constant is in a different namespace. Dot notation may need to be changed (e.g., from `x.add_apply` to `_root_.add_apply x`).
warning: SafeLearning/CompleteModulesGPCoefficientObjective.lean:77:4: `ContinuousLinearMap.smul_apply` has been deprecated: Use `_root_.smul_apply` instead

Note: The updated constant is in a different namespace. Dot notation may need to be changed (e.g., from `x.smul_apply` to `_root_.smul_apply x`).
warning: SafeLearning/CompleteModulesGPCoefficientObjective.lean:91:33: `ContinuousLinearMap.add_apply` has been deprecated: Use `_root_.add_apply` instead

Note: The updated constant is in a different namespace. Dot notation may need to be changed (e.g., from `x.add_apply` to `_root_.add_apply x`).
warning: SafeLearning/CompleteModulesGPCoefficientObjective.lean:91:63: `ContinuousLinearMap.sum_apply` has been deprecated: Use `_root_.sum_apply` instead

Note: The updated constant is in a different namespace. Dot notation may need to be changed (e.g., from `x.sum_apply` to `_root_.sum_apply x`).
warning: SafeLearning/CompleteModulesGPCoefficientObjective.lean:92:4: `ContinuousLinearMap.smul_apply` has been deprecated: Use `_root_.smul_apply` instead

Note: The updated constant is in a different namespace. Dot notation may need to be changed (e.g., from `x.smul_apply` to `_root_.smul_apply x`).
warning: SafeLearning/CompleteModulesGPCoefficientObjective.lean:92:35: `ContinuousLinearMap.neg_apply` has been deprecated: Use `_root_.neg_apply` instead

Note: The updated constant is in a different namespace. Dot notation may need to be changed (e.g., from `x.neg_apply` to `_root_.neg_apply x`).
warning: SafeLearning/CompleteModulesGPCoefficientObjective.lean:116:37: `ContinuousLinearMap.zero_apply` has been deprecated: Use `_root_.zero_apply` instead

Note: The updated constant is in a different namespace. Dot notation may need to be changed (e.g., from `x.zero_apply` to `_root_.zero_apply x`).
⚠ [9658/9980] Replayed SafeLearning.CompleteModulesGPNumerics
info: SafeLearning/CompleteModulesGPNumerics.lean:11:51: Try this:
  [apply] ring_nf
  
  The `ring` tactic failed to close the goal. Use `ring_nf` to obtain a normal form.
    
  Note that `ring` works primarily in *commutative* rings. If you have a noncommutative ring, abelian group or module, consider using `noncomm_ring`, `abel` or `module` instead.
warning: SafeLearning/CompleteModulesGPNumerics.lean:11:47: Used `tac1 <;> tac2` where `(tac1; tac2)` would suffice

Note: This linter can be disabled with `set_option linter.unnecessarySeqFocus false`
warning: SafeLearning/CompleteModulesGPNumerics.lean:30:37: Used `tac1 <;> tac2` where `(tac1; tac2)` would suffice

Note: This linter can be disabled with `set_option linter.unnecessarySeqFocus false`
warning: SafeLearning/CompleteModulesGPNumerics.lean:36:37: Used `tac1 <;> tac2` where `(tac1; tac2)` would suffice

Note: This linter can be disabled with `set_option linter.unnecessarySeqFocus false`
warning: SafeLearning/CompleteModulesGPNumerics.lean:55:37: Used `tac1 <;> tac2` where `(tac1; tac2)` would suffice

Note: This linter can be disabled with `set_option linter.unnecessarySeqFocus false`
warning: SafeLearning/CompleteModulesGPNumerics.lean:60:37: Used `tac1 <;> tac2` where `(tac1; tac2)` would suffice

Note: This linter can be disabled with `set_option linter.unnecessarySeqFocus false`
⚠ [9659/9980] Replayed SafeLearning.CompleteModulesGPConfidenceComparison
warning: SafeLearning/CompleteModulesGPConfidenceComparison.lean:112:39: Variable name `hsmall` is not explicitly referenced.

Hint: The binding can be removed (if unused) or named `_` (if used implicitly). Alternatively, prefix the name with `_` to silence this warning:
  [apply] _hsmall

Note: This linter can be disabled with `set_option linter.unusedVariables false`
⚠ [9660/9980] Replayed SafeLearning.CompleteModulesGPConfidenceComparisonConsequences
warning: SafeLearning/CompleteModulesGPConfidenceComparisonConsequences.lean:45:20: Used `tac1 <;> tac2` where `(tac1; tac2)` would suffice

Note: This linter can be disabled with `set_option linter.unnecessarySeqFocus false`
⚠ [9661/9980] Replayed SafeLearning.CompleteModulesGPConfidenceOrderConsequences
warning: SafeLearning/CompleteModulesGPConfidenceOrderConsequences.lean:11:0: automatically included section variable(s) unused in theorem `SafeLearning.CompleteModulesGPConfidenceOrderConsequences.actual_psd_gram_scaled_by_inverse_small_regularizer_is_larger_in_loewner_order`:
  [Fintype I]
  [DecidableEq I]
consider restructuring your `variable` declarations so that the variables are not in scope or explicitly omit them:
  omit [Fintype I] [DecidableEq I] in theorem ...

Note: This linter can be disabled with `set_option linter.unusedSectionVars false`
⚠ [9662/9980] Replayed SafeLearning.CompleteModulesGPLinearInformationBounds
warning: SafeLearning/CompleteModulesGPLinearInformationBounds.lean:19:0: automatically included section variable(s) unused in theorem `SafeLearning.CompleteModulesGPLinearInformationBounds.actual_design_gram_is_positive_semidefinite`:
  [DecidableEq D]
  [DecidableEq T]
consider restructuring your `variable` declarations so that the variables are not in scope or explicitly omit them:
  omit [DecidableEq D] [DecidableEq T] in theorem ...

Note: This linter can be disabled with `set_option linter.unusedSectionVars false`
warning: SafeLearning/CompleteModulesGPLinearInformationBounds.lean:23:0: automatically included section variable(s) unused in theorem `SafeLearning.CompleteModulesGPLinearInformationBounds.actual_design_gram_trace_is_the_sum_of_actual_euclidean_squared_input_norms`:
  [DecidableEq D]
  [DecidableEq T]
consider restructuring your `variable` declarations so that the variables are not in scope or explicitly omit them:
  omit [DecidableEq D] [DecidableEq T] in theorem ...

Note: This linter can be disabled with `set_option linter.unusedSectionVars false`
warning: SafeLearning/CompleteModulesGPLinearInformationBounds.lean:56:20: This simp argument is unused:
  Matrix.one_apply

Hint: Omit it from the simp argument list.
  [apply] simp [diagonal_apply, smul_eq_mul, div_eq_mul_inv, mul_comm]

Note: This linter can be disabled with `set_option linter.unusedSimpArgs false`
warning: SafeLearning/CompleteModulesGPLinearInformationBounds.lean:56:37: This simp argument is unused:
  diagonal_apply

Hint: Omit it from the simp argument list.
  [apply] simp [Matrix.one_apply, smul_eq_mul, div_eq_mul_inv, mul_comm]

Note: This linter can be disabled with `set_option linter.unusedSimpArgs false`
warning: SafeLearning/CompleteModulesGPLinearInformationBounds.lean:57:12: This simp argument is unused:
  Matrix.one_apply

Hint: Omit it from the simp argument list.
  [apply] simp [diagonal_apply, hij]

Note: This linter can be disabled with `set_option linter.unusedSimpArgs false`
warning: SafeLearning/CompleteModulesGPLinearInformationBounds.lean:57:29: This simp argument is unused:
  diagonal_apply

Hint: Omit it from the simp argument list.
  [apply] simp [Matrix.one_apply, hij]

Note: This linter can be disabled with `set_option linter.unusedSimpArgs false`
warning: SafeLearning/CompleteModulesGPLinearInformationBounds.lean:81:0: automatically included section variable(s) unused in theorem `SafeLearning.CompleteModulesGPLinearInformationBounds.actual_log_jensen_bound_for_every_nonnegative_spectrum`:
  [DecidableEq D]
consider restructuring your `variable` declarations so that the variables are not in scope or explicitly omit them:
  omit [DecidableEq D] in theorem ...

Note: This linter can be disabled with `set_option linter.unusedSectionVars false`
⚠ [9663/9980] Replayed SafeLearning.CompleteModulesGPCorrectedConfidenceComparison
warning: SafeLearning/CompleteModulesGPCorrectedConfidenceComparison.lean:57:50: Used `tac1 <;> tac2` where `(tac1; tac2)` would suffice

Note: This linter can be disabled with `set_option linter.unnecessarySeqFocus false`
⚠ [9664/9980] Replayed SafeLearning.CompleteModulesGPCorrectionNumerics
info: SafeLearning/CompleteModulesGPCorrectionNumerics.lean:34:51: Try this:
  [apply] ring_nf
  
  The `ring` tactic failed to close the goal. Use `ring_nf` to obtain a normal form.
    
  Note that `ring` works primarily in *commutative* rings. If you have a noncommutative ring, abelian group or module, consider using `noncomm_ring`, `abel` or `module` instead.
warning: SafeLearning/CompleteModulesGPCorrectionNumerics.lean:34:47: Used `tac1 <;> tac2` where `(tac1; tac2)` would suffice

Note: This linter can be disabled with `set_option linter.unnecessarySeqFocus false`
warning: SafeLearning/CompleteModulesGPCorrectionNumerics.lean:52:37: Used `tac1 <;> tac2` where `(tac1; tac2)` would suffice

Note: This linter can be disabled with `set_option linter.unnecessarySeqFocus false`
warning: SafeLearning/CompleteModulesGPCorrectionNumerics.lean:57:37: Used `tac1 <;> tac2` where `(tac1; tac2)` would suffice

Note: This linter can be disabled with `set_option linter.unnecessarySeqFocus false`
⚠ [9666/9980] Replayed SafeLearning.CompleteModulesGPCorrelatedPosterior
warning: SafeLearning/CompleteModulesGPCorrelatedPosterior.lean:75:2: Try this: 
  haveI̵

The goal is a proposition, so `have` is preferred over `haveI`.
The difference between `have` and `haveI` is that `haveI` inlines the value.
But this is not relevant for proofs because of proof irrelevance.

Note: This linter can be disabled with `set_option linter.style.haveILetI false`
⚠ [9668/9980] Replayed SafeLearning.CompleteModulesMatrixGP
warning: SafeLearning/CompleteModulesMatrixGP.lean:42:8: `tendsto_finset_sum` has been deprecated: Use `tendsto_finsetSum` instead
warning: SafeLearning/CompleteModulesMatrixGP.lean:34:0: automatically included section variable(s) unused in theorem `SafeLearning.CompleteModulesMatrixGP.mulVec_of_matrix_limit`:
  [DecidableEq I]
consider restructuring your `variable` declarations so that the variables are not in scope or explicitly omit them:
  omit [DecidableEq I] in theorem ...

Note: This linter can be disabled with `set_option linter.unusedSectionVars false`
warning: SafeLearning/CompleteModulesMatrixGP.lean:51:8: `tendsto_finset_sum` has been deprecated: Use `tendsto_finsetSum` instead
warning: SafeLearning/CompleteModulesMatrixGP.lean:46:0: automatically included section variable(s) unused in theorem `SafeLearning.CompleteModulesMatrixGP.dotProduct_of_vector_limit`:
  [DecidableEq I]
consider restructuring your `variable` declarations so that the variables are not in scope or explicitly omit them:
  omit [DecidableEq I] in theorem ...

Note: This linter can be disabled with `set_option linter.unusedSectionVars false`
⚠ [9671/9980] Replayed SafeLearning.CompleteModulesGPExamples
warning: SafeLearning/CompleteModulesGPExamples.lean:15:72: This simp argument is unused:
  Fin.sum_univ_two

Hint: Omit it from the simp argument list.
  [apply] simp [twoGram, Matrix.mulVec]

Note: This linter can be disabled with `set_option linter.unusedSimpArgs false`
warning: SafeLearning/CompleteModulesGPExamples.lean:75:29: Used `tac1 <;> tac2` where `(tac1; tac2)` would suffice

Note: This linter can be disabled with `set_option linter.unnecessarySeqFocus false`
warning: SafeLearning/CompleteModulesGPExamples.lean:85:6: this tactic is never executed

Note: This linter can be disabled with `set_option linter.unreachableTactic false`
warning: SafeLearning/CompleteModulesGPExamples.lean:85:6: Unused tactic linter: `ring` does nothing

Note: This linter can be disabled with `set_option linter.unusedTactic false`
warning: SafeLearning/CompleteModulesGPExamples.lean:160:7: Variable name `i` is not explicitly referenced.

Hint: The binding can be removed (if unused) or named `_` (if used implicitly). Alternatively, prefix the name with `_` to silence this warning:
  [apply] _i

Note: This linter can be disabled with `set_option linter.unusedVariables false`
warning: SafeLearning/CompleteModulesGPExamples.lean:167:8: this tactic is never executed

Note: This linter can be disabled with `set_option linter.unreachableTactic false`
warning: SafeLearning/CompleteModulesGPExamples.lean:170:4: Used `tac1 <;> tac2` where `(tac1; tac2)` would suffice

Note: This linter can be disabled with `set_option linter.unnecessarySeqFocus false`
warning: SafeLearning/CompleteModulesGPExamples.lean:167:8: Unused tactic linter: `ring` does nothing

Note: This linter can be disabled with `set_option linter.unusedTactic false`
⚠ [9672/9980] Replayed SafeLearning.CompleteModulesLoSBOGaussianNoise
warning: SafeLearning/CompleteModulesLoSBOGaussianNoise.lean:51:15: `Set.mem_setOf_eq` has been deprecated: Use `Set.mem_ofPred_eq` instead
⚠ [9674/9980] Replayed SafeLearning.CompleteModulesGPGaussianCoverageFailure
warning: SafeLearning/CompleteModulesGPGaussianCoverageFailure.lean:29:87: This simp argument is unused:
  Matrix.one_apply

Hint: Omit it from the simp argument list.
  [apply] simp [posteriorMean, posteriorVariance, ridgeMatrix, Matrix.inv_subsingleton, Ring.inverse_eq_inv',
    Matrix.mulVec, dotProduct, Matrix.add_apply, Matrix.smul_apply, CStarMatrix.add_apply, CStarMatrix.smul_apply,
    CStarMatrix.one_apply, Pi.add_apply, Pi.smul_apply, Pi.one_apply, Matrix.of_apply]

Note: This linter can be disabled with `set_option linter.unusedSimpArgs false`
warning: SafeLearning/CompleteModulesGPGaussianCoverageFailure.lean:30:6: This simp argument is unused:
  CStarMatrix.add_apply

Hint: Omit it from the simp argument list.
  [apply] simp [posteriorMean, posteriorVariance, ridgeMatrix, Matrix.inv_subsingleton, Ring.inverse_eq_inv',
    Matrix.mulVec, dotProduct, Matrix.add_apply, Matrix.smul_apply, Matrix.one_apply, CStarMatrix.smul_apply,
    CStarMatrix.one_apply, Pi.add_apply, Pi.smul_apply, Pi.one_apply, Matrix.of_apply]

Note: This linter can be disabled with `set_option linter.unusedSimpArgs false`
warning: SafeLearning/CompleteModulesGPGaussianCoverageFailure.lean:30:28: This simp argument is unused:
  CStarMatrix.smul_apply

Hint: Omit it from the simp argument list.
  [apply] simp [posteriorMean, posteriorVariance, ridgeMatrix, Matrix.inv_subsingleton, Ring.inverse_eq_inv',
    Matrix.mulVec, dotProduct, Matrix.add_apply, Matrix.smul_apply, Matrix.one_apply, CStarMatrix.add_apply,
    CStarMatrix.one_apply, Pi.add_apply, Pi.smul_apply, Pi.one_apply, Matrix.of_apply]

Note: This linter can be disabled with `set_option linter.unusedSimpArgs false`
warning: SafeLearning/CompleteModulesGPGaussianCoverageFailure.lean:30:51: This simp argument is unused:
  CStarMatrix.one_apply

Hint: Omit it from the simp argument list.
  [apply] simp [posteriorMean, posteriorVariance, ridgeMatrix, Matrix.inv_subsingleton, Ring.inverse_eq_inv',
    Matrix.mulVec, dotProduct, Matrix.add_apply, Matrix.smul_apply, Matrix.one_apply, CStarMatrix.add_apply,
    CStarMatrix.smul_apply, Pi.add_apply, Pi.smul_apply, Pi.one_apply, Matrix.of_apply]

Note: This linter can be disabled with `set_option linter.unusedSimpArgs false`
warning: SafeLearning/CompleteModulesGPGaussianCoverageFailure.lean:31:6: This simp argument is unused:
  Pi.add_apply

Hint: Omit it from the simp argument list.
  [apply] simp [posteriorMean, posteriorVariance, ridgeMatrix, Matrix.inv_subsingleton, Ring.inverse_eq_inv',
    Matrix.mulVec, dotProduct, Matrix.add_apply, Matrix.smul_apply, Matrix.one_apply, CStarMatrix.add_apply,
    CStarMatrix.smul_apply, CStarMatrix.one_apply, Pi.smul_apply, Pi.one_apply, Matrix.of_apply]

Note: This linter can be disabled with `set_option linter.unusedSimpArgs false`
warning: SafeLearning/CompleteModulesGPGaussianCoverageFailure.lean:31:19: This simp argument is unused:
  Pi.smul_apply

Hint: Omit it from the simp argument list.
  [apply] simp [posteriorMean, posteriorVariance, ridgeMatrix, Matrix.inv_subsingleton, Ring.inverse_eq_inv',
    Matrix.mulVec, dotProduct, Matrix.add_apply, Matrix.smul_apply, Matrix.one_apply, CStarMatrix.add_apply,
    CStarMatrix.smul_apply, CStarMatrix.one_apply, Pi.add_apply, Pi.one_apply, Matrix.of_apply]

Note: This linter can be disabled with `set_option linter.unusedSimpArgs false`
warning: SafeLearning/CompleteModulesGPGaussianCoverageFailure.lean:31:33: This simp argument is unused:
  Pi.one_apply

Hint: Omit it from the simp argument list.
  [apply] simp [posteriorMean, posteriorVariance, ridgeMatrix, Matrix.inv_subsingleton, Ring.inverse_eq_inv',
    Matrix.mulVec, dotProduct, Matrix.add_apply, Matrix.smul_apply, Matrix.one_apply, CStarMatrix.add_apply,
    CStarMatrix.smul_apply, CStarMatrix.one_apply, Pi.add_apply, Pi.smul_apply, Matrix.of_apply]

Note: This linter can be disabled with `set_option linter.unusedSimpArgs false`
warning: SafeLearning/CompleteModulesGPGaussianCoverageFailure.lean:33:8: this tactic is never executed

Note: This linter can be disabled with `set_option linter.unreachableTactic false`
warning: SafeLearning/CompleteModulesGPGaussianCoverageFailure.lean:35:4: Used `tac1 <;> tac2` where `(tac1; tac2)` would suffice

Note: This linter can be disabled with `set_option linter.unnecessarySeqFocus false`
warning: SafeLearning/CompleteModulesGPGaussianCoverageFailure.lean:33:8: Unused tactic linter: `ring` does nothing

Note: This linter can be disabled with `set_option linter.unusedTactic false`
warning: SafeLearning/CompleteModulesGPGaussianCoverageFailure.lean:45:15: `Set.mem_setOf_eq` has been deprecated: Use `Set.mem_ofPred_eq` instead
warning: SafeLearning/CompleteModulesGPGaussianCoverageFailure.lean:69:61: This simp argument is unused:
  originalWidth

Hint: Omit it from the simp argument list.
  [apply] simp

Note: This linter can be disabled with `set_option linter.unusedSimpArgs false`
⚠ [9676/9980] Replayed SafeLearning.CompleteModulesKernel
warning: SafeLearning/CompleteModulesKernel.lean:315:8: this tactic is never executed

Note: This linter can be disabled with `set_option linter.unreachableTactic false`
warning: SafeLearning/CompleteModulesKernel.lean:315:8: Unused tactic linter: `ring` does nothing

Note: This linter can be disabled with `set_option linter.unusedTactic false`
⚠ [9677/9980] Replayed SafeLearning.CompleteModulesKernelCorollaries
warning: SafeLearning/CompleteModulesKernelCorollaries.lean:69:8: this tactic is never executed

Note: This linter can be disabled with `set_option linter.unreachableTactic false`
warning: SafeLearning/CompleteModulesKernelCorollaries.lean:69:8: Unused tactic linter: `ring` does nothing

Note: This linter can be disabled with `set_option linter.unusedTactic false`
warning: SafeLearning/CompleteModulesKernelCorollaries.lean:110:0: automatically included section variable(s) unused in theorem `SafeLearning.CompleteModulesKernelCorollaries.equal_evaluations_equal_functions`:
  [CompleteSpace H]
consider restructuring your `variable` declarations so that the variables are not in scope or explicitly omit them:
  omit [CompleteSpace H] in theorem ...

Note: This linter can be disabled with `set_option linter.unusedSectionVars false`
⚠ [9679/9980] Replayed SafeLearning.CompleteModulesRealHarmonicOrthogonality
warning: SafeLearning/CompleteModulesRealHarmonicOrthogonality.lean:38:6: `if_neg` has been deprecated: Use `ite_eq_right` instead
warning: SafeLearning/CompleteModulesRealHarmonicOrthogonality.lean:55:45: `if_neg` has been deprecated: Use `ite_eq_right` instead
warning: SafeLearning/CompleteModulesRealHarmonicOrthogonality.lean:70:15: `if_pos` has been deprecated: Use `ite_eq_left` instead
warning: SafeLearning/CompleteModulesRealHarmonicOrthogonality.lean:71:15: `if_pos` has been deprecated: Use `ite_eq_left` instead
warning: SafeLearning/CompleteModulesRealHarmonicOrthogonality.lean:73:15: `if_neg` has been deprecated: Use `ite_eq_right` instead
warning: SafeLearning/CompleteModulesRealHarmonicOrthogonality.lean:74:15: `if_neg` has been deprecated: Use `ite_eq_right` instead
⚠ [9680/9980] Replayed SafeLearning.CompleteModulesRealHarmonicPairedFrames
warning: SafeLearning/CompleteModulesRealHarmonicPairedFrames.lean:19:0: automatically included section variable(s) unused in theorem `SafeLearning.CompleteModulesRealHarmonicPairedFrames.actual_selected_real_imaginary_columns_have_the_exact_orthogonal_sum`:
  [Fintype K]
consider restructuring your `variable` declarations so that the variables are not in scope or explicitly omit them:
  omit [Fintype K] in theorem ...

Note: This linter can be disabled with `set_option linter.unusedSectionVars false`
warning: SafeLearning/CompleteModulesRealHarmonicPairedFrames.lean:36:0: automatically included section variable(s) unused in theorem `SafeLearning.CompleteModulesRealHarmonicPairedFrames.actual_nonzero_frequency_real_columns_have_zero_sum`:
  [Fintype K]
  [DecidableEq K]
consider restructuring your `variable` declarations so that the variables are not in scope or explicitly omit them:
  omit [Fintype K] [DecidableEq K] in theorem ...

Note: This linter can be disabled with `set_option linter.unusedSectionVars false`
warning: SafeLearning/CompleteModulesRealHarmonicPairedFrames.lean:45:0: automatically included section variable(s) unused in theorem `SafeLearning.CompleteModulesRealHarmonicPairedFrames.actual_paired_harmonic_inputs_have_unit_euclidean_norm`:
  [DecidableEq K]
consider restructuring your `variable` declarations so that the variables are not in scope or explicitly omit them:
  omit [DecidableEq K] in theorem ...

Note: This linter can be disabled with `set_option linter.unusedSectionVars false`
warning: SafeLearning/CompleteModulesRealHarmonicPairedFrames.lean:54:6: This simp argument is unused:
  Fin.zero_eta

Hint: Omit it from the simp argument list.
  [apply] simp only [Fin.sum_univ_two, pairedFrame, Matrix.of_apply, realComponent, Fin.isValue, ite_true, Fin.mk_one,
    one_ne_zero, ite_false]

Note: This linter can be disabled with `set_option linter.unusedSimpArgs false`
warning: SafeLearning/CompleteModulesRealHarmonicPairedFrames.lean:54:40: This simp argument is unused:
  Fin.mk_one

Hint: Omit it from the simp argument list.
  [apply] simp only [Fin.sum_univ_two, pairedFrame, Matrix.of_apply, realComponent, Fin.zero_eta, Fin.isValue, ite_true,
    one_ne_zero, ite_false]

Note: This linter can be disabled with `set_option linter.unusedSimpArgs false`
⚠ [9681/9980] Replayed SafeLearning.CompleteModulesRealHarmonicOddFrames
warning: SafeLearning/CompleteModulesRealHarmonicOddFrames.lean:19:0: automatically included section variable(s) unused in theorem `SafeLearning.CompleteModulesRealHarmonicOddFrames.actual_odd_harmonic_inputs_have_unit_euclidean_norm`:
  [DecidableEq K]
consider restructuring your `variable` declarations so that the variables are not in scope or explicitly omit them:
  omit [DecidableEq K] in theorem ...

Note: This linter can be disabled with `set_option linter.unusedSectionVars false`
warning: SafeLearning/CompleteModulesRealHarmonicOddFrames.lean:33:6: This simp argument is unused:
  Fin.zero_eta

Hint: Omit it from the simp argument list.
  [apply] simp only [Fin.sum_univ_two, oddFrame, Matrix.of_apply, Sum.elim_inl, Sum.elim_inr, Finset.sum_const,
    Finset.card_univ, Fintype.card_unit, one_smul, realComponent, Fin.isValue, ite_true, Fin.mk_one, one_ne_zero,
    ite_false]

Note: This linter can be disabled with `set_option linter.unusedSimpArgs false`
warning: SafeLearning/CompleteModulesRealHarmonicOddFrames.lean:33:40: This simp argument is unused:
  Fin.mk_one

Hint: Omit it from the simp argument list.
  [apply] simp only [Fin.sum_univ_two, oddFrame, Matrix.of_apply, Sum.elim_inl, Sum.elim_inr, Finset.sum_const,
    Finset.card_univ, Fintype.card_unit, one_smul, realComponent, Fin.zero_eta, Fin.isValue, ite_true, one_ne_zero,
    ite_false]

Note: This linter can be disabled with `set_option linter.unusedSimpArgs false`
warning: SafeLearning/CompleteModulesRealHarmonicOddFrames.lean:45:23: this tactic is never executed

Note: This linter can be disabled with `set_option linter.unreachableTactic false`
warning: SafeLearning/CompleteModulesRealHarmonicOddFrames.lean:45:23: Unused tactic linter: `ring` does nothing

Note: This linter can be disabled with `set_option linter.unusedTactic false`
warning: SafeLearning/CompleteModulesRealHarmonicOddFrames.lean:99:21: this tactic is never executed

Note: This linter can be disabled with `set_option linter.unreachableTactic false`
warning: SafeLearning/CompleteModulesRealHarmonicOddFrames.lean:99:21: Unused tactic linter: `ring` does nothing

Note: This linter can be disabled with `set_option linter.unusedTactic false`
⚠ [9683/9980] Replayed SafeLearning.CompleteModulesRealTightFrameTransport
warning: SafeLearning/CompleteModulesRealTightFrameTransport.lean:11:0: automatically included section variable(s) unused in theorem `SafeLearning.CompleteModulesRealTightFrameTransport.actual_equivalent_feature_coordinates_preserve_euclidean_norm`:
  [DecidableEq D]
  [DecidableEq K]
consider restructuring your `variable` declarations so that the variables are not in scope or explicitly omit them:
  omit [DecidableEq D] [DecidableEq K] in theorem ...

Note: This linter can be disabled with `set_option linter.unusedSectionVars false`
⚠ [9684/9980] Replayed SafeLearning.CompleteModulesRealUnitNormTightFrameExistence
warning: SafeLearning/CompleteModulesRealUnitNormTightFrameExistence.lean:42:4: Try this: 
  letI̵

The goal is a proposition, so `let` is preferred over `letI`.
The difference between `let` and `letI` is that `letI` inlines the value.
But this is not relevant for proofs because of proof irrelevance.

Note: This linter can be disabled with `set_option linter.style.haveILetI false`
warning: SafeLearning/CompleteModulesRealUnitNormTightFrameExistence.lean:46:6: Try this: 
  letI̵

The goal is a proposition, so `let` is preferred over `letI`.
The difference between `let` and `letI` is that `letI` inlines the value.
But this is not relevant for proofs because of proof irrelevance.

Note: This linter can be disabled with `set_option linter.style.haveILetI false`
warning: SafeLearning/CompleteModulesRealUnitNormTightFrameExistence.lean:74:2: Try this: 
  letI̵

The goal is a proposition, so `let` is preferred over `letI`.
The difference between `let` and `letI` is that `letI` inlines the value.
But this is not relevant for proofs because of proof irrelevance.

Note: This linter can be disabled with `set_option linter.style.haveILetI false`
⚠ [9685/9980] Replayed SafeLearning.CompleteModulesGPLinearInformationDesigns
warning: SafeLearning/CompleteModulesGPLinearInformationDesigns.lean:63:0: automatically included section variable(s) unused in theorem `SafeLearning.CompleteModulesGPLinearInformationDesigns.actual_embedded_orthonormal_inputs_have_unit_euclidean_norm`:
  [Fintype T]
  [DecidableEq T]
consider restructuring your `variable` declarations so that the variables are not in scope or explicitly omit them:
  omit [Fintype T] [DecidableEq T] in theorem ...

Note: This linter can be disabled with `set_option linter.unusedSectionVars false`
warning: SafeLearning/CompleteModulesGPLinearInformationDesigns.lean:70:0: automatically included section variable(s) unused in theorem `SafeLearning.CompleteModulesGPLinearInformationDesigns.actual_embedded_orthonormal_design_has_identity_observation_gram`:
  [Fintype T]
consider restructuring your `variable` declarations so that the variables are not in scope or explicitly omit them:
  omit [Fintype T] in theorem ...

Note: This linter can be disabled with `set_option linter.unusedSectionVars false`
warning: SafeLearning/CompleteModulesGPLinearInformationDesigns.lean:103:69: Used `tac1 <;> tac2` where `(tac1; tac2)` would suffice

Note: This linter can be disabled with `set_option linter.unnecessarySeqFocus false`
⚠ [9686/9980] Replayed SafeLearning.CompleteModulesGPLinearInformationStrictness
warning: SafeLearning/CompleteModulesGPLinearInformationStrictness.lean:70:75: this tactic is never executed

Note: This linter can be disabled with `set_option linter.unreachableTactic false`
warning: SafeLearning/CompleteModulesGPLinearInformationStrictness.lean:67:52: Used `tac1 <;> tac2` where `(tac1; tac2)` would suffice

Note: This linter can be disabled with `set_option linter.unnecessarySeqFocus false`
warning: SafeLearning/CompleteModulesGPLinearInformationStrictness.lean:70:75: Unused tactic linter: `ring` does nothing

Note: This linter can be disabled with `set_option linter.unusedTactic false`
warning: SafeLearning/CompleteModulesGPLinearInformationStrictness.lean:84:0: automatically included section variable(s) unused in theorem `SafeLearning.CompleteModulesGPLinearInformationStrictness.actual_design_gram_rank_is_at_most_the_number_of_samples`:
  [DecidableEq D]
  [DecidableEq T]
consider restructuring your `variable` declarations so that the variables are not in scope or explicitly omit them:
  omit [DecidableEq D] [DecidableEq T] in theorem ...

Note: This linter can be disabled with `set_option linter.unusedSectionVars false`
⚠ [9689/9980] Replayed SafeLearning.CompleteModulesGPLinearInformationDivisibleDesign
warning: SafeLearning/CompleteModulesGPLinearInformationDivisibleDesign.lean:13:0: automatically included section variable(s) unused in theorem `SafeLearning.CompleteModulesGPLinearInformationDivisibleDesign.actual_relabeling_the_samples_preserves_the_true_feature_gram`:
  [Fintype D]
  [DecidableEq D]
  [DecidableEq T]
consider restructuring your `variable` declarations so that the variables are not in scope or explicitly omit them:
  omit [Fintype D] [DecidableEq D] [DecidableEq T] in theorem ...

Note: This linter can be disabled with `set_option linter.unusedSectionVars false`
warning: SafeLearning/CompleteModulesGPLinearInformationDivisibleDesign.lean:38:97: Used `tac1 <;> tac2` where `(tac1; tac2)` would suffice

Note: This linter can be disabled with `set_option linter.unnecessarySeqFocus false`
⚠ [9690/9980] Replayed SafeLearning.CompleteModulesGPLinearInformationEquality
warning: SafeLearning/CompleteModulesGPLinearInformationEquality.lean:14:0: automatically included section variable(s) unused in theorem `SafeLearning.CompleteModulesGPLinearInformationEquality.actual_strict_log_jensen_equality_requires_every_eigenvalue_to_equal_the_average`:
  [DecidableEq D]
consider restructuring your `variable` declarations so that the variables are not in scope or explicitly omit them:
  omit [DecidableEq D] in theorem ...

Note: This linter can be disabled with `set_option linter.unusedSectionVars false`
⚠ [9701/9980] Replayed SafeLearning.CompleteModulesGPRepeatedBayes
warning: SafeLearning/CompleteModulesGPRepeatedBayes.lean:35:4: Used `tac1 <;> tac2` where `(tac1; tac2)` would suffice

Note: This linter can be disabled with `set_option linter.unnecessarySeqFocus false`
warning: SafeLearning/CompleteModulesGPRepeatedBayes.lean:41:4: Used `tac1 <;> tac2` where `(tac1; tac2)` would suffice

Note: This linter can be disabled with `set_option linter.unnecessarySeqFocus false`
⚠ [9702/9980] Replayed SafeLearning.CompleteModulesGPRepeatedJoint
warning: SafeLearning/CompleteModulesGPRepeatedJoint.lean:25:17: Try this: 
  letI̵

The goal is a proposition, so `let` is preferred over `letI`.
The difference between `let` and `letI` is that `letI` inlines the value.
But this is not relevant for proofs because of proof irrelevance.

Note: This linter can be disabled with `set_option linter.style.haveILetI false`
warning: SafeLearning/CompleteModulesGPRepeatedJoint.lean:33:17: Try this: 
  letI̵

The goal is a proposition, so `let` is preferred over `letI`.
The difference between `let` and `letI` is that `letI` inlines the value.
But this is not relevant for proofs because of proof irrelevance.

Note: This linter can be disabled with `set_option linter.style.haveILetI false`
warning: SafeLearning/CompleteModulesGPRepeatedJoint.lean:148:2: Try this: 
  haveI̵

The goal is a proposition, so `have` is preferred over `haveI`.
The difference between `have` and `haveI` is that `haveI` inlines the value.
But this is not relevant for proofs because of proof irrelevance.

Note: This linter can be disabled with `set_option linter.style.haveILetI false`
warning: SafeLearning/CompleteModulesGPRepeatedJoint.lean:188:2: Try this: 
  haveI̵

The goal is a proposition, so `have` is preferred over `haveI`.
The difference between `have` and `haveI` is that `haveI` inlines the value.
But this is not relevant for proofs because of proof irrelevance.

Note: This linter can be disabled with `set_option linter.style.haveILetI false`
⚠ [9703/9980] Replayed SafeLearning.CompleteModulesGPScaling
warning: SafeLearning/CompleteModulesGPScaling.lean:25:0: automatically included section variable(s) unused in theorem `SafeLearning.CompleteModulesGPScaling.actual_scaling_the_kernel_and_noise_scales_the_entire_ridge_matrix`:
  [Fintype I]
consider restructuring your `variable` declarations so that the variables are not in scope or explicitly omit them:
  omit [Fintype I] in theorem ...

Note: This linter can be disabled with `set_option linter.unusedSectionVars false`
warning: SafeLearning/CompleteModulesGPScaling.lean:34:2: Try this: 
  letI̵

The goal is a proposition, so `let` is preferred over `letI`.
The difference between `let` and `letI` is that `letI` inlines the value.
But this is not relevant for proofs because of proof irrelevance.

Note: This linter can be disabled with `set_option linter.style.haveILetI false`
warning: SafeLearning/CompleteModulesGPScaling.lean:58:17: this tactic is never executed

Note: This linter can be disabled with `set_option linter.unreachableTactic false`
warning: SafeLearning/CompleteModulesGPScaling.lean:58:17: Unused tactic linter: `ring` does nothing

Note: This linter can be disabled with `set_option linter.unusedTactic false`
warning: SafeLearning/CompleteModulesGPScaling.lean:60:0: automatically included section variable(s) unused in theorem `SafeLearning.CompleteModulesGPScaling.actual_joint_kernel_noise_scaling_keeps_the_normalized_information_matrix_unchanged`:
  [Fintype I]
consider restructuring your `variable` declarations so that the variables are not in scope or explicitly omit them:
  omit [Fintype I] in theorem ...

Note: This linter can be disabled with `set_option linter.unusedSectionVars false`
warning: SafeLearning/CompleteModulesGPScaling.lean:73:26: Variable name `hlambda` is not explicitly referenced.

Hint: The binding can be removed (if unused) or named `_` (if used implicitly). Alternatively, prefix the name with `_` to silence this warning:
  [apply] _hlambda

Note: This linter can be disabled with `set_option linter.unusedVariables false`
⚠ [9705/9980] Replayed SafeLearning.CompleteModulesGPSpectralRemainder
warning: SafeLearning/CompleteModulesGPSpectralRemainder.lean:41:12: This simp argument is unused:
  diagonal_apply_ne _ hij

Hint: Omit it from the simp argument list.
  [apply] simp [hij]

Note: This linter can be disabled with `set_option linter.unusedSimpArgs false`
warning: SafeLearning/CompleteModulesGPSpectralRemainder.lean:72:39: this tactic is never executed

Note: This linter can be disabled with `set_option linter.unreachableTactic false`
warning: SafeLearning/CompleteModulesGPSpectralRemainder.lean:72:39: Unused tactic linter: `ring` does nothing

Note: This linter can be disabled with `set_option linter.unusedTactic false`
⚠ [9706/9980] Replayed SafeLearning.CompleteModulesGammaLMI
warning: SafeLearning/CompleteModulesGammaLMI.lean:30:8: This simp argument is unused:
  Matrix.smul_mul

Hint: Omit it from the simp argument list.
  [apply] simp [Matrix.mul_smul, smul_smul, hgain.ne']

Note: This linter can be disabled with `set_option linter.unusedSimpArgs false`
warning: SafeLearning/CompleteModulesGammaLMI.lean:30:24: This simp argument is unused:
  Matrix.mul_smul

Hint: Omit it from the simp argument list.
  [apply] simp [Matrix.smul_mul, smul_smul, hgain.ne']

Note: This linter can be disabled with `set_option linter.unusedSimpArgs false`
warning: SafeLearning/CompleteModulesGammaLMI.lean:32:0: automatically included section variable(s) unused in theorem `SafeLearning.CompleteModulesGammaLMI.actual_gamma_matrix_output_reassociation`:
  [Fintype I]
  [Fintype O]
consider restructuring your `variable` declarations so that the variables are not in scope or explicitly omit them:
  omit [Fintype I] [Fintype O] in theorem ...

Note: This linter can be disabled with `set_option linter.unusedSectionVars false`
warning: SafeLearning/CompleteModulesGammaLMI.lean:42:21: This simp argument is unused:
  Matrix.conjTranspose_apply

Hint: Omit it from the simp argument list.
  [apply] simp [actualGammaCertificate, actualGammaLeading, outputBarrierCross, Matrix.submatrix_apply, Equiv.sumAssoc]

Note: This linter can be disabled with `set_option linter.unusedSimpArgs false`
warning: SafeLearning/CompleteModulesGammaLMI.lean:55:0: automatically included section variable(s) unused in theorem `SafeLearning.CompleteModulesGammaLMI.actual_gamma_output_schur_is_literal_source_block`:
  [Fintype I]
consider restructuring your `variable` declarations so that the variables are not in scope or explicitly omit them:
  omit [Fintype I] in theorem ...

Note: This linter can be disabled with `set_option linter.unusedSectionVars false`
warning: SafeLearning/CompleteModulesGammaLMI.lean:68:55: This simp argument is unused:
  Matrix.conjTranspose_conjTranspose

Hint: Omit it from the simp argument list.
  [apply] simp only [Matrix.mul_smul, Matrix.smul_mul, Matrix.mul_one,
    Matrix.conjTranspose_fromRows_eq_fromCols_conjTranspose, Matrix.fromRows_mul_fromCols, Matrix.conjTranspose_zero,
    Matrix.conjTranspose_neg, Matrix.zero_mul, Matrix.mul_zero, Matrix.neg_mul, Matrix.mul_neg, neg_neg]

Note: This linter can be disabled with `set_option linter.unusedSimpArgs false`
warning: SafeLearning/CompleteModulesGammaLMI.lean:71:42: this tactic is never executed

Note: This linter can be disabled with `set_option linter.unreachableTactic false`
warning: SafeLearning/CompleteModulesGammaLMI.lean:71:42: Unused tactic linter: `ring` does nothing

Note: This linter can be disabled with `set_option linter.unusedTactic false`
warning: SafeLearning/CompleteModulesGammaLMI.lean:73:0: automatically included section variable(s) unused in theorem `SafeLearning.CompleteModulesGammaLMI.actual_gamma_scaled_schur_is_negative_lipsdp`:
  [Fintype I]
  [DecidableEq O]
consider restructuring your `variable` declarations so that the variables are not in scope or explicitly omit them:
  omit [Fintype I] [DecidableEq O] in theorem ...

Note: This linter can be disabled with `set_option linter.unusedSectionVars false`
warning: SafeLearning/CompleteModulesGammaLMI.lean:83:62: Used `tac1 <;> tac2` where `(tac1; tac2)` would suffice

Note: This linter can be disabled with `set_option linter.unnecessarySeqFocus false`
warning: SafeLearning/CompleteModulesGammaLMI.lean:91:2: Try this: 
  letI̵

The goal is a proposition, so `let` is preferred over `letI`.
The difference between `let` and `letI` is that `letI` inlines the value.
But this is not relevant for proofs because of proof irrelevance.

Note: This linter can be disabled with `set_option linter.style.haveILetI false`
⚠ [9707/9980] Replayed SafeLearning.CompleteModulesGaussianRegressionScalar
warning: SafeLearning/CompleteModulesGaussianRegressionScalar.lean:21:0: automatically included section variable(s) unused in theorem `SafeLearning.CompleteModulesGaussianRegressionScalar.actual_joint_gaussian_observation_and_regression_residual_are_jointly_gaussian`:
  [IsProbabilityMeasure P]
consider restructuring your `variable` declarations so that the variables are not in scope or explicitly omit them:
  omit [IsProbabilityMeasure P] in theorem ...

Note: This linter can be disabled with `set_option linter.unusedSectionVars false`
warning: SafeLearning/CompleteModulesGaussianRegressionScalar.lean:111:2: Try this: 
  haveI̵

The goal is a proposition, so `have` is preferred over `haveI`.
The difference between `have` and `haveI` is that `haveI` inlines the value.
But this is not relevant for proofs because of proof irrelevance.

Note: This linter can be disabled with `set_option linter.style.haveILetI false`
⚠ [9708/9980] Replayed SafeLearning.CompleteModulesGaussianChannelInformation
warning: SafeLearning/CompleteModulesGaussianChannelInformation.lean:53:4: try 'simp' instead of 'simpa'

Note: This linter can be disabled with `set_option linter.unnecessarySimpa false`
warning: SafeLearning/CompleteModulesGaussianChannelInformation.lean:104:6: Unused tactic linter: `change Real.log (k.rnDeriv e x y).toReal = _` does nothing

Note: This linter can be disabled with `set_option linter.unusedTactic false`
info: SafeLearning/CompleteModulesGaussianChannelInformation.lean:196:6: Try this:
  [apply] ring_nf
  
  The `ring` tactic failed to close the goal. Use `ring_nf` to obtain a normal form.
    
  Note that `ring` works primarily in *commutative* rings. If you have a noncommutative ring, abelian group or module, consider using `noncomm_ring`, `abel` or `module` instead.
⚠ [9712/9980] Replayed SafeLearning.CompleteModulesGaussianMatrixLaws
warning: SafeLearning/CompleteModulesGaussianMatrixLaws.lean:14:0: automatically included section variable(s) unused in theorem `SafeLearning.CompleteModulesGaussianMatrixLaws.actual_every_finite_product_of_scalar_gaussians_is_jointly_gaussian`:
  [DecidableEq I]
consider restructuring your `variable` declarations so that the variables are not in scope or explicitly omit them:
  omit [DecidableEq I] in theorem ...

Note: This linter can be disabled with `set_option linter.unusedSectionVars false`
warning: SafeLearning/CompleteModulesGaussianMatrixLaws.lean:24:0: automatically included section variable(s) unused in theorem `SafeLearning.CompleteModulesGaussianMatrixLaws.actual_finite_matrix_transform_preserves_joint_gaussianity`:
  [DecidableEq I]
consider restructuring your `variable` declarations so that the variables are not in scope or explicitly omit them:
  omit [DecidableEq I] in theorem ...

Note: This linter can be disabled with `set_option linter.unusedSectionVars false`
warning: SafeLearning/CompleteModulesGaussianMatrixLaws.lean:30:0: automatically included section variable(s) unused in theorem `SafeLearning.CompleteModulesGaussianMatrixLaws.actual_finite_matrix_transform_has_the_true_transformed_coordinate_means`:
  [DecidableEq I]
consider restructuring your `variable` declarations so that the variables are not in scope or explicitly omit them:
  omit [DecidableEq I] in theorem ...

Note: This linter can be disabled with `set_option linter.unusedSectionVars false`
warning: SafeLearning/CompleteModulesGaussianMatrixLaws.lean:39:0: automatically included section variable(s) unused in theorem `SafeLearning.CompleteModulesGaussianMatrixLaws.actual_finite_matrix_transform_has_the_true_covariance_matrix`:
  [DecidableEq I]
consider restructuring your `variable` declarations so that the variables are not in scope or explicitly omit them:
  omit [DecidableEq I] in theorem ...

Note: This linter can be disabled with `set_option linter.unusedSectionVars false`
warning: SafeLearning/CompleteModulesGaussianMatrixLaws.lean:90:24: `if_neg` has been deprecated: Use `ite_eq_right` instead
⚠ [9713/9980] Replayed SafeLearning.CompleteModulesGaussianSpectralSignal
warning: SafeLearning/CompleteModulesGaussianSpectralSignal.lean:51:2: Try this: 
  haveI̵

The goal is a proposition, so `have` is preferred over `haveI`.
The difference between `have` and `haveI` is that `haveI` inlines the value.
But this is not relevant for proofs because of proof irrelevance.

Note: This linter can be disabled with `set_option linter.style.haveILetI false`
⚠ [9714/9980] Replayed SafeLearning.CompleteModulesGaussianPSDInformation
warning: SafeLearning/CompleteModulesGaussianPSDInformation.lean:45:0: automatically included section variable(s) unused in theorem `SafeLearning.CompleteModulesGaussianPSDInformation.actual_vector_channel_joint_has_the_true_input_marginal`:
  [DecidableEq I]
consider restructuring your `variable` declarations so that the variables are not in scope or explicitly omit them:
  omit [DecidableEq I] in theorem ...

Note: This linter can be disabled with `set_option linter.unusedSectionVars false`
warning: SafeLearning/CompleteModulesGaussianPSDInformation.lean:132:0: automatically included section variable(s) unused in theorem `SafeLearning.CompleteModulesGaussianPSDInformation.actual_independent_gaussian_input_and_isotropic_noise_derive_the_true_channel_joint`:
  [DecidableEq I]
consider restructuring your `variable` declarations so that the variables are not in scope or explicitly omit them:
  omit [DecidableEq I] in theorem ...

Note: This linter can be disabled with `set_option linter.unusedSectionVars false`
⚠ [9715/9980] Replayed SafeLearning.CompleteModulesGaussianRectangularDesignLaws
warning: SafeLearning/CompleteModulesGaussianRectangularDesignLaws.lean:16:0: automatically included section variable(s) unused in theorem `SafeLearning.CompleteModulesGaussianRectangularDesignLaws.actual_standard_gaussian_parameter_linear_design_generates_the_true_centered_linear_kernel_signal`:
  [DecidableEq T]
consider restructuring your `variable` declarations so that the variables are not in scope or explicitly omit them:
  omit [DecidableEq T] in theorem ...

Note: This linter can be disabled with `set_option linter.unusedSectionVars false`
⚠ [9716/9980] Replayed SafeLearning.CompleteModulesGaussianLinearDesignInformation
warning: SafeLearning/CompleteModulesGaussianLinearDesignInformation.lean:29:2: Try this: 
  haveI̵

The goal is a proposition, so `have` is preferred over `haveI`.
The difference between `have` and `haveI` is that `haveI` inlines the value.
But this is not relevant for proofs because of proof irrelevance.

Note: This linter can be disabled with `set_option linter.style.haveILetI false`
⚠ [9718/9980] Replayed SafeLearning.CompleteModulesGramBridge
warning: SafeLearning/CompleteModulesGramBridge.lean:17:0: automatically included section variable(s) unused in theorem `SafeLearning.CompleteModulesGramBridge.feature_gram_positive_semidefinite`:
  [DecidableEq I]
consider restructuring your `variable` declarations so that the variables are not in scope or explicitly omit them:
  omit [DecidableEq I] in theorem ...

Note: This linter can be disabled with `set_option linter.unusedSectionVars false`
warning: SafeLearning/CompleteModulesGramBridge.lean:44:2: Try this: 
  letI̵

The goal is a proposition, so `let` is preferred over `letI`.
The difference between `let` and `letI` is that `letI` inlines the value.
But this is not relevant for proofs because of proof irrelevance.

Note: This linter can be disabled with `set_option linter.style.haveILetI false`
warning: SafeLearning/CompleteModulesGramBridge.lean:53:0: automatically included section variable(s) unused in theorem `SafeLearning.CompleteModulesGramBridge.feature_gram_positive_definite_iff_independent`:
  [DecidableEq I]
consider restructuring your `variable` declarations so that the variables are not in scope or explicitly omit them:
  omit [DecidableEq I] in theorem ...

Note: This linter can be disabled with `set_option linter.unusedSectionVars false`
warning: SafeLearning/CompleteModulesGramBridge.lean:67:0: automatically included section variable(s) unused in theorem `SafeLearning.CompleteModulesGramBridge.actual_gram_entry`:
  [Fintype I]
  [DecidableEq I]
consider restructuring your `variable` declarations so that the variables are not in scope or explicitly omit them:
  omit [Fintype I] [DecidableEq I] in theorem ...

Note: This linter can be disabled with `set_option linter.unusedSectionVars false`
warning: SafeLearning/CompleteModulesGramBridge.lean:160:10: `tendsto_finset_sum` has been deprecated: Use `tendsto_finsetSum` instead
⚠ [9719/9980] Replayed SafeLearning.CompleteModulesSafeOptGaussianGapFeatures
warning: SafeLearning/CompleteModulesSafeOptGaussianGapFeatures.lean:55:78: This simp argument is unused:
  conj_trivial

Hint: Omit it from the simp argument list.
  [apply] simp [actualSourceCoefficient, inner_add_left, inner_sub_left, real_inner_smul_left, lp.inner_single_left,
    actual_feature_vector_coordinates, RCLike.inner_apply]

Note: This linter can be disabled with `set_option linter.unusedSimpArgs false`
⚠ [9725/9980] Replayed SafeLearning.CompleteModulesGaussianRegressionFinite
warning: SafeLearning/CompleteModulesGaussianRegressionFinite.lean:24:0: automatically included section variable(s) unused in theorem `SafeLearning.CompleteModulesGaussianRegressionFinite.actual_finite_gaussian_observations_and_regression_residual_are_jointly_gaussian`:
  [DecidableEq I]
  [IsProbabilityMeasure P]
consider restructuring your `variable` declarations so that the variables are not in scope or explicitly omit them:
  omit [DecidableEq I] [IsProbabilityMeasure P] in theorem ...

Note: This linter can be disabled with `set_option linter.unusedSectionVars false`
warning: SafeLearning/CompleteModulesGaussianRegressionFinite.lean:29:0: automatically included section variable(s) unused in theorem `SafeLearning.CompleteModulesGaussianRegressionFinite.actual_inverse_covariance_coefficients_solve_the_true_covariance_system`:
  [IsProbabilityMeasure P]
consider restructuring your `variable` declarations so that the variables are not in scope or explicitly omit them:
  omit [IsProbabilityMeasure P] in theorem ...

Note: This linter can be disabled with `set_option linter.unusedSectionVars false`
warning: SafeLearning/CompleteModulesGaussianRegressionFinite.lean:35:0: automatically included section variable(s) unused in theorem `SafeLearning.CompleteModulesGaussianRegressionFinite.actual_finite_regression_residual_has_zero_covariance_with_every_observation`:
  [DecidableEq I]
consider restructuring your `variable` declarations so that the variables are not in scope or explicitly omit them:
  omit [DecidableEq I] in theorem ...

Note: This linter can be disabled with `set_option linter.unusedSectionVars false`
warning: SafeLearning/CompleteModulesGaussianRegressionFinite.lean:93:37: This simp argument is unused:
  covariance_const_mul_right

Hint: Omit it from the simp argument list.
  [apply] simp [dotProduct, crossCovariance, covariance_const_mul_left, covariance_comm Z]

Note: This linter can be disabled with `set_option linter.unusedSimpArgs false`
warning: SafeLearning/CompleteModulesGaussianRegressionFinite.lean:102:0: automatically included section variable(s) unused in theorem `SafeLearning.CompleteModulesGaussianRegressionFinite.actual_vector_observation_independent_gaussian_residual_product_derives_the_conditional_joint`:
  [DecidableEq I]
consider restructuring your `variable` declarations so that the variables are not in scope or explicitly omit them:
  omit [DecidableEq I] in theorem ...

Note: This linter can be disabled with `set_option linter.unusedSectionVars false`
warning: SafeLearning/CompleteModulesGaussianRegressionFinite.lean:134:2: Try this: 
  haveI̵

The goal is a proposition, so `have` is preferred over `haveI`.
The difference between `have` and `haveI` is that `haveI` inlines the value.
But this is not relevant for proofs because of proof irrelevance.

Note: This linter can be disabled with `set_option linter.style.haveILetI false`
⚠ [9726/9980] Replayed SafeLearning.CompleteModulesGaussianObservationModel
warning: SafeLearning/CompleteModulesGaussianObservationModel.lean:17:0: automatically included section variable(s) unused in theorem `SafeLearning.CompleteModulesGaussianObservationModel.actual_independent_centered_gaussian_noise_has_the_true_diagonal_covariance`:
  [Fintype I]
  [IsProbabilityMeasure P]
consider restructuring your `variable` declarations so that the variables are not in scope or explicitly omit them:
  omit [Fintype I] [IsProbabilityMeasure P] in theorem ...

Note: This linter can be disabled with `set_option linter.unusedSectionVars false`
warning: SafeLearning/CompleteModulesGaussianObservationModel.lean:29:0: automatically included section variable(s) unused in theorem `SafeLearning.CompleteModulesGaussianObservationModel.actual_prior_plus_independent_gaussian_noise_and_query_are_jointly_gaussian`:
  [DecidableEq I]
  [IsProbabilityMeasure P]
consider restructuring your `variable` declarations so that the variables are not in scope or explicitly omit them:
  omit [DecidableEq I] [IsProbabilityMeasure P] in theorem ...

Note: This linter can be disabled with `set_option linter.unusedSectionVars false`
warning: SafeLearning/CompleteModulesGaussianObservationModel.lean:44:40: Used `tac1 <;> tac2` where `(tac1; tac2)` would suffice

Note: This linter can be disabled with `set_option linter.unnecessarySeqFocus false`
warning: SafeLearning/CompleteModulesGaussianObservationModel.lean:66:0: automatically included section variable(s) unused in theorem `SafeLearning.CompleteModulesGaussianObservationModel.actual_source_observation_query_cross_covariance_is_the_true_prior_query_vector`:
  [DecidableEq I]
consider restructuring your `variable` declarations so that the variables are not in scope or explicitly omit them:
  omit [DecidableEq I] in theorem ...

Note: This linter can be disabled with `set_option linter.unusedSectionVars false`
warning: SafeLearning/CompleteModulesGaussianObservationModel.lean:82:0: automatically included section variable(s) unused in theorem `SafeLearning.CompleteModulesGaussianObservationModel.actual_centered_prior_and_centered_noise_give_the_true_zero_observation_mean`:
  [DecidableEq I]
  [IsProbabilityMeasure P]
consider restructuring your `variable` declarations so that the variables are not in scope or explicitly omit them:
  omit [DecidableEq I] [IsProbabilityMeasure P] in theorem ...

Note: This linter can be disabled with `set_option linter.unusedSectionVars false`
warning: SafeLearning/CompleteModulesGaussianObservationModel.lean:91:0: automatically included section variable(s) unused in theorem `SafeLearning.CompleteModulesGaussianObservationModel.actual_covariance_gram_is_positive_semidefinite_from_true_second_moments`:
  [DecidableEq I]
consider restructuring your `variable` declarations so that the variables are not in scope or explicitly omit them:
  omit [DecidableEq I] in theorem ...

Note: This linter can be disabled with `set_option linter.unusedSectionVars false`
⚠ [9727/9980] Replayed SafeLearning.CompleteModulesGaussianSchurConsequences
warning: SafeLearning/CompleteModulesGaussianSchurConsequences.lean:23:2: Try this: 
  letI̵

The goal is a proposition, so `let` is preferred over `letI`.
The difference between `let` and `letI` is that `letI` inlines the value.
But this is not relevant for proofs because of proof irrelevance.

Note: This linter can be disabled with `set_option linter.style.haveILetI false`
warning: SafeLearning/CompleteModulesGaussianSchurConsequences.lean:26:2: Try this: 
  letI̵

The goal is a proposition, so `let` is preferred over `letI`.
The difference between `let` and `letI` is that `letI` inlines the value.
But this is not relevant for proofs because of proof irrelevance.

Note: This linter can be disabled with `set_option linter.style.haveILetI false`
warning: SafeLearning/CompleteModulesGaussianSchurConsequences.lean:27:2: Try this: 
  letI̵

The goal is a proposition, so `let` is preferred over `letI`.
The difference between `let` and `letI` is that `letI` inlines the value.
But this is not relevant for proofs because of proof irrelevance.

Note: This linter can be disabled with `set_option linter.style.haveILetI false`
warning: SafeLearning/CompleteModulesGaussianSchurConsequences.lean:30:0: automatically included section variable(s) unused in theorem `SafeLearning.CompleteModulesGaussianSchurConsequences.actual_observation_covariance_is_symmetric`:
  [Fintype I]
  [DecidableEq I]
consider restructuring your `variable` declarations so that the variables are not in scope or explicitly omit them:
  omit [Fintype I] [DecidableEq I] in theorem ...

Note: This linter can be disabled with `set_option linter.unusedSectionVars false`
warning: SafeLearning/CompleteModulesGaussianSchurConsequences.lean:61:13: This simp argument is unused:
  conditionalKernel

Hint: Omit it from the simp argument list.
  [apply] simp only [hY, hZ, mul_zero, Finset.sum_const_zero, sub_zero, zero_add]

Note: This linter can be disabled with `set_option linter.unusedSimpArgs false`
⚠ [9728/9980] Replayed SafeLearning.CompleteModulesGaussianRankOne
warning: SafeLearning/CompleteModulesGaussianRankOne.lean:22:0: automatically included section variable(s) unused in theorem `SafeLearning.CompleteModulesGaussianRankOne.actual_one_observation_and_all_query_regression_residuals_are_jointly_gaussian`:
  [IsProbabilityMeasure P]
consider restructuring your `variable` declarations so that the variables are not in scope or explicitly omit them:
  omit [IsProbabilityMeasure P] in theorem ...

Note: This linter can be disabled with `set_option linter.unusedSectionVars false`
warning: SafeLearning/CompleteModulesGaussianRankOne.lean:25:66: Used `tac1 <;> tac2` where `(tac1; tac2)` would suffice

Note: This linter can be disabled with `set_option linter.unnecessarySeqFocus false`
warning: SafeLearning/CompleteModulesGaussianRankOne.lean:69:0: automatically included section variable(s) unused in theorem `SafeLearning.CompleteModulesGaussianRankOne.actual_affine_pushforward_of_a_fixed_measure_is_a_measurable_kernel`:
  [Fintype I]
consider restructuring your `variable` declarations so that the variables are not in scope or explicitly omit them:
  omit [Fintype I] in theorem ...

Note: This linter can be disabled with `set_option linter.unusedSectionVars false`
warning: SafeLearning/CompleteModulesGaussianRankOne.lean:96:2: Try this: 
  haveI̵

The goal is a proposition, so `have` is preferred over `haveI`.
The difference between `have` and `haveI` is that `haveI` inlines the value.
But this is not relevant for proofs because of proof irrelevance.

Note: This linter can be disabled with `set_option linter.style.haveILetI false`
warning: SafeLearning/CompleteModulesGaussianRankOne.lean:125:2: Try this: 
  haveI̵

The goal is a proposition, so `have` is preferred over `haveI`.
The difference between `have` and `haveI` is that `haveI` inlines the value.
But this is not relevant for proofs because of proof irrelevance.

Note: This linter can be disabled with `set_option linter.style.haveILetI false`
warning: SafeLearning/CompleteModulesGaussianRankOne.lean:127:2: Try this: 
  haveI̵

The goal is a proposition, so `have` is preferred over `haveI`.
The difference between `have` and `haveI` is that `haveI` inlines the value.
But this is not relevant for proofs because of proof irrelevance.

Note: This linter can be disabled with `set_option linter.style.haveILetI false`
warning: SafeLearning/CompleteModulesGaussianRankOne.lean:148:2: Try this: 
  haveI̵

The goal is a proposition, so `have` is preferred over `haveI`.
The difference between `have` and `haveI` is that `haveI` inlines the value.
But this is not relevant for proofs because of proof irrelevance.

Note: This linter can be disabled with `set_option linter.style.haveILetI false`
warning: SafeLearning/CompleteModulesGaussianRankOne.lean:159:2: Try this: 
  haveI̵

The goal is a proposition, so `have` is preferred over `haveI`.
The difference between `have` and `haveI` is that `haveI` inlines the value.
But this is not relevant for proofs because of proof irrelevance.

Note: This linter can be disabled with `set_option linter.style.haveILetI false`
warning: SafeLearning/CompleteModulesGaussianRankOne.lean:161:2: Try this: 
  haveI̵

The goal is a proposition, so `have` is preferred over `haveI`.
The difference between `have` and `haveI` is that `haveI` inlines the value.
But this is not relevant for proofs because of proof irrelevance.

Note: This linter can be disabled with `set_option linter.style.haveILetI false`
⚠ [9729/9980] Replayed SafeLearning.CompleteModulesGaussianPosteriorSource
warning: SafeLearning/CompleteModulesGaussianPosteriorSource.lean:18:0: automatically included section variable(s) unused in theorem `SafeLearning.CompleteModulesGaussianPosteriorSource.actual_symmetric_schur_quadratic_has_the_literal_completing_square_identity`:
  [DecidableEq J]
consider restructuring your `variable` declarations so that the variables are not in scope or explicitly omit them:
  omit [DecidableEq J] in theorem ...

Note: This linter can be disabled with `set_option linter.unusedSectionVars false`
warning: SafeLearning/CompleteModulesGaussianPosteriorSource.lean:63:0: automatically included section variable(s) unused in theorem `SafeLearning.CompleteModulesGaussianPosteriorSource.actual_new_gaussian_observation_of_a_gaussian_query_family_is_jointly_gaussian`:
  [DecidableEq I]
  [IsProbabilityMeasure P]
consider restructuring your `variable` declarations so that the variables are not in scope or explicitly omit them:
  omit [DecidableEq I] [IsProbabilityMeasure P] in theorem ...

Note: This linter can be disabled with `set_option linter.unusedSectionVars false`
warning: SafeLearning/CompleteModulesGaussianPosteriorSource.lean:75:37: Used `tac1 <;> tac2` where `(tac1; tac2)` would suffice

Note: This linter can be disabled with `set_option linter.unnecessarySeqFocus false`
warning: SafeLearning/CompleteModulesGaussianPosteriorSource.lean:77:0: automatically included section variable(s) unused in theorem `SafeLearning.CompleteModulesGaussianPosteriorSource.actual_new_observation_variance_equals_latent_variance_plus_noise`:
  [DecidableEq I]
  [IsProbabilityMeasure P]
consider restructuring your `variable` declarations so that the variables are not in scope or explicitly omit them:
  omit [DecidableEq I] [IsProbabilityMeasure P] in theorem ...

Note: This linter can be disabled with `set_option linter.unusedSectionVars false`
warning: SafeLearning/CompleteModulesGaussianPosteriorSource.lean:86:0: automatically included section variable(s) unused in theorem `SafeLearning.CompleteModulesGaussianPosteriorSource.actual_new_observation_query_covariance_equals_the_latent_cross_covariance`:
  [DecidableEq I]
consider restructuring your `variable` declarations so that the variables are not in scope or explicitly omit them:
  omit [DecidableEq I] in theorem ...

Note: This linter can be disabled with `set_option linter.unusedSectionVars false`
⚠ [9730/9980] Replayed SafeLearning.CompleteModulesGaussianRegressionVector
warning: SafeLearning/CompleteModulesGaussianRegressionVector.lean:24:0: automatically included section variable(s) unused in theorem `SafeLearning.CompleteModulesGaussianRegressionVector.actual_old_observation_vector_and_each_query_are_jointly_gaussian`:
  [DecidableEq I]
  [IsProbabilityMeasure P]
consider restructuring your `variable` declarations so that the variables are not in scope or explicitly omit them:
  omit [DecidableEq I] [IsProbabilityMeasure P] in theorem ...

Note: This linter can be disabled with `set_option linter.unusedSectionVars false`
warning: SafeLearning/CompleteModulesGaussianRegressionVector.lean:30:37: Used `tac1 <;> tac2` where `(tac1; tac2)` would suffice

Note: This linter can be disabled with `set_option linter.unnecessarySeqFocus false`
warning: SafeLearning/CompleteModulesGaussianRegressionVector.lean:32:0: automatically included section variable(s) unused in theorem `SafeLearning.CompleteModulesGaussianRegressionVector.actual_old_vector_and_entire_query_residual_family_are_jointly_gaussian`:
  [IsProbabilityMeasure P]
consider restructuring your `variable` declarations so that the variables are not in scope or explicitly omit them:
  omit [IsProbabilityMeasure P] in theorem ...

Note: This linter can be disabled with `set_option linter.unusedSectionVars false`
warning: SafeLearning/CompleteModulesGaussianRegressionVector.lean:94:0: automatically included section variable(s) unused in theorem `SafeLearning.CompleteModulesGaussianRegressionVector.actual_affine_finite_vector_pushforward_is_a_measurable_kernel`:
  [DecidableEq I]
  [Fintype J]
consider restructuring your `variable` declarations so that the variables are not in scope or explicitly omit them:
  omit [DecidableEq I] [Fintype J] in theorem ...

Note: This linter can be disabled with `set_option linter.unusedSectionVars false`
warning: SafeLearning/CompleteModulesGaussianRegressionVector.lean:144:2: Try this: 
  haveI̵

The goal is a proposition, so `have` is preferred over `haveI`.
The difference between `have` and `haveI` is that `haveI` inlines the value.
But this is not relevant for proofs because of proof irrelevance.

Note: This linter can be disabled with `set_option linter.style.haveILetI false`
warning: SafeLearning/CompleteModulesGaussianRegressionVector.lean:146:2: Try this: 
  haveI̵

The goal is a proposition, so `have` is preferred over `haveI`.
The difference between `have` and `haveI` is that `haveI` inlines the value.
But this is not relevant for proofs because of proof irrelevance.

Note: This linter can be disabled with `set_option linter.style.haveILetI false`
warning: SafeLearning/CompleteModulesGaussianRegressionVector.lean:167:2: Try this: 
  haveI̵

The goal is a proposition, so `have` is preferred over `haveI`.
The difference between `have` and `haveI` is that `haveI` inlines the value.
But this is not relevant for proofs because of proof irrelevance.

Note: This linter can be disabled with `set_option linter.style.haveILetI false`
warning: SafeLearning/CompleteModulesGaussianRegressionVector.lean:179:2: Try this: 
  haveI̵

The goal is a proposition, so `have` is preferred over `haveI`.
The difference between `have` and `haveI` is that `haveI` inlines the value.
But this is not relevant for proofs because of proof irrelevance.

Note: This linter can be disabled with `set_option linter.style.haveILetI false`
warning: SafeLearning/CompleteModulesGaussianRegressionVector.lean:181:2: Try this: 
  haveI̵

The goal is a proposition, so `have` is preferred over `haveI`.
The difference between `have` and `haveI` is that `haveI` inlines the value.
But this is not relevant for proofs because of proof irrelevance.

Note: This linter can be disabled with `set_option linter.style.haveILetI false`
warning: SafeLearning/CompleteModulesGaussianRegressionVector.lean:202:2: Try this: 
  haveI̵

The goal is a proposition, so `have` is preferred over `haveI`.
The difference between `have` and `haveI` is that `haveI` inlines the value.
But this is not relevant for proofs because of proof irrelevance.

Note: This linter can be disabled with `set_option linter.style.haveILetI false`
warning: SafeLearning/CompleteModulesGaussianRegressionVector.lean:204:2: Try this: 
  haveI̵

The goal is a proposition, so `have` is preferred over `haveI`.
The difference between `have` and `haveI` is that `haveI` inlines the value.
But this is not relevant for proofs because of proof irrelevance.

Note: This linter can be disabled with `set_option linter.style.haveILetI false`
⚠ [9731/9980] Replayed SafeLearning.CompleteModulesGaussianSequentialAlgebra
warning: SafeLearning/CompleteModulesGaussianSequentialAlgebra.lean:27:2: Try this: 
  letI̵

The goal is a proposition, so `let` is preferred over `letI`.
The difference between `let` and `letI` is that `letI` inlines the value.
But this is not relevant for proofs because of proof irrelevance.

Note: This linter can be disabled with `set_option linter.style.haveILetI false`
⚠ [9733/9980] Replayed SafeLearning.CompleteModulesThreeTapConvolution
warning: SafeLearning/CompleteModulesThreeTapConvolution.lean:53:0: automatically included section variable(s) unused in theorem `SafeLearning.CompleteModulesThreeTapConvolution.actual_three_tap_output_matrix_action`:
  [Fintype O]
  [DecidableEq I]
consider restructuring your `variable` declarations so that the variables are not in scope or explicitly omit them:
  omit [Fintype O] [DecidableEq I] in theorem ...

Note: This linter can be disabled with `set_option linter.unusedSectionVars false`
⚠ [9734/9980] Replayed SafeLearning.CompleteModulesRoesserThreeByThree
warning: SafeLearning/CompleteModulesRoesserThreeByThree.lean:52:0: automatically included section variable(s) unused in theorem `SafeLearning.CompleteModulesRoesserThreeByThree.actual_roesser_vertical_zero_boundary`:
  [Fintype O]
  [DecidableEq I]
  [DecidableEq O]
consider restructuring your `variable` declarations so that the variables are not in scope or explicitly omit them:
  omit [Fintype O] [DecidableEq I] [DecidableEq O] in theorem ...

Note: This linter can be disabled with `set_option linter.unusedSectionVars false`
warning: SafeLearning/CompleteModulesRoesserThreeByThree.lean:58:0: automatically included section variable(s) unused in theorem `SafeLearning.CompleteModulesRoesserThreeByThree.actual_roesser_horizontal_zero_boundary`:
  [Fintype I]
  [DecidableEq I]
consider restructuring your `variable` declarations so that the variables are not in scope or explicitly omit them:
  omit [Fintype I] [DecidableEq I] in theorem ...

Note: This linter can be disabled with `set_option linter.unusedSectionVars false`
warning: SafeLearning/CompleteModulesRoesserThreeByThree.lean:63:0: automatically included section variable(s) unused in theorem `SafeLearning.CompleteModulesRoesserThreeByThree.actual_roesser_vertical_state_space_recursion`:
  [DecidableEq I]
consider restructuring your `variable` declarations so that the variables are not in scope or explicitly omit them:
  omit [DecidableEq I] in theorem ...

Note: This linter can be disabled with `set_option linter.unusedSectionVars false`
warning: SafeLearning/CompleteModulesRoesserThreeByThree.lean:82:0: automatically included section variable(s) unused in theorem `SafeLearning.CompleteModulesRoesserThreeByThree.actual_roesser_output_is_zero_padded_three_by_three_convolution`:
  [DecidableEq I]
consider restructuring your `variable` declarations so that the variables are not in scope or explicitly omit them:
  omit [DecidableEq I] in theorem ...

Note: This linter can be disabled with `set_option linter.unusedSectionVars false`
warning: SafeLearning/CompleteModulesRoesserThreeByThree.lean:95:0: automatically included section variable(s) unused in theorem `SafeLearning.CompleteModulesRoesserThreeByThree.actual_roesser_three_by_three_state_dimensions`:
  [DecidableEq I]
  [DecidableEq O]
consider restructuring your `variable` declarations so that the variables are not in scope or explicitly omit them:
  omit [DecidableEq I] [DecidableEq O] in theorem ...

Note: This linter can be disabled with `set_option linter.unusedSectionVars false`
⚠ [9740/9980] Replayed SafeLearning.CompleteModulesGoSafeBackupGeometry
warning: SafeLearning/CompleteModulesGoSafeBackupGeometry.lean:54:13: `Set.mem_setOf_eq` has been deprecated: Use `Set.mem_ofPred_eq` instead
warning: SafeLearning/CompleteModulesGoSafeBackupGeometry.lean:67:15: `Set.mem_setOf_eq` has been deprecated: Use `Set.mem_ofPred_eq` instead
⚠ [9742/9980] Replayed SafeLearning.CompleteModulesGoSafeDiscovery
warning: SafeLearning/CompleteModulesGoSafeDiscovery.lean:35:53: `if_false` has been deprecated: Use `ite_false` instead
warning: SafeLearning/CompleteModulesGoSafeDiscovery.lean:35:62: `if_true` has been deprecated: Use `ite_true` instead
warning: SafeLearning/CompleteModulesGoSafeDiscovery.lean:35:34: This simp argument is unused:
  Bool.true_eq_false

Hint: Omit it from the simp argument list.
  [apply] simp only [sourceIslandPath, if_false, if_true]

Note: This linter can be disabled with `set_option linter.unusedSimpArgs false`
warning: SafeLearning/CompleteModulesGoSafeDiscovery.lean:35:53: This simp argument is unused:
  if_false

Hint: Omit it from the simp argument list.
  [apply] simp only [sourceIslandPath, Bool.true_eq_false, if_true]

Note: This linter can be disabled with `set_option linter.unusedSimpArgs false`
⚠ [9744/9980] Replayed SafeLearning.CompleteModulesGoSafeFailSet
warning: SafeLearning/CompleteModulesGoSafeFailSet.lean:22:7: Variable name `i` is not explicitly referenced.

Hint: The binding can be removed (if unused) or named `_` (if used implicitly). Alternatively, prefix the name with `_` to silence this warning:
  [apply] _i

Note: This linter can be disabled with `set_option linter.unusedVariables false`
warning: SafeLearning/CompleteModulesGoSafeFailSet.lean:22:30: Variable name `i` is not explicitly referenced.

Hint: The binding can be removed (if unused) or named `_` (if used implicitly). Alternatively, prefix the name with `_` to silence this warning:
  [apply] _i

Note: This linter can be disabled with `set_option linter.unusedVariables false`
warning: SafeLearning/CompleteModulesGoSafeFailSet.lean:111:39: `Set.mem_setOf_eq` has been deprecated: Use `Set.mem_ofPred_eq` instead
⚠ [9747/9980] Replayed SafeLearning.CompleteModulesGoSafeCertifiedCoverage
warning: SafeLearning/CompleteModulesGoSafeCertifiedCoverage.lean:59:13: `Set.mem_setOf_eq` has been deprecated: Use `Set.mem_ofPred_eq` instead
⚠ [9749/9980] Replayed SafeLearning.CompleteModulesGoSafeGlobalEligibility
warning: SafeLearning/CompleteModulesGoSafeGlobalEligibility.lean:17:48: `Set.mem_diff` has been deprecated: Use `Set.mem_sdiff` instead
⚠ [9761/9980] Replayed SafeLearning.CompleteModulesGoSafeReturnabilityConsequences
warning: SafeLearning/CompleteModulesGoSafeReturnabilityConsequences.lean:29:78: `Set.mem_setOf_eq` has been deprecated: Use `Set.mem_ofPred_eq` instead
⚠ [9766/9980] Replayed SafeLearning.CompleteModulesGoSafeToyBetweenGrid
warning: SafeLearning/CompleteModulesGoSafeToyBetweenGrid.lean:31:21: Used `tac1 <;> tac2` where `(tac1; tac2)` would suffice

Note: This linter can be disabled with `set_option linter.unnecessarySeqFocus false`
⚠ [9775/9980] Replayed SafeLearning.CompleteModulesGoSafeToyObjective
warning: SafeLearning/CompleteModulesGoSafeToyObjective.lean:66:25: Used `tac1 <;> tac2` where `(tac1; tac2)` would suffice

Note: This linter can be disabled with `set_option linter.unnecessarySeqFocus false`
warning: SafeLearning/CompleteModulesGoSafeToyObjective.lean:73:23: Used `tac1 <;> tac2` where `(tac1; tac2)` would suffice

Note: This linter can be disabled with `set_option linter.unnecessarySeqFocus false`
warning: SafeLearning/CompleteModulesGoSafeToyObjective.lean:85:25: Used `tac1 <;> tac2` where `(tac1; tac2)` would suffice

Note: This linter can be disabled with `set_option linter.unnecessarySeqFocus false`
⚠ [9780/9980] Replayed SafeLearning.CompleteModulesInvalidQC
warning: SafeLearning/CompleteModulesInvalidQC.lean:92:34: Used `tac1 <;> tac2` where `(tac1; tac2)` would suffice

Note: This linter can be disabled with `set_option linter.unnecessarySeqFocus false`
⚠ [9781/9980] Replayed SafeLearning.CompleteModulesInverseSpectrum
warning: SafeLearning/CompleteModulesInverseSpectrum.lean:12:0: automatically included section variable(s) unused in theorem `SafeLearning.CompleteModulesInverseSpectrum.actual_inverse_eigen_diagonalization`:
  [Nonempty N]
consider restructuring your `variable` declarations so that the variables are not in scope or explicitly omit them:
  omit [Nonempty N] in theorem ...

Note: This linter can be disabled with `set_option linter.unusedSectionVars false`
⚠ [9783/9980] Replayed SafeLearning.CompleteModulesRKHSStructure
warning: SafeLearning/CompleteModulesRKHSStructure.lean:14:0: automatically included section variable(s) unused in theorem `SafeLearning.CompleteModulesRKHSStructure.evaluation_functional_evaluates`:
  [CompleteSpace H]
consider restructuring your `variable` declarations so that the variables are not in scope or explicitly omit them:
  omit [CompleteSpace H] in theorem ...

Note: This linter can be disabled with `set_option linter.unusedSectionVars false`
warning: SafeLearning/CompleteModulesRKHSStructure.lean:17:0: automatically included section variable(s) unused in theorem `SafeLearning.CompleteModulesRKHSStructure.evaluation_functional_is_linear`:
  [CompleteSpace H]
consider restructuring your `variable` declarations so that the variables are not in scope or explicitly omit them:
  omit [CompleteSpace H] in theorem ...

Note: This linter can be disabled with `set_option linter.unusedSectionVars false`
warning: SafeLearning/CompleteModulesRKHSStructure.lean:78:54: This simp argument is unused:
  conj_trivial

Hint: Omit it from the simp argument list.
  [apply] simp [linear_function_evaluation, RCLike.inner_apply, mul_comm]

Note: This linter can be disabled with `set_option linter.unusedSimpArgs false`
⚠ [9784/9980] Replayed SafeLearning.CompleteModulesKernelFunctional
warning: SafeLearning/CompleteModulesKernelFunctional.lean:15:2: Try this: 
  letI̵

The goal is a proposition, so `let` is preferred over `letI`.
The difference between `let` and `letI` is that `letI` inlines the value.
But this is not relevant for proofs because of proof irrelevance.

Note: This linter can be disabled with `set_option linter.style.haveILetI false`
warning: SafeLearning/CompleteModulesKernelFunctional.lean:26:2: Try this: 
  letI̵

The goal is a proposition, so `let` is preferred over `letI`.
The difference between `let` and `letI` is that `letI` inlines the value.
But this is not relevant for proofs because of proof irrelevance.

Note: This linter can be disabled with `set_option linter.style.haveILetI false`
warning: SafeLearning/CompleteModulesKernelFunctional.lean:42:0: automatically included section variable(s) unused in theorem `SafeLearning.CompleteModulesKernelFunctional.posterior_functional_evaluates`:
  [DecidableEq I]
consider restructuring your `variable` declarations so that the variables are not in scope or explicitly omit them:
  omit [DecidableEq I] in theorem ...

Note: This linter can be disabled with `set_option linter.unusedSectionVars false`
⚠ [9785/9980] Replayed SafeLearning.CompleteModulesKernelMetric
warning: SafeLearning/CompleteModulesKernelMetric.lean:12:0: automatically included section variable(s) unused in theorem `SafeLearning.CompleteModulesKernelMetric.kernel_distance_nonnegative`:
  [InnerProductSpace ℝ H]
consider restructuring your `variable` declarations so that the variables are not in scope or explicitly omit them:
  omit [InnerProductSpace ℝ H] in theorem ...

Note: This linter can be disabled with `set_option linter.unusedSectionVars false`
warning: SafeLearning/CompleteModulesKernelMetric.lean:15:0: automatically included section variable(s) unused in theorem `SafeLearning.CompleteModulesKernelMetric.kernel_distance_self`:
  [InnerProductSpace ℝ H]
consider restructuring your `variable` declarations so that the variables are not in scope or explicitly omit them:
  omit [InnerProductSpace ℝ H] in theorem ...

Note: This linter can be disabled with `set_option linter.unusedSectionVars false`
warning: SafeLearning/CompleteModulesKernelMetric.lean:18:0: automatically included section variable(s) unused in theorem `SafeLearning.CompleteModulesKernelMetric.kernel_distance_symmetric`:
  [InnerProductSpace ℝ H]
consider restructuring your `variable` declarations so that the variables are not in scope or explicitly omit them:
  omit [InnerProductSpace ℝ H] in theorem ...

Note: This linter can be disabled with `set_option linter.unusedSectionVars false`
warning: SafeLearning/CompleteModulesKernelMetric.lean:21:0: automatically included section variable(s) unused in theorem `SafeLearning.CompleteModulesKernelMetric.kernel_distance_triangle`:
  [InnerProductSpace ℝ H]
consider restructuring your `variable` declarations so that the variables are not in scope or explicitly omit them:
  omit [InnerProductSpace ℝ H] in theorem ...

Note: This linter can be disabled with `set_option linter.unusedSectionVars false`
warning: SafeLearning/CompleteModulesKernelMetric.lean:25:0: automatically included section variable(s) unused in theorem `SafeLearning.CompleteModulesKernelMetric.kernel_distance_zero_iff`:
  [InnerProductSpace ℝ H]
consider restructuring your `variable` declarations so that the variables are not in scope or explicitly omit them:
  omit [InnerProductSpace ℝ H] in theorem ...

Note: This linter can be disabled with `set_option linter.unusedSectionVars false`
warning: SafeLearning/CompleteModulesKernelMetric.lean:74:0: automatically included section variable(s) unused in theorem `SafeLearning.CompleteModulesKernelMetric.norm_zero_is_zero_function`:
  [CompleteSpace H]
consider restructuring your `variable` declarations so that the variables are not in scope or explicitly omit them:
  omit [CompleteSpace H] in theorem ...

Note: This linter can be disabled with `set_option linter.unusedSectionVars false`
⚠ [9788/9980] Replayed SafeLearning.CompleteModulesLandscapeARGaussianAlgebra
warning: SafeLearning/CompleteModulesLandscapeARGaussianAlgebra.lean:34:79: try 'simp' instead of 'simpa'

Note: This linter can be disabled with `set_option linter.unnecessarySimpa false`
⚠ [9791/9980] Replayed SafeLearning.CompleteModulesLandscapeARGaussianLaw
warning: SafeLearning/CompleteModulesLandscapeARGaussianLaw.lean:50:2: Try this: 
  haveI̵

The goal is a proposition, so `have` is preferred over `haveI`.
The difference between `have` and `haveI` is that `haveI` inlines the value.
But this is not relevant for proofs because of proof irrelevance.

Note: This linter can be disabled with `set_option linter.style.haveILetI false`
warning: SafeLearning/CompleteModulesLandscapeARGaussianLaw.lean:63:2: Try this: 
  haveI̵

The goal is a proposition, so `have` is preferred over `haveI`.
The difference between `have` and `haveI` is that `haveI` inlines the value.
But this is not relevant for proofs because of proof irrelevance.

Note: This linter can be disabled with `set_option linter.style.haveILetI false`
⚠ [9792/9980] Replayed SafeLearning.CompleteModulesLandscapeGaussianTailCounts
warning: SafeLearning/CompleteModulesLandscapeGaussianTailCounts.lean:30:15: `Set.mem_setOf_eq` has been deprecated: Use `Set.mem_ofPred_eq` instead
⚠ [9793/9980] Replayed SafeLearning.CompleteModulesLandscapeARViolationCounts
warning: SafeLearning/CompleteModulesLandscapeARViolationCounts.lean:61:19: `if_neg` has been deprecated: Use `ite_eq_right` instead
warning: SafeLearning/CompleteModulesLandscapeARViolationCounts.lean:111:24: `if_pos` has been deprecated: Use `ite_eq_left` instead
warning: SafeLearning/CompleteModulesLandscapeARViolationCounts.lean:111:24: This simp argument is unused:
  if_pos rfl

Hint: Omit it from the simp argument list.
  [apply] simp only [exactTail] at h

Note: This linter can be disabled with `set_option linter.unusedSimpArgs false`
⚠ [9794/9980] Replayed SafeLearning.CompleteModulesLandscapeARCountNumerics
warning: SafeLearning/CompleteModulesLandscapeARCountNumerics.lean:87:53: `if_false` has been deprecated: Use `ite_false` instead
warning: SafeLearning/CompleteModulesLandscapeARCountNumerics.lean:121:4: try 'simp' instead of 'simpa'

Note: This linter can be disabled with `set_option linter.unnecessarySimpa false`
⚠ [9801/9980] Replayed SafeLearning.CompleteModulesLandscapeCompactEndpoint
warning: SafeLearning/CompleteModulesLandscapeCompactEndpoint.lean:14:0: automatically included section variable(s) unused in theorem `SafeLearning.CompleteModulesLandscapeCompactEndpoint.actual_continuous_field_has_a_uniform_norm_bound_on_a_compact_set`:
  [NormedSpace ℝ E]
  [FiniteDimensional ℝ E]
consider restructuring your `variable` declarations so that the variables are not in scope or explicitly omit them:
  omit [NormedSpace ℝ E] [FiniteDimensional ℝ E] in theorem ...

Note: This linter can be disabled with `set_option linter.unusedSectionVars false`
⚠ [9803/9980] Replayed SafeLearning.CompleteModulesLandscapeCompactContinuation
warning: SafeLearning/CompleteModulesLandscapeCompactContinuation.lean:28:26: `if_true` has been deprecated: Use `ite_true` instead
warning: SafeLearning/CompleteModulesLandscapeCompactContinuation.lean:29:17: `if_neg` has been deprecated: Use `ite_eq_right` instead
⚠ [9813/9980] Replayed SafeLearning.CompleteModulesLandscapeCountConsequences
warning: SafeLearning/CompleteModulesLandscapeCountConsequences.lean:48:2: Try this: 
  letI̵

The goal is a proposition, so `let` is preferred over `letI`.
The difference between `let` and `letI` is that `letI` inlines the value.
But this is not relevant for proofs because of proof irrelevance.

Note: This linter can be disabled with `set_option linter.style.haveILetI false`
warning: SafeLearning/CompleteModulesLandscapeCountConsequences.lean:66:68: This simp argument is unused:
  eq_comm

Hint: Omit it from the simp argument list.
  [apply] simp [unsafeCount, sourceRandomTimeEvents, stepCost, Set.indicator]

Note: This linter can be disabled with `set_option linter.unusedSimpArgs false`
⚠ [9814/9980] Replayed SafeLearning.CompleteModulesLandscapeDiscountedConverse
warning: SafeLearning/CompleteModulesLandscapeDiscountedConverse.lean:15:0: automatically included section variable(s) unused in theorem `SafeLearning.CompleteModulesLandscapeDiscountedConverse.actual_every_infinite_indicator_path_has_summable_discounted_cost`:
  [MeasurableSpace Ω]
consider restructuring your `variable` declarations so that the variables are not in scope or explicitly omit them:
  omit [MeasurableSpace Ω] in theorem ...

Note: This linter can be disabled with `set_option linter.unusedSectionVars false`
warning: SafeLearning/CompleteModulesLandscapeDiscountedConverse.lean:22:78: Used `tac1 <;> tac2` where `(tac1; tac2)` would suffice

Note: This linter can be disabled with `set_option linter.unnecessarySeqFocus false`
warning: SafeLearning/CompleteModulesLandscapeDiscountedConverse.lean:23:78: Used `tac1 <;> tac2` where `(tac1; tac2)` would suffice

Note: This linter can be disabled with `set_option linter.unnecessarySeqFocus false`
warning: SafeLearning/CompleteModulesLandscapeDiscountedConverse.lean:34:78: Used `tac1 <;> tac2` where `(tac1; tac2)` would suffice

Note: This linter can be disabled with `set_option linter.unnecessarySeqFocus false`
warning: SafeLearning/CompleteModulesLandscapeDiscountedConverse.lean:39:84: Used `tac1 <;> tac2` where `(tac1; tac2)` would suffice

Note: This linter can be disabled with `set_option linter.unnecessarySeqFocus false`
⚠ [9816/9980] Replayed SafeLearning.CompleteModulesLandscapeFilteredController
warning: SafeLearning/CompleteModulesLandscapeFilteredController.lean:64:61: this tactic is never executed

Note: This linter can be disabled with `set_option linter.unreachableTactic false`
warning: SafeLearning/CompleteModulesLandscapeFilteredController.lean:64:61: Unused tactic linter: `rfl` does nothing

Note: This linter can be disabled with `set_option linter.unusedTactic false`
⚠ [9817/9980] Replayed SafeLearning.CompleteModulesLandscapeGaussianDiagonalIntegral
warning: SafeLearning/CompleteModulesLandscapeGaussianDiagonalIntegral.lean:47:6: this tactic is never executed

Note: This linter can be disabled with `set_option linter.unreachableTactic false`
warning: SafeLearning/CompleteModulesLandscapeGaussianDiagonalIntegral.lean:47:6: Unused tactic linter: `ring` does nothing

Note: This linter can be disabled with `set_option linter.unusedTactic false`
⚠ [9821/9980] Replayed SafeLearning.CompleteModulesLandscapeGaussianGPRegularization
warning: SafeLearning/CompleteModulesLandscapeGaussianGPRegularization.lean:124:40: this tactic is never executed

Note: This linter can be disabled with `set_option linter.unreachableTactic false`
warning: SafeLearning/CompleteModulesLandscapeGaussianGPRegularization.lean:124:40: Unused tactic linter: `ring` does nothing

Note: This linter can be disabled with `set_option linter.unusedTactic false`
⚠ [9824/9980] Replayed SafeLearning.CompleteModulesLandscapeScalarConfidence
warning: SafeLearning/CompleteModulesLandscapeScalarConfidence.lean:73:10: this tactic is never executed

Note: This linter can be disabled with `set_option linter.unreachableTactic false`
warning: SafeLearning/CompleteModulesLandscapeScalarConfidence.lean:73:10: Unused tactic linter: `ring` does nothing

Note: This linter can be disabled with `set_option linter.unusedTactic false`
⚠ [9825/9980] Replayed SafeLearning.CompleteModulesLandscapePredictableNoise
warning: SafeLearning/CompleteModulesLandscapePredictableNoise.lean:21:2: Try this: 
  letI̵

The goal is a proposition, so `let` is preferred over `letI`.
The difference between `let` and `letI` is that `letI` inlines the value.
But this is not relevant for proofs because of proof irrelevance.

Note: This linter can be disabled with `set_option linter.style.haveILetI false`
⚠ [9826/9980] Replayed SafeLearning.CompleteModulesLandscapeQuadraticWeights
warning: SafeLearning/CompleteModulesLandscapeQuadraticWeights.lean:25:2: Try this: 
  letI̵

The goal is a proposition, so `let` is preferred over `letI`.
The difference between `let` and `letI` is that `letI` inlines the value.
But this is not relevant for proofs because of proof irrelevance.

Note: This linter can be disabled with `set_option linter.style.haveILetI false`
⚠ [9827/9980] Replayed SafeLearning.CompleteModulesLandscapeGaussianWeightedMixture
warning: SafeLearning/CompleteModulesLandscapeGaussianWeightedMixture.lean:89:4: Unused tactic linter: `change p.2 * partialSum _ n p.1 - _ ≤ _` does nothing

Note: This linter can be disabled with `set_option linter.unusedTactic false`
⚠ [9828/9980] Replayed SafeLearning.CompleteModulesLandscapeInformationIndexing
warning: SafeLearning/CompleteModulesLandscapeInformationIndexing.lean:35:22: `dif_pos` has been deprecated: Use `dite_eq_left` instead
⚠ [9832/9980] Replayed SafeLearning.CompleteModulesSafeOptKernelPosteriorError
warning: SafeLearning/CompleteModulesSafeOptKernelPosteriorError.lean:53:0: automatically included section variable(s) unused in theorem `SafeLearning.CompleteModulesSafeOptKernelPosteriorError.actual_finite_kernel_posterior_error_is_bounded_at_every_input_and_round`:
  [DecidableEq X]
consider restructuring your `variable` declarations so that the variables are not in scope or explicitly omit them:
  omit [DecidableEq X] in theorem ...

Note: This linter can be disabled with `set_option linter.unusedSectionVars false`
⚠ [9833/9980] Replayed SafeLearning.CompleteModulesLandscapeKernelFeatures
warning: SafeLearning/CompleteModulesLandscapeKernelFeatures.lean:43:0: automatically included section variable(s) unused in theorem `SafeLearning.CompleteModulesLandscapeKernelFeatures.actual_predictable_finite_queries_give_predictable_feature_coordinates`:
  [DecidableEq X]
  [Fintype feature]
  [DecidableEq feature]
consider restructuring your `variable` declarations so that the variables are not in scope or explicitly omit them:
  omit [DecidableEq X] [Fintype feature] [DecidableEq feature] in theorem ...

Note: This linter can be disabled with `set_option linter.unusedSectionVars false`
warning: SafeLearning/CompleteModulesLandscapeKernelFeatures.lean:53:0: automatically included section variable(s) unused in theorem `SafeLearning.CompleteModulesLandscapeKernelFeatures.actual_query_feature_noise_sum_is_the_actual_transposed_sample_matrix`:
  [Fintype X]
  [DecidableEq X]
  [Fintype feature]
  [DecidableEq feature]
consider restructuring your `variable` declarations so that the variables are not in scope or explicitly omit them:
  omit [Fintype X] [DecidableEq X] [Fintype feature] [DecidableEq feature] in theorem ...

Note: This linter can be disabled with `set_option linter.unusedSectionVars false`
warning: SafeLearning/CompleteModulesLandscapeKernelFeatures.lean:65:0: automatically included section variable(s) unused in theorem `SafeLearning.CompleteModulesLandscapeKernelFeatures.actual_query_cumulative_feature_gram_is_the_actual_sample_feature_gram`:
  [Fintype X]
  [DecidableEq X]
  [Fintype feature]
  [DecidableEq feature]
consider restructuring your `variable` declarations so that the variables are not in scope or explicitly omit them:
  omit [Fintype X] [DecidableEq X] [Fintype feature] [DecidableEq feature] in theorem ...

Note: This linter can be disabled with `set_option linter.unusedSectionVars false`
warning: SafeLearning/CompleteModulesLandscapeKernelFeatures.lean:77:0: automatically included section variable(s) unused in theorem `SafeLearning.CompleteModulesLandscapeKernelFeatures.actual_query_sample_kernel_gram_is_the_actual_past_kernel_gram`:
  [Fintype X]
  [DecidableEq X]
  [DecidableEq feature]
consider restructuring your `variable` declarations so that the variables are not in scope or explicitly omit them:
  omit [Fintype X] [DecidableEq X] [DecidableEq feature] in theorem ...

Note: This linter can be disabled with `set_option linter.unusedSectionVars false`
⚠ [9834/9980] Replayed SafeLearning.CompleteModulesLandscapeKernelConfidenceMeasurable
warning: SafeLearning/CompleteModulesLandscapeKernelConfidenceMeasurable.lean:27:33: `measurable_pi_lambda` has been deprecated: Use `Measurable.of_eval` instead
warning: SafeLearning/CompleteModulesLandscapeKernelConfidenceMeasurable.lean:16:0: automatically included section variable(s) unused in theorem `SafeLearning.CompleteModulesLandscapeKernelConfidenceMeasurable.actual_finite_query_kernel_posterior_mean_variance_and_determinant_are_measurable`:
  [DecidableEq X]
consider restructuring your `variable` declarations so that the variables are not in scope or explicitly omit them:
  omit [DecidableEq X] in theorem ...

Note: This linter can be disabled with `set_option linter.unusedSectionVars false`
⚠ [9836/9980] Replayed SafeLearning.CompleteModulesLandscapeLyapunovStability
warning: SafeLearning/CompleteModulesLandscapeLyapunovStability.lean:119:15: `Set.mem_setOf_eq` has been deprecated: Use `Set.mem_ofPred_eq` instead
⚠ [9838/9980] Replayed SafeLearning.CompleteModulesLandscapeRareSpike
warning: SafeLearning/CompleteModulesLandscapeRareSpike.lean:57:10: This simp argument is unused:
  PMF.toOuterMeasure_ofFintype_apply

Hint: Omit it from the simp argument list.
  [apply] simp [tsum_fintype, peakLaw, sourcePeak, Fin.sum_univ_succ, Set.indicator, h59, not_le.mpr h59, h109]

Note: This linter can be disabled with `set_option linter.unusedSimpArgs false`
warning: SafeLearning/CompleteModulesLandscapeRareSpike.lean:57:45: This simp argument is unused:
  tsum_fintype

Hint: Omit it from the simp argument list.
  [apply] simp [PMF.toOuterMeasure_ofFintype_apply, peakLaw, sourcePeak, Fin.sum_univ_succ, Set.indicator, h59,
    not_le.mpr h59, h109]

Note: This linter can be disabled with `set_option linter.unusedSimpArgs false`
warning: SafeLearning/CompleteModulesLandscapeRareSpike.lean:60:12: This simp argument is unused:
  PMF.toOuterMeasure_ofFintype_apply

Hint: Omit it from the simp argument list.
  [apply] simp [tsum_fintype, peakLaw, sourcePeak, Fin.sum_univ_succ, Set.indicator, h59, le_of_not_gt h59, h109,
    not_le.mpr h109]

Note: This linter can be disabled with `set_option linter.unusedSimpArgs false`
warning: SafeLearning/CompleteModulesLandscapeRareSpike.lean:60:47: This simp argument is unused:
  tsum_fintype

Hint: Omit it from the simp argument list.
  [apply] simp [PMF.toOuterMeasure_ofFintype_apply, peakLaw, sourcePeak, Fin.sum_univ_succ, Set.indicator, h59,
    le_of_not_gt h59, h109, not_le.mpr h109]

Note: This linter can be disabled with `set_option linter.unusedSimpArgs false`
warning: SafeLearning/CompleteModulesLandscapeRareSpike.lean:70:15: `Set.mem_setOf_eq` has been deprecated: Use `Set.mem_ofPred_eq` instead
warning: SafeLearning/CompleteModulesLandscapeRareSpike.lean:71:65: this tactic is never executed

Note: This linter can be disabled with `set_option linter.unreachableTactic false`
warning: SafeLearning/CompleteModulesLandscapeRareSpike.lean:71:65: Unused tactic linter: `norm_num at h` does nothing

Note: This linter can be disabled with `set_option linter.unusedTactic false`
⚠ [9843/9980] Replayed SafeLearning.CompleteModulesSafeOptConfidenceInitialization
warning: SafeLearning/CompleteModulesSafeOptConfidenceInitialization.lean:26:30: This simp argument is unused:
  Nat.lt_one_iff

Hint: Omit it from the simp argument list.
  [apply] simp [actualConfidence, hx]

Note: This linter can be disabled with `set_option linter.unusedSimpArgs false`
⚠ [9847/9980] Replayed SafeLearning.CompleteModulesLandscapeSafeOptMeasurable
warning: SafeLearning/CompleteModulesLandscapeSafeOptMeasurable.lean:52:48: `Set.mem_setOf_eq` has been deprecated: Use `Set.mem_ofPred_eq` instead
warning: SafeLearning/CompleteModulesLandscapeSafeOptMeasurable.lean:101:36: `Set.setOf_true` has been deprecated: Use `Set.ofPred_true` instead
warning: SafeLearning/CompleteModulesLandscapeSafeOptMeasurable.lean:102:33: `Set.compl_setOf` has been deprecated: Use `Set.compl_ofPred` instead
⚠ [9850/9980] Replayed SafeLearning.CompleteModulesLandscapeVectorSelfNormalized
warning: SafeLearning/CompleteModulesLandscapeVectorSelfNormalized.lean:23:0: automatically included section variable(s) unused in theorem `SafeLearning.CompleteModulesLandscapeVectorSelfNormalized.actual_cumulative_feature_gram_is_positive_semidefinite`:
  [DecidableEq feature]
consider restructuring your `variable` declarations so that the variables are not in scope or explicitly omit them:
  omit [DecidableEq feature] in theorem ...

Note: This linter can be disabled with `set_option linter.unusedSectionVars false`
⚠ [9851/9980] Replayed SafeLearning.CompleteModulesLandscapeScheduledPrior
warning: SafeLearning/CompleteModulesLandscapeScheduledPrior.lean:20:0: automatically included section variable(s) unused in theorem `SafeLearning.CompleteModulesLandscapeScheduledPrior.actual_fixed_gaussian_prior_crossing_set_is_measurable`:
  [DecidableEq feature]
consider restructuring your `variable` declarations so that the variables are not in scope or explicitly omit them:
  omit [DecidableEq feature] in theorem ...

Note: This linter can be disabled with `set_option linter.unusedSectionVars false`
⚠ [9852/9980] Replayed SafeLearning.CompleteModulesLandscapeSignedCVaR
warning: SafeLearning/CompleteModulesLandscapeSignedCVaR.lean:57:15: `Set.mem_setOf_eq` has been deprecated: Use `Set.mem_ofPred_eq` instead
warning: SafeLearning/CompleteModulesLandscapeSignedCVaR.lean:74:15: `Set.mem_setOf_eq` has been deprecated: Use `Set.mem_ofPred_eq` instead
⚠ [9857/9980] Replayed SafeLearning.CompleteModulesLandscapeSuiFeatureConfidence
warning: SafeLearning/CompleteModulesLandscapeSuiFeatureConfidence.lean:48:0: automatically included section variable(s) unused in theorem `SafeLearning.CompleteModulesLandscapeSuiFeatureConfidence.actual_zero_cumulative_feature_gram_forces_the_actual_noise_sum_to_vanish`:
  [Fintype feature]
  [DecidableEq feature]
consider restructuring your `variable` declarations so that the variables are not in scope or explicitly omit them:
  omit [Fintype feature] [DecidableEq feature] in theorem ...

Note: This linter can be disabled with `set_option linter.unusedSectionVars false`
warning: SafeLearning/CompleteModulesLandscapeSuiFeatureConfidence.lean:114:55: `if_pos` has been deprecated: Use `ite_eq_left` instead
warning: SafeLearning/CompleteModulesLandscapeSuiFeatureConfidence.lean:119:55: `if_neg` has been deprecated: Use `ite_eq_right` instead
⚠ [9858/9980] Replayed SafeLearning.CompleteModulesLandscapeSuiKernelConfidence
warning: SafeLearning/CompleteModulesLandscapeSuiKernelConfidence.lean:21:0: automatically included section variable(s) unused in theorem `SafeLearning.CompleteModulesLandscapeSuiKernelConfidence.actual_finite_psd_kernel_noise_quadratic_is_nonnegative`:
  [Nonempty X]
consider restructuring your `variable` declarations so that the variables are not in scope or explicitly omit them:
  omit [Nonempty X] in theorem ...

Note: This linter can be disabled with `set_option linter.unusedSectionVars false`
warning: SafeLearning/CompleteModulesLandscapeSuiKernelConfidence.lean:109:54: This simp argument is unused:
  finiteNoise

Hint: Omit it from the simp argument list.
  [apply] simp only [noisyKernel, actualKernelNoiseQuadratic,
    actual_query_sample_kernel_gram_is_the_actual_past_kernel_gram kernel features hf query n omega]

Note: This linter can be disabled with `set_option linter.unusedSimpArgs false`
⚠ [9862/9980] Replayed SafeLearning.CompleteModulesLandscapeSuiSafeOptProbability
warning: SafeLearning/CompleteModulesLandscapeSuiSafeOptProbability.lean:21:0: automatically included section variable(s) unused in theorem `SafeLearning.CompleteModulesLandscapeSuiSafeOptProbability.actual_source_beta_raw_lower_endpoint_is_measurable`:
  [Nonempty X]
consider restructuring your `variable` declarations so that the variables are not in scope or explicitly omit them:
  omit [Nonempty X] in theorem ...

Note: This linter can be disabled with `set_option linter.unusedSectionVars false`
⚠ [9864/9980] Replayed SafeLearning.CompleteModulesLandscapeTailAtom
warning: SafeLearning/CompleteModulesLandscapeTailAtom.lean:33:10: This simp argument is unused:
  PMF.toOuterMeasure_ofFintype_apply

Hint: Omit it from the simp argument list.
  [apply] simp [tsum_fintype, lossLaw, sourceCost, Fin.sum_univ_succ, Set.indicator, h0, not_le.mpr h0, h2, h10]

Note: This linter can be disabled with `set_option linter.unusedSimpArgs false`
warning: SafeLearning/CompleteModulesLandscapeTailAtom.lean:33:45: This simp argument is unused:
  tsum_fintype

Hint: Omit it from the simp argument list.
  [apply] simp [PMF.toOuterMeasure_ofFintype_apply, lossLaw, sourceCost, Fin.sum_univ_succ, Set.indicator, h0,
    not_le.mpr h0, h2, h10]

Note: This linter can be disabled with `set_option linter.unusedSimpArgs false`
warning: SafeLearning/CompleteModulesLandscapeTailAtom.lean:37:12: This simp argument is unused:
  PMF.toOuterMeasure_ofFintype_apply

Hint: Omit it from the simp argument list.
  [apply] simp [tsum_fintype, lossLaw, sourceCost, Fin.sum_univ_succ, Set.indicator, h0, le_of_not_gt h0, h2,
    not_le.mpr h2, h10]

Note: This linter can be disabled with `set_option linter.unusedSimpArgs false`
warning: SafeLearning/CompleteModulesLandscapeTailAtom.lean:37:47: This simp argument is unused:
  tsum_fintype

Hint: Omit it from the simp argument list.
  [apply] simp [PMF.toOuterMeasure_ofFintype_apply, lossLaw, sourceCost, Fin.sum_univ_succ, Set.indicator, h0,
    le_of_not_gt h0, h2, not_le.mpr h2, h10]

Note: This linter can be disabled with `set_option linter.unusedSimpArgs false`
warning: SafeLearning/CompleteModulesLandscapeTailAtom.lean:72:15: `Set.mem_setOf_eq` has been deprecated: Use `Set.mem_ofPred_eq` instead
warning: SafeLearning/CompleteModulesLandscapeTailAtom.lean:73:65: this tactic is never executed

Note: This linter can be disabled with `set_option linter.unreachableTactic false`
warning: SafeLearning/CompleteModulesLandscapeTailAtom.lean:73:65: Unused tactic linter: `norm_num at h` does nothing

Note: This linter can be disabled with `set_option linter.unusedTactic false`
⚠ [9868/9980] Replayed SafeLearning.CompleteModulesLandscapeVisitConfidence
warning: SafeLearning/CompleteModulesLandscapeVisitConfidence.lean:42:10: this tactic is never executed

Note: This linter can be disabled with `set_option linter.unreachableTactic false`
warning: SafeLearning/CompleteModulesLandscapeVisitConfidence.lean:42:10: Unused tactic linter: `ring` does nothing

Note: This linter can be disabled with `set_option linter.unusedTactic false`
warning: SafeLearning/CompleteModulesLandscapeVisitConfidence.lean:171:8: this tactic is never executed

Note: This linter can be disabled with `set_option linter.unreachableTactic false`
warning: SafeLearning/CompleteModulesLandscapeVisitConfidence.lean:171:8: Unused tactic linter: `ring` does nothing

Note: This linter can be disabled with `set_option linter.unusedTactic false`
⚠ [9869/9980] Replayed SafeLearning.CompleteModulesLandscapeVisitConsistency
warning: SafeLearning/CompleteModulesLandscapeVisitConsistency.lean:125:8: this tactic is never executed

Note: This linter can be disabled with `set_option linter.unreachableTactic false`
warning: SafeLearning/CompleteModulesLandscapeVisitConsistency.lean:125:8: Unused tactic linter: `ring` does nothing

Note: This linter can be disabled with `set_option linter.unusedTactic false`
⚠ [9872/9980] Replayed SafeLearning.CompleteModulesLipSDPConvex
warning: SafeLearning/CompleteModulesLipSDPConvex.lean:14:0: automatically included section variable(s) unused in theorem `SafeLearning.CompleteModulesLipSDPConvex.actual_block_certificate_is_affine`:
  [Fintype I]
consider restructuring your `variable` declarations so that the variables are not in scope or explicitly omit them:
  omit [Fintype I] in theorem ...

Note: This linter can be disabled with `set_option linter.unusedSectionVars false`
warning: SafeLearning/CompleteModulesLipSDPConvex.lean:35:74: This simp argument is unused:
  Matrix.sub_apply

Hint: Omit it from the simp argument list.
  [apply] simp [Matrix.fromBlocks, Matrix.smul_apply, Matrix.add_apply]

Note: This linter can be disabled with `set_option linter.unusedSimpArgs false`
warning: SafeLearning/CompleteModulesLipSDPConvex.lean:37:65: This simp argument is unused:
  Matrix.sub_apply

Hint: Omit it from the simp argument list.
  [apply] simp [Matrix.fromBlocks, Matrix.smul_apply, Matrix.add_apply]

Note: This linter can be disabled with `set_option linter.unusedSimpArgs false`
warning: SafeLearning/CompleteModulesLipSDPConvex.lean:78:0: automatically included section variable(s) unused in theorem `SafeLearning.CompleteModulesLipSDPConvex.diagonal_multiplier_cone_is_convex`:
  [Fintype K]
  [DecidableEq K]
consider restructuring your `variable` declarations so that the variables are not in scope or explicitly omit them:
  omit [Fintype K] [DecidableEq K] in theorem ...

Note: This linter can be disabled with `set_option linter.unusedSectionVars false`
⚠ [9876/9980] Replayed SafeLearning.CompleteModulesLoSBOGaussianProbabilityBindings
warning: SafeLearning/CompleteModulesLoSBOGaussianProbabilityBindings.lean:37:15: `Set.mem_setOf_eq` has been deprecated: Use `Set.mem_ofPred_eq` instead
warning: SafeLearning/CompleteModulesLoSBOGaussianProbabilityBindings.lean:41:15: `Set.mem_setOf_eq` has been deprecated: Use `Set.mem_ofPred_eq` instead
warning: SafeLearning/CompleteModulesLoSBOGaussianProbabilityBindings.lean:73:122: `Set.mem_setOf_eq` has been deprecated: Use `Set.mem_ofPred_eq` instead
warning: SafeLearning/CompleteModulesLoSBOGaussianProbabilityBindings.lean:79:95: `Set.mem_setOf_eq` has been deprecated: Use `Set.mem_ofPred_eq` instead
warning: SafeLearning/CompleteModulesLoSBOGaussianProbabilityBindings.lean:79:119: This simp argument is unused:
  not_imp

Hint: Omit it from the simp argument list.
  [apply] simp only [mem_compl_iff, mem_setOf_eq, not_forall, not_le, exists_prop]

Note: This linter can be disabled with `set_option linter.unusedSimpArgs false`
warning: SafeLearning/CompleteModulesLoSBOGaussianProbabilityBindings.lean:99:21: Used `tac1 <;> tac2` where `(tac1; tac2)` would suffice

Note: This linter can be disabled with `set_option linter.unnecessarySeqFocus false`
⚠ [9877/9980] Replayed SafeLearning.CompleteModulesLoSBOGaussianSafety
warning: SafeLearning/CompleteModulesLoSBOGaussianSafety.lean:65:18: `Set.mem_setOf_eq` has been deprecated: Use `Set.mem_ofPred_eq` instead
⚠ [9878/9980] Replayed SafeLearning.CompleteModulesLoSBOGridUpdates
warning: SafeLearning/CompleteModulesLoSBOGridUpdates.lean:93:13: `Set.mem_setOf_eq` has been deprecated: Use `Set.mem_ofPred_eq` instead
⚠ [9885/9980] Replayed SafeLearning.CompleteModulesLoSBOPracticeRKHS
warning: SafeLearning/CompleteModulesLoSBOPracticeRKHS.lean:14:0: automatically included section variable(s) unused in theorem `SafeLearning.CompleteModulesLoSBOPracticeRKHS.actual_unobserved_orthogonal_unit_direction_vanishes_at_every_observed_input`:
  [Fintype I]
  [DecidableEq I]
consider restructuring your `variable` declarations so that the variables are not in scope or explicitly omit them:
  omit [Fintype I] [DecidableEq I] in theorem ...

Note: This linter can be disabled with `set_option linter.unusedSectionVars false`
⚠ [9886/9980] Replayed SafeLearning.CompleteModulesLoSBOUnsafeThreePoint
warning: SafeLearning/CompleteModulesLoSBOUnsafeThreePoint.lean:94:2: Try this: 
  letI̵

The goal is a proposition, so `let` is preferred over `letI`.
The difference between `let` and `letI` is that `letI` inlines the value.
But this is not relevant for proofs because of proof irrelevance.

Note: This linter can be disabled with `set_option linter.style.haveILetI false`
warning: SafeLearning/CompleteModulesLoSBOUnsafeThreePoint.lean:158:64: Used `tac1 <;> tac2` where `(tac1; tac2)` would suffice

Note: This linter can be disabled with `set_option linter.unnecessarySeqFocus false`
warning: SafeLearning/CompleteModulesLoSBOUnsafeThreePoint.lean:161:53: Used `tac1 <;> tac2` where `(tac1; tac2)` would suffice

Note: This linter can be disabled with `set_option linter.unnecessarySeqFocus false`
warning: SafeLearning/CompleteModulesLoSBOUnsafeThreePoint.lean:189:48: `Set.mem_setOf_eq` has been deprecated: Use `Set.mem_ofPred_eq` instead
⚠ [9887/9980] Replayed SafeLearning.CompleteModulesLoSBOUnsafeConsequences
warning: SafeLearning/CompleteModulesLoSBOUnsafeConsequences.lean:35:2: Try this: 
  letI̵

The goal is a proposition, so `let` is preferred over `letI`.
The difference between `let` and `letI` is that `letI` inlines the value.
But this is not relevant for proofs because of proof irrelevance.

Note: This linter can be disabled with `set_option linter.style.haveILetI false`
warning: SafeLearning/CompleteModulesLoSBOUnsafeConsequences.lean:54:29: This simp argument is unused:
  real_inner_comm

Hint: Omit it from the simp argument list.
  [apply] simp [CompleteModulesMatrixGP.ridgeMatrix, actualGPMatrix, featureGram, Matrix.gram_apply, feature, A,
    actualKernel]

Note: This linter can be disabled with `set_option linter.unusedSimpArgs false`
warning: SafeLearning/CompleteModulesLoSBOUnsafeConsequences.lean:72:58: This simp argument is unused:
  real_inner_self_eq_norm_sq

Hint: Omit it from the simp argument list.
  [apply] simp [posteriorVariance, actualGPVariance, actualKernel, dotProduct, actualGPCross, query, weight, A, feature,
    mul_comm]

Note: This linter can be disabled with `set_option linter.unusedSimpArgs false`
⚠ [9888/9980] Replayed SafeLearning.CompleteModulesMarginCorollaries
warning: SafeLearning/CompleteModulesMarginCorollaries.lean:12:0: automatically included section variable(s) unused in theorem `SafeLearning.CompleteModulesMarginCorollaries.actual_uniform_pair_radius_equals_global_margin_radius`:
  [Fintype O]
  [DecidableEq O]
  [PseudoMetricSpace X]
consider restructuring your `variable` declarations so that the variables are not in scope or explicitly omit them:
  omit [Fintype O] [DecidableEq O] [PseudoMetricSpace X] in theorem ...

Note: This linter can be disabled with `set_option linter.unusedSectionVars false`
⚠ [9889/9980] Replayed SafeLearning.CompleteModulesMarginDomain
warning: SafeLearning/CompleteModulesMarginDomain.lean:16:0: automatically included section variable(s) unused in theorem `SafeLearning.CompleteModulesMarginDomain.actual_nonnegative_logit_bound_can_be_replaced_by_positive_bound`:
  [DecidableEq O]
consider restructuring your `variable` declarations so that the variables are not in scope or explicitly omit them:
  omit [DecidableEq O] in theorem ...

Note: This linter can be disabled with `set_option linter.unusedSectionVars false`
warning: SafeLearning/CompleteModulesMarginDomain.lean:26:0: automatically included section variable(s) unused in theorem `SafeLearning.CompleteModulesMarginDomain.actual_nonnegative_pair_gap_bound_can_be_replaced_by_positive_bound`:
  [Fintype O]
  [DecidableEq O]
consider restructuring your `variable` declarations so that the variables are not in scope or explicitly omit them:
  omit [Fintype O] [DecidableEq O] in theorem ...

Note: This linter can be disabled with `set_option linter.unusedSectionVars false`
warning: SafeLearning/CompleteModulesMarginDomain.lean:38:0: automatically included section variable(s) unused in theorem `SafeLearning.CompleteModulesMarginDomain.actual_zero_pair_gap_bound_makes_gap_constant`:
  [Fintype O]
  [DecidableEq O]
  [PseudoMetricSpace X]
consider restructuring your `variable` declarations so that the variables are not in scope or explicitly omit them:
  omit [Fintype O] [DecidableEq O] [PseudoMetricSpace X] in theorem ...

Note: This linter can be disabled with `set_option linter.unusedSectionVars false`
⚠ [9890/9980] Replayed SafeLearning.CompleteModulesMatrixError
warning: SafeLearning/CompleteModulesMatrixError.lean:37:58: This simp argument is unused:
  mul_assoc

Hint: Omit it from the simp argument list.
  [apply] simp [actualQuadratic, Matrix.sub_mulVec, Matrix.smul_mulVec, dotProduct, hnorm, Finset.sum_sub_distrib,
    Finset.mul_sum, pow_two, mul_sub, mul_comm, mul_left_comm]

Note: This linter can be disabled with `set_option linter.unusedSimpArgs false`
warning: SafeLearning/CompleteModulesMatrixError.lean:37:68: This simp argument is unused:
  mul_comm

Hint: Omit it from the simp argument list.
  [apply] simp [actualQuadratic, Matrix.sub_mulVec, Matrix.smul_mulVec, dotProduct, hnorm, Finset.sum_sub_distrib,
    Finset.mul_sum, pow_two, mul_sub, mul_assoc, mul_left_comm]

Note: This linter can be disabled with `set_option linter.unusedSimpArgs false`
warning: SafeLearning/CompleteModulesMatrixError.lean:88:25: This simp argument is unused:
  Real.norm_eq_abs

Hint: Omit it from the simp argument list.
  [apply] simp only [Pi.norm_def]

Note: This linter can be disabled with `set_option linter.unusedSimpArgs false`
⚠ [9892/9980] Replayed SafeLearning.CompleteModulesNetworks
info: SafeLearning/CompleteModulesNetworks.lean:49:29: Try this:
  [apply] ring_nf
  
  The `ring` tactic failed to close the goal. Use `ring_nf` to obtain a normal form.
    
  Note that `ring` works primarily in *commutative* rings. If you have a noncommutative ring, abelian group or module, consider using `noncomm_ring`, `abel` or `module` instead.
info: SafeLearning/CompleteModulesNetworks.lean:52:29: Try this:
  [apply] ring_nf
  
  The `ring` tactic failed to close the goal. Use `ring_nf` to obtain a normal form.
    
  Note that `ring` works primarily in *commutative* rings. If you have a noncommutative ring, abelian group or module, consider using `noncomm_ring`, `abel` or `module` instead.
warning: SafeLearning/CompleteModulesNetworks.lean:49:25: Used `tac1 <;> tac2` where `(tac1; tac2)` would suffice

Note: This linter can be disabled with `set_option linter.unnecessarySeqFocus false`
warning: SafeLearning/CompleteModulesNetworks.lean:52:25: Used `tac1 <;> tac2` where `(tac1; tac2)` would suffice

Note: This linter can be disabled with `set_option linter.unnecessarySeqFocus false`
info: SafeLearning/CompleteModulesNetworks.lean:72:29: Try this:
  [apply] ring_nf
  
  The `ring` tactic failed to close the goal. Use `ring_nf` to obtain a normal form.
    
  Note that `ring` works primarily in *commutative* rings. If you have a noncommutative ring, abelian group or module, consider using `noncomm_ring`, `abel` or `module` instead.
info: SafeLearning/CompleteModulesNetworks.lean:75:29: Try this:
  [apply] ring_nf
  
  The `ring` tactic failed to close the goal. Use `ring_nf` to obtain a normal form.
    
  Note that `ring` works primarily in *commutative* rings. If you have a noncommutative ring, abelian group or module, consider using `noncomm_ring`, `abel` or `module` instead.
warning: SafeLearning/CompleteModulesNetworks.lean:72:25: Used `tac1 <;> tac2` where `(tac1; tac2)` would suffice

Note: This linter can be disabled with `set_option linter.unnecessarySeqFocus false`
warning: SafeLearning/CompleteModulesNetworks.lean:75:25: Used `tac1 <;> tac2` where `(tac1; tac2)` would suffice

Note: This linter can be disabled with `set_option linter.unnecessarySeqFocus false`
warning: SafeLearning/CompleteModulesNetworks.lean:124:20: Used `tac1 <;> tac2` where `(tac1; tac2)` would suffice

Note: This linter can be disabled with `set_option linter.unnecessarySeqFocus false`
warning: SafeLearning/CompleteModulesNetworks.lean:140:29: `if_true` has been deprecated: Use `ite_true` instead
warning: SafeLearning/CompleteModulesNetworks.lean:140:37: `if_false` has been deprecated: Use `ite_false` instead
warning: SafeLearning/CompleteModulesNetworks.lean:140:29: `if_true` has been deprecated: Use `ite_true` instead
warning: SafeLearning/CompleteModulesNetworks.lean:140:37: `if_false` has been deprecated: Use `ite_false` instead
warning: SafeLearning/CompleteModulesNetworks.lean:140:29: `if_true` has been deprecated: Use `ite_true` instead
warning: SafeLearning/CompleteModulesNetworks.lean:140:37: `if_false` has been deprecated: Use `ite_false` instead
warning: SafeLearning/CompleteModulesNetworks.lean:140:29: `if_true` has been deprecated: Use `ite_true` instead
warning: SafeLearning/CompleteModulesNetworks.lean:140:37: `if_false` has been deprecated: Use `ite_false` instead
warning: SafeLearning/CompleteModulesNetworks.lean:127:5: Variable name `ha` is not explicitly referenced.

Hint: The binding can be removed (if unused) or named `_` (if used implicitly). Alternatively, prefix the name with `_` to silence this warning:
  [apply] _ha

Note: This linter can be disabled with `set_option linter.unusedVariables false`
⚠ [9893/9980] Replayed SafeLearning.CompleteModulesNormalizationStatistics
warning: SafeLearning/CompleteModulesNormalizationStatistics.lean:43:69: This simp argument is unused:
  ← WithLp.toLp_sub

Hint: Omit it from the simp argument list.
  [apply] simp [actualEuclideanFinalLayer, actualHalfLastLayer, dist_eq_norm, Matrix.smul_mulVec, WithLp.toLp_smul,
    ← smul_sub, norm_smul, Real.norm_eq_abs]

Note: Simp arguments with `←` have the additional effect of removing the other direction from the simp set, even if the simp argument itself is unused. If the hint above does not work, try replacing `←` with `-` to only get that effect and silence this warning.

Note: This linter can be disabled with `set_option linter.unusedSimpArgs false`
warning: SafeLearning/CompleteModulesNormalizationStatistics.lean:44:63: This simp argument is unused:
  Real.norm_eq_abs

Hint: Omit it from the simp argument list.
  [apply] simp [actualEuclideanFinalLayer, actualHalfLastLayer, dist_eq_norm, ← WithLp.toLp_sub, Matrix.smul_mulVec,
    WithLp.toLp_smul, ← smul_sub, norm_smul]

Note: This linter can be disabled with `set_option linter.unusedSimpArgs false`
⚠ [9897/9980] Replayed SafeLearning.CompleteModulesWeightedSeminorm
warning: SafeLearning/CompleteModulesWeightedSeminorm.lean:22:10: This simp argument is unused:
  Matrix.star_eq_conjTranspose

Hint: Omit it from the simp argument list.
  [apply] simp [Matrix.conjTranspose_apply]

Note: This linter can be disabled with `set_option linter.unusedSimpArgs false`
warning: SafeLearning/CompleteModulesWeightedSeminorm.lean:22:39: This simp argument is unused:
  Matrix.conjTranspose_apply

Hint: Omit it from the simp argument list.
  [apply] simp [Matrix.star_eq_conjTranspose]

Note: This linter can be disabled with `set_option linter.unusedSimpArgs false`
warning: SafeLearning/CompleteModulesWeightedSeminorm.lean:26:0: automatically included section variable(s) unused in theorem `SafeLearning.CompleteModulesWeightedSeminorm.actual_weighted_magnitude_is_norm_of_gram_image`:
  [DecidableEq I]
consider restructuring your `variable` declarations so that the variables are not in scope or explicitly omit them:
  omit [DecidableEq I] in theorem ...

Note: This linter can be disabled with `set_option linter.unusedSectionVars false`
warning: SafeLearning/CompleteModulesWeightedSeminorm.lean:60:0: automatically included section variable(s) unused in theorem `SafeLearning.CompleteModulesWeightedSeminorm.actual_weighted_magnitude_vanishes_iff_in_matrix_kernel`:
  [DecidableEq I]
consider restructuring your `variable` declarations so that the variables are not in scope or explicitly omit them:
  omit [DecidableEq I] in theorem ...

Note: This linter can be disabled with `set_option linter.unusedSectionVars false`
⚠ [9900/9980] Replayed SafeLearning.CompleteModulesRidgePosteriorEquality
warning: SafeLearning/CompleteModulesRidgePosteriorEquality.lean:15:0: automatically included section variable(s) unused in theorem `SafeLearning.CompleteModulesRidgePosteriorEquality.actual_objective_has_the_literal_source_residual_convention`:
  [CompleteSpace H]
  [DecidableEq I]
consider restructuring your `variable` declarations so that the variables are not in scope or explicitly omit them:
  omit [CompleteSpace H] [DecidableEq I] in theorem ...

Note: This linter can be disabled with `set_option linter.unusedSectionVars false`
⚠ [9901/9980] Replayed SafeLearning.CompleteModulesRidgeSourceQuery
warning: SafeLearning/CompleteModulesRidgeSourceQuery.lean:11:0: automatically included section variable(s) unused in theorem `SafeLearning.CompleteModulesRidgeSourceQuery.actual_source_kernel_query_orientation`:
  [Fintype I]
  [DecidableEq I]
consider restructuring your `variable` declarations so that the variables are not in scope or explicitly omit them:
  omit [Fintype I] [DecidableEq I] in theorem ...

Note: This linter can be disabled with `set_option linter.unusedSectionVars false`
warning: SafeLearning/CompleteModulesRidgeSourceQuery.lean:17:0: automatically included section variable(s) unused in theorem `SafeLearning.CompleteModulesRidgeSourceQuery.actual_source_gram_entries_are_the_actual_rkhs_kernel`:
  [Fintype I]
  [DecidableEq I]
consider restructuring your `variable` declarations so that the variables are not in scope or explicitly omit them:
  omit [Fintype I] [DecidableEq I] in theorem ...

Note: This linter can be disabled with `set_option linter.unusedSectionVars false`
⚠ [9902/9980] Replayed SafeLearning.CompleteModulesRoesserPadding
warning: SafeLearning/CompleteModulesRoesserPadding.lean:17:0: automatically included section variable(s) unused in theorem `SafeLearning.CompleteModulesRoesserPadding.actual_roesser_output_equals_literal_double_convolution`:
  [Fintype O]
  [DecidableEq I]
  [DecidableEq O]
consider restructuring your `variable` declarations so that the variables are not in scope or explicitly omit them:
  omit [Fintype O] [DecidableEq I] [DecidableEq O] in theorem ...

Note: This linter can be disabled with `set_option linter.unusedSectionVars false`
warning: SafeLearning/CompleteModulesRoesserPadding.lean:29:0: automatically included section variable(s) unused in theorem `SafeLearning.CompleteModulesRoesserPadding.actual_previous_zero_signal_is_zero`:
  [Fintype O]
  [DecidableEq O]
consider restructuring your `variable` declarations so that the variables are not in scope or explicitly omit them:
  omit [Fintype O] [DecidableEq O] in theorem ...

Note: This linter can be disabled with `set_option linter.unusedSectionVars false`
⚠ [9904/9980] Replayed SafeLearning.CompleteModulesSLLGershgorin
warning: SafeLearning/CompleteModulesSLLGershgorin.lean:24:10: This simp argument is unused:
  Matrix.diagonal_apply

Hint: Omit it from the simp argument list.
  [apply] simp [(hscale row).ne']

Note: This linter can be disabled with `set_option linter.unusedSimpArgs false`
warning: SafeLearning/CompleteModulesSLLGershgorin.lean:25:10: This simp argument is unused:
  Matrix.diagonal_apply

Hint: Omit it from the simp argument list.
  [apply] simp [he]

Note: This linter can be disabled with `set_option linter.unusedSimpArgs false`
warning: SafeLearning/CompleteModulesSLLGershgorin.lean:89:45: `if_neg` has been deprecated: Use `ite_eq_right` instead
warning: SafeLearning/CompleteModulesSLLGershgorin.lean:93:43: `if_pos` has been deprecated: Use `ite_eq_left` instead
warning: SafeLearning/CompleteModulesSLLGershgorin.lean:93:43: This simp argument is unused:
  if_pos rfl

Hint: Omit it from the simp argument list.
  [apply] simp only [SafeLearning.CompleteModulesScaledGram.actualScaledMajorizer, Matrix.sub_apply,
    Matrix.diagonal_apply]

Note: This linter can be disabled with `set_option linter.unusedSimpArgs false`
⚠ [9905/9980] Replayed SafeLearning.CompleteModulesSLLCorollaries
warning: SafeLearning/CompleteModulesSLLCorollaries.lean:40:15: `if_true` has been deprecated: Use `ite_true` instead
⚠ [9908/9980] Replayed SafeLearning.CompleteModulesSafeOptCosineGap
warning: SafeLearning/CompleteModulesSafeOptCosineGap.lean:50:2: Try this: 
  letI̵

The goal is a proposition, so `let` is preferred over `letI`.
The difference between `let` and `letI` is that `letI` inlines the value.
But this is not relevant for proofs because of proof irrelevance.

Note: This linter can be disabled with `set_option linter.style.haveILetI false`
warning: SafeLearning/CompleteModulesSafeOptCosineGap.lean:100:15: `Set.mem_setOf_eq` has been deprecated: Use `Set.mem_ofPred_eq` instead
⚠ [9914/9980] Replayed SafeLearning.CompleteModulesSafeOptFiniteInformationGrowth
warning: SafeLearning/CompleteModulesSafeOptFiniteInformationGrowth.lean:31:8: automatically included section variable(s) unused in theorem `_private.SafeLearning.CompleteModulesSafeOptFiniteInformationGrowth.0.SafeLearning.CompleteModulesSafeOptFiniteInformationGrowth.actual_envelope_nonnegative`:
  [DecidableEq X]
consider restructuring your `variable` declarations so that the variables are not in scope or explicitly omit them:
  omit [DecidableEq X] in theorem ...

Note: This linter can be disabled with `set_option linter.unusedSectionVars false`
warning: SafeLearning/CompleteModulesSafeOptFiniteInformationGrowth.lean:49:28: Variable name `hB` is not explicitly referenced.

Hint: The binding can be removed (if unused) or named `_` (if used implicitly). Alternatively, prefix the name with `_` to silence this warning:
  [apply] _hB

Note: This linter can be disabled with `set_option linter.unusedVariables false`
⚠ [9921/9980] Replayed SafeLearning.CompleteModulesSafeOptGaussianGapRKHS
info: SafeLearning/CompleteModulesSafeOptGaussianGapRKHS.lean:59:10: Try this:
  [apply] ring_nf
  
  The `ring` tactic failed to close the goal. Use `ring_nf` to obtain a normal form.
    
  Note that `ring` works primarily in *commutative* rings. If you have a noncommutative ring, abelian group or module, consider using `noncomm_ring`, `abel` or `module` instead.
warning: SafeLearning/CompleteModulesSafeOptGaussianGapRKHS.lean:103:2: Try this: 
  letI̵

The goal is a proposition, so `let` is preferred over `letI`.
The difference between `let` and `letI` is that `letI` inlines the value.
But this is not relevant for proofs because of proof irrelevance.

Note: This linter can be disabled with `set_option linter.style.haveILetI false`
warning: SafeLearning/CompleteModulesSafeOptGaussianGapRKHS.lean:128:2: Try this: 
  letI̵

The goal is a proposition, so `let` is preferred over `letI`.
The difference between `let` and `letI` is that `letI` inlines the value.
But this is not relevant for proofs because of proof irrelevance.

Note: This linter can be disabled with `set_option linter.style.haveILetI false`
warning: SafeLearning/CompleteModulesSafeOptGaussianGapRKHS.lean:137:66: This simp argument is unused:
  one_mul

Hint: Omit it from the simp argument list.
  [apply] simp only [lp.inner_single_left, RCLike.inner_apply, conj_trivial, mul_one, actual_feature_vector_coordinates]

Note: This linter can be disabled with `set_option linter.unusedSimpArgs false`
warning: SafeLearning/CompleteModulesSafeOptGaussianGapRKHS.lean:145:2: Try this: 
  letI̵

The goal is a proposition, so `let` is preferred over `letI`.
The difference between `let` and `letI` is that `letI` inlines the value.
But this is not relevant for proofs because of proof irrelevance.

Note: This linter can be disabled with `set_option linter.style.haveILetI false`
⚠ [9922/9980] Replayed SafeLearning.CompleteModulesSafeOptGaussianGapRKHSConsequences
warning: SafeLearning/CompleteModulesSafeOptGaussianGapRKHSConsequences.lean:19:2: Try this: 
  letI̵

The goal is a proposition, so `let` is preferred over `letI`.
The difference between `let` and `letI` is that `letI` inlines the value.
But this is not relevant for proofs because of proof irrelevance.

Note: This linter can be disabled with `set_option linter.style.haveILetI false`
⚠ [9925/9980] Replayed SafeLearning.CompleteModulesSafeOptPosteriorConsequences
warning: SafeLearning/CompleteModulesSafeOptPosteriorConsequences.lean:51:23: Used `tac1 <;> tac2` where `(tac1; tac2)` would suffice

Note: This linter can be disabled with `set_option linter.unnecessarySeqFocus false`
⚠ [9929/9980] Replayed SafeLearning.CompleteModulesSafeOptRoundAllocation
warning: SafeLearning/CompleteModulesSafeOptRoundAllocation.lean:23:4: Used `tac1 <;> tac2` where `(tac1; tac2)` would suffice

Note: This linter can be disabled with `set_option linter.unnecessarySeqFocus false`
⚠ [9931/9980] Replayed SafeLearning.CompleteModulesSandwich
warning: SafeLearning/CompleteModulesSandwich.lean:30:10: This simp argument is unused:
  actualSandwichMultiplier

Hint: Omit it from the simp argument list.
  [apply] simp [he]

Note: This linter can be disabled with `set_option linter.unusedSimpArgs false`
warning: SafeLearning/CompleteModulesSandwich.lean:32:0: automatically included section variable(s) unused in theorem `SafeLearning.CompleteModulesSandwich.actual_sandwich_output_gram`:
  [DecidableEq O]
consider restructuring your `variable` declarations so that the variables are not in scope or explicitly omit them:
  omit [DecidableEq O] in theorem ...

Note: This linter can be disabled with `set_option linter.unusedSectionVars false`
warning: SafeLearning/CompleteModulesSandwich.lean:43:0: automatically included section variable(s) unused in theorem `SafeLearning.CompleteModulesSandwich.actual_sandwich_multiplier_input_gram`:
  [DecidableEq I]
consider restructuring your `variable` declarations so that the variables are not in scope or explicitly omit them:
  omit [DecidableEq I] in theorem ...

Note: This linter can be disabled with `set_option linter.unusedSectionVars false`
⚠ [9932/9980] Replayed SafeLearning.CompleteModulesSandwichHalf
warning: SafeLearning/CompleteModulesSandwichHalf.lean:22:0: automatically included section variable(s) unused in theorem `SafeLearning.CompleteModulesSandwichHalf.actual_half_multiplier_is_half_of_full_multiplier`:
  [Fintype K]
consider restructuring your `variable` declarations so that the variables are not in scope or explicitly omit them:
  omit [Fintype K] in theorem ...

Note: This linter can be disabled with `set_option linter.unusedSectionVars false`
warning: SafeLearning/CompleteModulesSandwichHalf.lean:29:10: This simp argument is unused:
  actualHalfMultiplier

Hint: Omit it from the simp argument list.
  [apply] simp [actualSandwichMultiplier, he]

Note: This linter can be disabled with `set_option linter.unusedSimpArgs false`
warning: SafeLearning/CompleteModulesSandwichHalf.lean:29:31: This simp argument is unused:
  actualSandwichMultiplier

Hint: Omit it from the simp argument list.
  [apply] simp [actualHalfMultiplier, he]

Note: This linter can be disabled with `set_option linter.unusedSimpArgs false`
warning: SafeLearning/CompleteModulesSandwichHalf.lean:84:25: This simp argument is unused:
  Matrix.sub_mul

Hint: Omit it from the simp argument list.
  [apply] simp [Matrix.mul_sub, Matrix.mul_smul, Matrix.smul_mul, actualSandwichMultiplier, pow_two]

Note: This linter can be disabled with `set_option linter.unusedSimpArgs false`
warning: SafeLearning/CompleteModulesSandwichHalf.lean:84:40: This simp argument is unused:
  Matrix.mul_smul

Hint: Omit it from the simp argument list.
  [apply] simp [Matrix.mul_sub, Matrix.sub_mul, Matrix.smul_mul, actualSandwichMultiplier, pow_two]

Note: This linter can be disabled with `set_option linter.unusedSimpArgs false`
warning: SafeLearning/CompleteModulesSandwichHalf.lean:84:56: This simp argument is unused:
  Matrix.smul_mul

Hint: Omit it from the simp argument list.
  [apply] simp [Matrix.mul_sub, Matrix.sub_mul, Matrix.mul_smul, actualSandwichMultiplier, pow_two]

Note: This linter can be disabled with `set_option linter.unusedSimpArgs false`
warning: SafeLearning/CompleteModulesSandwichHalf.lean:84:72: This simp argument is unused:
  actualSandwichMultiplier

Hint: Omit it from the simp argument list.
  [apply] simp [Matrix.mul_sub, Matrix.sub_mul, Matrix.mul_smul, Matrix.smul_mul, pow_two]

Note: This linter can be disabled with `set_option linter.unusedSimpArgs false`
warning: SafeLearning/CompleteModulesSandwichHalf.lean:84:97: This simp argument is unused:
  pow_two

Hint: Omit it from the simp argument list.
  [apply] simp [Matrix.mul_sub, Matrix.sub_mul, Matrix.mul_smul, Matrix.smul_mul, actualSandwichMultiplier]

Note: This linter can be disabled with `set_option linter.unusedSimpArgs false`
warning: SafeLearning/CompleteModulesSandwichHalf.lean:86:25: This simp argument is unused:
  Matrix.sub_mul

Hint: Omit it from the simp argument list.
  [apply] simp [Matrix.mul_sub, Matrix.mul_smul, Matrix.smul_mul, actualSandwichMultiplier, he]

Note: This linter can be disabled with `set_option linter.unusedSimpArgs false`
warning: SafeLearning/CompleteModulesSandwichHalf.lean:86:40: This simp argument is unused:
  Matrix.mul_smul

Hint: Omit it from the simp argument list.
  [apply] simp [Matrix.mul_sub, Matrix.sub_mul, Matrix.smul_mul, actualSandwichMultiplier, he]

Note: This linter can be disabled with `set_option linter.unusedSimpArgs false`
warning: SafeLearning/CompleteModulesSandwichHalf.lean:86:56: This simp argument is unused:
  Matrix.smul_mul

Hint: Omit it from the simp argument list.
  [apply] simp [Matrix.mul_sub, Matrix.sub_mul, Matrix.mul_smul, actualSandwichMultiplier, he]

Note: This linter can be disabled with `set_option linter.unusedSimpArgs false`
warning: SafeLearning/CompleteModulesSandwichHalf.lean:86:72: This simp argument is unused:
  actualSandwichMultiplier

Hint: Omit it from the simp argument list.
  [apply] simp [Matrix.mul_sub, Matrix.sub_mul, Matrix.mul_smul, Matrix.smul_mul, he]

Note: This linter can be disabled with `set_option linter.unusedSimpArgs false`
⚠ [9933/9980] Replayed SafeLearning.CompleteModulesSandwichLMI
warning: SafeLearning/CompleteModulesSandwichLMI.lean:19:2: Try this: 
  letI̵

The goal is a proposition, so `let` is preferred over `letI`.
The difference between `let` and `letI` is that `letI` inlines the value.
But this is not relevant for proofs because of proof irrelevance.

Note: This linter can be disabled with `set_option linter.style.haveILetI false`
warning: SafeLearning/CompleteModulesSandwichLMI.lean:31:2: Try this: 
  letI̵

The goal is a proposition, so `let` is preferred over `letI`.
The difference between `let` and `letI` is that `letI` inlines the value.
But this is not relevant for proofs because of proof irrelevance.

Note: This linter can be disabled with `set_option linter.style.haveILetI false`
warning: SafeLearning/CompleteModulesSandwichLMI.lean:26:0: automatically included section variable(s) unused in theorem `SafeLearning.CompleteModulesSandwichLMI.actual_unit_gamma_lipsdp_iff_source_schur`:
  [DecidableEq O]
consider restructuring your `variable` declarations so that the variables are not in scope or explicitly omit them:
  omit [DecidableEq O] in theorem ...

Note: This linter can be disabled with `set_option linter.unusedSectionVars false`
warning: SafeLearning/CompleteModulesSandwichLMI.lean:46:53: This simp argument is unused:
  Matrix.inv_def

Hint: Omit it from the simp argument list.
  [apply] simp

Note: This linter can be disabled with `set_option linter.unusedSimpArgs false`
warning: SafeLearning/CompleteModulesSandwichLMI.lean:41:59: Used `tac1 <;> tac2` where `(tac1; tac2)` would suffice

Note: This linter can be disabled with `set_option linter.unnecessarySeqFocus false`
⚠ [9934/9980] Replayed SafeLearning.CompleteModulesSandwichConsequences
warning: SafeLearning/CompleteModulesSandwichConsequences.lean:16:0: automatically included section variable(s) unused in theorem `SafeLearning.CompleteModulesSandwichConsequences.actual_negative_definite_matrix_is_not_positive_semidefinite`:
  [Fintype K]
  [DecidableEq K]
consider restructuring your `variable` declarations so that the variables are not in scope or explicitly omit them:
  omit [Fintype K] [DecidableEq K] in theorem ...

Note: This linter can be disabled with `set_option linter.unusedSectionVars false`
warning: SafeLearning/CompleteModulesSandwichConsequences.lean:54:0: automatically included section variable(s) unused in theorem `SafeLearning.CompleteModulesSandwichConsequences.actual_unit_block_quadratic_is_energy_plus_qc`:
  [DecidableEq O]
consider restructuring your `variable` declarations so that the variables are not in scope or explicitly omit them:
  omit [DecidableEq O] in theorem ...

Note: This linter can be disabled with `set_option linter.unusedSectionVars false`
warning: SafeLearning/CompleteModulesSandwichConsequences.lean:67:50: This simp argument is unused:
  zero_mul

Hint: Omit it from the simp argument list.
  [apply] simp only [Matrix.fromCols_mulVec_sumElim, Matrix.zero_mulVec, Matrix.one_mulVec, add_zero, zero_add,
    squared_norm_of_coordinates, one_mul, zero_add, Matrix.mulVec_diagonal, dotProduct, Pi.sub_apply]

Note: This linter can be disabled with `set_option linter.unusedSimpArgs false`
warning: SafeLearning/CompleteModulesSandwichConsequences.lean:76:0: automatically included section variable(s) unused in theorem `SafeLearning.CompleteModulesSandwichConsequences.actual_unit_slope_activation_incremental_qc`:
  [DecidableEq I]
consider restructuring your `variable` declarations so that the variables are not in scope or explicitly omit them:
  omit [DecidableEq I] in theorem ...

Note: This linter can be disabled with `set_option linter.unusedSectionVars false`
⚠ [9936/9980] Replayed SafeLearning.CompleteModulesScalarSDP
warning: SafeLearning/CompleteModulesScalarSDP.lean:88:5: Variable name `hL` is not explicitly referenced.

Hint: The binding can be removed (if unused) or named `_` (if used implicitly). Alternatively, prefix the name with `_` to silence this warning:
  [apply] _hL

Note: This linter can be disabled with `set_option linter.unusedVariables false`
⚠ [9937/9980] Replayed SafeLearning.CompleteModulesScalarBoundedReal
warning: SafeLearning/CompleteModulesScalarBoundedReal.lean:101:36: Used `tac1 <;> tac2` where `(tac1; tac2)` would suffice

Note: This linter can be disabled with `set_option linter.unnecessarySeqFocus false`
warning: SafeLearning/CompleteModulesScalarBoundedReal.lean:102:36: Used `tac1 <;> tac2` where `(tac1; tac2)` would suffice

Note: This linter can be disabled with `set_option linter.unnecessarySeqFocus false`
⚠ [9942/9980] Replayed SafeLearning.CompleteModulesTwoByTwoNSD
warning: SafeLearning/CompleteModulesTwoByTwoNSD.lean:23:67: this tactic is never executed

Note: This linter can be disabled with `set_option linter.unreachableTactic false`
warning: SafeLearning/CompleteModulesTwoByTwoNSD.lean:39:69: this tactic is never executed

Note: This linter can be disabled with `set_option linter.unreachableTactic false`
warning: SafeLearning/CompleteModulesTwoByTwoNSD.lean:22:44: Used `tac1 <;> tac2` where `(tac1; tac2)` would suffice

Note: This linter can be disabled with `set_option linter.unnecessarySeqFocus false`
warning: SafeLearning/CompleteModulesTwoByTwoNSD.lean:44:28: Used `tac1 <;> tac2` where `(tac1; tac2)` would suffice

Note: This linter can be disabled with `set_option linter.unnecessarySeqFocus false`
warning: SafeLearning/CompleteModulesTwoByTwoNSD.lean:23:67: Unused tactic linter: `ring` does nothing

Note: This linter can be disabled with `set_option linter.unusedTactic false`
warning: SafeLearning/CompleteModulesTwoByTwoNSD.lean:39:69: Unused tactic linter: `ring` does nothing

Note: This linter can be disabled with `set_option linter.unusedTactic false`
⚠ [9945/9980] Replayed SafeLearning.CompleteModulesSingularSchurPractice
warning: SafeLearning/CompleteModulesSingularSchurPractice.lean:54:70: This simp argument is unused:
  Matrix.zero_mul

Hint: Omit it from the simp argument list.
  [apply] simp only [actual_zero_matrix_pseudoinverse_is_zero, Matrix.mul_zero]

Note: This linter can be disabled with `set_option linter.unusedSimpArgs false`
⚠ [9946/9980] Replayed SafeLearning.CompleteModulesSingularSchurWitness
warning: SafeLearning/CompleteModulesSingularSchurWitness.lean:17:19: this tactic is never executed

Note: This linter can be disabled with `set_option linter.unreachableTactic false`
warning: SafeLearning/CompleteModulesSingularSchurWitness.lean:17:19: Unused tactic linter: `ring` does nothing

Note: This linter can be disabled with `set_option linter.unusedTactic false`
⚠ [9947/9980] Replayed SafeLearning.CompleteModulesSylvester
warning: SafeLearning/CompleteModulesSylvester.lean:28:2: Try this: 
  letI̵

The goal is a proposition, so `let` is preferred over `letI`.
The difference between `let` and `letI` is that `letI` inlines the value.
But this is not relevant for proofs because of proof irrelevance.

Note: This linter can be disabled with `set_option linter.style.haveILetI false`
⚠ [9949/9980] Replayed SafeLearning.CompleteModulesTanhFTCRefinement
warning: SafeLearning/CompleteModulesTanhFTCRefinement.lean:22:18: Variable name `hr` is not explicitly referenced.

Hint: The binding can be removed (if unused) or named `_` (if used implicitly). Alternatively, prefix the name with `_` to silence this warning:
  [apply] _hr

Note: This linter can be disabled with `set_option linter.unusedVariables false`
warning: SafeLearning/CompleteModulesTanhFTCRefinement.lean:31:23: Variable name `hs` is not explicitly referenced.

Hint: The binding can be removed (if unused) or named `_` (if used implicitly). Alternatively, prefix the name with `_` to silence this warning:
  [apply] _hs

Note: This linter can be disabled with `set_option linter.unusedVariables false`
⚠ [9951/9980] Replayed SafeLearning.CompleteModulesTanhNumerics
warning: SafeLearning/CompleteModulesTanhNumerics.lean:15:17: this tactic is never executed

Note: This linter can be disabled with `set_option linter.unreachableTactic false`
warning: SafeLearning/CompleteModulesTanhNumerics.lean:15:17: Unused tactic linter: `ring` does nothing

Note: This linter can be disabled with `set_option linter.unusedTactic false`
⚠ [9960/9980] Replayed SafeLearning.CompleteModulesThreeTapTransfer
warning: SafeLearning/CompleteModulesThreeTapTransfer.lean:20:105: This simp argument is unused:
  smul_smul

Hint: Omit it from the simp argument list.
  [apply] simp only [Matrix.sub_mul, Matrix.mul_add, Matrix.smul_mul, Matrix.mul_smul, Matrix.one_mul, Matrix.mul_one,
    hzero, smul_zero]

Note: This linter can be disabled with `set_option linter.unusedSimpArgs false`
warning: SafeLearning/CompleteModulesThreeTapTransfer.lean:20:121: This simp argument is unused:
  smul_zero

Hint: Omit it from the simp argument list.
  [apply] simp only [Matrix.sub_mul, Matrix.mul_add, Matrix.smul_mul, Matrix.mul_smul, Matrix.one_mul, Matrix.mul_one,
    smul_smul, hzero]

Note: This linter can be disabled with `set_option linter.unusedSimpArgs false`
warning: SafeLearning/CompleteModulesThreeTapTransfer.lean:25:0: automatically included section variable(s) unused in theorem `SafeLearning.CompleteModulesThreeTapTransfer.actual_three_tap_current_delay_matrix_product`:
  [Fintype O]
consider restructuring your `variable` declarations so that the variables are not in scope or explicitly omit them:
  omit [Fintype O] in theorem ...

Note: This linter can be disabled with `set_option linter.unusedSectionVars false`
warning: SafeLearning/CompleteModulesThreeTapTransfer.lean:29:0: automatically included section variable(s) unused in theorem `SafeLearning.CompleteModulesThreeTapTransfer.actual_three_tap_second_delay_matrix_product`:
  [Fintype O]
consider restructuring your `variable` declarations so that the variables are not in scope or explicitly omit them:
  omit [Fintype O] in theorem ...

Note: This linter can be disabled with `set_option linter.unusedSectionVars false`
warning: SafeLearning/CompleteModulesThreeTapTransfer.lean:47:0: automatically included section variable(s) unused in theorem `SafeLearning.CompleteModulesThreeTapTransfer.actual_three_tap_state_and_layer_lmi_index_dimensions`:
  [DecidableEq I]
consider restructuring your `variable` declarations so that the variables are not in scope or explicitly omit them:
  omit [DecidableEq I] in theorem ...

Note: This linter can be disabled with `set_option linter.unusedSectionVars false`
⚠ [9961/9980] Replayed SafeLearning.CompleteModulesValues
warning: SafeLearning/CompleteModulesValues.lean:89:48: `if_false` has been deprecated: Use `ite_false` instead
warning: SafeLearning/CompleteModulesValues.lean:89:57: `if_true` has been deprecated: Use `ite_true` instead
warning: SafeLearning/CompleteModulesValues.lean:82:41: Used `tac1 <;> tac2` where `(tac1; tac2)` would suffice

Note: This linter can be disabled with `set_option linter.unnecessarySeqFocus false`
⚠ [9962/9980] Replayed SafeLearning.CompletePolicyBarrierCentralPath
warning: SafeLearning/CompletePolicyBarrierCentralPath.lean:80:4: Used `tac1 <;> tac2` where `(tac1; tac2)` would suffice

Note: This linter can be disabled with `set_option linter.unnecessarySeqFocus false`
⚠ [9964/9980] Replayed SafeLearning.CompletePolicyCDTDomain
warning: SafeLearning/CompletePolicyCDTDomain.lean:9:29: Variable name `budget` is not explicitly referenced.

Hint: The binding can be removed (if unused) or named `_` (if used implicitly). Alternatively, prefix the name with `_` to silence this warning:
  [apply] _budget

Note: This linter can be disabled with `set_option linter.unusedVariables false`
warning: SafeLearning/CompletePolicyCDTDomain.lean:28:31: Variable name `rewardToken` is not explicitly referenced.

Hint: The binding can be removed (if unused) or named `_` (if used implicitly). Alternatively, prefix the name with `_` to silence this warning:
  [apply] _rewardToken

Note: This linter can be disabled with `set_option linter.unusedVariables false`
warning: SafeLearning/CompletePolicyCDTDomain.lean:28:43: Variable name `costToken` is not explicitly referenced.

Hint: The binding can be removed (if unused) or named `_` (if used implicitly). Alternatively, prefix the name with `_` to silence this warning:
  [apply] _costToken

Note: This linter can be disabled with `set_option linter.unusedVariables false`
⚠ [9966/9980] Replayed SafeLearning.CompletePolicyCPOPrintedDualValues
warning: SafeLearning/CompletePolicyCPOPrintedDualValues.lean:45:4: Used `tac1 <;> tac2` where `(tac1; tac2)` would suffice

Note: This linter can be disabled with `set_option linter.unnecessarySeqFocus false`
⚠ [9967/9980] Replayed SafeLearning.CompletePolicyImportance
warning: SafeLearning/CompletePolicyImportance.lean:15:6: This simp argument is unused:
  Fin.sum_univ_zero

Hint: Omit it from the simp argument list.
  [apply] simp only [Fin.sum_univ_two, Matrix.cons_val_zero, Matrix.cons_val_one, add_zero]

Note: This linter can be disabled with `set_option linter.unusedSimpArgs false`
warning: SafeLearning/CompletePolicyImportance.lean:15:25: This simp argument is unused:
  add_zero

Hint: Omit it from the simp argument list.
  [apply] simp only [Fin.sum_univ_two, Matrix.cons_val_zero, Matrix.cons_val_one, Fin.sum_univ_zero]

Note: This linter can be disabled with `set_option linter.unusedSimpArgs false`
warning: SafeLearning/CompletePolicyImportance.lean:28:25: This simp argument is unused:
  Fin.sum_univ_zero

Hint: Omit it from the simp argument list.
  [apply] simp only [binaryLaw, PMF.ofFintype_apply, Fin.sum_univ_two, Matrix.cons_val_zero, Matrix.cons_val_one,
    add_zero]

Note: This linter can be disabled with `set_option linter.unusedSimpArgs false`
warning: SafeLearning/CompletePolicyImportance.lean:28:44: This simp argument is unused:
  add_zero

Hint: Omit it from the simp argument list.
  [apply] simp only [binaryLaw, PMF.ofFintype_apply, Fin.sum_univ_two, Matrix.cons_val_zero, Matrix.cons_val_one,
    Fin.sum_univ_zero]

Note: This linter can be disabled with `set_option linter.unusedSimpArgs false`
⚠ [9969/9980] Replayed SafeLearning.CompletePolicyLagrangianPrices
warning: SafeLearning/CompletePolicyLagrangianPrices.lean:44:64: Used `tac1 <;> tac2` where `(tac1; tac2)` would suffice

Note: This linter can be disabled with `set_option linter.unnecessarySeqFocus false`
⚠ [9970/9980] Replayed SafeLearning.CompletePolicyMixing
warning: SafeLearning/CompletePolicyMixing.lean:135:54: Variable name `hp` is not explicitly referenced.

Hint: The binding can be removed (if unused) or named `_` (if used implicitly). Alternatively, prefix the name with `_` to silence this warning:
  [apply] _hp

Note: This linter can be disabled with `set_option linter.unusedVariables false`
⚠ [9971/9980] Replayed SafeLearning.CompletePolicyPenaltyConsequences
warning: SafeLearning/CompletePolicyPenaltyConsequences.lean:34:12: Used `tac1 <;> tac2` where `(tac1; tac2)` would suffice

Note: This linter can be disabled with `set_option linter.unnecessarySeqFocus false`
warning: SafeLearning/CompletePolicyPenaltyConsequences.lean:86:25: This simp argument is unused:
  max_eq_left hx

Hint: Omit it from the simp argument list.
  [apply] simp [linearPenalty, max_eq_right (neg_nonpos.mpr hx), hx]

Note: This linter can be disabled with `set_option linter.unusedSimpArgs false`
warning: SafeLearning/CompletePolicyPenaltyConsequences.lean:86:41: This simp argument is unused:
  max_eq_right (neg_nonpos.mpr hx)

Hint: Omit it from the simp argument list.
  [apply] simp [linearPenalty, max_eq_left hx, hx]

Note: This linter can be disabled with `set_option linter.unusedSimpArgs false`
warning: SafeLearning/CompletePolicyPenaltyConsequences.lean:89:25: This simp argument is unused:
  max_eq_right hneg.le

Hint: Omit it from the simp argument list.
  [apply] simp [linearPenalty, max_eq_left hpos.le, hx, ne_of_gt hpos, hneg.le]

Note: This linter can be disabled with `set_option linter.unusedSimpArgs false`
warning: SafeLearning/CompletePolicyPenaltyConsequences.lean:89:47: This simp argument is unused:
  max_eq_left hpos.le

Hint: Omit it from the simp argument list.
  [apply] simp [linearPenalty, max_eq_right hneg.le, hx, ne_of_gt hpos, hneg.le]

Note: This linter can be disabled with `set_option linter.unusedSimpArgs false`
warning: SafeLearning/CompletePolicyPenaltyConsequences.lean:103:25: This simp argument is unused:
  max_eq_right hneg.le

Hint: Omit it from the simp argument list.
  [apply] simp [linearPenalty, hx, ne_of_gt hpos, ne_of_lt hneg, hneg.le]

Note: This linter can be disabled with `set_option linter.unusedSimpArgs false`
warning: SafeLearning/CompletePolicyPenaltyConsequences.lean:103:47: This simp argument is unused:
  hx

Hint: Omit it from the simp argument list.
  [apply] simp [linearPenalty, max_eq_right hneg.le, ne_of_gt hpos, ne_of_lt hneg, hneg.le]

Note: This linter can be disabled with `set_option linter.unusedSimpArgs false`
warning: SafeLearning/CompletePolicyPenaltyConsequences.lean:114:4: Used `tac1 <;> tac2` where `(tac1; tac2)` would suffice

Note: This linter can be disabled with `set_option linter.unnecessarySeqFocus false`
⚠ [9972/9980] Replayed SafeLearning.CompletePolicyPenaltyRates
warning: SafeLearning/CompletePolicyPenaltyRates.lean:54:4: Used `tac1 <;> tac2` where `(tac1; tac2)` would suffice

Note: This linter can be disabled with `set_option linter.unnecessarySeqFocus false`
⚠ [9974/9980] Replayed SafeLearning.CompletePolicyQuadraticCalculus
warning: SafeLearning/CompletePolicyQuadraticCalculus.lean:15:0: automatically included section variable(s) unused in theorem `SafeLearning.CompletePolicyQuadraticCalculus.actual_linear_form_apply`:
  [DecidableEq ι]
consider restructuring your `variable` declarations so that the variables are not in scope or explicitly omit them:
  omit [DecidableEq ι] in theorem ...

Note: This linter can be disabled with `set_option linter.unusedSectionVars false`
warning: SafeLearning/CompletePolicyQuadraticCalculus.lean:33:15: `ContinuousLinearMap.sum_apply` has been deprecated: Use `_root_.sum_apply` instead

Note: The updated constant is in a different namespace. Dot notation may need to be changed (e.g., from `x.sum_apply` to `_root_.sum_apply x`).
warning: SafeLearning/CompletePolicyQuadraticCalculus.lean:33:46: `ContinuousLinearMap.add_apply` has been deprecated: Use `_root_.add_apply` instead

Note: The updated constant is in a different namespace. Dot notation may need to be changed (e.g., from `x.add_apply` to `_root_.add_apply x`).
warning: SafeLearning/CompletePolicyQuadraticCalculus.lean:34:6: `ContinuousLinearMap.smul_apply` has been deprecated: Use `_root_.smul_apply` instead

Note: The updated constant is in a different namespace. Dot notation may need to be changed (e.g., from `x.smul_apply` to `_root_.smul_apply x`).
warning: SafeLearning/CompletePolicyQuadraticCalculus.lean:56:15: `ContinuousLinearMap.sub_apply` has been deprecated: Use `_root_.sub_apply` instead

Note: The updated constant is in a different namespace. Dot notation may need to be changed (e.g., from `x.sub_apply` to `_root_.sub_apply x`).
warning: SafeLearning/CompletePolicyQuadraticCalculus.lean:56:46: `ContinuousLinearMap.smul_apply` has been deprecated: Use `_root_.smul_apply` instead

Note: The updated constant is in a different namespace. Dot notation may need to be changed (e.g., from `x.smul_apply` to `_root_.smul_apply x`).
warning: SafeLearning/CompletePolicyQuadraticCalculus.lean:103:10: this tactic is never executed

Note: This linter can be disabled with `set_option linter.unreachableTactic false`
warning: SafeLearning/CompletePolicyQuadraticCalculus.lean:103:10: Unused tactic linter: `ring` does nothing

Note: This linter can be disabled with `set_option linter.unusedTactic false`
warning: SafeLearning/CompletePolicyQuadraticCalculus.lean:125:31: This simp argument is unused:
  zero_mul

Hint: Omit it from the simp argument list.
  [apply] simp only [id_eq, mul_one, zero_sub]

Note: This linter can be disabled with `set_option linter.unusedSimpArgs false`
warning: SafeLearning/CompletePolicyQuadraticCalculus.lean:128:4: Used `tac1 <;> tac2` where `(tac1; tac2)` would suffice

Note: This linter can be disabled with `set_option linter.unnecessarySeqFocus false`
⚠ [9975/9980] Replayed SafeLearning.CompletePolicyTRPOCalculus
warning: SafeLearning/CompletePolicyTRPOCalculus.lean:21:4: Used `tac1 <;> tac2` where `(tac1; tac2)` would suffice

Note: This linter can be disabled with `set_option linter.unnecessarySeqFocus false`
warning: SafeLearning/CompletePolicyTRPOCalculus.lean:43:8: this tactic is never executed

Note: This linter can be disabled with `set_option linter.unreachableTactic false`
warning: SafeLearning/CompletePolicyTRPOCalculus.lean:50:2: Used `tac1 <;> tac2` where `(tac1; tac2)` would suffice

Note: This linter can be disabled with `set_option linter.unnecessarySeqFocus false`
warning: SafeLearning/CompletePolicyTRPOCalculus.lean:43:8: Unused tactic linter: `ring` does nothing

Note: This linter can be disabled with `set_option linter.unusedTactic false`
warning: SafeLearning/CompletePolicyTRPOCalculus.lean:65:8: this tactic is never executed

Note: This linter can be disabled with `set_option linter.unreachableTactic false`
warning: SafeLearning/CompletePolicyTRPOCalculus.lean:65:8: Unused tactic linter: `ring` does nothing

Note: This linter can be disabled with `set_option linter.unusedTactic false`
⚠ [9976/9980] Replayed SafeLearning.CompletePredictiveSafetyConsequences
warning: SafeLearning/CompletePredictiveSafetyConsequences.lean:22:45: Variable name `n` is not explicitly referenced.

Hint: The binding can be removed (if unused) or named `_` (if used implicitly). Alternatively, prefix the name with `_` to silence this warning:
  [apply] _n

Note: This linter can be disabled with `set_option linter.unusedVariables false`
warning: SafeLearning/CompletePredictiveSafetyConsequences.lean:41:30: `dif_pos` has been deprecated: Use `dite_eq_left` instead
Build completed successfully (9980 jobs).
