'SafeLearning.BookApplications.robust_tank_step' depends on axioms: [propext, Classical.choice, Quot.sound]
'SafeLearning.BookApplications.tank_original_step' depends on axioms: [propext, Classical.choice, Quot.sound]
'SafeLearning.BookApplications.tank_filter_feasible' depends on axioms: [propext, Classical.choice, Quot.sound]
'SafeLearning.BookApplications.tank_measurement_feedback' depends on axioms: [propext, Classical.choice, Quot.sound]
'SafeLearning.BookApplications.tank_sampled_invariance' depends on axioms: [propext, Classical.choice, Quot.sound]
'SafeLearning.BookApplications.tank_feedback_recursive_invariance' depends on axioms: [propext,
 Classical.choice,
 Quot.sound]
'SafeLearning.BookApplications.tank_no_shared_input' depends on axioms: [propext, Classical.choice, Quot.sound]
'SafeLearning.BookApplications.tank_large_disturbance_impossible' depends on axioms: [propext,
 Classical.choice,
 Quot.sound]
'SafeLearning.BookApplications.policy_mix_feasible' depends on axioms: [propext, Classical.choice, Quot.sound]
'SafeLearning.BookApplications.policy_mix_constrained_optimum' depends on axioms: [propext,
 Classical.choice,
 Quot.sound]
'SafeLearning.BookApplications.policy_mix_unique_optimum' depends on axioms: [propext, Classical.choice, Quot.sound]
'SafeLearning.BookApplications.policy_mix_optimum_attained' depends on axioms: [propext, Classical.choice, Quot.sound]
'SafeLearning.BookApplications.policy_mix_budget_optimum' depends on axioms: [propext, Classical.choice, Quot.sound]
'SafeLearning.BookApplications.policy_mix_flat_lagrangian' depends on axioms: [propext, Classical.choice, Quot.sound]
'SafeLearning.BookApplications.held_barrier_affine' depends on axioms: [propext, Classical.choice, Quot.sound]
'SafeLearning.BookApplications.held_barrier_clearance' depends on axioms: [propext, Classical.choice, Quot.sound]
'SafeLearning.BookApplications.held_barrier_half_second' depends on axioms: [propext, Classical.choice, Quot.sound]
'SafeLearning.BookApplications.held_barrier_late_counterexample' depends on axioms: [propext,
 Classical.choice,
 Quot.sound]
'SafeLearning.BookApplications.tube_invariant_step' depends on axioms: [propext, Classical.choice, Quot.sound]
'SafeLearning.BookApplications.tube_sampled_invariance' depends on axioms: [propext, Classical.choice, Quot.sound]
'SafeLearning.BookApplications.tube_thermal_errors' depends on axioms: [propext, Classical.choice, Quot.sound]
'SafeLearning.BookApplications.tube_thermal_radius' depends on axioms: [propext, Classical.choice, Quot.sound]
'SafeLearning.BookApplications.tube_error_envelope' depends on axioms: [propext, Classical.choice, Quot.sound]
'SafeLearning.BookApplications.lipschitz_observation_transfer' depends on axioms: [propext,
 Classical.choice,
 Quot.sound]
'SafeLearning.BookApplications.lipschitz_ball_safety' depends on axioms: [propext, Classical.choice, Quot.sound]
'SafeLearning.BookApplications.lipschitz_implemented_parameter' depends on axioms: [propext,
 Classical.choice,
 Quot.sound]
'SafeLearning.CompleteAppliedConcentration.hoeffding_lemma' depends on axioms: [propext, Classical.choice, Quot.sound]
'SafeLearning.CompleteAppliedConcentration.centered_unit_interval_subgaussian' depends on axioms: [propext,
 Classical.choice,
 Quot.sound]
'SafeLearning.CompleteAppliedConcentration.subgaussian_two_sided' depends on axioms: [propext,
 Classical.choice,
 Quot.sound]
'SafeLearning.CompleteAppliedConcentration.bounded_independent_average_hoeffding' depends on axioms: [propext,
 Classical.choice,
 Quot.sound]
'SafeLearning.CompleteAppliedConcentration.hoeffding_sample_inequality' depends on axioms: [propext,
 Classical.choice,
 Quot.sound]
'SafeLearning.CompleteAppliedConcentration.symmetric_bounded_subgaussian' depends on axioms: [propext,
 Classical.choice,
 Quot.sound]
'SafeLearning.CompleteAppliedConcentration.lookahead_sign_square' depends on axioms: [propext,
 Classical.choice,
 Quot.sound]
'SafeLearning.CompleteAppliedDynamics.thermalA_precise' depends on axioms: [propext, Classical.choice, Quot.sound]
'SafeLearning.CompleteAppliedDynamics.thermal_rounded_coefficients' depends on axioms: [propext,
 Classical.choice,
 Quot.sound]
'SafeLearning.CompleteAppliedDynamics.thermal_displayed_readings' depends on axioms: [propext,
 Classical.choice,
 Quot.sound]
'SafeLearning.CompleteAppliedDynamics.thermal_gain_rounding' depends on axioms: [propext, Classical.choice, Quot.sound]
'SafeLearning.CompleteAppliedDynamics.clipped_first_update' depends on axioms: [propext, Classical.choice, Quot.sound]
'SafeLearning.CompleteAppliedDynamics.saturated_invariant_all' depends on axioms: [propext,
 Classical.choice,
 Quot.sound]
'SafeLearning.CompleteAppliedDynamics.first_qualifying_reading' depends on axioms: [propext,
 Classical.choice,
 Quot.sound]
'SafeLearning.CompleteAppliedDynamics.saturated_branches' depends on axioms: [propext, Classical.choice, Quot.sound]
'SafeLearning.CompleteAppliedDynamics.saturated_branch_ranges' depends on axioms: [propext,
 Classical.choice,
 Quot.sound]
'SafeLearning.CompleteAppliedDynamics.saturated_range_rounding' depends on axioms: [propext,
 Classical.choice,
 Quot.sound]
'SafeLearning.CompleteAppliedDynamics.heldThermal_unique' depends on axioms: [propext, Classical.choice, Quot.sound]
'SafeLearning.CompleteAppliedDynamics.thermal_multiplier_antitone' depends on axioms: [propext,
 Classical.choice,
 Quot.sound]
'SafeLearning.CompleteAppliedDynamics.sampled_invariant_all' depends on axioms: [propext, Classical.choice, Quot.sound]
'SafeLearning.CompleteAppliedDynamics.held_convex_endpoints' depends on axioms: [propext, Classical.choice, Quot.sound]
'SafeLearning.CompleteAppliedDynamics.saturated_intersample_invariant' depends on axioms: [propext,
 Classical.choice,
 Quot.sound]
'SafeLearning.CompleteAppliedDynamics.stopped_at_join' depends on axioms: [propext, Classical.choice, Quot.sound]
'SafeLearning.CompleteAppliedDynamics.stopped_phase' depends on axioms: [propext, Classical.choice, Quot.sound]
'SafeLearning.CompleteAppliedDynamics.stopped_speed_nonnegative' depends on axioms: [propext,
 Classical.choice,
 Quot.sound]
'SafeLearning.CompleteAppliedDynamics.constant_on_interval' depends on axioms: [propext, Classical.choice, Quot.sound]
'SafeLearning.CompleteAppliedDynamics.brakeSpeed_unique' depends on axioms: [propext, Classical.choice, Quot.sound]
'SafeLearning.CompleteAppliedDynamics.brakeDistance_unique' depends on axioms: [propext, Classical.choice, Quot.sound]
'SafeLearning.CompleteAppliedDynamics.stopped_clearance_constant' depends on axioms: [propext,
 Classical.choice,
 Quot.sound]
'SafeLearning.CompleteAppliedDynamics.stopped_clearance_derivative' depends on axioms: [propext,
 Classical.choice,
 Quot.sound]
'SafeLearning.CompleteAppliedDynamics.stopped_safe_iff' depends on axioms: [propext, Classical.choice, Quot.sound]
'SafeLearning.CompleteAppliedDynamics.brake_speed_integral' depends on axioms: [propext, Classical.choice, Quot.sound]
'SafeLearning.CompleteAppliedDynamics.delayed_safe_iff' depends on axioms: [propext, Classical.choice, Quot.sound]
'SafeLearning.CompleteAppliedDynamics.nominal_delay_endpoint' depends on axioms: [propext, Classical.choice, Quot.sound]
'SafeLearning.CompleteAppliedDynamics.robust_delayed_safe' depends on axioms: [propext, Classical.choice, Quot.sound]
'SafeLearning.CompleteAppliedDynamics.robust_delay_necessary' depends on axioms: [propext, Classical.choice, Quot.sound]
'SafeLearning.CompleteAppliedDynamics.robust_delay_rounding' depends on axioms: [propext, Classical.choice, Quot.sound]
'SafeLearning.CompleteAppliedElementary.d_ready_derivative' depends on axioms: [propext, Classical.choice, Quot.sound]
'SafeLearning.CompleteAppliedElementary.d_ready_quadratic_sandwich' depends on axioms: [propext,
 Classical.choice,
 Quot.sound]
'SafeLearning.CompleteAppliedElementary.outer_product_psd' depends on axioms: [propext, Classical.choice, Quot.sound]
'SafeLearning.CompleteAppliedElementary.outer_product_not_pd' depends on axioms: [propext, Classical.choice, Quot.sound]
'SafeLearning.CompleteAppliedElementary.nonlinear_equilibria' depends on axioms: [propext, Classical.choice, Quot.sound]
'SafeLearning.CompleteAppliedElementary.feedback_quarter_closed_form' depends on axioms: [propext,
 Classical.choice,
 Quot.sound]
'SafeLearning.CompleteAppliedElementary.feedback_quarter_converges' depends on axioms: [propext,
 Classical.choice,
 Quot.sound]
'SafeLearning.CompleteAppliedElementary.discount_infinite_sum' depends on axioms: [propext,
 Classical.choice,
 Quot.sound]
'SafeLearning.CompleteAppliedElementary.discount_partial_sum' depends on axioms: [propext, Classical.choice, Quot.sound]
'SafeLearning.CompleteAppliedElementary.discount_partial_sum_limit' depends on axioms: [propext,
 Classical.choice,
 Quot.sound]
'SafeLearning.CompleteAppliedElementary.undiscounted_diverges' depends on axioms: [propext,
 Classical.choice,
 Quot.sound]
'SafeLearning.CompleteAppliedElementary.parameter_derivative' depends on axioms: [propext, Classical.choice, Quot.sound]
'SafeLearning.CompleteAppliedElementary.input_derivative' depends on axioms: [propext, Classical.choice, Quot.sound]
'SafeLearning.CompleteAppliedElementary.one_state_constraint' depends on axioms: [propext, Classical.choice, Quot.sound]
'SafeLearning.CompleteAppliedElementary.one_state_optimum' depends on axioms: [propext, Classical.choice, Quot.sound]
'SafeLearning.CompleteAppliedElementary.one_state_occupancy' depends on axioms: [propext, Classical.choice, Quot.sound]
'SafeLearning.CompleteAppliedElementary.reward_sigmoid_derivative' depends on axioms: [propext,
 Classical.choice,
 Quot.sound]
'SafeLearning.CompleteAppliedElementary.score_log_sigmoid' depends on axioms: [propext, Classical.choice, Quot.sound]
'SafeLearning.CompleteAppliedElementary.two_logits_stay' depends on axioms: [propext, Classical.choice, Quot.sound]
'SafeLearning.CompleteAppliedElementary.binary_affine_robust' depends on axioms: [propext, Classical.choice, Quot.sound]
'SafeLearning.CompleteAppliedElementary.binary_affine_boundary' depends on axioms: [propext,
 Classical.choice,
 Quot.sound]
'SafeLearning.CompleteAppliedElementary.scalar_exact_lipschitz' depends on axioms: [propext,
 Classical.choice,
 Quot.sound]
'SafeLearning.CompleteAppliedElementary.residual_scalar_constants' depends on axioms: [propext,
 Classical.choice,
 Quot.sound]
'SafeLearning.CompleteAppliedElementary.relu_pair_exact_lipschitz' depends on axioms: [propext,
 Classical.choice,
 Quot.sound]
'SafeLearning.CompleteAppliedElementary.one_step_unique_minimizer' depends on axioms: [propext,
 Classical.choice,
 Quot.sound]
'SafeLearning.CompleteAppliedElementary.one_step_derivative' depends on axioms: [propext, Classical.choice, Quot.sound]
'SafeLearning.CompleteAppliedElementary.mpc_two_step_unique' depends on axioms: [propext, Classical.choice, Quot.sound]
'SafeLearning.CompleteAppliedNetwork.relu_abs_bound' depends on axioms: [propext, Classical.choice, Quot.sound]
'SafeLearning.CompleteAppliedNetwork.score_abs_bound' depends on axioms: [propext, Classical.choice, Quot.sound]
'SafeLearning.CompleteAppliedNetwork.nominal_score' depends on axioms: [propext, Classical.choice, Quot.sound]
'SafeLearning.CompleteAppliedNetwork.normalized_error' depends on axioms: [propext, Classical.choice, Quot.sound]
'SafeLearning.CompleteAppliedNetwork.robust_nomination' depends on axioms: [propext, Classical.choice, Quot.sound]
'SafeLearning.CompleteAppliedNetwork.score_middle' depends on axioms: [propext, Classical.choice, Quot.sound]
'SafeLearning.CompleteAppliedNetwork.nominal_interval_exact_minimum' depends on axioms: [propext,
 Classical.choice,
 Quot.sound]
'SafeLearning.CompleteAppliedNetwork.nominal_interval_minimum_attained' depends on axioms: [propext,
 Classical.choice,
 Quot.sound]
'SafeLearning.CompleteAppliedNetwork.score_upper_piece' depends on axioms: [propext, Classical.choice, Quot.sound]
'SafeLearning.CompleteAppliedNetwork.biased_nomination_values' depends on axioms: [propext,
 Classical.choice,
 Quot.sound]
'SafeLearning.CompleteAppliedNetwork.noise_bias_combination' depends on axioms: [propext, Classical.choice, Quot.sound]
'SafeLearning.CompleteAppliedNetwork.allowed_actual_flip' depends on axioms: [propext, Classical.choice, Quot.sound]
'SafeLearning.CompleteAppliedNetwork.tie_distance_exact' depends on axioms: [propext, Classical.choice, Quot.sound]
'SafeLearning.CompleteAppliedNetwork.closed_interval_not_strictly_positive' depends on axioms: [propext,
 Classical.choice,
 Quot.sound]
'SafeLearning.CompleteAppliedPolicy.readyProbability_is_probability' depends on axioms: [propext,
 Classical.choice,
 Quot.sound]
'SafeLearning.CompleteAppliedPolicy.readyProbability_transition' depends on axioms: [propext,
 Classical.choice,
 Quot.sound]
'SafeLearning.CompleteAppliedPolicy.readyProbability_closed' depends on axioms: [propext, Classical.choice, Quot.sound]
'SafeLearning.CompleteAppliedPolicy.geometric_discounted_probability' depends on axioms: [propext,
 Classical.choice,
 Quot.sound]
'SafeLearning.CompleteAppliedPolicy.wear_discount_small' depends on axioms: [propext, Classical.choice, Quot.sound]
'SafeLearning.CompleteAppliedPolicy.discounted_ready_summable' depends on axioms: [propext,
 Classical.choice,
 Quot.sound]
'SafeLearning.CompleteAppliedPolicy.discounted_ready_sum' depends on axioms: [propext, Classical.choice, Quot.sound]
'SafeLearning.CompleteAppliedPolicy.productionReturn_formula' depends on axioms: [propext, Classical.choice, Quot.sound]
'SafeLearning.CompleteAppliedPolicy.maintenanceReturn_formula' depends on axioms: [propext,
 Classical.choice,
 Quot.sound]
'SafeLearning.CompleteAppliedPolicy.nominal_production_semantics' depends on axioms: [propext,
 Classical.choice,
 Quot.sound]
'SafeLearning.CompleteAppliedPolicy.nominal_maintenance_semantics' depends on axioms: [propext,
 Classical.choice,
 Quot.sound]
'SafeLearning.CompleteAppliedPolicy.nominal_reward_bellman' depends on axioms: [propext, Classical.choice, Quot.sound]
'SafeLearning.CompleteAppliedPolicy.nominal_cost_bellman' depends on axioms: [propext, Classical.choice, Quot.sound]
'SafeLearning.CompleteAppliedPolicy.reward_bellman_coefficient' depends on axioms: [propext,
 Classical.choice,
 Quot.sound]
'SafeLearning.CompleteAppliedPolicy.immediate_policy_reward' depends on axioms: [propext, Classical.choice, Quot.sound]
'SafeLearning.CompleteAppliedPolicy.J_strictMono' depends on axioms: [propext, Classical.choice, Quot.sound]
'SafeLearning.CompleteAppliedPolicy.J_derivative' depends on axioms: [propext, Classical.choice, Quot.sound]
'SafeLearning.CompleteAppliedPolicy.wear_cost_derivative' depends on axioms: [propext, Classical.choice, Quot.sound]
'SafeLearning.CompleteAppliedPolicy.half_budget' depends on axioms: [propext, Classical.choice, Quot.sound]
'SafeLearning.CompleteAppliedPolicy.quarter_budget' depends on axioms: [propext, Classical.choice, Quot.sound]
'SafeLearning.CompleteAppliedPolicy.nominal_optimal' depends on axioms: [propext, Classical.choice, Quot.sound]
'SafeLearning.CompleteAppliedPolicy.tightened_optimal' depends on axioms: [propext, Classical.choice, Quot.sound]
'SafeLearning.CompleteAppliedPolicy.policy_values' depends on axioms: [propext, Classical.choice, Quot.sound]
'SafeLearning.CompleteAppliedPolicy.robust_budget_equivalence' depends on axioms: [propext,
 Classical.choice,
 Quot.sound]
'SafeLearning.CompleteAppliedPolicy.robust_half_fails' depends on axioms: [propext, Classical.choice, Quot.sound]
'SafeLearning.CompleteAppliedPolicy.stationary_balance_unique' depends on axioms: [propext,
 Classical.choice,
 Quot.sound]
'SafeLearning.CompleteAppliedPolicy.stationary_values' depends on axioms: [propext, Classical.choice, Quot.sound]
'SafeLearning.CompleteAppliedProbability.conveyor_events' depends on axioms: [propext, Classical.choice, Quot.sound]
'SafeLearning.CompleteAppliedProbability.conveyor_conditionals' depends on axioms: [propext,
 Classical.choice,
 Quot.sound]
'SafeLearning.CompleteAppliedProbability.changed_conveyor_events' depends on axioms: [propext,
 Classical.choice,
 Quot.sound]
'SafeLearning.CompleteAppliedProbability.cost_table_events_and_moments' depends on axioms: [propext,
 Classical.choice,
 Quot.sound]
'SafeLearning.CompleteAppliedProbability.cost_table_mean_not_outcome' depends on axioms: [propext,
 Classical.choice,
 Quot.sound]
'SafeLearning.CompleteAppliedProbability.cost_table_standard_deviation' depends on axioms: [propext,
 Classical.choice,
 Quot.sound]
'SafeLearning.CompleteAppliedProbability.signs_moments' depends on axioms: [propext, Classical.choice, Quot.sound]
'SafeLearning.CompleteAppliedProbability.signs_not_independent' depends on axioms: [propext,
 Classical.choice,
 Quot.sound]
'SafeLearning.CompleteAppliedProbability.fair_die_conditioning' depends on axioms: [propext,
 Classical.choice,
 Quot.sound]
'SafeLearning.CompleteAppliedProbability.inspection_decision_threshold' depends on axioms: [propext,
 Classical.choice,
 Quot.sound]
'SafeLearning.CompleteAppliedProbability.conveyor_expected_costs' depends on axioms: [propext,
 Classical.choice,
 Quot.sound]
'SafeLearning.CompleteAppliedProbability.conveyor_action_optimality' depends on axioms: [propext,
 Classical.choice,
 Quot.sound]
'SafeLearning.CompleteAppliedProbability.changed_rule_worse' depends on axioms: [propext, Classical.choice, Quot.sound]
'SafeLearning.CompleteAppliedProbability.complement_probability' depends on axioms: [propext,
 Classical.choice,
 Quot.sound]
'SafeLearning.CompleteAppliedProbability.finite_batch_union_bound' depends on axioms: [propext,
 Classical.choice,
 Quot.sound]
'SafeLearning.CompleteAppliedProbability.batch_sufficient_bound' depends on axioms: [propext,
 Classical.choice,
 Quot.sound]
'SafeLearning.CompleteAppliedProbability.batch_original_fails' depends on axioms: [propext,
 Classical.choice,
 Quot.sound]
'SafeLearning.CompleteAppliedProbability.independent_average_variance' depends on axioms: [propext,
 Classical.choice,
 Quot.sound]
'SafeLearning.CompleteAppliedProbability.shared_offset_average_variance' depends on axioms: [propext,
 Classical.choice,
 Quot.sound]
'SafeLearning.CompleteAppliedProbability.shared_offset_limit' depends on axioms: [propext, Classical.choice, Quot.sound]
'SafeLearning.CompleteAppliedProbability.shared_offset_numbers' depends on axioms: [propext,
 Classical.choice,
 Quot.sound]
'SafeLearning.CompleteAppliedProbability.calibration_quadratic' depends on axioms: [propext,
 Classical.choice,
 Quot.sound]
'SafeLearning.CompleteAppliedProbability.calibration_precisions' depends on axioms: [propext,
 Classical.choice,
 Quot.sound]
'SafeLearning.CompleteAppliedProbability.original_c2_bayes' depends on axioms: [propext, Classical.choice, Quot.sound]
'SafeLearning.CompleteAppliedProbabilityModel.independent_batch_failure' depends on axioms: [propext,
 Classical.choice,
 Quot.sound]
'SafeLearning.CompleteAppliedProbabilityModel.largest_independent_failure_rate' depends on axioms: [propext,
 Classical.choice,
 Quot.sound]
'SafeLearning.CompleteAppliedProbabilityModel.original_batch_rounding' depends on axioms: [propext,
 Classical.choice,
 Quot.sound]
'SafeLearning.CompleteAppliedProbabilityModel.largest_rate_rounding' depends on axioms: [propext,
 Classical.choice,
 Quot.sound]
'SafeLearning.CompleteAppliedProbabilityModel.conditional_conveyor_losses' depends on axioms: [propext,
 Classical.choice,
 Quot.sound]
'SafeLearning.CompleteAppliedProbabilityModel.signs_conditional_dependence' depends on axioms: [propext,
 Classical.choice,
 Quot.sound]
'SafeLearning.CompleteAppliedSystems.thermalA_enclosure' depends on axioms: [propext, Classical.choice, Quot.sound]
'SafeLearning.CompleteAppliedSystems.thermal_coefficients' depends on axioms: [propext, Classical.choice, Quot.sound]
'SafeLearning.CompleteAppliedSystems.heldThermal_initial' depends on axioms: [propext, Classical.choice, Quot.sound]
'SafeLearning.CompleteAppliedSystems.heldThermal_derivative' depends on axioms: [propext, Classical.choice, Quot.sound]
'SafeLearning.CompleteAppliedSystems.sampled_thermal' depends on axioms: [propext, Classical.choice, Quot.sound]
'SafeLearning.CompleteAppliedSystems.shifted_temperature' depends on axioms: [propext, Classical.choice, Quot.sound]
'SafeLearning.CompleteAppliedSystems.equilibrium_input' depends on axioms: [propext, Classical.choice, Quot.sound]
'SafeLearning.CompleteAppliedSystems.sampled_feedback' depends on axioms: [propext, Classical.choice, Quot.sound]
'SafeLearning.CompleteAppliedSystems.actuator_admissible' depends on axioms: [propext, Classical.choice, Quot.sound]
'SafeLearning.CompleteAppliedSystems.sampled_thermal_invariant' depends on axioms: [propext,
 Classical.choice,
 Quot.sound]
'SafeLearning.CompleteAppliedSystems.geometric_trajectory' depends on axioms: [propext, Classical.choice, Quot.sound]
'SafeLearning.CompleteAppliedSystems.sampled_convergence' depends on axioms: [propext, Classical.choice, Quot.sound]
'SafeLearning.CompleteAppliedSystems.thermal_lyapunov' depends on axioms: [propext, Classical.choice, Quot.sound]
'SafeLearning.CompleteAppliedSystems.thermal_lyapunov_strict' depends on axioms: [propext, Classical.choice, Quot.sound]
'SafeLearning.CompleteAppliedSystems.held_feedback_formula' depends on axioms: [propext, Classical.choice, Quot.sound]
'SafeLearning.CompleteAppliedSystems.intersample_multiplier' depends on axioms: [propext, Classical.choice, Quot.sound]
'SafeLearning.CompleteAppliedSystems.intersample_thermal_invariant' depends on axioms: [propext,
 Classical.choice,
 Quot.sound]
'SafeLearning.CompleteAppliedSystems.deadline_readings' depends on axioms: [propext, Classical.choice, Quot.sound]
'SafeLearning.CompleteAppliedSystems.robust_scalar_interval' depends on axioms: [propext, Classical.choice, Quot.sound]
'SafeLearning.CompleteAppliedSystems.disturbed_gain_interval' depends on axioms: [propext, Classical.choice, Quot.sound]
'SafeLearning.CompleteAppliedSystems.saturated_map_invariant' depends on axioms: [propext, Classical.choice, Quot.sound]
'SafeLearning.CompleteAppliedSystems.brake_dynamics' depends on axioms: [propext, Classical.choice, Quot.sound]
'SafeLearning.CompleteAppliedSystems.brake_clearance_constant' depends on axioms: [propext,
 Classical.choice,
 Quot.sound]
'SafeLearning.CompleteAppliedSystems.stopping_distance' depends on axioms: [propext, Classical.choice, Quot.sound]
'SafeLearning.CompleteAppliedSystems.braking_all_time_safe' depends on axioms: [propext, Classical.choice, Quot.sound]
'SafeLearning.CompleteAppliedSystems.delayed_brake_condition' depends on axioms: [propext, Classical.choice, Quot.sound]
'SafeLearning.CompleteAppliedSystems.braking_examples' depends on axioms: [propext, Classical.choice, Quot.sound]
'SafeLearning.CompleteAppliedSystems.worst_case_delay' depends on axioms: [propext, Classical.choice, Quot.sound]
'SafeLearning.CompleteAppliedSystems.uncertain_braking_guarantee' depends on axioms: [propext,
 Classical.choice,
 Quot.sound]
'SafeLearning.CompleteBookProjects.projectInterval_mem' depends on axioms: [propext, Classical.choice, Quot.sound]
'SafeLearning.CompleteBookProjects.projectInterval_of_below' depends on axioms: [propext, Classical.choice, Quot.sound]
'SafeLearning.CompleteBookProjects.projectInterval_of_above' depends on axioms: [propext, Classical.choice, Quot.sound]
'SafeLearning.CompleteBookProjects.projectInterval_of_mem' depends on axioms: [propext, Classical.choice, Quot.sound]
'SafeLearning.CompleteBookProjects.projectInterval_optimal' depends on axioms: [propext, Classical.choice, Quot.sound]
'SafeLearning.CompleteBookProjects.projectInterval_unique' depends on axioms: [propext, Classical.choice, Quot.sound]
'SafeLearning.CompleteBookProjects.intersect_intervals' depends on axioms: [propext, Classical.choice, Quot.sound]
'SafeLearning.CompleteBookProjects.tank_robust_interval_iff' depends on axioms: [propext, Classical.choice, Quot.sound]
'SafeLearning.CompleteBookProjects.tank_measurement_range' depends on axioms: [propext, Classical.choice, Quot.sound]
'SafeLearning.CompleteBookProjects.tank_original_decision' depends on axioms: [propext, Classical.choice, Quot.sound]
'SafeLearning.CompleteBookProjects.tank_upper_decision' depends on axioms: [propext, Classical.choice, Quot.sound]
'SafeLearning.CompleteBookProjects.tank_large_disturbance_interval' depends on axioms: [propext,
 Classical.choice,
 Quot.sound]
'SafeLearning.CompleteBookProjects.tank_large_disturbance_empty' depends on axioms: [propext,
 Classical.choice,
 Quot.sound]
'SafeLearning.CompleteBookProjects.tank_large_disturbance_valid_counterexample' depends on axioms: [propext,
 Classical.choice,
 Quot.sound]
'SafeLearning.CompleteBookProjects.tank_feedback_quantifiers' depends on axioms: [propext, Classical.choice, Quot.sound]
'SafeLearning.CompleteBookProjects.tuning_lower_valid' depends on axioms: [propext, Classical.choice, Quot.sound]
'SafeLearning.CompleteBookProjects.tuning_first_set' depends on axioms: [propext, Classical.choice, Quot.sound]
'SafeLearning.CompleteBookProjects.tuning_second_set' depends on axioms: [propext, Classical.choice, Quot.sound]
'SafeLearning.CompleteBookProjects.tuning_union' depends on axioms: [propext, Classical.choice, Quot.sound]
'SafeLearning.CompleteBookProjects.tuning_query_values' depends on axioms: [propext, Classical.choice, Quot.sound]
'SafeLearning.CompleteBookProjects.tuning_noisier_set' depends on axioms: [propext, Classical.choice, Quot.sound]
'SafeLearning.CompleteBookProjects.tuning_noisier_query' depends on axioms: [propext, Classical.choice, Quot.sound]
'SafeLearning.CompleteBookProjects.tuning_performance_underdetermined' depends on axioms: [propext,
 Classical.choice,
 Quot.sound]
'SafeLearning.CompleteBookProjects.zero_lipschitz_constant' depends on axioms: [propext, Classical.choice, Quot.sound]
'SafeLearning.CompleteBookProjects.zero_lipschitz_lower_certificate' depends on axioms: [propext,
 Classical.choice,
 Quot.sound]
'SafeLearning.CompleteBookProjects.negative_lower_underdetermined' depends on axioms: [propext,
 Classical.choice,
 Quot.sound]
'SafeLearning.CompleteBookProjects.score_box_lower' depends on axioms: [propext, Classical.choice, Quot.sound]
'SafeLearning.CompleteBookProjects.score_box_tie' depends on axioms: [propext, Classical.choice, Quot.sound]
'SafeLearning.CompleteBookProjects.normalized_physical_box' depends on axioms: [propext, Classical.choice, Quot.sound]
'SafeLearning.CompleteBookProjects.normalized_score_lower' depends on axioms: [propext, Classical.choice, Quot.sound]
'SafeLearning.CompleteBookProjects.unnormalized_radius_is_different' depends on axioms: [propext,
 Classical.choice,
 Quot.sound]
'SafeLearning.CompleteBookProjects.score_euclidean_strict' depends on axioms: [propext, Classical.choice, Quot.sound]
'SafeLearning.CompleteBookProjects.score_euclidean_one_fifth' depends on axioms: [propext, Classical.choice, Quot.sound]
'SafeLearning.CompleteBookProjects.score_critical_tie' depends on axioms: [propext, Classical.choice, Quot.sound]
'SafeLearning.CompleteBookProjects.strict_radii_no_largest' depends on axioms: [propext, Classical.choice, Quot.sound]
'SafeLearning.CompleteBookProjects.conformal_ranks' depends on axioms: [propext, Classical.choice, Quot.sound]
'SafeLearning.CompleteBookProjects.unavailable_rank_infinite' depends on axioms: [propext, Classical.choice, Quot.sound]
'SafeLearning.CompleteBookProjects.infinite_threshold_covers' depends on axioms: [propext, Classical.choice, Quot.sound]
'SafeLearning.CompleteBookProjects.four_failure_arithmetic' depends on axioms: [propext, Classical.choice, Quot.sound]
'SafeLearning.CompleteBookProjects.four_failure_union' depends on axioms: [propext, Classical.choice, Quot.sound]
'SafeLearning.CompleteBookProjects.four_failure_allocated' depends on axioms: [propext, Classical.choice, Quot.sound]
'SafeLearning.CompleteConformal.strictRank_permute' depends on axioms: [propext, Classical.choice, Quot.sound]
'SafeLearning.CompleteConformal.badIndices_card_bound' depends on axioms: [propext, Classical.choice, Quot.sound]
'SafeLearning.CompleteConformal.measurable_strictRank' depends on axioms: [propext, Classical.choice, Quot.sound]
'SafeLearning.CompleteConformal.measurableSet_bad_rank' depends on axioms: [propext, Classical.choice, Quot.sound]
'SafeLearning.CompleteConformal.exchangeable_bad_rank_equal' depends on axioms: [propext, Classical.choice, Quot.sound]
'SafeLearning.CompleteConformal.measurableSet_badEvent' depends on axioms: [propext, Classical.choice, Quot.sound]
'SafeLearning.CompleteConformal.bad_indicator_count' depends on axioms: [propext, Classical.choice, Quot.sound]
'SafeLearning.CompleteConformal.sum_bad_probabilities_le' depends on axioms: [propext, Classical.choice, Quot.sound]
'SafeLearning.CompleteConformal.exchangeable_rank_failure_bound' depends on axioms: [propext,
 Classical.choice,
 Quot.sound]
'SafeLearning.CompleteConformal.calibration_failure_iff' depends on axioms: [propext, Classical.choice, Quot.sound]
'SafeLearning.CompleteConformal.unavailable_calibration_rank' depends on axioms: [propext, Classical.choice, Quot.sound]
'SafeLearning.CompleteConformal.conformal_failure_bound' depends on axioms: [propext, Classical.choice, Quot.sound]
'SafeLearning.CompleteConformal.conformal_success_bound' depends on axioms: [propext, Classical.choice, Quot.sound]
'SafeLearning.CompleteConformal.conformalRank_le' depends on axioms: [propext, Classical.choice, Quot.sound]
'SafeLearning.CompleteConformal.conformalRank_coverage_arithmetic' depends on axioms: [propext,
 Classical.choice,
 Quot.sound]
'SafeLearning.CompleteConformal.split_conformal_coverage' depends on axioms: [propext, Classical.choice, Quot.sound]
'SafeLearning.CompleteConformal.rank_nineteen_ten_percent' depends on axioms: [propext, Classical.choice, Quot.sound]
'SafeLearning.CompleteConformal.rank_nineteen_one_percent' depends on axioms: [propext, Classical.choice, Quot.sound]
'SafeLearning.CompleteConformal.nineteen_calibration_coverage' depends on axioms: [propext,
 Classical.choice,
 Quot.sound]
'SafeLearning.CompleteConformal.nineteen_one_percent_infinite' depends on axioms: [propext,
 Classical.choice,
 Quot.sound]
'SafeLearning.CompleteCoreBook.mode_expectation' depends on axioms: [propext, Classical.choice, Quot.sound]
'SafeLearning.CompleteCoreBook.mode_discounted_return' depends on axioms: [propext, Classical.choice, Quot.sound]
'SafeLearning.CompleteCoreBook.original_reward_semantics' depends on axioms: [propext, Classical.choice, Quot.sound]
'SafeLearning.CompleteCoreBook.original_cost_semantics' depends on axioms: [propext, Classical.choice, Quot.sound]
'SafeLearning.CompleteCoreBook.tighter_budget_optimum' depends on axioms: [propext, Classical.choice, Quot.sound]
'SafeLearning.CompleteCoreBook.tighter_budget_attained' depends on axioms: [propext, Classical.choice, Quot.sound]
'SafeLearning.CompleteCoreBook.tighter_budget_unique_reward' depends on axioms: [propext, Classical.choice, Quot.sound]
'SafeLearning.CompleteCoreBook.interior_budget_multiplier' depends on axioms: [propext, Classical.choice, Quot.sound]
'SafeLearning.CompleteCoreBook.changed_discount_reward' depends on axioms: [propext, Classical.choice, Quot.sound]
'SafeLearning.CompleteCoreBook.changed_discount_cost' depends on axioms: [propext, Classical.choice, Quot.sound]
'SafeLearning.CompleteCoreBook.changed_discount_optimum' depends on axioms: [propext, Classical.choice, Quot.sound]
'SafeLearning.CompleteCoreBook.changed_discount_attainer_and_reuse' depends on axioms: [propext,
 Classical.choice,
 Quot.sound]
'SafeLearning.CompleteCoreBook.monitoring_next_action' depends on axioms: [propext, Classical.choice, Quot.sound]
'SafeLearning.CompleteCoreBook.monitoring_discounted_accounting' depends on axioms: [propext,
 Classical.choice,
 Quot.sound]
'SafeLearning.CompleteCoreBook.pathwise_resource_must_cover_realizations' depends on axioms: [propext,
 Classical.choice,
 Quot.sound]
'SafeLearning.CompleteCoreBook.ellipse_candidate_feasible' depends on axioms: [propext, Classical.choice, Quot.sound]
'SafeLearning.CompleteCoreBook.ellipse_global_optimum' depends on axioms: [propext, Classical.choice, Quot.sound]
'SafeLearning.CompleteCoreBook.ellipse_kkt' depends on axioms: [propext, Classical.choice, Quot.sound]
'SafeLearning.CompleteCoreBook.metric_comparison' depends on axioms: [propext, Classical.choice, Quot.sound]
'SafeLearning.CompleteCoreBook.sufficient_constraint_values' depends on axioms: [propext, Classical.choice, Quot.sound]
'SafeLearning.CompleteCoreBook.positive_upper_bound_underdetermines_violation' depends on axioms: [propext,
 Classical.choice,
 Quot.sound]
'SafeLearning.CompleteCoreBook.tightened_constraint_sufficient' depends on axioms: [propext,
 Classical.choice,
 Quot.sound]
'SafeLearning.CompleteCoreBook.scalar_tube_iff' depends on axioms: [propext, Classical.choice, Quot.sound]
'SafeLearning.CompleteCoreBook.noisier_tube_radius' depends on axioms: [propext, Classical.choice, Quot.sound]
'SafeLearning.CompleteCoreBook.noisier_tube_and_band' depends on axioms: [propext, Classical.choice, Quot.sound]
'SafeLearning.CompleteCoreBook.accuracy_error_iff' depends on axioms: [propext, Classical.choice, Quot.sound]
'SafeLearning.CompleteCoreBook.tightened_nominal_interval' depends on axioms: [propext, Classical.choice, Quot.sound]
'SafeLearning.CompleteCoreBook.tube_envelope_converges' depends on axioms: [propext, Classical.choice, Quot.sound]
'SafeLearning.CompleteCoreControl.barrier_integrating_factor' depends on axioms: [propext, Classical.choice, Quot.sound]
'SafeLearning.CompleteCoreControl.barrier_invariance' depends on axioms: [propext, Classical.choice, Quot.sound]
'SafeLearning.CompleteCoreControl.clearance_from_derivative' depends on axioms: [propext, Classical.choice, Quot.sound]
'SafeLearning.CompleteCoreControl.delayed_measurement_error' depends on axioms: [propext, Classical.choice, Quot.sound]
'SafeLearning.CompleteCoreControl.held_clearance_from_ode' depends on axioms: [propext, Classical.choice, Quot.sound]
'SafeLearning.CompleteCoreControl.held_clearance_safety' depends on axioms: [propext, Classical.choice, Quot.sound]
'SafeLearning.CompleteCoreControl.noisier_barrier_command' depends on axioms: [propext, Classical.choice, Quot.sound]
'SafeLearning.CompleteCoreControl.failed_drive_feasible' depends on axioms: [propext, Classical.choice, Quot.sound]
'SafeLearning.CompleteCoreControl.failed_drive_boundary_impossible' depends on axioms: [propext,
 Classical.choice,
 Quot.sound]
'SafeLearning.CompleteCoreControl.failed_drive_eventual_escape' depends on axioms: [propext,
 Classical.choice,
 Quot.sound]
'SafeLearning.CompleteCoreControl.nonpositive_drive_upper_trajectory' depends on axioms: [propext,
 Classical.choice,
 Quot.sound]
'SafeLearning.CompleteCoreControl.nonpositive_time_varying_drive_eventual_escape' depends on axioms: [propext,
 Classical.choice,
 Quot.sound]
'SafeLearning.CompleteCoreControl.delayed_barrier_command' depends on axioms: [propext, Classical.choice, Quot.sound]
'SafeLearning.CompleteCoreControl.noisy_projection_optimal' depends on axioms: [propext, Classical.choice, Quot.sound]
'SafeLearning.CompleteCoreControl.delayed_projection_optimal' depends on axioms: [propext, Classical.choice, Quot.sound]
'SafeLearning.CompleteCoreControl.failed_drive_critical_only_zero' depends on axioms: [propext,
 Classical.choice,
 Quot.sound]
'SafeLearning.CompleteCoreControl.cube_defines_halfline' depends on axioms: [propext, Classical.choice, Quot.sound]
'SafeLearning.CompleteCoreControl.cube_boundary_derivative' depends on axioms: [propext, Classical.choice, Quot.sound]
'SafeLearning.CompleteCoreControl.outward_trajectory_derivative' depends on axioms: [propext,
 Classical.choice,
 Quot.sound]
'SafeLearning.CompleteCoreControl.zero_gradient_does_not_imply_invariance' depends on axioms: [propext,
 Classical.choice,
 Quot.sound]
'SafeLearning.CompleteCoreControl.continuous_feedback_derivative' depends on axioms: [propext,
 Classical.choice,
 Quot.sound]
'SafeLearning.CompleteCoreControl.continuous_feedback_positive' depends on axioms: [propext,
 Classical.choice,
 Quot.sound]
'SafeLearning.CompleteCoreControl.held_first_interval_iff' depends on axioms: [propext, Classical.choice, Quot.sound]
'SafeLearning.CompleteCoreControl.held_first_interval_counterexample' depends on axioms: [propext,
 Classical.choice,
 Quot.sound]
'SafeLearning.CompleteCoreControl.high_order_derivatives' depends on axioms: [propext, Classical.choice, Quot.sound]
'SafeLearning.CompleteCoreControl.high_order_initial_check' depends on axioms: [propext, Classical.choice, Quot.sound]
'SafeLearning.CompleteCoreControl.input_to_state_square' depends on axioms: [propext, Classical.choice, Quot.sound]
'SafeLearning.CompleteCoreControl.input_to_state_inflated_boundary' depends on axioms: [propext,
 Classical.choice,
 Quot.sound]
'SafeLearning.CompleteCoreControl.small_disturbance_boundary' depends on axioms: [propext, Classical.choice, Quot.sound]
'SafeLearning.CompleteCoreProbability.uniform_test_mass' depends on axioms: [propext, Classical.choice, Quot.sound]
'SafeLearning.CompleteCoreProbability.exceptional_probability' depends on axioms: [propext,
 Classical.choice,
 Quot.sound]
'SafeLearning.CompleteCoreProbability.squared_error_indicator' depends on axioms: [propext,
 Classical.choice,
 Quot.sound]
'SafeLearning.CompleteCoreProbability.actual_mean_squared_error' depends on axioms: [propext,
 Classical.choice,
 Quot.sound]
'SafeLearning.CompleteCoreProbability.maximum_error_attained' depends on axioms: [propext, Classical.choice, Quot.sound]
'SafeLearning.CompleteCoreProbability.small_rms_does_not_bound_uniform_error' depends on axioms: [propext,
 Classical.choice,
 Quot.sound]
'SafeLearning.CompleteCoreProbability.rms_numeric_enclosure' depends on axioms: [propext, Classical.choice, Quot.sound]
'SafeLearning.CompleteCoreProbability.independent_missed_interval' depends on axioms: [propext,
 Classical.choice,
 Quot.sound]
'SafeLearning.CompleteCoreProbability.miss_probability_numeric' depends on axioms: [propext,
 Classical.choice,
 Quot.sound]
'SafeLearning.CompleteCoreProbability.miss_probability_real_bridge' depends on axioms: [propext,
 Classical.choice,
 Quot.sound]
'SafeLearning.CompleteCoreProbability.four_success_union_bound' depends on axioms: [propext,
 Classical.choice,
 Quot.sound]
'SafeLearning.CompleteCoreProbability.four_success_allocated_bound' depends on axioms: [propext,
 Classical.choice,
 Quot.sound]
'SafeLearning.CompleteCoreProbability.four_independent_successes' depends on axioms: [propext,
 Classical.choice,
 Quot.sound]
'SafeLearning.CompleteCoreProbability.four_independent_success_lower_bound' depends on axioms: [propext,
 Classical.choice,
 Quot.sound]
'SafeLearning.CompleteCoreProbability.disjoint_failure_probabilities' depends on axioms: [propext,
 Classical.choice,
 Quot.sound]
'SafeLearning.CompleteCoreProbability.disjoint_joint_success' depends on axioms: [propext, Classical.choice, Quot.sound]
'SafeLearning.CompleteCoreProbability.multiplying_marginals_invalid' depends on axioms: [propext,
 Classical.choice,
 Quot.sound]
'SafeLearning.CompleteFoundationsBook.measurement_interval_exact' depends on axioms: [propext,
 Classical.choice,
 Quot.sound]
'SafeLearning.CompleteFoundationsBook.temperature_reading_rule' depends on axioms: [propext,
 Classical.choice,
 Quot.sound]
'SafeLearning.CompleteFoundationsBook.reading_examples' depends on axioms: [propext, Classical.choice, Quot.sound]
'SafeLearning.CompleteFoundationsBook.chamber_command_exact' depends on axioms: [propext, Classical.choice, Quot.sound]
'SafeLearning.CompleteFoundationsBook.chamber_exercise_commands' depends on axioms: [propext,
 Classical.choice,
 Quot.sound]
'SafeLearning.CompleteFoundationsBook.chamber_worked_commands' depends on axioms: [propext,
 Classical.choice,
 Quot.sound]
'SafeLearning.CompleteFoundationsBook.anticipative_command' depends on axioms: [propext, Classical.choice, Quot.sound]
'SafeLearning.CompleteFoundationsBook.chamber_nominal_feedback' depends on axioms: [propext,
 Classical.choice,
 Quot.sound]
'SafeLearning.CompleteFoundationsBook.chamber_no_fixed_command' depends on axioms: [propext,
 Classical.choice,
 Quot.sound]
'SafeLearning.CompleteFoundationsBook.chamber_feedback_range' depends on axioms: [propext, Classical.choice, Quot.sound]
'SafeLearning.CompleteFoundationsBook.chamber_invariance' depends on axioms: [propext, Classical.choice, Quot.sound]
'SafeLearning.CompleteFoundationsBook.affine_recurrence_envelope' depends on axioms: [propext,
 Classical.choice,
 Quot.sound]
'SafeLearning.CompleteFoundationsBook.affine_recurrence_realization' depends on axioms: [propext,
 Classical.choice,
 Quot.sound]
'SafeLearning.CompleteFoundationsBook.exercise_error_envelope' depends on axioms: [propext,
 Classical.choice,
 Quot.sound]
'SafeLearning.CompleteFoundationsBook.error_exercise_minimal_index' depends on axioms: [propext,
 Classical.choice,
 Quot.sound]
'SafeLearning.CompleteFoundationsBook.error_floor_unattainable' depends on axioms: [propext,
 Classical.choice,
 Quot.sound]
'SafeLearning.CompleteFoundationsBook.worked_error_budget' depends on axioms: [propext, Classical.choice, Quot.sound]
'SafeLearning.CompleteFoundationsBook.balanced_reconstruction' depends on axioms: [propext,
 Classical.choice,
 Quot.sound]
'SafeLearning.CompleteFoundationsBook.balanced_error_geometry' depends on axioms: [propext,
 Classical.choice,
 Quot.sound]
'SafeLearning.CompleteFoundationsBook.sum_measurement_all_solutions' depends on axioms: [propext,
 Classical.choice,
 Quot.sound]
'SafeLearning.CompleteFoundationsBook.sum_measurement_identification' depends on axioms: [propext,
 Classical.choice,
 Quot.sound]
'SafeLearning.CompleteFoundationsBook.sum_measurement_counterexample' depends on axioms: [propext,
 Classical.choice,
 Quot.sound]
'SafeLearning.CompleteFoundationsBook.sum_measurement_unique_minimum' depends on axioms: [propext,
 Classical.choice,
 Quot.sound]
'SafeLearning.CompleteFoundationsBook.normalized_output_ball_bound' depends on axioms: [propext,
 Classical.choice,
 Quot.sound]
'SafeLearning.CompleteFoundationsBook.normalized_output_attainer' depends on axioms: [propext,
 Classical.choice,
 Quot.sound]
'SafeLearning.CompleteFoundationsBook.normalized_box_bound' depends on axioms: [propext, Classical.choice, Quot.sound]
'SafeLearning.CompleteFoundationsBook.normalized_output_decimal_bound' depends on axioms: [propext,
 Classical.choice,
 Quot.sound]
'SafeLearning.CompleteFoundationsBook.three_sensor_loss_identity' depends on axioms: [propext,
 Classical.choice,
 Quot.sound]
'SafeLearning.CompleteFoundationsBook.three_sensor_unique_optimum' depends on axioms: [propext,
 Classical.choice,
 Quot.sound]
'SafeLearning.CompleteFoundationsBook.three_sensor_residual_certificate' depends on axioms: [propext,
 Classical.choice,
 Quot.sound]
'SafeLearning.CompleteFoundationsBook.allocation_cost_identity' depends on axioms: [propext,
 Classical.choice,
 Quot.sound]
'SafeLearning.CompleteFoundationsBook.allocation_kkt' depends on axioms: [propext, Classical.choice, Quot.sound]
'SafeLearning.CompleteFoundationsBook.allocation_unique_optimum' depends on axioms: [propext,
 Classical.choice,
 Quot.sound]
'SafeLearning.CompleteFoundationsBook.allocation_value_derivative' depends on axioms: [propext,
 Classical.choice,
 Quot.sound]
'SafeLearning.CompleteFoundationsBook.allocation_sensitivity_exact' depends on axioms: [propext,
 Classical.choice,
 Quot.sound]
'SafeLearning.CompleteFoundationsBook.allocation_transfer' depends on axioms: [propext, Classical.choice, Quot.sound]
'SafeLearning.CompleteFoundationsBook.sum_line_projection' depends on axioms: [propext, Classical.choice, Quot.sound]
'SafeLearning.CompleteFoundationsBook.allocation_numerical_checks' depends on axioms: [propext,
 Classical.choice,
 Quot.sound]
'SafeLearning.CompleteFoundationsBook.robust_clearance_exact' depends on axioms: [propext, Classical.choice, Quot.sound]
'SafeLearning.CompleteFoundationsBook.robust_clearance_feasible' depends on axioms: [propext,
 Classical.choice,
 Quot.sound]
'SafeLearning.CompleteFoundationsBook.clearance_optimum' depends on axioms: [propext, Classical.choice, Quot.sound]
'SafeLearning.CompleteFoundationsBook.clearance_kkt' depends on axioms: [propext, Classical.choice, Quot.sound]
'SafeLearning.CompleteFoundationsBook.nonrobust_clearance_failure' depends on axioms: [propext,
 Classical.choice,
 Quot.sound]
'SafeLearning.CompleteFoundationsBook.chamber_exercise_numerics' depends on axioms: [propext,
 Classical.choice,
 Quot.sound]
'SafeLearning.CompleteFoundationsBook.balanced_assembly_examples' depends on axioms: [propext,
 Classical.choice,
 Quot.sound]
'SafeLearning.CompleteFoundationsBook.balanced_stretch' depends on axioms: [propext, Classical.choice, Quot.sound]
'SafeLearning.CompleteFoundationsBook.nearparallel_reconstruction' depends on axioms: [propext,
 Classical.choice,
 Quot.sound]
'SafeLearning.CompleteFoundationsBook.nearparallel_error_example' depends on axioms: [propext,
 Classical.choice,
 Quot.sound]
'SafeLearning.CompleteFoundationsBook.sensor_gram_positive' depends on axioms: [propext, Classical.choice, Quot.sound]
'SafeLearning.CompleteFoundationsBook.least_squares_direction_derivative' depends on axioms: [propext,
 Classical.choice,
 Quot.sound]
'SafeLearning.CompleteFoundationsBook.clearance_tangent_error' depends on axioms: [propext,
 Classical.choice,
 Quot.sound]
'SafeLearning.CompleteFoundationsBook.robust_clearance_decimal_bounds' depends on axioms: [propext,
 Classical.choice,
 Quot.sound]
'SafeLearning.CompleteFoundationsBook.robust_multiplier_decimal_bound' depends on axioms: [propext,
 Classical.choice,
 Quot.sound]
'SafeLearning.CompleteFoundationsBook.nonrobust_clearance_decimal_bounds' depends on axioms: [propext,
 Classical.choice,
 Quot.sound]
'SafeLearning.CompleteFoundationsBook.normal_equations_three_sensor' depends on axioms: [propext,
 Classical.choice,
 Quot.sound]
'SafeLearning.CompleteFoundationsBook.allocation_tangent_gradient' depends on axioms: [propext,
 Classical.choice,
 Quot.sound]
'SafeLearning.CompleteFoundationsFeatures.feature_evaluation' depends on axioms: [propext, Classical.choice, Quot.sound]
'SafeLearning.CompleteFoundationsFeatures.gram_coefficient_evaluation' depends on axioms: [propext,
 Classical.choice,
 Quot.sound]
'SafeLearning.CompleteFoundationsFeatures.feature_norm_quadratic' depends on axioms: [propext,
 Classical.choice,
 Quot.sound]
'SafeLearning.CompleteFoundationsFeatures.feature_gram_psd' depends on axioms: [propext, Classical.choice, Quot.sound]
'SafeLearning.CompleteFoundationsFeatures.feature_null_quadratic_iff' depends on axioms: [propext,
 Classical.choice,
 Quot.sound]
'SafeLearning.CompleteFoundationsFeatures.reproducing_evaluation_bound' depends on axioms: [propext,
 Classical.choice,
 Quot.sound]
'SafeLearning.CompleteFoundationsFeatures.interpolant_orthogonal_residual' depends on axioms: [propext,
 Classical.choice,
 Quot.sound]
'SafeLearning.CompleteFoundationsFeatures.minimum_norm_interpolant' depends on axioms: [propext,
 Classical.choice,
 Quot.sound]
'SafeLearning.CompleteFoundationsFeatures.invertible_gram_interpolant' depends on axioms: [propext,
 Classical.choice,
 Quot.sound]
'SafeLearning.CompleteFoundationsFeatures.interpolant_norm_data_identity' depends on axioms: [propext,
 Classical.choice,
 Quot.sound]
'SafeLearning.CompleteFoundationsFinite.finite_orbit_collision' depends on axioms: [propext,
 Classical.choice,
 Quot.sound]
'SafeLearning.CompleteFoundationsFinite.orbit_reduce_at_collision' depends on axioms: [propext, Quot.sound]
'SafeLearning.CompleteFoundationsFinite.finite_orbit_early_occurrence' depends on axioms: [propext,
 Classical.choice,
 Quot.sound]
'SafeLearning.CompleteFoundationsFinite.finite_state_check_all_time' depends on axioms: [propext,
 Classical.choice,
 Quot.sound]
'SafeLearning.CompleteFoundationsFinite.four_state_first_five' depends on axioms: [propext]
'SafeLearning.CompleteFoundationsFinite.four_state_never_failure' depends on axioms: [propext,
 Classical.choice,
 Quot.sound]
'SafeLearning.CompleteFoundationsFinite.changing_rule_counterexample' depends on axioms: [propext, Quot.sound]
'SafeLearning.CompleteFoundationsFinite.increasing_cardinality_budget' depends on axioms: [propext,
 Classical.choice,
 Quot.sound]
'SafeLearning.CompleteFoundationsGeometry.cauchy_schwarz_general' depends on axioms: [propext,
 Classical.choice,
 Quot.sound]
'SafeLearning.CompleteFoundationsGeometry.cauchy_schwarz_equality' depends on axioms: [propext,
 Classical.choice,
 Quot.sound]
'SafeLearning.CompleteFoundationsGeometry.cauchy_schwarz_equality_including_zero' depends on axioms: [propext,
 Classical.choice,
 Quot.sound]
'SafeLearning.CompleteFoundationsGeometry.inner_product_quadratic_expansion' depends on axioms: [propext,
 Classical.choice,
 Quot.sound]
'SafeLearning.CompleteFoundationsGeometry.linear_ball_upper_bound' depends on axioms: [propext,
 Classical.choice,
 Quot.sound]
'SafeLearning.CompleteFoundationsGeometry.linear_ball_attainment' depends on axioms: [propext,
 Classical.choice,
 Quot.sound]
'SafeLearning.CompleteFoundationsGeometry.scalar_young_absolute' depends on axioms: [propext,
 Classical.choice,
 Quot.sound]
'SafeLearning.CompleteFoundationsGeometry.am_gm_sqrt' depends on axioms: [propext, Classical.choice, Quot.sound]
'SafeLearning.CompleteFoundationsGeometry.reciprocal_am_gm' depends on axioms: [propext, Classical.choice, Quot.sound]
'SafeLearning.CompleteFoundationsGeometry.reverse_triangle_general' depends on axioms: [propext,
 Classical.choice,
 Quot.sound]
'SafeLearning.CompleteFoundationsGeometry.norm_vanishes_iff' depends on axioms: [propext, Classical.choice, Quot.sound]
'SafeLearning.CompleteFoundationsGeometry.norm_scale' depends on axioms: [propext, Classical.choice, Quot.sound]
'SafeLearning.CompleteFoundationsGeometry.norm_triangle' depends on axioms: [propext, Classical.choice, Quot.sound]
'SafeLearning.CompleteFoundationsGeometry.operator_norm_bound' depends on axioms: [propext,
 Classical.choice,
 Quot.sound]
'SafeLearning.CompleteFoundationsGeometry.operator_norm_is_least' depends on axioms: [propext,
 Classical.choice,
 Quot.sound]
'SafeLearning.CompleteFoundationsGeometry.operator_product_bound' depends on axioms: [propext,
 Classical.choice,
 Quot.sound]
'SafeLearning.CompleteFoundationsGeometry.linear_map_lipschitz' depends on axioms: [propext,
 Classical.choice,
 Quot.sound]
'SafeLearning.CompleteFoundationsGeometry.positive_lipschitz_certified_ball' depends on axioms: [propext,
 Classical.choice,
 Quot.sound]
'SafeLearning.CompleteFoundationsGeometry.symmetric_orthonormal_eigenbasis' depends on axioms: [propext,
 Classical.choice,
 Quot.sound]
'SafeLearning.CompleteFoundationsGeometry.symmetric_spectral_decomposition' depends on axioms: [propext,
 Classical.choice,
 Quot.sound]
'SafeLearning.CompleteFoundationsGeometry.symmetric_psd_eigenvalues' depends on axioms: [propext,
 Classical.choice,
 Quot.sound]
'SafeLearning.CompleteFoundationsGeometry.symmetric_pd_eigenvalues' depends on axioms: [propext,
 Classical.choice,
 Quot.sound]
'SafeLearning.CompleteFoundationsGeometry.determinant_eigenvalue_product' depends on axioms: [propext,
 Classical.choice,
 Quot.sound]
'SafeLearning.CompleteFoundationsGeometry.trace_eigenvalue_sum' depends on axioms: [propext,
 Classical.choice,
 Quot.sound]
'SafeLearning.CompleteFoundationsGeometry.positive_definite_inverse' depends on axioms: [propext,
 Classical.choice,
 Quot.sound]
'SafeLearning.CompleteFoundationsGeometry.positive_definite_determinant' depends on axioms: [propext,
 Classical.choice,
 Quot.sound]
'SafeLearning.CompleteFoundationsGeometry.neumann_series_general' depends on axioms: [propext,
 Classical.choice,
 Quot.sound]
'SafeLearning.CompleteFoundationsGeometry.frobenius_submultiplicativity' depends on axioms: [propext,
 Classical.choice,
 Quot.sound]
'SafeLearning.CompleteFoundationsGeometry.frobenius_norm_formula' depends on axioms: [propext,
 Classical.choice,
 Quot.sound]
'SafeLearning.CompleteFoundationsGeometry.lipschitz_composition_general' depends on axioms: [propext,
 Classical.choice,
 Quot.sound]
'SafeLearning.CompleteFoundationsLimits.half_open_interval_extrema' depends on axioms: [propext,
 Classical.choice,
 Quot.sound]
'SafeLearning.CompleteFoundationsLimits.approaching_one_extrema' depends on axioms: [propext,
 Classical.choice,
 Quot.sound]
'SafeLearning.CompleteFoundationsLimits.open_interval_sup_and_no_argmax' depends on axioms: [propext,
 Classical.choice,
 Quot.sound]
'SafeLearning.CompleteFoundationsLimits.square_closed_interval_argmax' depends on axioms: [propext,
 Classical.choice,
 Quot.sound]
'SafeLearning.CompleteFoundationsLimits.half_open_square_no_minimum' depends on axioms: [propext,
 Classical.choice,
 Quot.sound]
'SafeLearning.CompleteFoundationsLimits.square_unique_minimum_on_real' depends on axioms: [propext,
 Classical.choice,
 Quot.sound]
'SafeLearning.CompleteFoundationsLimits.half_open_interval_topology' depends on axioms: [propext,
 Classical.choice,
 Quot.sound]
'SafeLearning.CompleteFoundationsLimits.reciprocal_sequence_limit' depends on axioms: [propext,
 Classical.choice,
 Quot.sound]
'SafeLearning.CompleteFoundationsLimits.affine_error_bound_limit' depends on axioms: [propext,
 Classical.choice,
 Quot.sound]
'SafeLearning.CompleteFoundationsLimits.polynomial_ratio_limit' depends on axioms: [propext,
 Classical.choice,
 Quot.sound]
'SafeLearning.CompleteFoundationsLimits.average_log_sqrt_limit' depends on axioms: [propext,
 Classical.choice,
 Quot.sound]
'SafeLearning.CompleteFoundationsLimits.bounded_average_regret_converges' depends on axioms: [propext,
 Classical.choice,
 Quot.sound]
'SafeLearning.CompleteFoundationsLimits.log_sqrt_product_counterexample' depends on axioms: [propext,
 Classical.choice,
 Quot.sound]
'SafeLearning.CompleteFoundationsLimits.sqrt_sublinear' depends on axioms: [propext, Classical.choice, Quot.sound]
'SafeLearning.CompleteFoundationsLogic.negations_instantiated' depends on axioms: [propext,
 Classical.choice,
 Quot.sound]
'SafeLearning.CompleteFoundationsLogic.finite_set_membership_inclusion' depends on axioms: [propext,
 Classical.choice,
 Quot.sound]
'SafeLearning.CompleteFoundationsLogic.shrinking_interval_union' depends on axioms: [propext,
 Classical.choice,
 Quot.sound]
'SafeLearning.CompleteFoundationsLogic.shrinking_interval_intersection' depends on axioms: [propext,
 Classical.choice,
 Quot.sound]
'SafeLearning.CompleteFoundationsLogic.interval_deMorgan' depends on axioms: [propext, Classical.choice, Quot.sound]
'SafeLearning.CompleteFoundationsLogic.finite_square_image' depends on axioms: [propext, Classical.choice, Quot.sound]
'SafeLearning.CompleteFoundationsLogic.composition_examples' depends on axioms: [propext, Classical.choice, Quot.sound]
'SafeLearning.CompleteFoundationsLogic.square_interval_image' depends on axioms: [propext, Classical.choice, Quot.sound]
'SafeLearning.CompleteFoundationsLogic.square_interval_preimage' depends on axioms: [propext,
 Classical.choice,
 Quot.sound]
'SafeLearning.CompleteFoundationsLogic.negative_square_preimage' depends on axioms: [propext,
 Classical.choice,
 Quot.sound]
'SafeLearning.CompleteFoundationsLogic.square_to_nonnegative_classification' depends on axioms: [propext,
 Classical.choice,
 Quot.sound]
'SafeLearning.CompleteFoundationsLogic.square_from_nonnegative_classification' depends on axioms: [propext,
 Classical.choice,
 Quot.sound]
'SafeLearning.CompleteFoundationsLogic.nonnegative_square_inverse' depends on axioms: [propext,
 Classical.choice,
 Quot.sound]
'SafeLearning.CompleteFoundationsLogic.affine_iterated_error' depends on axioms: [propext, Classical.choice, Quot.sound]
'SafeLearning.CompleteFoundationsLogic.quarter_iteration_error' depends on axioms: [propext,
 Classical.choice,
 Quot.sound]
'SafeLearning.CompleteFoundationsLogic.alternating_iteration_error' depends on axioms: [propext,
 Classical.choice,
 Quot.sound]
'SafeLearning.CompleteFoundationsLogic.alternating_iteration_minimal' depends on axioms: [propext,
 Classical.choice,
 Quot.sound]
'SafeLearning.CompleteFoundationsLogic.half_open_contraction_counterexample' depends on axioms: [propext,
 Classical.choice,
 Quot.sound]
'SafeLearning.CompleteFoundationsLogic.selfmap_counterexample' depends on axioms: [propext,
 Classical.choice,
 Quot.sound]
'SafeLearning.CompleteFoundationsLogic.strict_contraction_counterexample' depends on axioms: [propext,
 Classical.choice,
 Quot.sound]
'SafeLearning.CompleteFoundationsLogic.fixedpoint_uniqueness_does_not_supply_existence' depends on axioms: [propext,
 Classical.choice,
 Quot.sound]
'SafeLearning.CompleteFoundationsLogic.missing_endpoint_contraction' depends on axioms: [propext,
 Classical.choice,
 Quot.sound]
'SafeLearning.CompleteFoundationsLogic.invariant_and_rate_from_local_hypothesis' depends on axioms: [propext,
 Classical.choice,
 Quot.sound]
'SafeLearning.CompleteFoundationsLogic.alternating_unit_sequence_not_convergent' depends on axioms: [propext,
 Classical.choice,
 Quot.sound]
'SafeLearning.CompleteFoundationsLogic.geometric_invariant_rate' depends on axioms: [propext,
 Classical.choice,
 Quot.sound]
'SafeLearning.CompleteFoundationsLogic.telescoping_energy_budget' depends on axioms: [propext,
 Classical.choice,
 Quot.sound]
'SafeLearning.CompleteFoundationsLogic.telescoping_summability' depends on axioms: [propext,
 Classical.choice,
 Quot.sound]
'SafeLearning.CompleteFoundationsLogic.telescoping_state_convergence' depends on axioms: [propext,
 Classical.choice,
 Quot.sound]
'SafeLearning.CompleteFoundationsLogic.excursion_budget_finite' depends on axioms: [propext,
 Classical.choice,
 Quot.sound]
'SafeLearning.CompleteFoundationsLogic.arbitrarily_late_excursion' depends on axioms: [propext,
 Classical.choice,
 Quot.sound]
'SafeLearning.CompleteFoundationsOptimization.quadratic_frechet_derivative' depends on axioms: [propext,
 Classical.choice,
 Quot.sound]
'SafeLearning.CompleteFoundationsOptimization.exp_quadratic_frechet_derivative' depends on axioms: [propext,
 Classical.choice,
 Quot.sound]
'SafeLearning.CompleteFoundationsOptimization.legacy_exp_frechet_derivative' depends on axioms: [propext,
 Classical.choice,
 Quot.sound]
'SafeLearning.CompleteFoundationsOptimization.least_squares_frechet_derivative' depends on axioms: [propext,
 Classical.choice,
 Quot.sound]
'SafeLearning.CompleteFoundationsOptimization.quadratic_hessian_partials' depends on axioms: [propext,
 Classical.choice,
 Quot.sound]
'SafeLearning.CompleteFoundationsOptimization.derivative_numerical_values' depends on axioms: [propext,
 Classical.choice,
 Quot.sound]
'SafeLearning.CompleteFoundationsOptimization.quadratic_vertical_remainder' depends on axioms: [propext,
 Classical.choice,
 Quot.sound]
'SafeLearning.CompleteFoundationsOptimization.parameter_quadratic_psd' depends on axioms: [propext,
 Classical.choice,
 Quot.sound]
'SafeLearning.CompleteFoundationsOptimization.parameter_quadratic_convex_iff' depends on axioms: [propext,
 Classical.choice,
 Quot.sound]
'SafeLearning.CompleteFoundationsOptimization.parameter_strict_curvature_iff' depends on axioms: [propext,
 Classical.choice,
 Quot.sound]
'SafeLearning.CompleteFoundationsOptimization.restricted_square_conjugate_supremum' depends on axioms: [propext,
 Classical.choice,
 Quot.sound]
'SafeLearning.CompleteFoundationsOptimization.translated_square_conjugate_supremum' depends on axioms: [propext,
 Classical.choice,
 Quot.sound]
'SafeLearning.CompleteFoundationsOptimization.constrained_scalar_unique' depends on axioms: [propext,
 Classical.choice,
 Quot.sound]
'SafeLearning.CompleteFoundationsOptimization.scalar_kkt_certificates' depends on axioms: [propext,
 Classical.choice,
 Quot.sound]
'SafeLearning.CompleteFoundationsOptimization.halfspace_unique_optimum' depends on axioms: [propext,
 Classical.choice,
 Quot.sound]
'SafeLearning.CompleteFoundationsOptimization.halfspace_kkt_certificate' depends on axioms: [propext,
 Classical.choice,
 Quot.sound]
'SafeLearning.CompleteFoundationsOptimization.penalty_unique_optimum' depends on axioms: [propext,
 Classical.choice,
 Quot.sound]
'SafeLearning.CompleteFoundationsOptimization.approximate_kkt_minimal_tolerance' depends on axioms: [propext,
 Classical.choice,
 Quot.sound]
'SafeLearning.CompleteFoundationsOptimization.qp_unique_optimum' depends on axioms: [propext,
 Classical.choice,
 Quot.sound]
'SafeLearning.CompleteFoundationsOptimization.finite_controller_margins' depends on axioms: [propext,
 Classical.choice,
 Quot.sound]
'SafeLearning.CompleteFoundationsSeries.discounted_return_bound' depends on axioms: [propext,
 Classical.choice,
 Quot.sound]
'SafeLearning.CompleteFoundationsSeries.discounted_tail_bound' depends on axioms: [propext,
 Classical.choice,
 Quot.sound]
'SafeLearning.CompleteFoundationsSeries.constant_discounted_tail' depends on axioms: [propext,
 Classical.choice,
 Quot.sound]
'SafeLearning.CompleteFoundationsSeries.half_discount_minimal_budget' depends on axioms: [propext,
 Classical.choice,
 Quot.sound]
'SafeLearning.CompleteFoundationsSeries.half_discount_numbers' depends on axioms: [propext,
 Classical.choice,
 Quot.sound]
'SafeLearning.CompleteFoundationsSeries.geometric_hasSum' depends on axioms: [propext, Classical.choice, Quot.sound]
'SafeLearning.CompleteFoundationsSeries.weighted_geometric_hasSum' depends on axioms: [propext,
 Classical.choice,
 Quot.sound]
'SafeLearning.CompleteModulesBook.thermal_step' depends on axioms: [propext, Classical.choice, Quot.sound]
'SafeLearning.CompleteModulesBook.thermal_all_samples' depends on axioms: [propext, Classical.choice, Quot.sound]
'SafeLearning.CompleteModulesBook.peak_mean_examples' depends on axioms: [propext, Classical.choice, Quot.sound]
'SafeLearning.CompleteModulesBook.rare_spike_cvar_lower' depends on axioms: [propext, Classical.choice, Quot.sound]
'SafeLearning.CompleteModulesBook.rare_spike_cvar_attained' depends on axioms: [propext, Classical.choice, Quot.sound]
'SafeLearning.CompleteModulesBook.fleet_budget' depends on axioms: [propext, Classical.choice, Quot.sound]
'SafeLearning.CompleteModulesBook.thermal_energy_identity' depends on axioms: [propext, Classical.choice, Quot.sound]
'SafeLearning.CompleteModulesBook.thermal_energy_strict' depends on axioms: [propext, Classical.choice, Quot.sound]
'SafeLearning.CompleteModulesBook.thermal_disk_invariant' depends on axioms: [propext, Classical.choice, Quot.sound]
'SafeLearning.CompleteModulesBook.disk_coordinate_containment' depends on axioms: [propext,
 Classical.choice,
 Quot.sound]
'SafeLearning.CompleteModulesBook.startup_box_energy' depends on axioms: [propext, Classical.choice, Quot.sound]
'SafeLearning.CompleteModulesBook.thermal_starting_example' depends on axioms: [propext, Classical.choice, Quot.sound]
'SafeLearning.CompleteModulesBook.invariant_radius_iff' depends on axioms: [propext, Classical.choice, Quot.sound]
'SafeLearning.CompleteModulesBook.nonzero_forced_equilibrium' depends on axioms: [propext, Classical.choice, Quot.sound]
'SafeLearning.CompleteModulesBook.gp_midpoint_linear_solutions' depends on axioms: [propext,
 Classical.choice,
 Quot.sound]
'SafeLearning.CompleteModulesBook.gp_midpoint_unique_solution' depends on axioms: [propext,
 Classical.choice,
 Quot.sound]
'SafeLearning.CompleteModulesBook.gp_midpoint_reject_accept' depends on axioms: [propext, Classical.choice, Quot.sound]
'SafeLearning.CompleteModulesBook.repeated_gp_linear_system' depends on axioms: [propext, Classical.choice, Quot.sound]
'SafeLearning.CompleteModulesBook.repeated_gp_variance' depends on axioms: [propext, Classical.choice, Quot.sound]
'SafeLearning.CompleteModulesBook.repeated_gp_three_accept' depends on axioms: [propext, Classical.choice, Quot.sound]
'SafeLearning.CompleteModulesBook.constant_kernel_regularized_unique' depends on axioms: [propext,
 Classical.choice,
 Quot.sound]
'SafeLearning.CompleteModulesBook.midpoint_kernel_positive' depends on axioms: [propext, Classical.choice, Quot.sound]
'SafeLearning.CompleteModulesBook.midpoint_discrepancy_reject' depends on axioms: [propext,
 Classical.choice,
 Quot.sound]
'SafeLearning.CompleteModulesBook.residual_with_discrepancy' depends on axioms: [propext, Classical.choice, Quot.sound]
'SafeLearning.CompleteModulesBook.maximal_nominal' depends on axioms: [propext, Classical.choice, Quot.sound]
'SafeLearning.CompleteModulesBook.two_constraints_radius' depends on axioms: [propext, Classical.choice, Quot.sound]
'SafeLearning.CompleteModulesBook.gain_realization_radius' depends on axioms: [propext, Classical.choice, Quot.sound]
'SafeLearning.CompleteModulesBook.gain_proposals_fail' depends on axioms: [propext, Classical.choice, Quot.sound]
'SafeLearning.CompleteModulesBook.nominal_gain_positive_but_realization_fails' depends on axioms: [propext,
 Classical.choice,
 Quot.sound]
'SafeLearning.CompleteModulesBook.interval_realization_iff' depends on axioms: [propext, Classical.choice, Quot.sound]
'SafeLearning.CompleteModulesBook.losbo_command_interval' depends on axioms: [propext, Classical.choice, Quot.sound]
'SafeLearning.CompleteModulesBook.losbo_cones' depends on axioms: [propext, Classical.choice, Quot.sound]
'SafeLearning.CompleteModulesBook.losbo_union' depends on axioms: [propext, Classical.choice, Quot.sound]
'SafeLearning.CompleteModulesBook.backup_distance_triangle' depends on axioms: [propext, Classical.choice, Quot.sound]
'SafeLearning.CompleteModulesBook.backup_monitor_period' depends on axioms: [propext, Classical.choice, Quot.sound]
'SafeLearning.CompleteModulesBook.backup_examples' depends on axioms: [propext, Classical.choice, Quot.sound]
'SafeLearning.CompleteModulesBook.backup_library_decisions' depends on axioms: [propext, Classical.choice, Quot.sound]
'SafeLearning.CompleteModulesBook.backup_switch_and_transition' depends on axioms: [propext,
 Classical.choice,
 Quot.sound]
'SafeLearning.CompleteModulesBook.safe_cycle_values' depends on axioms: [propext, Classical.choice, Quot.sound]
'SafeLearning.CompleteModulesBook.rush_strict_threshold' depends on axioms: [propext, Classical.choice, Quot.sound]
'SafeLearning.CompleteModulesBook.rush_threshold_equality' depends on axioms: [propext, Classical.choice, Quot.sound]
'SafeLearning.CompleteModulesBook.rush_eight_tenths_threshold' depends on axioms: [propext,
 Classical.choice,
 Quot.sound]
'SafeLearning.CompleteModulesBook.lipsdp_sum_of_squares' depends on axioms: [propext, Classical.choice, Quot.sound]
'SafeLearning.CompleteModulesBook.lipsdp_negative_semidefinite' depends on axioms: [propext,
 Classical.choice,
 Quot.sound]
'SafeLearning.CompleteModulesBook.lipsdp_physical_budget' depends on axioms: [propext, Classical.choice, Quot.sound]
'SafeLearning.CompleteModulesBook.lipsdp_box_radius' depends on axioms: [propext, Classical.choice, Quot.sound]
'SafeLearning.CompleteModulesBook.coupled_multiplier_failure' depends on axioms: [propext, Classical.choice, Quot.sound]
'SafeLearning.CompleteModulesBook.gain_stack_bound' depends on axioms: [propext, Classical.choice, Quot.sound]
'SafeLearning.CompleteModulesBook.external_scale_certificate' depends on axioms: [propext, Classical.choice, Quot.sound]
'SafeLearning.CompleteModulesBook.six_stage_scale' depends on axioms: [propext, Classical.choice, Quot.sound]
'SafeLearning.CompleteModulesBook.normalized_target_incompatible' depends on axioms: [propext,
 Classical.choice,
 Quot.sound]
'SafeLearning.CompleteModulesBook.architecture_sensor_budget' depends on axioms: [propext, Classical.choice, Quot.sound]
'SafeLearning.CompleteModulesBook.biased_feedback_error' depends on axioms: [propext, Classical.choice, Quot.sound]
'SafeLearning.CompleteModulesBook.biased_invariant_and_ultimate' depends on axioms: [propext,
 Classical.choice,
 Quot.sound]
'SafeLearning.CompleteModulesBook.delayed_square_counterexample' depends on axioms: [propext,
 Classical.choice,
 Quot.sound]
'SafeLearning.CompleteModulesBook.verification_left_region' depends on axioms: [propext, Classical.choice, Quot.sound]
'SafeLearning.CompleteModulesBook.verification_middle_region' depends on axioms: [propext, Classical.choice, Quot.sound]
'SafeLearning.CompleteModulesBook.verification_right_region' depends on axioms: [propext, Classical.choice, Quot.sound]
'SafeLearning.CompleteModulesBook.verification_original_range' depends on axioms: [propext,
 Classical.choice,
 Quot.sound]
'SafeLearning.CompleteModulesBook.verification_changed_range' depends on axioms: [propext, Classical.choice, Quot.sound]
'SafeLearning.CompleteModulesBook.verification_extrema_attained' depends on axioms: [propext,
 Classical.choice,
 Quot.sound]
'SafeLearning.CompleteModulesBook.deterministic_temperature_pass' depends on axioms: [propext,
 Classical.choice,
 Quot.sound]
'SafeLearning.CompleteModulesBook.changed_temperature_pass' depends on axioms: [propext, Classical.choice, Quot.sound]
'SafeLearning.CompleteModulesBook.changed_zero_margin_attained' depends on axioms: [propext,
 Classical.choice,
 Quot.sound]
'SafeLearning.CompleteModulesBook.trajectory_conformal_size' depends on axioms: [propext, Classical.choice, Quot.sound]
'SafeLearning.CompleteModulesBook.trajectory_residual_transfer' depends on axioms: [propext,
 Classical.choice,
 Quot.sound]
'SafeLearning.CompleteModulesConformal.ninety_nine_finite_rank_iff' depends on axioms: [propext,
 Classical.choice,
 Quot.sound]
'SafeLearning.CompleteModulesConformal.rank_ninety_nine_one_percent' depends on axioms: [propext,
 Classical.choice,
 Quot.sound]
'SafeLearning.CompleteModulesConformal.whole_trajectory_ninety_nine_coverage' depends on axioms: [propext,
 Classical.choice,
 Quot.sound]
'SafeLearning.CompleteModulesConformal.finite_horizon_score_iff' depends on axioms: [propext,
 Classical.choice,
 Quot.sound]
'SafeLearning.CompleteModulesConformal.nine_calibration_rank' depends on axioms: [propext, Classical.choice, Quot.sound]
'SafeLearning.CompleteModulesConformal.thirty_nine_calibration_rank' depends on axioms: [propext,
 Classical.choice,
 Quot.sound]
'SafeLearning.CompleteModulesDynamics.thermal_gain_positive_lt_one' depends on axioms: [propext,
 Classical.choice,
 Quot.sound]
'SafeLearning.CompleteModulesDynamics.thermal_norm_residual_square' depends on axioms: [propext,
 Classical.choice,
 Quot.sound]
'SafeLearning.CompleteModulesDynamics.thermal_exact_squared_norm_bound' depends on axioms: [propext,
 Classical.choice,
 Quot.sound]
'SafeLearning.CompleteModulesDynamics.thermal_gain_eigenvector' depends on axioms: [propext,
 Classical.choice,
 Quot.sound]
'SafeLearning.CompleteModulesDynamics.thermal_radius_gain' depends on axioms: [propext, Classical.choice, Quot.sound]
'SafeLearning.CompleteModulesDynamics.thermal_unit_disk_with_disturbance_budget' depends on axioms: [propext,
 Classical.choice,
 Quot.sound]
'SafeLearning.CompleteModulesDynamics.l2_triangle' depends on axioms: [propext, Classical.choice, Quot.sound]
'SafeLearning.CompleteModulesDynamics.thermal_l2_gain' depends on axioms: [propext, Classical.choice, Quot.sound]
'SafeLearning.CompleteModulesDynamics.thermal_disturbed_step' depends on axioms: [propext, Classical.choice, Quot.sound]
'SafeLearning.CompleteModulesDynamics.thermal_disturbed_unit_disk' depends on axioms: [propext,
 Classical.choice,
 Quot.sound]
'SafeLearning.CompleteModulesDynamics.thermal_constant_forcing_equilibrium' depends on axioms: [propext,
 Classical.choice,
 Quot.sound]
'SafeLearning.CompleteModulesDynamics.thermal_forced_trajectory_not_zero' depends on axioms: [propext,
 Classical.choice,
 Quot.sound]
'SafeLearning.CompleteModulesDynamics.delayed_storage_bounds' depends on axioms: [propext, Classical.choice, Quot.sound]
'SafeLearning.CompleteModulesDynamics.delayed_storage_exact_decrease' depends on axioms: [propext,
 Classical.choice,
 Quot.sound]
'SafeLearning.CompleteModulesDynamics.delayed_storage_contraction' depends on axioms: [propext,
 Classical.choice,
 Quot.sound]
'SafeLearning.CompleteModulesDynamics.delayed_trajectory_energy' depends on axioms: [propext,
 Classical.choice,
 Quot.sound]
'SafeLearning.CompleteModulesDynamics.delayed_trajectory_energy_tends_zero' depends on axioms: [propext,
 Classical.choice,
 Quot.sound]
'SafeLearning.CompleteModulesFinite.thermal_kernel_controlled_invariant' depends on axioms: [propext, Quot.sound]
'SafeLearning.CompleteModulesFinite.thermal_predecessor_cap60' depends on axioms: [propext,
 Classical.choice,
 Quot.sound]
'SafeLearning.CompleteModulesFinite.thermal_predecessor_fixed' depends on axioms: [propext,
 Classical.choice,
 Quot.sound]
'SafeLearning.CompleteModulesFinite.thermal_predecessor_cap62' depends on axioms: [propext,
 Classical.choice,
 Quot.sound]
'SafeLearning.CompleteModulesFinite.thermal_predecessor_cap62_second' depends on axioms: [propext,
 Classical.choice,
 Quot.sound]
'SafeLearning.CompleteModulesFinite.thermal_predecessor_cap62_fixed' depends on axioms: [propext,
 Classical.choice,
 Quot.sound]
'SafeLearning.CompleteModulesFinite.thermal_kernel_maximal' depends on axioms: [propext, Classical.choice, Quot.sound]
'SafeLearning.CompleteModulesFinite.thermal_infinite_trajectory_exists' depends on axioms: [propext,
 Classical.choice,
 Quot.sound]
'SafeLearning.CompleteModulesFinite.thermal_infinite_trajectory_necessary' depends on axioms: [propext,
 Classical.choice,
 Quot.sound]
'SafeLearning.CompleteModulesFinite.thermal_infinite_viability_iff' depends on axioms: [propext,
 Classical.choice,
 Quot.sound]
'SafeLearning.CompleteModulesFinite.thermal_viable_action_count' depends on axioms: [propext,
 Classical.choice,
 Quot.sound]
'SafeLearning.CompleteModulesFinite.discounted_bellman_upper' depends on axioms: [propext, Classical.choice, Quot.sound]
'SafeLearning.CompleteModulesFinite.landscape_safe_set' depends on axioms: [propext, Classical.choice, Quot.sound]
'SafeLearning.CompleteModulesFinite.viability_negation' depends on axioms: [propext, Classical.choice, Quot.sound]
'SafeLearning.CompleteModulesFinite.some_failure_compatible_with_viability' depends on axioms: [propext]
'SafeLearning.CompleteModulesFinite.robust_half_radius_iff' depends on axioms: [propext, Classical.choice, Quot.sound]
'SafeLearning.CompleteModulesFinite.first_drift_violation' depends on axioms: [propext, Classical.choice, Quot.sound]
'SafeLearning.CompleteModulesFinite.kkt_scalar_minimum' depends on axioms: [propext, Classical.choice, Quot.sound]
'SafeLearning.CompleteModulesFinite.schur_scalar_psd_iff' depends on axioms: [propext, Classical.choice, Quot.sound]
'SafeLearning.CompleteModulesFinite.scalar_lyapunov_iff' depends on axioms: [propext, Classical.choice, Quot.sound]
'SafeLearning.CompleteModulesFinite.singular_psd_range_condition' depends on axioms: [propext,
 Classical.choice,
 Quot.sound]
'SafeLearning.CompleteModulesFinite.s_procedure_interval' depends on axioms: [propext, Classical.choice, Quot.sound]
'SafeLearning.CompleteModulesFinite.s_procedure_identity' depends on axioms: [propext, Classical.choice, Quot.sound]
'SafeLearning.CompleteModulesFinite.neuron_interval_exact' depends on axioms: [propext, Classical.choice, Quot.sound]
'SafeLearning.CompleteModulesFinite.unstable_relu_triangle' depends on axioms: [propext, Classical.choice, Quot.sound]
'SafeLearning.CompleteModulesFinite.crown_negative_output' depends on axioms: [propext, Classical.choice, Quot.sound]
'SafeLearning.CompleteModulesFinite.affine_l2_ball' depends on axioms: [propext, Classical.choice, Quot.sound]
'SafeLearning.CompleteModulesFinite.affine_infinity_ball' depends on axioms: [propext, Classical.choice, Quot.sound]
'SafeLearning.CompleteModulesFinite.affine_minima_attained' depends on axioms: [propext, Classical.choice, Quot.sound]
'SafeLearning.CompleteModulesNetworks.two_neuron_max_affine' depends on axioms: [propext, Classical.choice, Quot.sound]
'SafeLearning.CompleteModulesNetworks.abs_max_pair_bound' depends on axioms: [propext, Classical.choice, Quot.sound]
'SafeLearning.CompleteModulesNetworks.linear_gradient_l2' depends on axioms: [propext, Classical.choice, Quot.sound]
'SafeLearning.CompleteModulesNetworks.two_neuron_lipschitz_l2' depends on axioms: [propext,
 Classical.choice,
 Quot.sound]
'SafeLearning.CompleteModulesNetworks.linear_gradient_box' depends on axioms: [propext, Classical.choice, Quot.sound]
'SafeLearning.CompleteModulesNetworks.two_neuron_lipschitz_box' depends on axioms: [propext,
 Classical.choice,
 Quot.sound]
'SafeLearning.CompleteModulesNetworks.physical_correction_box' depends on axioms: [propext,
 Classical.choice,
 Quot.sound]
'SafeLearning.CompleteModulesNetworks.physical_box_bound_attained' depends on axioms: [propext,
 Classical.choice,
 Quot.sound]
'SafeLearning.CompleteModulesNetworks.exact_l2_slope_attained' depends on axioms: [propext,
 Classical.choice,
 Quot.sound]
'SafeLearning.CompleteModulesNetworks.exact_l2_gain_necessary' depends on axioms: [propext,
 Classical.choice,
 Quot.sound]
'SafeLearning.CompleteModulesNetworks.relu_incremental_sector' depends on axioms: [propext,
 Classical.choice,
 Quot.sound]
'SafeLearning.CompleteModulesNetworks.diagonal_relu_incremental_qc' depends on axioms: [propext,
 Classical.choice,
 Quot.sound]
'SafeLearning.CompleteModulesNetworks.leaky_relu_incremental_sector' depends on axioms: [propext,
 Classical.choice,
 Quot.sound]
'SafeLearning.CompleteModulesNetworks.affine_interval_center_radius' depends on axioms: [propext,
 Classical.choice,
 Quot.sound]
'SafeLearning.CompleteModulesNetworks.affine_interval_upper_attained' depends on axioms: [propext,
 Classical.choice,
 Quot.sound]
'SafeLearning.CompleteModulesNetworks.affine_interval_lower_attained' depends on axioms: [propext,
 Classical.choice,
 Quot.sound]
'SafeLearning.CompleteModulesNetworks.relu_interval_sound' depends on axioms: [propext, Classical.choice, Quot.sound]
'SafeLearning.CompleteModulesNetworks.relu_triangle_general' depends on axioms: [propext, Classical.choice, Quot.sound]
'SafeLearning.CompleteModulesNetworks.relu_lower_line_general' depends on axioms: [propext,
 Classical.choice,
 Quot.sound]
'SafeLearning.CompleteModulesNetworks.approximate_orthogonal_operator' depends on axioms: [propext,
 Classical.choice,
 Quot.sound]
'SafeLearning.CompleteModulesNetworks.finite_stage_lipschitz_composition' depends on axioms: [propext,
 Classical.choice,
 Quot.sound]
'SafeLearning.CompleteModulesSafeExploration.no_lipschitz_jump_over_unsafe' depends on axioms: [propext,
 Classical.choice,
 Quot.sound]
'SafeLearning.CompleteModulesSafeExploration.safeopt_never_crosses_unsafe' depends on axioms: [propext,
 Classical.choice,
 Quot.sound]
'SafeLearning.CompleteModulesSafeExploration.asymmetric_noise_query_safety' depends on axioms: [propext,
 Classical.choice,
 Quot.sound]
'SafeLearning.CompleteModulesSafeExploration.general_modulus_safety_transfer' depends on axioms: [propext,
 Classical.choice,
 Quot.sound]
'SafeLearning.CompleteModulesSafeExploration.holder_query_safety' depends on axioms: [propext,
 Classical.choice,
 Quot.sound]
'SafeLearning.CompleteModulesSafeExploration.lipschitz_query_safety' depends on axioms: [propext,
 Classical.choice,
 Quot.sound]
'SafeLearning.CompleteModulesSafeExploration.downward_cone_is_lipschitz' depends on axioms: [propext,
 Classical.choice,
 Quot.sound]
'SafeLearning.CompleteModulesSafeExploration.downward_cone_matches_observation' depends on axioms: [propext,
 Classical.choice,
 Quot.sound]
'SafeLearning.CompleteModulesSafeExploration.beyond_cone_is_unsafe' depends on axioms: [propext,
 Classical.choice,
 Quot.sound]
'SafeLearning.CompleteModulesSafeExploration.holder_half_radius' depends on axioms: [propext,
 Classical.choice,
 Quot.sound]
'SafeLearning.CompleteModulesSafeExploration.holder_half_beats_lipschitz' depends on axioms: [propext,
 Classical.choice,
 Quot.sound]
'SafeLearning.CompleteModulesSafeExploration.negative_slack_has_no_modulus_ball' depends on axioms: [propext,
 Classical.choice,
 Quot.sound]
'SafeLearning.CompleteModulesSafeExploration.holder_radius_example' depends on axioms: [propext,
 Classical.choice,
 Quot.sound]
'SafeLearning.CompleteModulesSafeExploration.holder_general_radius' depends on axioms: [propext,
 Classical.choice,
 Quot.sound]
'SafeLearning.CompleteModulesSafeExploration.trajectory_suffix_infimum' depends on axioms: [propext,
 Classical.choice,
 Quot.sound]
'SafeLearning.CompleteModulesSafeExploration.flow_restart_trajectory_suffix' depends on axioms: [propext,
 Classical.choice,
 Quot.sound]
'SafeLearning.CompleteModulesSafeExploration.nonnegative_budget_suffix' depends on axioms: [propext,
 Classical.choice,
 Quot.sound]
'SafeLearning.CompleteModulesSafeExploration.pointwise_prefix_tail_composes' depends on axioms: [propext,
 Classical.choice,
 Quot.sound]
'SafeLearning.CompleteModulesSafeExploration.budget_prefix_tail_does_not_compose' depends on axioms: [propext,
 Classical.choice,
 Quot.sound]
'SafeLearning.CompleteModulesScalarSDP.negative_scalar_schur_iff' depends on axioms: [propext,
 Classical.choice,
 Quot.sound]
'SafeLearning.CompleteModulesScalarSDP.scalar_lipsdp_feasibility_iff' depends on axioms: [propext,
 Classical.choice,
 Quot.sound]
'SafeLearning.CompleteModulesScalarSDP.scalar_rho_gap_identity' depends on axioms: [propext,
 Classical.choice,
 Quot.sound]
'SafeLearning.CompleteModulesScalarSDP.scalar_rho_global_lower' depends on axioms: [propext,
 Classical.choice,
 Quot.sound]
'SafeLearning.CompleteModulesScalarSDP.scalar_optimal_multiplier_domain' depends on axioms: [propext,
 Classical.choice,
 Quot.sound]
'SafeLearning.CompleteModulesScalarSDP.scalar_optimal_rho_attained' depends on axioms: [propext,
 Classical.choice,
 Quot.sound]
'SafeLearning.CompleteModulesScalarSDP.scalar_relu_certificate' depends on axioms: [propext,
 Classical.choice,
 Quot.sound]
'SafeLearning.CompleteModulesScalarSDP.scalar_relu_upper' depends on axioms: [propext, Classical.choice, Quot.sound]
'SafeLearning.CompleteModulesScalarSDP.scalar_relu_exact_gain_necessary' depends on axioms: [propext,
 Classical.choice,
 Quot.sound]
'SafeLearning.CompleteModulesScalarSDP.scalar_relu_example' depends on axioms: [propext, Classical.choice, Quot.sound]
'SafeLearning.CompleteModulesTheory.finite_failure_union' depends on axioms: [propext, Classical.choice, Quot.sound]
'SafeLearning.CompleteModulesTheory.simultaneous_success' depends on axioms: [propext, Classical.choice, Quot.sound]
'SafeLearning.CompleteModulesTheory.equal_fleet_failure' depends on axioms: [propext, Classical.choice, Quot.sound]
'SafeLearning.CompleteModulesTheory.independent_success_product' depends on axioms: [propext,
 Classical.choice,
 Quot.sound]
'SafeLearning.CompleteModulesTheory.independent_success_lower' depends on axioms: [propext,
 Classical.choice,
 Quot.sound]
'SafeLearning.CompleteModulesTheory.delayed_deterministic_discounted_violation' depends on axioms: [propext,
 Classical.choice,
 Quot.sound]
'SafeLearning.CompleteModulesTheory.positive_block_schur' depends on axioms: [propext, Classical.choice, Quot.sound]
'SafeLearning.CompleteModulesTheory.positive_block_schur_lower' depends on axioms: [propext,
 Classical.choice,
 Quot.sound]
'SafeLearning.CompleteModulesTheory.tanh_derivative' depends on axioms: [propext, Classical.choice, Quot.sound]
'SafeLearning.CompleteModulesTheory.tanh_derivative_bounds' depends on axioms: [propext, Classical.choice, Quot.sound]
'SafeLearning.CompleteModulesTheory.tanh_lipschitz' depends on axioms: [propext, Classical.choice, Quot.sound]
'SafeLearning.CompleteModulesTheory.tanh_monotone' depends on axioms: [propext, Classical.choice, Quot.sound]
'SafeLearning.CompleteModulesTheory.tanh_incremental_sector' depends on axioms: [propext, Classical.choice, Quot.sound]
'SafeLearning.CompleteModulesTheory.tanh_global_sector' depends on axioms: [propext, Classical.choice, Quot.sound]
'SafeLearning.CompleteModulesTheory.tanh_concave_nonnegative' depends on axioms: [propext, Classical.choice, Quot.sound]
'SafeLearning.CompleteModulesTheory.tanh_chord_lower' depends on axioms: [propext, Classical.choice, Quot.sound]
'SafeLearning.CompleteModulesTheory.tanh_local_origin_sector' depends on axioms: [propext, Classical.choice, Quot.sound]
'SafeLearning.CompleteModulesTheory.neural_thermal_derivative' depends on axioms: [propext,
 Classical.choice,
 Quot.sound]
'SafeLearning.CompleteModulesTheory.neural_thermal_lipschitz' depends on axioms: [propext, Classical.choice, Quot.sound]
'SafeLearning.CompleteModulesTheory.neural_thermal_origin_contraction' depends on axioms: [propext,
 Classical.choice,
 Quot.sound]
'SafeLearning.CompleteModulesTheory.neural_thermal_bias_disturbance' depends on axioms: [propext,
 Classical.choice,
 Quot.sound]
'SafeLearning.CompleteModulesTheory.biased_actuator_within_limit' depends on axioms: [propext,
 Classical.choice,
 Quot.sound]
'SafeLearning.CompleteModulesTheory.tube_ultimate_bound' depends on axioms: [propext, Classical.choice, Quot.sound]
'SafeLearning.CompleteModulesTheory.biased_neural_recursive_containment' depends on axioms: [propext,
 Classical.choice,
 Quot.sound]
'SafeLearning.CompleteModulesTheory.biased_neural_ultimate_radius' depends on axioms: [propext,
 Classical.choice,
 Quot.sound]
'SafeLearning.CompleteModulesTheory.confidence_recommendation' depends on axioms: [propext,
 Classical.choice,
 Quot.sound]
'SafeLearning.CompleteModulesTheory.sampling_grid_margin' depends on axioms: [propext, Classical.choice, Quot.sound]
'SafeLearning.CompleteModulesTheory.multiple_constraint_witnesses' depends on axioms: [propext,
 Classical.choice,
 Quot.sound]
'SafeLearning.CompleteModulesValues.finite_discounted_doomed_bound' depends on axioms: [propext,
 Classical.choice,
 Quot.sound]
'SafeLearning.CompleteModulesValues.supremum_doomed_bound' depends on axioms: [propext, Classical.choice, Quot.sound]
'SafeLearning.CompleteModulesValues.doomed_example' depends on axioms: [propext, Classical.choice, Quot.sound]
'SafeLearning.CompleteModulesValues.negative_reward_extension_reverses' depends on axioms: [propext,
 Classical.choice,
 Quot.sound]
'SafeLearning.CompleteModulesValues.two_step_slope_bound' depends on axioms: [propext, Classical.choice, Quot.sound]
'SafeLearning.CompleteModulesValues.slow_slope_strictly_better' depends on axioms: [propext,
 Classical.choice,
 Quot.sound]
'SafeLearning.CompleteModulesValues.negative_reward_slope_bound_false' depends on axioms: [propext,
 Classical.choice,
 Quot.sound]
'SafeLearning.CompleteModulesValues.every_binary_optimizer_safe_iff' depends on axioms: [propext,
 Classical.choice,
 Quot.sound]
'SafeLearning.CompleteModulesValues.equality_retains_unsafe_optimizer' depends on axioms: [propext,
 Classical.choice,
 Quot.sound]
'SafeLearning.CompleteModulesValues.arrival_time_example' depends on axioms: [propext, Classical.choice, Quot.sound]
'SafeLearning.CompleteModulesValues.contraction_residual_bound' depends on axioms: [propext,
 Classical.choice,
 Quot.sound]
'SafeLearning.CompleteModulesValues.bellman_residual_example' depends on axioms: [propext, Classical.choice, Quot.sound]
'SafeLearning.CompleteWeightedProjection.energy_nonneg' depends on axioms: [propext, Classical.choice, Quot.sound]
'SafeLearning.CompleteWeightedProjection.energy_positive' depends on axioms: [propext, Classical.choice, Quot.sound]
'SafeLearning.CompleteWeightedProjection.energy_expansion' depends on axioms: [propext, Classical.choice, Quot.sound]
'SafeLearning.CompleteWeightedProjection.kkt_global_optimal' depends on axioms: [propext, Classical.choice, Quot.sound]
'SafeLearning.CompleteWeightedProjection.kkt_unique' depends on axioms: [propext, Classical.choice, Quot.sound]
'SafeLearning.CompleteWeightedProjection.inverse_denominator_positive' depends on axioms: [propext,
 Classical.choice,
 Quot.sound]
'SafeLearning.CompleteWeightedProjection.inverse_direction' depends on axioms: [propext, Classical.choice, Quot.sound]
'SafeLearning.CompleteWeightedProjection.solution_stationarity' depends on axioms: [propext,
 Classical.choice,
 Quot.sound]
'SafeLearning.CompleteWeightedProjection.solution_feasible_complementarity' depends on axioms: [propext,
 Classical.choice,
 Quot.sound]
'SafeLearning.CompleteWeightedProjection.weighted_halfspace_unique_minimum' depends on axioms: [propext,
 Classical.choice,
 Quot.sound]
'SafeLearning.CompleteWeightedProjection.exampleWeight_positive' depends on axioms: [propext,
 Classical.choice,
 Quot.sound]
'SafeLearning.CompleteWeightedProjection.example_inverse_direction' depends on axioms: [propext,
 Classical.choice,
 Quot.sound]
'SafeLearning.CompleteWeightedProjection.example_solution' depends on axioms: [propext, Classical.choice, Quot.sound]
'SafeLearning.CompleteWeightedProjection.example_minimum_unique' depends on axioms: [propext,
 Classical.choice,
 Quot.sound]
'SafeLearning.CoreAnalysis.hoeffding_radius_above_target' depends on axioms: [propext, Classical.choice, Quot.sound]
'SafeLearning.CoreAnalysis.validation_single_minimal' depends on axioms: [propext, Classical.choice, Quot.sound]
'SafeLearning.CoreAnalysis.validation_twenty_minimal' depends on axioms: [propext, Classical.choice, Quot.sound]
'SafeLearning.CoreAnalysis.discounted_budget_telescopes' depends on axioms: [propext, Classical.choice, Quot.sound]
'SafeLearning.CoreAnalysis.geometric_bound' depends on axioms: [propext, Classical.choice, Quot.sound]
'SafeLearning.CoreAnalysis.geometric_convergence' depends on axioms: [propext, Classical.choice, Quot.sound]
'SafeLearning.CoreAnalysis.relative_error_convergence' depends on axioms: [propext, Classical.choice, Quot.sound]
'SafeLearning.CoreAnalysis.nonlinear_envelope' depends on axioms: [propext, Classical.choice, Quot.sound]
'SafeLearning.CoreAnalysis.nonlinear_convergence' depends on axioms: [propext, Classical.choice, Quot.sound]
'SafeLearning.CoreAnalysis.finite_union_bound' depends on axioms: [propext, Classical.choice, Quot.sound]
'SafeLearning.CoreAnalysis.compose_failure_bounds' depends on axioms: [propext, Classical.choice, Quot.sound]
'SafeLearning.CoreAnalysis.sampled_lower_certificate' depends on axioms: [propext, Classical.choice, Quot.sound]
'SafeLearning.CoreAnalysis.sampled_upper_certificate' depends on axioms: [propext, Classical.choice, Quot.sound]
'SafeLearning.CoreAnalysis.strict_grid_margin' depends on axioms: [propext, Classical.choice, Quot.sound]
'SafeLearning.CoreAnalysis.rounded_lmi_not_psd' depends on axioms: [propext, Classical.choice, Quot.sound]
'SafeLearning.CoreAnalysis.affine_error_bound' depends on axioms: [propext, Classical.choice, Quot.sound]
'SafeLearning.CoreModules.discounted_constant' depends on axioms: [propext, Classical.choice, Quot.sound]
'SafeLearning.CoreModules.cmdp_p1' depends on axioms: [propext, Classical.choice, Quot.sound]
'SafeLearning.CoreModules.cmdp_p2' depends on axioms: [propext, Classical.choice, Quot.sound]
'SafeLearning.CoreModules.cmdp_p3' depends on axioms: [propext, Classical.choice, Quot.sound]
'SafeLearning.CoreModules.cmdp_p4' depends on axioms: [propext, Classical.choice, Quot.sound]
'SafeLearning.CoreModules.cmdp_p5_flow' depends on axioms: [propext, Classical.choice, Quot.sound]
'SafeLearning.CoreModules.cmdp_p6_feasible' depends on axioms: [propext, Classical.choice, Quot.sound]
'SafeLearning.CoreModules.cmdp_p6_optimal' depends on axioms: [propext, Classical.choice, Quot.sound]
'SafeLearning.CoreModules.cmdp_p6_attained' depends on axioms: [propext, Classical.choice, Quot.sound]
'SafeLearning.CoreModules.cmdp_p7_cvar' depends on axioms: [propext, Classical.choice, Quot.sound]
'SafeLearning.CoreModules.cmdp_p7_var' depends on axioms: [propext, Classical.choice, Quot.sound]
'SafeLearning.CoreModules.cmdp_p11_var' depends on axioms: [propext, Classical.choice, Quot.sound]
'SafeLearning.CoreModules.cmdp_p8' depends on axioms: [propext, Classical.choice, Quot.sound]
'SafeLearning.CoreModules.cmdp_p9_upper' depends on axioms: [propext, Classical.choice, Quot.sound]
'SafeLearning.CoreModules.cmdp_p9_dual_min' depends on axioms: [propext, Classical.choice, Quot.sound]
'SafeLearning.CoreModules.cmdp_p9_dual_attained' depends on axioms: [propext, Classical.choice, Quot.sound]
'SafeLearning.CoreModules.cmdp_p9_all_maximize' depends on axioms: [propext, Classical.choice, Quot.sound]
'SafeLearning.CoreModules.cmdp_p10' depends on axioms: [propext, Classical.choice, Quot.sound]
'SafeLearning.CoreModules.cmdp_p11_cvar' depends on axioms: [propext, Classical.choice, Quot.sound]
'SafeLearning.CoreModules.weak_duality_max' depends on axioms: [propext, Classical.choice, Quot.sound]
'SafeLearning.CoreModules.dual_subgradient' depends on axioms: [propext, Classical.choice, Quot.sound]
'SafeLearning.CoreModules.cmdp_legacy_two_state' depends on axioms: [propext, Classical.choice, Quot.sound]
'SafeLearning.CoreModules.cmdp_legacy_two_state_unique' depends on axioms: [propext, Classical.choice, Quot.sound]
'SafeLearning.CoreModules.cmdp_legacy_cvar' depends on axioms: [propext, Classical.choice, Quot.sound]
'SafeLearning.CoreModules.policy_p1' depends on axioms: [propext, Classical.choice, Quot.sound]
'SafeLearning.CoreModules.policy_p2_tv' depends on axioms: [propext, Classical.choice, Quot.sound]
'SafeLearning.CoreModules.policy_p3_axes' depends on axioms: [propext, Classical.choice, Quot.sound]
'SafeLearning.CoreModules.policy_p4' depends on axioms: [propext, Classical.choice, Quot.sound]
'SafeLearning.CoreModules.policy_p5_bound' depends on axioms: [propext, Classical.choice, Quot.sound]
'SafeLearning.CoreModules.policy_p5_attained' depends on axioms: [propext, Classical.choice, Quot.sound]
'SafeLearning.CoreModules.policy_p6_projection' depends on axioms: [propext, Classical.choice, Quot.sound]
'SafeLearning.CoreModules.policy_p7' depends on axioms: [propext, Classical.choice, Quot.sound]
'SafeLearning.CoreModules.policy_p8' depends on axioms: [propext, Classical.choice, Quot.sound]
'SafeLearning.CoreModules.policy_p9_bound' depends on axioms: [propext, Classical.choice, Quot.sound]
'SafeLearning.CoreModules.policy_p9_attained' depends on axioms: [propext, Classical.choice, Quot.sound]
'SafeLearning.CoreModules.policy_p10_root' depends on axioms: [propext, Classical.choice, Quot.sound]
'SafeLearning.CoreModules.policy_p10_linear_fails' depends on axioms: [propext, Classical.choice, Quot.sound]
'SafeLearning.CoreModules.policy_p11_weights' depends on axioms: [propext, Classical.choice, Quot.sound]
'SafeLearning.CoreModules.policy_p12_margins' depends on axioms: [propext, Classical.choice, Quot.sound]
'SafeLearning.CoreModules.barrier_p1_safe_set' depends on axioms: [propext, Classical.choice, Quot.sound]
'SafeLearning.CoreModules.barrier_p2' depends on axioms: [propext, Classical.choice, Quot.sound]
'SafeLearning.CoreModules.barrier_p3_optimal' depends on axioms: [propext, Classical.choice, Quot.sound]
'SafeLearning.CoreModules.barrier_p3_attained' depends on axioms: [propext, Classical.choice, Quot.sound]
'SafeLearning.CoreModules.barrier_p3_unique' depends on axioms: [propext, Classical.choice, Quot.sound]
'SafeLearning.CoreModules.barrier_p4_interval' depends on axioms: [propext, Classical.choice, Quot.sound]
'SafeLearning.CoreModules.barrier_p5_optimal' depends on axioms: [propext, Classical.choice, Quot.sound]
'SafeLearning.CoreModules.barrier_p5_unique' depends on axioms: [propext, Classical.choice, Quot.sound]
'SafeLearning.CoreModules.barrier_p5_attained_kkt' depends on axioms: [propext, Classical.choice, Quot.sound]
'SafeLearning.CoreModules.barrier_p6_infeasible' depends on axioms: [propext, Classical.choice, Quot.sound]
'SafeLearning.CoreModules.barrier_p6_feasible' depends on axioms: [propext, Classical.choice, Quot.sound]
'SafeLearning.CoreModules.barrier_p7_robust' depends on axioms: [propext, Classical.choice, Quot.sound]
'SafeLearning.CoreModules.barrier_p8' depends on axioms: [propext, Classical.choice, Quot.sound]
'SafeLearning.CoreModules.barrier_p9_counterexample' depends on axioms: [propext, Classical.choice, Quot.sound]
'SafeLearning.CoreModules.barrier_p10_held_interval' depends on axioms: [propext, Classical.choice, Quot.sound]
'SafeLearning.CoreModules.barrier_p10_continuous' depends on axioms: [propext, Classical.choice, Quot.sound]
'SafeLearning.CoreModules.barrier_p11_plan' depends on axioms: [propext, Classical.choice, Quot.sound]
'SafeLearning.CoreModules.barrier_p11_terminal' depends on axioms: [propext, Classical.choice, Quot.sound]
'SafeLearning.CoreModules.barrier_p12_shield' depends on axioms: [propext, Classical.choice, Quot.sound]
'SafeLearning.CoreModules.lyapunov_p1_decrease' depends on axioms: [propext, Classical.choice, Quot.sound]
'SafeLearning.CoreModules.lyapunov_p1_strict' depends on axioms: [propext, Classical.choice, Quot.sound]
'SafeLearning.CoreModules.lyapunov_p1_sublevel' depends on axioms: [propext, Classical.choice, Quot.sound]
'SafeLearning.CoreModules.lyapunov_p2' depends on axioms: [propext, Classical.choice, Quot.sound]
'SafeLearning.CoreModules.lyapunov_p3' depends on axioms: [propext, Classical.choice, Quot.sound]
'SafeLearning.CoreModules.lyapunov_p4' depends on axioms: [propext, Classical.choice, Quot.sound]
'SafeLearning.CoreModules.lyapunov_p5_transfer' depends on axioms: [propext, Classical.choice, Quot.sound]
'SafeLearning.CoreModules.lyapunov_p5_coarser' depends on axioms: [propext, Classical.choice, Quot.sound]
'SafeLearning.CoreModules.lyapunov_p6_tube' depends on axioms: [propext, Classical.choice, Quot.sound]
'SafeLearning.CoreModules.lyapunov_p6_state' depends on axioms: [propext, Classical.choice, Quot.sound]
'SafeLearning.CoreModules.lyapunov_p6_input' depends on axioms: [propext, Classical.choice, Quot.sound]
'SafeLearning.CoreModules.lyapunov_p7_optimal' depends on axioms: [propext, Classical.choice, Quot.sound]
'SafeLearning.CoreModules.lyapunov_p7_attained' depends on axioms: [propext, Classical.choice, Quot.sound]
'SafeLearning.CoreModules.lyapunov_p9_identity' depends on axioms: [propext, Classical.choice, Quot.sound]
'SafeLearning.CoreModules.lyapunov_p9_strict' depends on axioms: [propext, Classical.choice, Quot.sound]
'SafeLearning.CoreModules.lyapunov_p9_invariant' depends on axioms: [propext, Classical.choice, Quot.sound]
'SafeLearning.CoreModules.lyapunov_p9_two_cycle' depends on axioms: [propext, Classical.choice, Quot.sound]
'SafeLearning.CoreModules.lyapunov_p10_relative' depends on axioms: [propext, Classical.choice, Quot.sound]
'SafeLearning.CoreModules.lyapunov_p10_absolute_counterexample' depends on axioms: [propext,
 Classical.choice,
 Quot.sound]
'SafeLearning.CoreModules.lyapunov_p11_single' depends on axioms: [propext, Classical.choice, Quot.sound]
'SafeLearning.CoreModules.lyapunov_p11_twenty' depends on axioms: [propext, Classical.choice, Quot.sound]
'SafeLearning.CoreModules.lyapunov_p12_budget' depends on axioms: [propext, Classical.choice, Quot.sound]
'SafeLearning.Modules.weak_duality_point' depends on axioms: [propext, Classical.choice, Quot.sound]
'SafeLearning.Modules.lagrangian_monotone' depends on axioms: [propext, Classical.choice, Quot.sound]
'SafeLearning.Modules.penalty_strict_separation' depends on axioms: [propext, Classical.choice, Quot.sound]
'SafeLearning.Modules.penalty_threshold_tie' depends on axioms: [propext, Classical.choice, Quot.sound]
'SafeLearning.Modules.count_event_bounds' depends on axioms: [propext, Quot.sound]
'SafeLearning.Modules.finite_weighted_event_bounds' depends on axioms: [propext, Classical.choice, Quot.sound]
'SafeLearning.Modules.scalar_schur_completion' depends on axioms: [propext, Classical.choice, Quot.sound]
'SafeLearning.Modules.negative_quadratic_from_schur' depends on axioms: [propext, Classical.choice, Quot.sound]
'SafeLearning.Modules.slope_sector_qc' depends on axioms: [propext, Classical.choice, Quot.sound]
'SafeLearning.Modules.origin_sector_qc' depends on axioms: [propext, Classical.choice, Quot.sound]
'SafeLearning.Modules.local_gain_energy' depends on axioms: [propext, Classical.choice, Quot.sound]
'SafeLearning.Modules.bounded_real_scalar_certificate' depends on axioms: [propext, Classical.choice, Quot.sound]
'SafeLearning.Modules.lower_confidence_safe' depends on axioms: [propext, Classical.choice, Quot.sound]
'SafeLearning.Modules.lower_cone_safe' depends on axioms: [propext, Classical.choice, Quot.sound]
'SafeLearning.Modules.bounded_noise_lower_certificate' depends on axioms: [propext, Classical.choice, Quot.sound]
'SafeLearning.Modules.bounded_noise_upper_certificate' depends on axioms: [propext, Classical.choice, Quot.sound]
'SafeLearning.Modules.interval_intersection_preserves' depends on axioms: [propext, Classical.choice, Quot.sound]
'SafeLearning.Modules.nested_interval_width' depends on axioms: [propext, Classical.choice, Quot.sound]
'SafeLearning.Modules.cone_radius_certificate' depends on axioms: [propext, Classical.choice, Quot.sound]
'SafeLearning.Modules.safe_expansion_preserves' does not depend on any axioms
'SafeLearning.Modules.monotone_safety_expansion' does not depend on any axioms
'SafeLearning.Modules.backup_margin_safe' depends on axioms: [propext, Classical.choice, Quot.sound]
'SafeLearning.Modules.robust_triangle_margin' depends on axioms: [propext, Classical.choice, Quot.sound]
'SafeLearning.Modules.tighter_backup_union' depends on axioms: [propext, Classical.choice, Quot.sound]
'SafeLearning.Modules.quadratic_braking_identity' depends on axioms: [propext, Classical.choice, Quot.sound]
'SafeLearning.Modules.unsafe_peak_lower_bound' depends on axioms: [propext, Classical.choice, Quot.sound]
'SafeLearning.Modules.sampled_barrier_factor' depends on axioms: [propext, Classical.choice, Quot.sound]
'SafeLearning.Modules.sandwich_scalar_bound' depends on axioms: [propext, Classical.choice, Quot.sound]
'SafeLearning.Modules.safe_output_margin' depends on axioms: [propext, Classical.choice, Quot.sound]
'SafeLearning.Modules.contraction_weight_relation' depends on axioms: [propext, Classical.choice, Quot.sound]
'SafeLearning.Modules.two_layer_gain' depends on axioms: [propext, Classical.choice, Quot.sound]
'SafeLearning.Modules.empirical_margin_transfer' depends on axioms: [propext, Classical.choice, Quot.sound]
'SafeLearning.Modules.mixture_failure_bound' depends on axioms: [propext, Classical.choice, Quot.sound]
'SafeLearning.Modules.representer_difference' depends on axioms: [propext, Classical.choice, Quot.sound]
'SafeLearning.Modules.representer_lipschitz' depends on axioms: [propext, Classical.choice, Quot.sound]
'SafeLearning.Modules.orthogonal_residual_norm' depends on axioms: [propext, Classical.choice, Quot.sound]
'SafeLearning.Modules.orthogonal_scalar_residual_norm' depends on axioms: [propext, Classical.choice, Quot.sound]
'SafeLearning.Modules.projection_minimum_norm' depends on axioms: [propext, Classical.choice, Quot.sound]
'SafeLearning.Modules.extremal_residual_budget' depends on axioms: [propext, Classical.choice, Quot.sound]
'SafeLearning.Modules.diagonal_sector_aggregation' depends on axioms: [propext, Classical.choice, Quot.sound]
'SafeLearning.Modules.s_procedure' depends on axioms: [propext, Classical.choice, Quot.sound]
'SafeLearning.Modules.s_procedure_multiple' depends on axioms: [propext, Classical.choice, Quot.sound]
'SafeLearning.Modules.relu_sector' depends on axioms: [propext, Classical.choice, Quot.sound]
'SafeLearning.Modules.relu_exact_qc_counterexample' depends on axioms: [propext, Classical.choice, Quot.sound]
'SafeLearning.Modules.positive_scalar_relu' depends on axioms: [propext, Classical.choice, Quot.sound]
'SafeLearning.Modules.scalar_sandwich_relu' depends on axioms: [propext, Classical.choice, Quot.sound]
'SafeLearning.Modules.scalar_sandwich_positive_reduction' depends on axioms: [propext, Classical.choice, Quot.sound]
'SafeLearning.Modules.off_diagonal_qc_counterexample' depends on axioms: [propext, Classical.choice, Quot.sound]
'SafeLearning.Modules.excursion_mean' depends on axioms: [propext, Classical.choice, Quot.sound]
'SafeLearning.Modules.excursion_ru_nine_tenths_lower' depends on axioms: [propext, Classical.choice, Quot.sound]
'SafeLearning.Modules.excursion_ru_nine_tenths_attained' depends on axioms: [propext, Classical.choice, Quot.sound]
'SafeLearning.Modules.excursion_ru_three_quarters_lower' depends on axioms: [propext, Classical.choice, Quot.sound]
'SafeLearning.Modules.excursion_ru_three_quarters_attained' depends on axioms: [propext, Classical.choice, Quot.sound]
'SafeLearning.Modules.confidence_cone_iteration' depends on axioms: [propext, Classical.choice, Quot.sound]
'SafeLearning.Modules.losbo_iteration' depends on axioms: [propext, Classical.choice, Quot.sound]
'SafeLearning.Modules.lipschitz_zero_cone' depends on axioms: [propext, Classical.choice, Quot.sound]
'SafeLearning.Modules.invariant_closed_loop' does not depend on any axioms
'SafeLearning.Modules.local_certificate_sublevel_invariance' depends on axioms: [propext, Classical.choice, Quot.sound]
'SafeLearning.Modules.viability_iteration_descending' does not depend on any axioms
'SafeLearning.Modules.invariant_set_survives_viability_iteration' does not depend on any axioms
'SafeLearning.Modules.scenario_60_tail_above' depends on axioms: [propext, Classical.choice, Quot.sound]
'SafeLearning.Modules.scenario_61_tail_below' depends on axioms: [propext, Classical.choice, Quot.sound]
'SafeLearning.Modules.scenario_choose_60' does not depend on any axioms
'SafeLearning.Modules.scenario_choose_61' does not depend on any axioms
'SafeLearning.Modules.scenario_tail_step' depends on axioms: [propext, Classical.choice, Quot.sound]
'SafeLearning.Modules.temperature_entropy_monotone' depends on axioms: [propext, Classical.choice, Quot.sound]
'SafeLearning.Modules.temperature_reward_monotone' depends on axioms: [propext, Classical.choice, Quot.sound]
'SafeLearning.Modules.maximum_probability_lower_bound' depends on axioms: [propext, Classical.choice, Quot.sound]
'SafeLearning.Modules.modal_action_safe' depends on axioms: [propext, Classical.choice, Quot.sound]
'SafeLearning.Modules.cayley_plane_unit_circle' depends on axioms: [propext, Classical.choice, Quot.sound]
'SafeLearning.Modules.cayley_plane_orthogonal_action' depends on axioms: [propext, Classical.choice, Quot.sound]
'SafeLearning.Modules.cayley_plane_no_minus_one' depends on axioms: [propext, Classical.choice, Quot.sound]
'SafeLearning.Modules.cayley_half_entries' depends on axioms: [propext, Classical.choice, Quot.sound]
'SafeLearning.Modules.two_tap_dissipation_telescoping' depends on axioms: [propext, Classical.choice, Quot.sound]
'SafeLearning.Modules.finite_energy_gain' depends on axioms: [propext, Classical.choice, Quot.sound]
'SafeLearning.Modules.circular_three_tap_orthogonal' depends on axioms: [propext, Classical.choice, Quot.sound]
'SafeLearning.PrimersApplied.mean2_affine' depends on axioms: [propext, Classical.choice, Quot.sound]
'SafeLearning.PrimersApplied.variance2_closed_form' depends on axioms: [propext, Classical.choice, Quot.sound]
'SafeLearning.PrimersApplied.variance2_nonnegative' depends on axioms: [propext, Classical.choice, Quot.sound]
'SafeLearning.PrimersApplied.variance2_affine' depends on axioms: [propext, Classical.choice, Quot.sound]
'SafeLearning.PrimersApplied.total_variance_two' depends on axioms: [propext, Classical.choice, Quot.sound]
'SafeLearning.PrimersApplied.finite_covariance_quadratic_nonnegative' depends on axioms: [propext,
 Classical.choice,
 Quot.sound]
'SafeLearning.PrimersApplied.bayes_alarm_new' depends on axioms: [propext, Classical.choice, Quot.sound]
'SafeLearning.PrimersApplied.bayes_alarm_legacy' depends on axioms: [propext, Classical.choice, Quot.sound]
'SafeLearning.PrimersApplied.weighted_policy_costs' depends on axioms: [propext, Classical.choice, Quot.sound]
'SafeLearning.PrimersApplied.zero_mean_nonnegative_two' depends on axioms: [propext, Classical.choice, Quot.sound]
'SafeLearning.PrimersApplied.finite_weighted_markov' depends on axioms: [propext, Classical.choice, Quot.sound]
'SafeLearning.PrimersApplied.failure_product_bound' depends on axioms: [propext, Classical.choice, Quot.sound]
'SafeLearning.PrimersApplied.three_failure_budgets' depends on axioms: [propext, Classical.choice, Quot.sound]
'SafeLearning.PrimersApplied.centered_discrete_moments' depends on axioms: [propext, Classical.choice, Quot.sound]
'SafeLearning.PrimersApplied.gaussian_precision_addition' depends on axioms: [propext, Classical.choice, Quot.sound]
'SafeLearning.PrimersApplied.gaussian_posterior_numbers' depends on axioms: [propext, Classical.choice, Quot.sound]
'SafeLearning.PrimersApplied.bernoulli_variance_bound' depends on axioms: [propext, Classical.choice, Quot.sound]
'SafeLearning.PrimersApplied.invariant_along_iterates' depends on axioms: [propext, Quot.sound]
'SafeLearning.PrimersApplied.affine_fixed_point' depends on axioms: [propext, Classical.choice, Quot.sound]
'SafeLearning.PrimersApplied.quadratic_scalar_decrease' depends on axioms: [propext, Classical.choice, Quot.sound]
'SafeLearning.PrimersApplied.quadratic_scalar_strict_decrease' depends on axioms: [propext,
 Classical.choice,
 Quot.sound]
'SafeLearning.PrimersApplied.geometric_upper_bound' depends on axioms: [propext, Classical.choice, Quot.sound]
'SafeLearning.PrimersApplied.geometric_lower_bound' depends on axioms: [propext, Classical.choice, Quot.sound]
'SafeLearning.PrimersApplied.robust_interval_half' depends on axioms: [propext, Classical.choice, Quot.sound]
'SafeLearning.PrimersApplied.scalar_storage_certificate' depends on axioms: [propext, Classical.choice, Quot.sound]
'SafeLearning.PrimersApplied.scalar_storage_inequality' depends on axioms: [propext, Classical.choice, Quot.sound]
'SafeLearning.PrimersApplied.storage_energy_rearrangement' depends on axioms: [propext, Classical.choice, Quot.sound]
'SafeLearning.PrimersApplied.small_gain_rearrangement' depends on axioms: [propext, Classical.choice, Quot.sound]
'SafeLearning.PrimersApplied.one_step_quadratic_minimizer' depends on axioms: [propext, Classical.choice, Quot.sound]
'SafeLearning.PrimersApplied.one_step_quadratic_minimal' depends on axioms: [propext, Classical.choice, Quot.sound]
'SafeLearning.PrimersApplied.legacy_lyapunov_positive' depends on axioms: [propext, Classical.choice, Quot.sound]
'SafeLearning.PrimersApplied.legacy_lyapunov_derivative' depends on axioms: [propext, Classical.choice, Quot.sound]
'SafeLearning.PrimersApplied.residual_error_bound' depends on axioms: [propext, Classical.choice, Quot.sound]
'SafeLearning.PrimersApplied.scalar_bellman_equation' depends on axioms: [propext, Classical.choice, Quot.sound]
'SafeLearning.PrimersApplied.bernoulli_baseline_unbiased' depends on axioms: [propext, Classical.choice, Quot.sound]
'SafeLearning.PrimersApplied.bernoulli_optimal_baseline_equal_samples' depends on axioms: [propext,
 Classical.choice,
 Quot.sound]
'SafeLearning.PrimersApplied.bernoulli_baseline_variance' depends on axioms: [propext, Classical.choice, Quot.sound]
'SafeLearning.PrimersApplied.bernoulli_baseline_numbers' depends on axioms: [propext, Classical.choice, Quot.sound]
'SafeLearning.PrimersApplied.running_mdp_optimal_fixed_point' depends on axioms: [propext, Classical.choice, Quot.sound]
'SafeLearning.PrimersApplied.running_mdp_uniform_fixed_point' depends on axioms: [propext, Classical.choice, Quot.sound]
'SafeLearning.PrimersApplied.running_mdp_occupancy' depends on axioms: [propext, Classical.choice, Quot.sound]
'SafeLearning.PrimersApplied.strict_penalty_comparison' depends on axioms: [propext, Classical.choice, Quot.sound]
'SafeLearning.PrimersApplied.scalar_tube_inside_interval' depends on axioms: [propext, Classical.choice, Quot.sound]
'SafeLearning.PrimersApplied.standard_gaussian_chernoff' depends on axioms: [propext, Classical.choice, Quot.sound]
'SafeLearning.PrimersApplied.chernoff_optimizer' depends on axioms: [propext, Classical.choice, Quot.sound]
'SafeLearning.PrimersApplied.chernoff_optimizer_attained' depends on axioms: [propext, Classical.choice, Quot.sound]
'SafeLearning.PrimersApplied.chebyshev_deviation' depends on axioms: [propext, Classical.choice, Quot.sound]
'SafeLearning.PrimersApplied.bounded_variance' depends on axioms: [propext, Classical.choice, Quot.sound]
'SafeLearning.PrimersApplied.contraction_unique_fixed_point' depends on axioms: [propext, Classical.choice, Quot.sound]
'SafeLearning.PrimersApplied.contraction_iterates_converge' depends on axioms: [propext, Classical.choice, Quot.sound]
'SafeLearning.PrimersApplied.weighted_average_abs_bound' depends on axioms: [propext, Classical.choice, Quot.sound]
'SafeLearning.PrimersApplied.max_two_abs_bound' depends on axioms: [propext, Classical.choice, Quot.sound]
'SafeLearning.PrimersApplied.baseline_unbiased_general_two' depends on axioms: [propext, Classical.choice, Quot.sound]
'SafeLearning.PrimersApplied.baseline_minimal_variance' depends on axioms: [propext, Classical.choice, Quot.sound]
'SafeLearning.PrimersApplied.binary_margin_positive' depends on axioms: [propext, Classical.choice, Quot.sound]
'SafeLearning.PrimersApplied.binary_margin_negative' depends on axioms: [propext, Classical.choice, Quot.sound]
'SafeLearning.PrimersApplied.relu_identity' depends on axioms: [propext, Classical.choice, Quot.sound]
'SafeLearning.PrimersApplied.sector_increment_qc' depends on axioms: [propext, Classical.choice, Quot.sound]
'SafeLearning.PrimersApplied.legacy_lyapunov_spectral_polynomial' depends on axioms: [propext,
 Classical.choice,
 Quot.sound]
'SafeLearning.PrimersApplied.legacy_lyapunov_safe_rational_sandwich' depends on axioms: [propext,
 Classical.choice,
 Quot.sound]
'SafeLearning.PrimersApplied.finite_dissipation_sum' depends on axioms: [propext, Classical.choice, Quot.sound]
'SafeLearning.PrimersApplied.atomic_cvar_minimum' depends on axioms: [propext, Classical.choice, Quot.sound]
'SafeLearning.PrimersApplied.atomic_cvar_attained' depends on axioms: [propext, Classical.choice, Quot.sound]
'SafeLearning.PrimersApplied.two_step_mpc_optimal' depends on axioms: [propext, Classical.choice, Quot.sound]
'SafeLearning.PrimersApplied.two_step_mpc_attained' depends on axioms: [propext, Classical.choice, Quot.sound]
'SafeLearning.PrimersApplied.c_ready' depends on axioms: [propext, Classical.choice, Quot.sound]
'SafeLearning.PrimersApplied.c_s01' depends on axioms: [propext, Classical.choice, Quot.sound]
'SafeLearning.PrimersApplied.c_s02' depends on axioms: [propext, Classical.choice, Quot.sound]
'SafeLearning.PrimersApplied.c_s04' depends on axioms: [propext, Classical.choice, Quot.sound]
'SafeLearning.PrimersApplied.c_s06' depends on axioms: [propext, Classical.choice, Quot.sound]
'SafeLearning.PrimersApplied.c_s07' depends on axioms: [propext, Classical.choice, Quot.sound]
'SafeLearning.PrimersApplied.c_s08' depends on axioms: [propext, Classical.choice, Quot.sound]
'SafeLearning.PrimersApplied.c_s09' depends on axioms: [propext, Classical.choice, Quot.sound]
'SafeLearning.PrimersApplied.c_s12' depends on axioms: [propext, Classical.choice, Quot.sound]
'SafeLearning.PrimersApplied.c_s13' depends on axioms: [propext, Classical.choice, Quot.sound]
'SafeLearning.PrimersApplied.c_s15' depends on axioms: [propext, Classical.choice, Quot.sound]
'SafeLearning.PrimersApplied.c_s19' depends on axioms: [propext, Classical.choice, Quot.sound]
'SafeLearning.PrimersApplied.c_s20' depends on axioms: [propext, Classical.choice, Quot.sound]
'SafeLearning.PrimersApplied.c_s21' depends on axioms: [propext, Classical.choice, Quot.sound]
'SafeLearning.PrimersApplied.c_s25' depends on axioms: [propext, Classical.choice, Quot.sound]
'SafeLearning.PrimersApplied.c_s26' depends on axioms: [propext, Classical.choice, Quot.sound]
'SafeLearning.PrimersApplied.c_s28' depends on axioms: [propext, Classical.choice, Quot.sound]
'SafeLearning.PrimersApplied.d_ready' depends on axioms: [propext, Classical.choice, Quot.sound]
'SafeLearning.PrimersApplied.d_s01' depends on axioms: [propext, Classical.choice, Quot.sound]
'SafeLearning.PrimersApplied.d_s02' depends on axioms: [propext, Classical.choice, Quot.sound]
'SafeLearning.PrimersApplied.d_s03' depends on axioms: [propext, Classical.choice, Quot.sound]
'SafeLearning.PrimersApplied.d_s04' depends on axioms: [propext, Classical.choice, Quot.sound]
'SafeLearning.PrimersApplied.d_s07' depends on axioms: [propext, Classical.choice, Quot.sound]
'SafeLearning.PrimersApplied.d_s08' depends on axioms: [propext, Classical.choice, Quot.sound]
'SafeLearning.PrimersApplied.d_s09' depends on axioms: [propext, Classical.choice, Quot.sound]
'SafeLearning.PrimersApplied.d_s12' depends on axioms: [propext, Classical.choice, Quot.sound]
'SafeLearning.PrimersApplied.d_s13' depends on axioms: [propext, Classical.choice, Quot.sound]
'SafeLearning.PrimersApplied.d_s15' depends on axioms: [propext, Classical.choice, Quot.sound]
'SafeLearning.PrimersApplied.d_s16' depends on axioms: [propext, Classical.choice, Quot.sound]
'SafeLearning.PrimersApplied.d_s17' depends on axioms: [propext, Classical.choice, Quot.sound]
'SafeLearning.PrimersApplied.d_s18' depends on axioms: [propext, Classical.choice, Quot.sound]
'SafeLearning.PrimersApplied.d_s20' depends on axioms: [propext, Classical.choice, Quot.sound]
'SafeLearning.PrimersApplied.d_s21' depends on axioms: [propext, Classical.choice, Quot.sound]
'SafeLearning.PrimersApplied.d_s22' depends on axioms: [propext, Classical.choice, Quot.sound]
'SafeLearning.PrimersApplied.d_s23' depends on axioms: [propext, Classical.choice, Quot.sound]
'SafeLearning.PrimersApplied.d_s24' depends on axioms: [propext, Classical.choice, Quot.sound]
'SafeLearning.PrimersApplied.d_s25' depends on axioms: [propext, Classical.choice, Quot.sound]
'SafeLearning.PrimersApplied.d_s27' depends on axioms: [propext, Classical.choice, Quot.sound]
'SafeLearning.PrimersApplied.e_ready' depends on axioms: [propext, Classical.choice, Quot.sound]
'SafeLearning.PrimersApplied.e_s01' depends on axioms: [propext, Classical.choice, Quot.sound]
'SafeLearning.PrimersApplied.e_s02' depends on axioms: [propext, Classical.choice, Quot.sound]
'SafeLearning.PrimersApplied.e_s03' depends on axioms: [propext, Classical.choice, Quot.sound]
'SafeLearning.PrimersApplied.e_s04' depends on axioms: [propext, Classical.choice, Quot.sound]
'SafeLearning.PrimersApplied.e_s05' depends on axioms: [propext, Classical.choice, Quot.sound]
'SafeLearning.PrimersApplied.e_s06' depends on axioms: [propext, Classical.choice, Quot.sound]
'SafeLearning.PrimersApplied.e_s07' depends on axioms: [propext, Classical.choice, Quot.sound]
'SafeLearning.PrimersApplied.e_s08' depends on axioms: [propext, Classical.choice, Quot.sound]
'SafeLearning.PrimersApplied.e_s09' depends on axioms: [propext, Classical.choice, Quot.sound]
'SafeLearning.PrimersApplied.e_s10' depends on axioms: [propext, Classical.choice, Quot.sound]
'SafeLearning.PrimersApplied.e_s11' depends on axioms: [propext, Classical.choice, Quot.sound]
'SafeLearning.PrimersApplied.e_s12' depends on axioms: [propext, Classical.choice, Quot.sound]
'SafeLearning.PrimersApplied.e_s13' depends on axioms: [propext, Classical.choice, Quot.sound]
'SafeLearning.PrimersApplied.e_s14' depends on axioms: [propext, Classical.choice, Quot.sound]
'SafeLearning.PrimersApplied.e_s16' depends on axioms: [propext, Classical.choice, Quot.sound]
'SafeLearning.PrimersApplied.e_s18' depends on axioms: [propext, Classical.choice, Quot.sound]
'SafeLearning.PrimersApplied.e_s19' depends on axioms: [propext, Classical.choice, Quot.sound]
'SafeLearning.PrimersApplied.e_s20' depends on axioms: [propext, Classical.choice, Quot.sound]
'SafeLearning.PrimersApplied.e_s22' depends on axioms: [propext, Classical.choice, Quot.sound]
'SafeLearning.PrimersApplied.e_s23' depends on axioms: [propext, Classical.choice, Quot.sound]
'SafeLearning.PrimersApplied.e_s24' depends on axioms: [propext, Classical.choice, Quot.sound]
'SafeLearning.PrimersApplied.e_s25' depends on axioms: [propext, Classical.choice, Quot.sound]
'SafeLearning.PrimersApplied.e_s26' depends on axioms: [propext, Classical.choice, Quot.sound]
'SafeLearning.PrimersApplied.e_s27' depends on axioms: [propext, Classical.choice, Quot.sound]
'SafeLearning.PrimersApplied.legacy_c03' depends on axioms: [propext, Classical.choice, Quot.sound]
'SafeLearning.PrimersApplied.legacy_c04_chebyshev' depends on axioms: [propext, Classical.choice, Quot.sound]
'SafeLearning.PrimersApplied.legacy_d02' depends on axioms: [propext, Classical.choice, Quot.sound]
'SafeLearning.PrimersApplied.legacy_d08' depends on axioms: [propext, Classical.choice, Quot.sound]
'SafeLearning.PrimersApplied.legacy_e02' depends on axioms: [propext, Classical.choice, Quot.sound]
'SafeLearning.PrimersApplied.legacy_e05' depends on axioms: [propext, Classical.choice, Quot.sound]
'SafeLearning.PrimersApplied.legacy_e06' depends on axioms: [propext, Classical.choice, Quot.sound]
'SafeLearning.PrimersApplied.finite_max_abs_bound' depends on axioms: [propext, Classical.choice, Quot.sound]
'SafeLearning.PrimersApplied.finite_optimal_bellman_row' depends on axioms: [propext, Classical.choice, Quot.sound]
'SafeLearning.PrimersApplied.legacy_lyapunov_rounding' depends on axioms: [propext, Classical.choice, Quot.sound]
'SafeLearning.PrimersApplied.legacy_lyapunov_rounded_certificate' depends on axioms: [propext,
 Classical.choice,
 Quot.sound]
'SafeLearning.PrimersApplied.legacy_lyapunov_old_lower_invalid' depends on axioms: [propext,
 Classical.choice,
 Quot.sound]
'SafeLearning.PrimersApplied.telescoping_failure_budget' depends on axioms: [propext, Classical.choice, Quot.sound]
'SafeLearning.PrimersApplied.c_s03_psd' depends on axioms: [propext, Classical.choice, Quot.sound]
'SafeLearning.PrimersApplied.c_s30_rank_count' depends on axioms: [propext, Classical.choice, Quot.sound]
'SafeLearning.PrimersApplied.d_s03_derivative' depends on axioms: [propext, Classical.choice, Quot.sound]
'SafeLearning.PrimersApplied.d_s09_lyapunov' depends on axioms: [propext, Classical.choice, Quot.sound]
'SafeLearning.PrimersApplied.d_s14_riccati' depends on axioms: [propext, Classical.choice, Quot.sound]
'SafeLearning.PrimersApplied.d_s19_saturation' depends on axioms: [propext, Classical.choice, Quot.sound]
'SafeLearning.PrimersApplied.d_s21_sector_decrease' depends on axioms: [propext, Classical.choice, Quot.sound]
'SafeLearning.PrimersApplied.e_s15_natural_bound' depends on axioms: [propext, Classical.choice, Quot.sound]
'SafeLearning.PrimersApplied.e_s15_natural_attained' depends on axioms: [propext, Classical.choice, Quot.sound]
'SafeLearning.PrimersApplied.e_s17_softmax_numbers' depends on axioms: [propext, Classical.choice, Quot.sound]
'SafeLearning.PrimersApplied.legacy_d06_storage' depends on axioms: [propext, Classical.choice, Quot.sound]
'SafeLearning.PrimersApplied.legacy_e03_feasible_discount' depends on axioms: [propext, Classical.choice, Quot.sound]
'SafeLearning.PrimersFoundations.deMorgan' depends on axioms: [propext, Classical.choice, Quot.sound]
'SafeLearning.PrimersFoundations.preimage_intersection' does not depend on any axioms
'SafeLearning.PrimersFoundations.preimage_union' does not depend on any axioms
'SafeLearning.PrimersFoundations.preimage_complement' does not depend on any axioms
'SafeLearning.PrimersFoundations.injective_image_intersection' depends on axioms: [propext,
 Classical.choice,
 Quot.sound]
'SafeLearning.PrimersFoundations.image_union_preserved' depends on axioms: [propext, Classical.choice, Quot.sound]
'SafeLearning.PrimersFoundations.feedback_negation' depends on axioms: [propext, Classical.choice, Quot.sound]
'SafeLearning.PrimersFoundations.shared_input_implies_feedback' does not depend on any axioms
'SafeLearning.PrimersFoundations.reachability_monotone' depends on axioms: [propext, Classical.choice, Quot.sound]
'SafeLearning.PrimersFoundations.invariant_iterates' depends on axioms: [propext, Quot.sound]
'SafeLearning.PrimersFoundations.interval_feedback' depends on axioms: [propext, Classical.choice, Quot.sound]
'SafeLearning.PrimersFoundations.cancellation_range' depends on axioms: [propext, Classical.choice, Quot.sound]
'SafeLearning.PrimersFoundations.no_shared_cancellation' depends on axioms: [propext, Classical.choice, Quot.sound]
'SafeLearning.PrimersFoundations.square_not_injective' depends on axioms: [propext, Classical.choice, Quot.sound]
'SafeLearning.PrimersFoundations.square_not_surjective' depends on axioms: [propext, Classical.choice, Quot.sound]
'SafeLearning.PrimersFoundations.square_injective_nonnegative' depends on axioms: [propext,
 Classical.choice,
 Quot.sound]
'SafeLearning.PrimersFoundations.square_surjective_nonnegative' depends on axioms: [propext,
 Classical.choice,
 Quot.sound]
'SafeLearning.PrimersFoundations.square_image_counterexample' depends on axioms: [propext, Classical.choice, Quot.sound]
'SafeLearning.PrimersFoundations.square_nonnegative' depends on axioms: [propext, Classical.choice, Quot.sound]
'SafeLearning.PrimersFoundations.completing_square' depends on axioms: [propext, Classical.choice, Quot.sound]
'SafeLearning.PrimersFoundations.square_order_positive' depends on axioms: [propext, Classical.choice, Quot.sound]
'SafeLearning.PrimersFoundations.square_implication' depends on axioms: [propext, Classical.choice, Quot.sound]
'SafeLearning.PrimersFoundations.square_converse_counterexample' depends on axioms: [propext,
 Classical.choice,
 Quot.sound]
'SafeLearning.PrimersFoundations.real_counterexamples' depends on axioms: [propext, Classical.choice, Quot.sound]
'SafeLearning.PrimersFoundations.even_square_iff' depends on axioms: [propext, Classical.choice, Quot.sound]
'SafeLearning.PrimersFoundations.finite_sum_integers' depends on axioms: [propext, Classical.choice, Quot.sound]
'SafeLearning.PrimersFoundations.affine_fixed_point' depends on axioms: [propext, Classical.choice, Quot.sound]
'SafeLearning.PrimersFoundations.affine_iteration' depends on axioms: [propext, Classical.choice, Quot.sound]
'SafeLearning.PrimersFoundations.affine_error' depends on axioms: [propext, Classical.choice, Quot.sound]
'SafeLearning.PrimersFoundations.alternate_fixed_point' depends on axioms: [propext, Classical.choice, Quot.sound]
'SafeLearning.PrimersFoundations.alternate_error' depends on axioms: [propext, Classical.choice, Quot.sound]
'SafeLearning.PrimersFoundations.geometric_thresholds' depends on axioms: [propext, Classical.choice, Quot.sound]
'SafeLearning.PrimersFoundations.interval_invariant_step' depends on axioms: [propext, Classical.choice, Quot.sound]
'SafeLearning.PrimersFoundations.contraction_fixed_unique' depends on axioms: [propext, Classical.choice, Quot.sound]
'SafeLearning.PrimersFoundations.cauchy_schwarz_two' depends on axioms: [propext, Classical.choice, Quot.sound]
'SafeLearning.PrimersFoundations.young_scaled' depends on axioms: [propext, Classical.choice, Quot.sound]
'SafeLearning.PrimersFoundations.am_gm' depends on axioms: [propext, Classical.choice, Quot.sound]
'SafeLearning.PrimersFoundations.lipschitz_transfer' depends on axioms: [propext, Classical.choice, Quot.sound]
'SafeLearning.PrimersFoundations.grid_margin_numbers' depends on axioms: [propext, Classical.choice, Quot.sound]
'SafeLearning.PrimersFoundations.geometric_finite' depends on axioms: [propext, Classical.choice, Quot.sound]
'SafeLearning.PrimersFoundations.geometric_discounted_mean' depends on axioms: [propext, Classical.choice, Quot.sound]
'SafeLearning.PrimersFoundations.sequence_threshold' depends on axioms: [propext, Classical.choice, Quot.sound]
'SafeLearning.PrimersFoundations.excursion_budget' depends on axioms: [propext, Classical.choice, Quot.sound]
'SafeLearning.PrimersFoundations.polynomial_growth' depends on axioms: [propext, Classical.choice, Quot.sound]
'SafeLearning.PrimersFoundations.compute_budgets' depends on axioms: [propext, Classical.choice, Quot.sound]
'SafeLearning.PrimersFoundations.quadratic_interval_minimum' depends on axioms: [propext, Classical.choice, Quot.sound]
'SafeLearning.PrimersFoundations.minimum_norm_halfspace' depends on axioms: [propext, Classical.choice, Quot.sound]
'SafeLearning.PrimersFoundations.finite_minmax_gap' depends on axioms: [propext, Classical.choice, Quot.sound]
'SafeLearning.PrimersFoundations.distance_to_set_lipschitz' depends on axioms: [propext, Classical.choice, Quot.sound]
'SafeLearning.PrimersFoundations.norm_exercise_numbers' depends on axioms: [propext, Classical.choice, Quot.sound]
'SafeLearning.PrimersFoundations.box_support' depends on axioms: [propext, Classical.choice, Quot.sound]
'SafeLearning.PrimersFoundations.ball_support' depends on axioms: [propext, Classical.choice, Quot.sound]
'SafeLearning.PrimersFoundations.matrix_norm_example_product' depends on axioms: [propext, Classical.choice, Quot.sound]
'SafeLearning.PrimersFoundations.diagonal_product' depends on axioms: [propext, Classical.choice, Quot.sound]
'SafeLearning.PrimersFoundations.geometric_matrix_inverse' depends on axioms: [propext, Classical.choice, Quot.sound]
'SafeLearning.PrimersFoundations.eigenbasis_example' depends on axioms: [propext, Classical.choice, Quot.sound]
'SafeLearning.PrimersFoundations.rayleigh_example' depends on axioms: [propext, Classical.choice, Quot.sound]
'SafeLearning.PrimersFoundations.nonsymmetric_example' depends on axioms: [propext, Classical.choice, Quot.sound]
'SafeLearning.PrimersFoundations.psd_indefinite_examples' depends on axioms: [propext, Classical.choice, Quot.sound]
'SafeLearning.PrimersFoundations.cholesky_example' depends on axioms: [propext, Classical.choice, Quot.sound]
'SafeLearning.PrimersFoundations.ellipsoid_support_bound' depends on axioms: [propext, Classical.choice, Quot.sound]
'SafeLearning.PrimersFoundations.minimum_norm_solution' depends on axioms: [propext, Classical.choice, Quot.sound]
'SafeLearning.PrimersFoundations.svd_example' depends on axioms: [propext, Classical.choice, Quot.sound]
'SafeLearning.PrimersFoundations.power_estimate_squares' depends on axioms: [propext, Classical.choice, Quot.sound]
'SafeLearning.PrimersFoundations.block_three_product' depends on axioms: [propext, Classical.choice, Quot.sound]
'SafeLearning.PrimersFoundations.schur_completed_square' depends on axioms: [propext, Classical.choice, Quot.sound]
'SafeLearning.PrimersFoundations.schur_psd_iff' depends on axioms: [propext, Classical.choice, Quot.sound]
'SafeLearning.PrimersFoundations.rank_one_inverse_example' depends on axioms: [propext, Classical.choice, Quot.sound]
'SafeLearning.PrimersFoundations.reflection_and_projection' depends on axioms: [propext, Classical.choice, Quot.sound]
'SafeLearning.PrimersFoundations.cayley_example' depends on axioms: [propext, Classical.choice, Quot.sound]
'SafeLearning.PrimersFoundations.cayley_no_neg_one' depends on axioms: [propext, Classical.choice, Quot.sound]
'SafeLearning.PrimersFoundations.function_projection_arithmetic' depends on axioms: [propext,
 Classical.choice,
 Quot.sound]
'SafeLearning.PrimersFoundations.feature_gram_positive' depends on axioms: [propext, Classical.choice, Quot.sound]
'SafeLearning.PrimersFoundations.rkhs_interpolation' depends on axioms: [propext, Classical.choice, Quot.sound]
'SafeLearning.PrimersFoundations.legacy_matrix_gram' depends on axioms: [propext, Classical.choice, Quot.sound]
'SafeLearning.PrimersFoundations.legacy_cholesky_family' depends on axioms: [propext, Classical.choice, Quot.sound]
'SafeLearning.PrimersFoundations.legacy_cholesky_psd_iff' depends on axioms: [propext, Classical.choice, Quot.sound]
'SafeLearning.PrimersFoundations.legacy_cholesky_solve' depends on axioms: [propext, Classical.choice, Quot.sound]
'SafeLearning.PrimersFoundations.legacy_ellipsoid_inverse' depends on axioms: [propext, Classical.choice, Quot.sound]
'SafeLearning.PrimersFoundations.legacy_pseudoinverse_residual' depends on axioms: [propext,
 Classical.choice,
 Quot.sound]
'SafeLearning.PrimersFoundations.generalized_schur_rank_one' depends on axioms: [propext, Classical.choice, Quot.sound]
'SafeLearning.PrimersFoundations.legacy_logdet_arithmetic' depends on axioms: [propext, Classical.choice, Quot.sound]
'SafeLearning.PrimersFoundations.generalized_eigen_inequality' depends on axioms: [propext,
 Classical.choice,
 Quot.sound]
'SafeLearning.PrimersFoundations.generalized_eigen_boundary' depends on axioms: [propext, Classical.choice, Quot.sound]
'SafeLearning.PrimersFoundations.quadratic_partial_x' depends on axioms: [propext, Classical.choice, Quot.sound]
'SafeLearning.PrimersFoundations.quadratic_partial_y' depends on axioms: [propext, Classical.choice, Quot.sound]
'SafeLearning.PrimersFoundations.polynomial_curve_derivative' depends on axioms: [propext, Classical.choice, Quot.sound]
'SafeLearning.PrimersFoundations.chain_rule_curve' depends on axioms: [propext, Classical.choice, Quot.sound]
'SafeLearning.PrimersFoundations.taylor_model_value' depends on axioms: [propext, Classical.choice, Quot.sound]
'SafeLearning.PrimersFoundations.least_squares_minimum' depends on axioms: [propext, Classical.choice, Quot.sound]
'SafeLearning.PrimersFoundations.determinant_curve_derivative' depends on axioms: [propext,
 Classical.choice,
 Quot.sound]
'SafeLearning.PrimersFoundations.sensitivity_remainder' depends on axioms: [propext, Classical.choice, Quot.sound]
'SafeLearning.PrimersFoundations.sensitivity_derivative' depends on axioms: [propext, Classical.choice, Quot.sound]
'SafeLearning.PrimersFoundations.square_chord_bound' depends on axioms: [propext, Classical.choice, Quot.sound]
'SafeLearning.PrimersFoundations.square_derivative_lipschitz' depends on axioms: [propext, Classical.choice, Quot.sound]
'SafeLearning.PrimersFoundations.state_error_recurrence' depends on axioms: [propext, Classical.choice, Quot.sound]
'SafeLearning.PrimersFoundations.state_error_numbers' depends on axioms: [propext, Classical.choice, Quot.sound]
'SafeLearning.PrimersFoundations.interval_convex_combination' depends on axioms: [propext, Classical.choice, Quot.sound]
'SafeLearning.PrimersFoundations.absolute_value_subgradients' depends on axioms: [propext, Classical.choice, Quot.sound]
'SafeLearning.PrimersFoundations.restricted_conjugate_nonnegative' depends on axioms: [propext,
 Classical.choice,
 Quot.sound]
'SafeLearning.PrimersFoundations.restricted_conjugate_negative' depends on axioms: [propext,
 Classical.choice,
 Quot.sound]
'SafeLearning.PrimersFoundations.gradient_step_threshold' depends on axioms: [propext, Classical.choice, Quot.sound]
'SafeLearning.PrimersFoundations.gradient_step_examples' depends on axioms: [propext, Classical.choice, Quot.sound]
'SafeLearning.PrimersFoundations.newton_quadratic_minimum' depends on axioms: [propext, Classical.choice, Quot.sound]
'SafeLearning.PrimersFoundations.newton_backtracking_domain' depends on axioms: [propext, Classical.choice, Quot.sound]
'SafeLearning.PrimersFoundations.newton_backtracking_armijo' depends on axioms: [propext, Classical.choice, Quot.sound]
'SafeLearning.PrimersFoundations.kkt_scalar_optimum' depends on axioms: [propext, Classical.choice, Quot.sound]
'SafeLearning.PrimersFoundations.kkt_halfspace_optimum' depends on axioms: [propext, Classical.choice, Quot.sound]
'SafeLearning.PrimersFoundations.penalty_right_branch' depends on axioms: [propext, Classical.choice, Quot.sound]
'SafeLearning.PrimersFoundations.penalty_minimum' depends on axioms: [propext, Classical.choice, Quot.sound]
'SafeLearning.PrimersFoundations.approximate_kkt_numbers' depends on axioms: [propext, Classical.choice, Quot.sound]
'SafeLearning.PrimersFoundations.qp_expansion' depends on axioms: [propext, Classical.choice, Quot.sound]
'SafeLearning.PrimersFoundations.lp_optimum' depends on axioms: [propext, Classical.choice, Quot.sound]
'SafeLearning.PrimersFoundations.filter_with_box_optimum' depends on axioms: [propext, Classical.choice, Quot.sound]
'SafeLearning.PrimersFoundations.actuator_infeasible' depends on axioms: [propext, Classical.choice, Quot.sound]
'SafeLearning.PrimersFoundations.saddle_quadratic' depends on axioms: [propext, Classical.choice, Quot.sound]
'SafeLearning.PrimersFoundations.legacy_taylor_numbers' depends on axioms: [propext, Classical.choice, Quot.sound]
'SafeLearning.PrimersFoundations.legacy_regularizer_step' depends on axioms: [propext, Classical.choice, Quot.sound]
'SafeLearning.PrimersFoundations.legacy_regularizer_decrease' depends on axioms: [propext, Classical.choice, Quot.sound]
'SafeLearning.PrimersFoundations.translated_conjugate' depends on axioms: [propext, Classical.choice, Quot.sound]
'SafeLearning.PrimersFoundations.translated_conjugate_negative' depends on axioms: [propext,
 Classical.choice,
 Quot.sound]
'SafeLearning.PrimersFoundations.fenchel_young_numbers' depends on axioms: [propext, Classical.choice, Quot.sound]
'SafeLearning.PrimersFoundations.legacy_gradient_thresholds' depends on axioms: [propext, Classical.choice, Quot.sound]
'SafeLearning.PrimersFoundations.legacy_filter_optimum' depends on axioms: [propext, Classical.choice, Quot.sound]
'SafeLearning.PrimersFoundations.newton_singular_model_counterexample' depends on axioms: [propext,
 Classical.choice,
 Quot.sound]
'SafeLearning.PrimersFoundations.banach_unique_exists' depends on axioms: [propext, Classical.choice, Quot.sound]
'SafeLearning.PrimersFoundations.banach_iterates_converge' depends on axioms: [propext, Classical.choice, Quot.sound]
'SafeLearning.PrimersFoundations.banach_apriori_bound' depends on axioms: [propext, Classical.choice, Quot.sound]
'SafeLearning.PrimersFoundations.gram_matrix_psd' depends on axioms: [propext, Classical.choice, Quot.sound]
'SafeLearning.PrimersFoundations.psd_congruence' depends on axioms: [propext, Classical.choice, Quot.sound]
'SafeLearning.PrimersFoundations.psd_diagonal_iff' depends on axioms: [propext, Classical.choice, Quot.sound]
'SafeLearning.PrimersFoundations.trace_cyclic' depends on axioms: [propext, Classical.choice, Quot.sound]
'SafeLearning.PrimersFoundations.weierstrass_minimum' depends on axioms: [propext, Classical.choice, Quot.sound]
'SafeLearning.PrimersFoundations.interval_topology' depends on axioms: [propext, Classical.choice, Quot.sound]
'SafeLearning.PrimersFoundations.continuous_nonnegative_set_closed' depends on axioms: [propext,
 Classical.choice,
 Quot.sound]
'SafeLearning.PrimersFoundations.continuous_positive_set_open' depends on axioms: [propext,
 Classical.choice,
 Quot.sound]
'SafeLearning.PrimersFoundations.finite_safe_feedback' depends on axioms: [propext]
'SafeLearning.PrimersFoundations.finite_set_operations' depends on axioms: [propext, Classical.choice, Quot.sound]
'SafeLearning.PrimersFoundations.finite_set_builder' depends on axioms: [propext, Classical.choice, Quot.sound]
'SafeLearning.PrimersFoundations.quantifier_example_truths' depends on axioms: [propext, Classical.choice, Quot.sound]
'SafeLearning.PrimersFoundations.negated_quantifier_examples' depends on axioms: [propext, Classical.choice, Quot.sound]
'SafeLearning.PrimersFoundations.convex_first_order' depends on axioms: [propext, Classical.choice, Quot.sound]
'SafeLearning.PrimersFoundations.convex_stationary_global_minimum' depends on axioms: [propext,
 Classical.choice,
 Quot.sound]
'SafeLearning.PrimersFoundations.kkt_convex_sufficiency' depends on axioms: [propext, Classical.choice, Quot.sound]
'SafeLearning.PrimersFoundations.certificate_reachability_monotone' depends on axioms: [propext,
 Classical.choice,
 Quot.sound]
'SafeLearning.PrimersFoundations.reachFive_iterates' depends on axioms: [propext, Classical.choice, Quot.sound]
'SafeLearning.PrimersFoundations.reachNine_error_iterates' depends on axioms: [propext, Classical.choice, Quot.sound]
'SafeLearning.PrimersFoundations.reachNine_exact_closure' depends on axioms: [propext, Classical.choice, Quot.sound]
