⚠ [8924/9127] Built SafeLearning.CompleteAppliedStopping (3.4s)
warning: SafeLearning/CompleteAppliedStopping.lean:154:55: Variable name `hc` is not explicitly referenced.

Hint: The binding can be removed (if unused) or named `_` (if used implicitly). Alternatively, prefix the name with `_` to silence this warning:
  [apply] _hc

Note: This linter can be disabled with `set_option linter.unusedVariables false`
✔ [8925/9127] Built SafeLearning.CompleteModulesDeterminantTaylor (7.5s)
✔ [8926/9127] Built SafeLearning.CompleteModulesFIRRoundingCounterexample (7.6s)
⚠ [8927/9127] Built SafeLearning.CompleteModulesInverseSpectrum (8.1s)
warning: SafeLearning/CompleteModulesInverseSpectrum.lean:12:0: automatically included section variable(s) unused in theorem `SafeLearning.CompleteModulesInverseSpectrum.actual_inverse_eigen_diagonalization`:
  [Nonempty N]
consider restructuring your `variable` declarations so that the variables are not in scope or explicitly omit them:
  omit [Nonempty N] in theorem ...

Note: This linter can be disabled with `set_option linter.unusedSectionVars false`
⚠ [8928/9127] Built SafeLearning.CompleteModulesLogDet (10s)
warning: SafeLearning/CompleteModulesLogDet.lean:18:44: This simp argument is unused:
  Matrix.mul_smul

Hint: Omit it from the simp argument list.
  [apply] simp [Matrix.trace_smul]

Note: This linter can be disabled with `set_option linter.unusedSimpArgs false`
⚠ [8929/9127] Built SafeLearning.CompleteModulesRKHSStructure (10s)
warning: SafeLearning/CompleteModulesRKHSStructure.lean:14:0: automatically included section variable(s) unused in theorem `SafeLearning.CompleteModulesRKHSStructure.evaluation_functional_evaluates`:
  [CompleteSpace H]
consider restructuring your `variable` declarations so that the variables are not in scope or explicitly omit them:
  omit [CompleteSpace H] in theorem ...

Note: This linter can be disabled with `set_option linter.unusedSectionVars false`
warning: SafeLearning/CompleteModulesRKHSStructure.lean:17:0: automatically included section variable(s) unused in theorem `SafeLearning.CompleteModulesRKHSStructure.evaluation_functional_is_linear`:
  [CompleteSpace H]
consider restructuring your `variable` declarations so that the variables are not in scope or explicitly omit them:
  omit [CompleteSpace H] in theorem ...

Note: This linter can be disabled with `set_option linter.unusedSectionVars false`
warning: SafeLearning/CompleteModulesRKHSStructure.lean:78:54: This simp argument is unused:
  conj_trivial

Hint: Omit it from the simp argument list.
  [apply] simp [linear_function_evaluation, RCLike.inner_apply, mul_comm]

Note: This linter can be disabled with `set_option linter.unusedSimpArgs false`
⚠ [8930/9127] Built SafeLearning.CompleteModulesMatrixGP (10s)
warning: SafeLearning/CompleteModulesMatrixGP.lean:42:8: `tendsto_finset_sum` has been deprecated: Use `tendsto_finsetSum` instead
warning: SafeLearning/CompleteModulesMatrixGP.lean:34:0: automatically included section variable(s) unused in theorem `SafeLearning.CompleteModulesMatrixGP.mulVec_of_matrix_limit`:
  [DecidableEq I]
consider restructuring your `variable` declarations so that the variables are not in scope or explicitly omit them:
  omit [DecidableEq I] in theorem ...

Note: This linter can be disabled with `set_option linter.unusedSectionVars false`
warning: SafeLearning/CompleteModulesMatrixGP.lean:51:8: `tendsto_finset_sum` has been deprecated: Use `tendsto_finsetSum` instead
warning: SafeLearning/CompleteModulesMatrixGP.lean:46:0: automatically included section variable(s) unused in theorem `SafeLearning.CompleteModulesMatrixGP.dotProduct_of_vector_limit`:
  [DecidableEq I]
consider restructuring your `variable` declarations so that the variables are not in scope or explicitly omit them:
  omit [DecidableEq I] in theorem ...

Note: This linter can be disabled with `set_option linter.unusedSectionVars false`
✔ [8931/9127] Built SafeLearning.CompletePolicyConfidence (10s)
⚠ [8932/9127] Built SafeLearning.CompleteModulesKernelMetric (11s)
warning: SafeLearning/CompleteModulesKernelMetric.lean:12:0: automatically included section variable(s) unused in theorem `SafeLearning.CompleteModulesKernelMetric.kernel_distance_nonnegative`:
  [InnerProductSpace ℝ H]
consider restructuring your `variable` declarations so that the variables are not in scope or explicitly omit them:
  omit [InnerProductSpace ℝ H] in theorem ...

Note: This linter can be disabled with `set_option linter.unusedSectionVars false`
warning: SafeLearning/CompleteModulesKernelMetric.lean:15:0: automatically included section variable(s) unused in theorem `SafeLearning.CompleteModulesKernelMetric.kernel_distance_self`:
  [InnerProductSpace ℝ H]
consider restructuring your `variable` declarations so that the variables are not in scope or explicitly omit them:
  omit [InnerProductSpace ℝ H] in theorem ...

Note: This linter can be disabled with `set_option linter.unusedSectionVars false`
warning: SafeLearning/CompleteModulesKernelMetric.lean:18:0: automatically included section variable(s) unused in theorem `SafeLearning.CompleteModulesKernelMetric.kernel_distance_symmetric`:
  [InnerProductSpace ℝ H]
consider restructuring your `variable` declarations so that the variables are not in scope or explicitly omit them:
  omit [InnerProductSpace ℝ H] in theorem ...

Note: This linter can be disabled with `set_option linter.unusedSectionVars false`
warning: SafeLearning/CompleteModulesKernelMetric.lean:21:0: automatically included section variable(s) unused in theorem `SafeLearning.CompleteModulesKernelMetric.kernel_distance_triangle`:
  [InnerProductSpace ℝ H]
consider restructuring your `variable` declarations so that the variables are not in scope or explicitly omit them:
  omit [InnerProductSpace ℝ H] in theorem ...

Note: This linter can be disabled with `set_option linter.unusedSectionVars false`
warning: SafeLearning/CompleteModulesKernelMetric.lean:25:0: automatically included section variable(s) unused in theorem `SafeLearning.CompleteModulesKernelMetric.kernel_distance_zero_iff`:
  [InnerProductSpace ℝ H]
consider restructuring your `variable` declarations so that the variables are not in scope or explicitly omit them:
  omit [InnerProductSpace ℝ H] in theorem ...

Note: This linter can be disabled with `set_option linter.unusedSectionVars false`
warning: SafeLearning/CompleteModulesKernelMetric.lean:74:0: automatically included section variable(s) unused in theorem `SafeLearning.CompleteModulesKernelMetric.norm_zero_is_zero_function`:
  [CompleteSpace H]
consider restructuring your `variable` declarations so that the variables are not in scope or explicitly omit them:
  omit [CompleteSpace H] in theorem ...

Note: This linter can be disabled with `set_option linter.unusedSectionVars false`
⚠ [8933/9127] Built SafeLearning.CompleteModulesComplexCayleyCounterexample (11s)
warning: SafeLearning/CompleteModulesComplexCayleyCounterexample.lean:29:45: This simp argument is unused:
  Fin.sum_univ_one

Hint: Omit it from the simp argument list.
  [apply] simp [actualImaginarySkew, Matrix.mul_apply, Matrix.add_apply]

Note: This linter can be disabled with `set_option linter.unusedSimpArgs false`
warning: SafeLearning/CompleteModulesComplexCayleyCounterexample.lean:31:39: this tactic is never executed

Note: This linter can be disabled with `set_option linter.unreachableTactic false`
warning: SafeLearning/CompleteModulesComplexCayleyCounterexample.lean:31:22: Used `tac1 <;> tac2` where `(tac1; tac2)` would suffice

Note: This linter can be disabled with `set_option linter.unnecessarySeqFocus false`
warning: SafeLearning/CompleteModulesComplexCayleyCounterexample.lean:31:39: Unused tactic linter: `ring` does nothing

Note: This linter can be disabled with `set_option linter.unusedTactic false`
warning: SafeLearning/CompleteModulesComplexCayleyCounterexample.lean:41:45: This simp argument is unused:
  Fin.sum_univ_one

Hint: Omit it from the simp argument list.
  [apply] simp [actualImaginarySkew, Matrix.mul_apply, Matrix.sub_apply]

Note: This linter can be disabled with `set_option linter.unusedSimpArgs false`
warning: SafeLearning/CompleteModulesComplexCayleyCounterexample.lean:43:22: Used `tac1 <;> tac2` where `(tac1; tac2)` would suffice

Note: This linter can be disabled with `set_option linter.unnecessarySeqFocus false`
warning: SafeLearning/CompleteModulesComplexCayleyCounterexample.lean:52:25: This simp argument is unused:
  Fin.sum_univ_one

Hint: Omit it from the simp argument list.
  [apply] simp [Matrix.mul_apply, Complex.I_sq]

Note: This linter can be disabled with `set_option linter.unusedSimpArgs false`
warning: SafeLearning/CompleteModulesComplexCayleyCounterexample.lean:52:42: This simp argument is unused:
  Complex.I_sq

Hint: Omit it from the simp argument list.
  [apply] simp [Matrix.mul_apply, Fin.sum_univ_one]

Note: This linter can be disabled with `set_option linter.unusedSimpArgs false`
⚠ [8934/9127] Built SafeLearning.CompleteModulesGPNumerics (11s)
info: SafeLearning/CompleteModulesGPNumerics.lean:11:51: Try this:
  [apply] ring_nf
  
  The `ring` tactic failed to close the goal. Use `ring_nf` to obtain a normal form.
    
  Note that `ring` works primarily in *commutative* rings. If you have a noncommutative ring, abelian group or module, consider using `noncomm_ring`, `abel` or `module` instead.
warning: SafeLearning/CompleteModulesGPNumerics.lean:11:47: Used `tac1 <;> tac2` where `(tac1; tac2)` would suffice

Note: This linter can be disabled with `set_option linter.unnecessarySeqFocus false`
warning: SafeLearning/CompleteModulesGPNumerics.lean:30:37: Used `tac1 <;> tac2` where `(tac1; tac2)` would suffice

Note: This linter can be disabled with `set_option linter.unnecessarySeqFocus false`
warning: SafeLearning/CompleteModulesGPNumerics.lean:36:37: Used `tac1 <;> tac2` where `(tac1; tac2)` would suffice

Note: This linter can be disabled with `set_option linter.unnecessarySeqFocus false`
warning: SafeLearning/CompleteModulesGPNumerics.lean:55:37: Used `tac1 <;> tac2` where `(tac1; tac2)` would suffice

Note: This linter can be disabled with `set_option linter.unnecessarySeqFocus false`
warning: SafeLearning/CompleteModulesGPNumerics.lean:60:37: Used `tac1 <;> tac2` where `(tac1; tac2)` would suffice

Note: This linter can be disabled with `set_option linter.unnecessarySeqFocus false`
⚠ [8935/9127] Built SafeLearning.CompleteModulesMatrixError (11s)
warning: SafeLearning/CompleteModulesMatrixError.lean:37:58: This simp argument is unused:
  mul_assoc

Hint: Omit it from the simp argument list.
  [apply] simp [actualQuadratic, Matrix.sub_mulVec, Matrix.smul_mulVec, dotProduct, hnorm, Finset.sum_sub_distrib,
    Finset.mul_sum, pow_two, mul_sub, mul_comm, mul_left_comm]

Note: This linter can be disabled with `set_option linter.unusedSimpArgs false`
warning: SafeLearning/CompleteModulesMatrixError.lean:37:68: This simp argument is unused:
  mul_comm

Hint: Omit it from the simp argument list.
  [apply] simp [actualQuadratic, Matrix.sub_mulVec, Matrix.smul_mulVec, dotProduct, hnorm, Finset.sum_sub_distrib,
    Finset.mul_sum, pow_two, mul_sub, mul_assoc, mul_left_comm]

Note: This linter can be disabled with `set_option linter.unusedSimpArgs false`
warning: SafeLearning/CompleteModulesMatrixError.lean:88:25: This simp argument is unused:
  Real.norm_eq_abs

Hint: Omit it from the simp argument list.
  [apply] simp only [Pi.norm_def]

Note: This linter can be disabled with `set_option linter.unusedSimpArgs false`
⚠ [8936/9127] Built SafeLearning.CompleteWeightedProjection (11s)
warning: SafeLearning/CompleteWeightedProjection.lean:128:2: Try this: 
  letI̵

The goal is a proposition, so `let` is preferred over `letI`.
The difference between `let` and `letI` is that `letI` inlines the value.
But this is not relevant for proofs because of proof irrelevance.

Note: This linter can be disabled with `set_option linter.style.haveILetI false`
⚠ [8937/9127] Built SafeLearning.CompleteTwoInputProjection (11s)
warning: SafeLearning/CompleteTwoInputProjection.lean:21:44: this tactic is never executed

Note: This linter can be disabled with `set_option linter.unreachableTactic false`
warning: SafeLearning/CompleteTwoInputProjection.lean:22:17: Used `tac1 <;> tac2` where `(tac1; tac2)` would suffice

Note: This linter can be disabled with `set_option linter.unnecessarySeqFocus false`
warning: SafeLearning/CompleteTwoInputProjection.lean:21:44: Unused tactic linter: `ring` does nothing

Note: This linter can be disabled with `set_option linter.unusedTactic false`
warning: SafeLearning/CompleteTwoInputProjection.lean:30:44: this tactic is never executed

Note: This linter can be disabled with `set_option linter.unreachableTactic false`
warning: SafeLearning/CompleteTwoInputProjection.lean:31:17: Used `tac1 <;> tac2` where `(tac1; tac2)` would suffice

Note: This linter can be disabled with `set_option linter.unnecessarySeqFocus false`
warning: SafeLearning/CompleteTwoInputProjection.lean:30:44: Unused tactic linter: `ring` does nothing

Note: This linter can be disabled with `set_option linter.unusedTactic false`
⚠ [8938/9127] Built SafeLearning.CompleteModulesEigenProduct (11s)
warning: SafeLearning/CompleteModulesEigenProduct.lean:18:34: This simp argument is unused:
  ih

Hint: Omit it from the simp argument list.
  [apply] simp [pow_succ, mul_comm]

Note: This linter can be disabled with `set_option linter.unusedSimpArgs false`
⚠ [8939/9127] Built SafeLearning.CompleteModulesComplexCayley (11s)
warning: SafeLearning/CompleteModulesComplexCayley.lean:35:0: automatically included section variable(s) unused in theorem `SafeLearning.CompleteModulesComplexCayley.actual_complex_skew_numerator_is_adjoint_denominator`:
  [Fintype N]
consider restructuring your `variable` declarations so that the variables are not in scope or explicitly omit them:
  omit [Fintype N] in theorem ...

Note: This linter can be disabled with `set_option linter.unusedSectionVars false`
warning: SafeLearning/CompleteModulesComplexCayley.lean:48:2: Try this: 
  letI̵

The goal is a proposition, so `let` is preferred over `letI`.
The difference between `let` and `letI` is that `letI` inlines the value.
But this is not relevant for proofs because of proof irrelevance.

Note: This linter can be disabled with `set_option linter.style.haveILetI false`
warning: SafeLearning/CompleteModulesComplexCayley.lean:49:2: Try this: 
  letI̵

The goal is a proposition, so `let` is preferred over `letI`.
The difference between `let` and `letI` is that `letI` inlines the value.
But this is not relevant for proofs because of proof irrelevance.

Note: This linter can be disabled with `set_option linter.style.haveILetI false`
warning: SafeLearning/CompleteModulesComplexCayley.lean:74:2: Try this: 
  letI̵

The goal is a proposition, so `let` is preferred over `letI`.
The difference between `let` and `letI` is that `letI` inlines the value.
But this is not relevant for proofs because of proof irrelevance.

Note: This linter can be disabled with `set_option linter.style.haveILetI false`
✔ [8940/9127] Built SafeLearning.CompletePolicyBoundary (12s)
⚠ [8941/9127] Built SafeLearning.CompleteModulesCayley (12s)
warning: SafeLearning/CompleteModulesCayley.lean:34:0: automatically included section variable(s) unused in theorem `SafeLearning.CompleteModulesCayley.actual_skew_cayley_numerator_is_transposed_denominator`:
  [Fintype N]
consider restructuring your `variable` declarations so that the variables are not in scope or explicitly omit them:
  omit [Fintype N] in theorem ...

Note: This linter can be disabled with `set_option linter.unusedSectionVars false`
warning: SafeLearning/CompleteModulesCayley.lean:47:2: Try this: 
  letI̵

The goal is a proposition, so `let` is preferred over `letI`.
The difference between `let` and `letI` is that `letI` inlines the value.
But this is not relevant for proofs because of proof irrelevance.

Note: This linter can be disabled with `set_option linter.style.haveILetI false`
warning: SafeLearning/CompleteModulesCayley.lean:48:2: Try this: 
  letI̵

The goal is a proposition, so `let` is preferred over `letI`.
The difference between `let` and `letI` is that `letI` inlines the value.
But this is not relevant for proofs because of proof irrelevance.

Note: This linter can be disabled with `set_option linter.style.haveILetI false`
warning: SafeLearning/CompleteModulesCayley.lean:74:2: Try this: 
  letI̵

The goal is a proposition, so `let` is preferred over `letI`.
The difference between `let` and `letI` is that `letI` inlines the value.
But this is not relevant for proofs because of proof irrelevance.

Note: This linter can be disabled with `set_option linter.style.haveILetI false`
✔ [8942/9127] Built SafeLearning.CompleteModulesBarrierBoundary (9.9s)
✔ [8943/9127] Built SafeLearning.CompleteModulesKernelConstruction (12s)
✔ [8944/9127] Built SafeLearning.CompleteModulesRepresenter (12s)
⚠ [8945/9127] Built SafeLearning.CompleteSafetyBellman (13s)
warning: SafeLearning/CompleteSafetyBellman.lean:58:16: try 'simp' instead of 'simpa'

Note: This linter can be disabled with `set_option linter.unnecessarySimpa false`
warning: SafeLearning/CompleteSafetyBellman.lean:103:50: Used `tac1 <;> tac2` where `(tac1; tac2)` would suffice

Note: This linter can be disabled with `set_option linter.unnecessarySeqFocus false`
warning: SafeLearning/CompleteSafetyBellman.lean:127:18: Used `tac1 <;> tac2` where `(tac1; tac2)` would suffice

Note: This linter can be disabled with `set_option linter.unnecessarySeqFocus false`
⚠ [8946/9127] Built SafeLearning.CompletePredictiveSafety (13s)
warning: SafeLearning/CompletePredictiveSafety.lean:89:51: `if_pos` has been deprecated: Use `ite_eq_left` instead
warning: SafeLearning/CompletePredictiveSafety.lean:91:51: `if_neg` has been deprecated: Use `ite_eq_right` instead
warning: SafeLearning/CompletePredictiveSafety.lean:91:51: This simp argument is unused:
  if_neg

Hint: Omit it from the simp argument list.
  [apply] simp only [replannedState, replannedInput, hn] at hp ⊢

Note: This linter can be disabled with `set_option linter.unusedSimpArgs false`
warning: SafeLearning/CompletePredictiveSafety.lean:177:52: Variable name `hh` is not explicitly referenced.

Hint: The binding can be removed (if unused) or named `_` (if used implicitly). Alternatively, prefix the name with `_` to silence this warning:
  [apply] _hh

Note: This linter can be disabled with `set_option linter.unusedVariables false`
warning: SafeLearning/CompletePredictiveSafety.lean:182:59: Variable name `hh` is not explicitly referenced.

Hint: The binding can be removed (if unused) or named `_` (if used implicitly). Alternatively, prefix the name with `_` to silence this warning:
  [apply] _hh

Note: This linter can be disabled with `set_option linter.unusedVariables false`
✔ [8947/9127] Built SafeLearning.CompleteModulesGPDesign (13s)
⚠ [8948/9127] Built SafeLearning.CompleteModulesGPExamples (14s)
warning: SafeLearning/CompleteModulesGPExamples.lean:15:72: This simp argument is unused:
  Fin.sum_univ_two

Hint: Omit it from the simp argument list.
  [apply] simp [twoGram, Matrix.mulVec]

Note: This linter can be disabled with `set_option linter.unusedSimpArgs false`
warning: SafeLearning/CompleteModulesGPExamples.lean:75:29: Used `tac1 <;> tac2` where `(tac1; tac2)` would suffice

Note: This linter can be disabled with `set_option linter.unnecessarySeqFocus false`
warning: SafeLearning/CompleteModulesGPExamples.lean:85:6: this tactic is never executed

Note: This linter can be disabled with `set_option linter.unreachableTactic false`
warning: SafeLearning/CompleteModulesGPExamples.lean:85:6: Unused tactic linter: `ring` does nothing

Note: This linter can be disabled with `set_option linter.unusedTactic false`
warning: SafeLearning/CompleteModulesGPExamples.lean:160:7: Variable name `i` is not explicitly referenced.

Hint: The binding can be removed (if unused) or named `_` (if used implicitly). Alternatively, prefix the name with `_` to silence this warning:
  [apply] _i

Note: This linter can be disabled with `set_option linter.unusedVariables false`
warning: SafeLearning/CompleteModulesGPExamples.lean:167:8: this tactic is never executed

Note: This linter can be disabled with `set_option linter.unreachableTactic false`
warning: SafeLearning/CompleteModulesGPExamples.lean:170:4: Used `tac1 <;> tac2` where `(tac1; tac2)` would suffice

Note: This linter can be disabled with `set_option linter.unnecessarySeqFocus false`
warning: SafeLearning/CompleteModulesGPExamples.lean:167:8: Unused tactic linter: `ring` does nothing

Note: This linter can be disabled with `set_option linter.unusedTactic false`
⚠ [8949/9127] Built SafeLearning.CompleteModulesScaledGram (12s)
warning: SafeLearning/CompleteModulesScaledGram.lean:48:0: automatically included section variable(s) unused in theorem `SafeLearning.CompleteModulesScaledGram.actual_symmetric_quadratic_is_bounded_by_scaled_majorizer`:
  [DecidableEq N]
consider restructuring your `variable` declarations so that the variables are not in scope or explicitly omit them:
  omit [DecidableEq N] in theorem ...

Note: This linter can be disabled with `set_option linter.unusedSectionVars false`
⚠ [8950/9127] Built SafeLearning.CompleteModulesLipSDP (11s)
warning: SafeLearning/CompleteModulesLipSDP.lean:73:8: This simp argument is unused:
  RCLike.inner_apply

Hint: Omit it from the simp argument list.
  [apply] simp [conj_trivial, pow_two]

Note: This linter can be disabled with `set_option linter.unusedSimpArgs false`
warning: SafeLearning/CompleteModulesLipSDP.lean:73:27: This simp argument is unused:
  conj_trivial

Hint: Omit it from the simp argument list.
  [apply] simp [RCLike.inner_apply, pow_two]

Note: This linter can be disabled with `set_option linter.unusedSimpArgs false`
warning: SafeLearning/CompleteModulesLipSDP.lean:118:44: This simp argument is unused:
  Finset.sum_mul

Hint: Omit it from the simp argument list.
  [apply] simp only [mul_add, mul_sub, Finset.mul_sum, Finset.sum_add_distrib, Finset.sum_sub_distrib, pow_two]

Note: This linter can be disabled with `set_option linter.unusedSimpArgs false`
✔ [8951/9127] Built SafeLearning.CompleteFoundationsPowerDegeneracy (9.5s)
✔ [8952/9127] Built SafeLearning.CompleteLyapunovMargins (11s)
✔ [8953/9127] Built SafeLearning.CompleteFoundationsFinite (10s)
✔ [8954/9127] Built SafeLearning.CompleteModulesComplexBasics (10s)
⚠ [8955/9127] Built SafeLearning.CompleteFoundationsShiftedQuadratic (12s)
warning: SafeLearning/CompleteFoundationsShiftedQuadratic.lean:154:4: `push_neg` has been deprecated. Prefer using `push Not` instead.
If you'd rather continue using `push_neg` in your project, you can implement it as follows:
```
open Lean.Parser.Tactic in
macro "push_neg" cfg:optConfig loc:(location)? : tactic =>
  `(tactic| push $cfg:optConfig Not $[$loc]?)
```
✔ [8956/9127] Built SafeLearning.CompleteFoundationsSeries (11s)
✔ [8957/9127] Built SafeLearning.CompleteCompactLyapunov (9.8s)
⚠ [8958/9127] Built SafeLearning.CompleteFoundationsFeatures (12s)
warning: SafeLearning/CompleteFoundationsFeatures.lean:31:70: This simp argument is unused:
  mul_assoc

Hint: Omit it from the simp argument list.
  [apply] simp only [featureSum, featureGram, sum_inner, inner_sum, real_inner_smul_left, real_inner_smul_right,
    Matrix.mulVec, dotProduct, Finset.mul_sum]

Note: This linter can be disabled with `set_option linter.unusedSimpArgs false`
✔ [8959/9127] Built SafeLearning.CompleteFoundationsConvergence (12s)
⚠ [8960/9127] Built SafeLearning.Modules (17s)
warning: SafeLearning/Modules.lean:30:2: Used `tac1 <;> tac2` where `(tac1; tac2)` would suffice

Note: This linter can be disabled with `set_option linter.unnecessarySeqFocus false`
warning: SafeLearning/Modules.lean:35:32: Used `tac1 <;> tac2` where `(tac1; tac2)` would suffice

Note: This linter can be disabled with `set_option linter.unnecessarySeqFocus false`
warning: SafeLearning/Modules.lean:65:2: Used `tac1 <;> tac2` where `(tac1; tac2)` would suffice

Note: This linter can be disabled with `set_option linter.unnecessarySeqFocus false`
warning: SafeLearning/Modules.lean:162:2: Used `tac1 <;> tac2` where `(tac1; tac2)` would suffice

Note: This linter can be disabled with `set_option linter.unnecessarySeqFocus false`
warning: SafeLearning/Modules.lean:505:2: Used `tac1 <;> tac2` where `(tac1; tac2)` would suffice

Note: This linter can be disabled with `set_option linter.unnecessarySeqFocus false`
⚠ [8961/9127] Built SafeLearning.CompleteFoundationsLogBacktracking (13s)
warning: SafeLearning/CompleteFoundationsLogBacktracking.lean:116:49: Used `tac1 <;> tac2` where `(tac1; tac2)` would suffice

Note: This linter can be disabled with `set_option linter.unnecessarySeqFocus false`
warning: SafeLearning/CompleteFoundationsLogBacktracking.lean:196:44: Used `tac1 <;> tac2` where `(tac1; tac2)` would suffice

Note: This linter can be disabled with `set_option linter.unnecessarySeqFocus false`
✔ [8962/9127] Built SafeLearning.CompleteFoundationsMatrixSensitivity (14s)
⚠ [8963/9127] Built SafeLearning.CompleteConformal (11s)
warning: SafeLearning/CompleteConformal.lean:96:63: `if_true` has been deprecated: Use `ite_true` instead
warning: SafeLearning/CompleteConformal.lean:96:71: `if_false` has been deprecated: Use `ite_false` instead
warning: SafeLearning/CompleteConformal.lean:96:63: `if_true` has been deprecated: Use `ite_true` instead
warning: SafeLearning/CompleteConformal.lean:96:71: `if_false` has been deprecated: Use `ite_false` instead
⚠ [8964/9127] Built SafeLearning.CompleteLyapunovCounterexample (12s)
warning: SafeLearning/CompleteLyapunovCounterexample.lean:45:14: `if_neg` has been deprecated: Use `ite_eq_right` instead
warning: SafeLearning/CompleteLyapunovCounterexample.lean:75:6: `Set.mem_setOf_eq` has been deprecated: Use `Set.mem_ofPred_eq` instead
✔ [8965/9127] Built SafeLearning.CompleteFoundationsExtrema (13s)
⚠ [8966/9127] Built SafeLearning.CompleteModulesCholesky (13s)
warning: SafeLearning/CompleteModulesCholesky.lean:33:0: automatically included section variable(s) unused in theorem `SafeLearning.CompleteModulesCholesky.actual_gram_schmidt_diagonal_is_norm`:
  [FiniteDimensional ℝ E]
consider restructuring your `variable` declarations so that the variables are not in scope or explicitly omit them:
  omit [FiniteDimensional ℝ E] in theorem ...

Note: This linter can be disabled with `set_option linter.unusedSectionVars false`
warning: SafeLearning/CompleteModulesCholesky.lean:76:35: This simp argument is unused:
  Matrix.conjTranspose_apply

Hint: Omit it from the simp argument list.
  [apply] simp [Matrix.gram_apply, vectors, EuclideanSpace.inner_toLp_toLp, Matrix.mul_apply,
    Matrix.star_eq_conjTranspose, dotProduct, mul_comm]

Note: This linter can be disabled with `set_option linter.unusedSimpArgs false`
warning: SafeLearning/CompleteModulesCholesky.lean:80:10: This simp argument is unused:
  finrank_euclideanSpace_fin

Hint: Omit it from the simp argument list.
  [apply] simp

Note: This linter can be disabled with `set_option linter.unusedSimpArgs false`
⚠ [8967/9127] Built SafeLearning.CompleteFoundationsFunctionExamples (13s)
warning: SafeLearning/CompleteFoundationsFunctionExamples.lean:32:14: this tactic is never executed

Note: This linter can be disabled with `set_option linter.unreachableTactic false`
warning: SafeLearning/CompleteFoundationsFunctionExamples.lean:32:4: Unused tactic linter: `all_goals fun_prop` does nothing

Note: This linter can be disabled with `set_option linter.unusedTactic false`
warning: SafeLearning/CompleteFoundationsFunctionExamples.lean:66:6: `push_neg` has been deprecated. Prefer using `push Not` instead.
If you'd rather continue using `push_neg` in your project, you can implement it as follows:
```
open Lean.Parser.Tactic in
macro "push_neg" cfg:optConfig loc:(location)? : tactic =>
  `(tactic| push $cfg:optConfig Not $[$loc]?)
```
✔ [8968/9127] Built SafeLearning.CompleteDiscountedFlow (13s)
✔ [8969/9127] Built SafeLearning.CompleteBarrierFallback (12s)
⚠ [8970/9127] Built SafeLearning.CompleteBarrierTrajectories (13s)
warning: SafeLearning/CompleteBarrierTrajectories.lean:18:74: Used `tac1 <;> tac2` where `(tac1; tac2)` would suffice

Note: This linter can be disabled with `set_option linter.unnecessarySeqFocus false`
warning: SafeLearning/CompleteBarrierTrajectories.lean:67:25: Used `tac1 <;> tac2` where `(tac1; tac2)` would suffice

Note: This linter can be disabled with `set_option linter.unnecessarySeqFocus false`
warning: SafeLearning/CompleteBarrierTrajectories.lean:73:25: Used `tac1 <;> tac2` where `(tac1; tac2)` would suffice

Note: This linter can be disabled with `set_option linter.unnecessarySeqFocus false`
⚠ [8971/9127] Built SafeLearning.CompleteFoundationsSpectralModels (17s)
warning: SafeLearning/CompleteFoundationsSpectralModels.lean:67:45: This simp argument is unused:
  Matrix.cons_val_zero

Hint: Omit it from the simp argument list.
  [apply] simp only [Matrix.cons_val_one]

Note: This linter can be disabled with `set_option linter.unusedSimpArgs false`
warning: SafeLearning/CompleteFoundationsSpectralModels.lean:67:66: This simp argument is unused:
  Matrix.cons_val_one

Hint: Omit it from the simp argument list.
  [apply] simp only [Matrix.cons_val_zero]

Note: This linter can be disabled with `set_option linter.unusedSimpArgs false`
warning: SafeLearning/CompleteFoundationsSpectralModels.lean:310:2: try 'simp' instead of 'simpa'

Note: This linter can be disabled with `set_option linter.unnecessarySimpa false`
✔ [8972/9127] Built SafeLearning.CompleteAppliedNetwork (11s)
✔ [8973/9127] Built SafeLearning.CompleteAppliedMixtures (10s)
✔ [8974/9127] Built SafeLearning.CompleteAppliedBellman (9.9s)
✔ [8975/9127] Built SafeLearning.CompleteAppliedReturns (13s)
✔ [8976/9127] Built SafeLearning.CompleteAppliedCovariance (12s)
✔ [8977/9127] Built SafeLearning.CoreModules (17s)
⚠ [8978/9127] Built SafeLearning.CompleteAppliedPolicy (15s)
warning: SafeLearning/CompleteAppliedPolicy.lean:46:5: Variable name `hw1` is not explicitly referenced.

Hint: The binding can be removed (if unused) or named `_` (if used implicitly). Alternatively, prefix the name with `_` to silence this warning:
  [apply] _hw1

Note: This linter can be disabled with `set_option linter.unusedVariables false`
warning: SafeLearning/CompleteAppliedPolicy.lean:137:10: Used `tac1 <;> tac2` where `(tac1; tac2)` would suffice

Note: This linter can be disabled with `set_option linter.unnecessarySeqFocus false`
warning: SafeLearning/CompleteAppliedPolicy.lean:181:50: Used `tac1 <;> tac2` where `(tac1; tac2)` would suffice

Note: This linter can be disabled with `set_option linter.unnecessarySeqFocus false`
warning: SafeLearning/CompleteAppliedPolicy.lean:181:65: Used `tac1 <;> tac2` where `(tac1; tac2)` would suffice

Note: This linter can be disabled with `set_option linter.unnecessarySeqFocus false`
warning: SafeLearning/CompleteAppliedPolicy.lean:190:48: Used `tac1 <;> tac2` where `(tac1; tac2)` would suffice

Note: This linter can be disabled with `set_option linter.unnecessarySeqFocus false`
warning: SafeLearning/CompleteAppliedPolicy.lean:190:63: Used `tac1 <;> tac2` where `(tac1; tac2)` would suffice

Note: This linter can be disabled with `set_option linter.unnecessarySeqFocus false`
⚠ [8979/9127] Built SafeLearning.CompleteFoundationsParsevalModels (26s)
warning: SafeLearning/CompleteFoundationsParsevalModels.lean:29:0: automatically included section variable(s) unused in theorem `SafeLearning.CompleteFoundationsParsevalModels.actual_frobenius_squared`:
  [DecidableEq M]
  [DecidableEq N]
consider restructuring your `variable` declarations so that the variables are not in scope or explicitly omit them:
  omit [DecidableEq M] [DecidableEq N] in theorem ...

Note: This linter can be disabled with `set_option linter.unusedSectionVars false`
warning: SafeLearning/CompleteFoundationsParsevalModels.lean:32:10: This simp argument is unused:
  Real.rpow_two

Hint: Omit it from the simp argument list.
  [apply] simp [Real.norm_eq_abs, sq_abs]

Note: This linter can be disabled with `set_option linter.unusedSimpArgs false`
warning: SafeLearning/CompleteFoundationsParsevalModels.lean:35:0: automatically included section variable(s) unused in theorem `SafeLearning.CompleteFoundationsParsevalModels.actual_error_entries`:
  [DecidableEq N]
consider restructuring your `variable` declarations so that the variables are not in scope or explicitly omit them:
  omit [DecidableEq N] in theorem ...

Note: This linter can be disabled with `set_option linter.unusedSectionVars false`
warning: SafeLearning/CompleteFoundationsParsevalModels.lean:44:0: automatically included section variable(s) unused in theorem `SafeLearning.CompleteFoundationsParsevalModels.actual_error_is_symmetric`:
  [DecidableEq N]
consider restructuring your `variable` declarations so that the variables are not in scope or explicitly omit them:
  omit [DecidableEq N] in theorem ...

Note: This linter can be disabled with `set_option linter.unusedSectionVars false`
warning: SafeLearning/CompleteFoundationsParsevalModels.lean:47:0: automatically included section variable(s) unused in theorem `SafeLearning.CompleteFoundationsParsevalModels.actual_entry_differential`:
  [DecidableEq N]
consider restructuring your `variable` declarations so that the variables are not in scope or explicitly omit them:
  omit [DecidableEq N] in theorem ...

Note: This linter can be disabled with `set_option linter.unusedSectionVars false`
warning: SafeLearning/CompleteFoundationsParsevalModels.lean:56:0: automatically included section variable(s) unused in theorem `SafeLearning.CompleteFoundationsParsevalModels.actual_symmetric_trace_identity`:
  [DecidableEq M]
  [DecidableEq N]
consider restructuring your `variable` declarations so that the variables are not in scope or explicitly omit them:
  omit [DecidableEq M] [DecidableEq N] in theorem ...

Note: This linter can be disabled with `set_option linter.unusedSectionVars false`
warning: SafeLearning/CompleteFoundationsParsevalModels.lean:86:0: automatically included section variable(s) unused in theorem `SafeLearning.CompleteFoundationsParsevalModels.actual_inner_coordinates`:
  [DecidableEq M]
  [DecidableEq N]
consider restructuring your `variable` declarations so that the variables are not in scope or explicitly omit them:
  omit [DecidableEq M] [DecidableEq N] in theorem ...

Note: This linter can be disabled with `set_option linter.unusedSectionVars false`
warning: SafeLearning/CompleteFoundationsParsevalModels.lean:107:13: `ContinuousLinearMap.smul_apply` has been deprecated: Use `_root_.smul_apply` instead

Note: The updated constant is in a different namespace. Dot notation may need to be changed (e.g., from `x.smul_apply` to `_root_.smul_apply x`).
warning: SafeLearning/CompleteFoundationsParsevalModels.lean:107:44: `ContinuousLinearMap.sum_apply` has been deprecated: Use `_root_.sum_apply` instead

Note: The updated constant is in a different namespace. Dot notation may need to be changed (e.g., from `x.sum_apply` to `_root_.sum_apply x`).
⚠ [8980/9127] Built SafeLearning.CompleteModulesKernelFunctional (12s)
warning: SafeLearning/CompleteModulesKernelFunctional.lean:15:2: Try this: 
  letI̵

The goal is a proposition, so `let` is preferred over `letI`.
The difference between `let` and `letI` is that `letI` inlines the value.
But this is not relevant for proofs because of proof irrelevance.

Note: This linter can be disabled with `set_option linter.style.haveILetI false`
warning: SafeLearning/CompleteModulesKernelFunctional.lean:26:2: Try this: 
  letI̵

The goal is a proposition, so `let` is preferred over `letI`.
The difference between `let` and `letI` is that `letI` inlines the value.
But this is not relevant for proofs because of proof irrelevance.

Note: This linter can be disabled with `set_option linter.style.haveILetI false`
warning: SafeLearning/CompleteModulesKernelFunctional.lean:42:0: automatically included section variable(s) unused in theorem `SafeLearning.CompleteModulesKernelFunctional.posterior_functional_evaluates`:
  [DecidableEq I]
consider restructuring your `variable` declarations so that the variables are not in scope or explicitly omit them:
  omit [DecidableEq I] in theorem ...

Note: This linter can be disabled with `set_option linter.unusedSectionVars false`
✔ [8981/9127] Built SafeLearning.CompleteProjectionCharacterization (12s)
✔ [8982/9127] Built SafeLearning.CompleteAppliedMartingale (13s)
⚠ [8983/9127] Built SafeLearning.CompleteAppliedBackprop (13s)
warning: SafeLearning/CompleteAppliedBackprop.lean:25:64: Used `tac1 <;> tac2` where `(tac1; tac2)` would suffice

Note: This linter can be disabled with `set_option linter.unnecessarySeqFocus false`
⚠ [8984/9127] Built SafeLearning.CompleteModulesComplexCayleyInverse (13s)
warning: SafeLearning/CompleteModulesComplexCayleyInverse.lean:17:2: Try this: 
  letI̵

The goal is a proposition, so `let` is preferred over `letI`.
The difference between `let` and `letI` is that `letI` inlines the value.
But this is not relevant for proofs because of proof irrelevance.

Note: This linter can be disabled with `set_option linter.style.haveILetI false`
warning: SafeLearning/CompleteModulesComplexCayleyInverse.lean:23:2: Try this: 
  letI̵

The goal is a proposition, so `let` is preferred over `letI`.
The difference between `let` and `letI` is that `letI` inlines the value.
But this is not relevant for proofs because of proof irrelevance.

Note: This linter can be disabled with `set_option linter.style.haveILetI false`
warning: SafeLearning/CompleteModulesComplexCayleyInverse.lean:32:2: Try this: 
  letI̵

The goal is a proposition, so `let` is preferred over `letI`.
The difference between `let` and `letI` is that `letI` inlines the value.
But this is not relevant for proofs because of proof irrelevance.

Note: This linter can be disabled with `set_option linter.style.haveILetI false`
warning: SafeLearning/CompleteModulesComplexCayleyInverse.lean:40:2: Try this: 
  letI̵

The goal is a proposition, so `let` is preferred over `letI`.
The difference between `let` and `letI` is that `letI` inlines the value.
But this is not relevant for proofs because of proof irrelevance.

Note: This linter can be disabled with `set_option linter.style.haveILetI false`
warning: SafeLearning/CompleteModulesComplexCayleyInverse.lean:41:2: Try this: 
  letI̵

The goal is a proposition, so `let` is preferred over `letI`.
The difference between `let` and `letI` is that `letI` inlines the value.
But this is not relevant for proofs because of proof irrelevance.

Note: This linter can be disabled with `set_option linter.style.haveILetI false`
warning: SafeLearning/CompleteModulesComplexCayleyInverse.lean:69:2: Try this: 
  letI̵

The goal is a proposition, so `let` is preferred over `letI`.
The difference between `let` and `letI` is that `letI` inlines the value.
But this is not relevant for proofs because of proof irrelevance.

Note: This linter can be disabled with `set_option linter.style.haveILetI false`
warning: SafeLearning/CompleteModulesComplexCayleyInverse.lean:71:2: Try this: 
  letI̵

The goal is a proposition, so `let` is preferred over `letI`.
The difference between `let` and `letI` is that `letI` inlines the value.
But this is not relevant for proofs because of proof irrelevance.

Note: This linter can be disabled with `set_option linter.style.haveILetI false`
warning: SafeLearning/CompleteModulesComplexCayleyInverse.lean:90:2: Try this: 
  letI̵

The goal is a proposition, so `let` is preferred over `letI`.
The difference between `let` and `letI` is that `letI` inlines the value.
But this is not relevant for proofs because of proof irrelevance.

Note: This linter can be disabled with `set_option linter.style.haveILetI false`
warning: SafeLearning/CompleteModulesComplexCayleyInverse.lean:91:2: Try this: 
  letI̵

The goal is a proposition, so `let` is preferred over `letI`.
The difference between `let` and `letI` is that `letI` inlines the value.
But this is not relevant for proofs because of proof irrelevance.

Note: This linter can be disabled with `set_option linter.style.haveILetI false`
⚠ [8985/9127] Built SafeLearning.CompleteAppliedConcentration (14s)
warning: SafeLearning/CompleteAppliedConcentration.lean:20:53: Used `tac1 <;> tac2` where `(tac1; tac2)` would suffice

Note: This linter can be disabled with `set_option linter.unnecessarySeqFocus false`
warning: SafeLearning/CompleteAppliedConcentration.lean:29:15: `Set.mem_setOf_eq` has been deprecated: Use `Set.mem_ofPred_eq` instead
warning: SafeLearning/CompleteAppliedConcentration.lean:71:15: `Set.mem_setOf_eq` has been deprecated: Use `Set.mem_ofPred_eq` instead
warning: SafeLearning/CompleteAppliedConcentration.lean:99:54: Used `tac1 <;> tac2` where `(tac1; tac2)` would suffice

Note: This linter can be disabled with `set_option linter.unnecessarySeqFocus false`
✔ [8986/9127] Built SafeLearning.BookApplications (15s)
✔ [8987/9127] Built SafeLearning.CompleteSafetyBellmanConsequences (13s)
⚠ [8988/9127] Built SafeLearning.CompleteModulesCayleyInverse (14s)
warning: SafeLearning/CompleteModulesCayleyInverse.lean:17:2: Try this: 
  letI̵

The goal is a proposition, so `let` is preferred over `letI`.
The difference between `let` and `letI` is that `letI` inlines the value.
But this is not relevant for proofs because of proof irrelevance.

Note: This linter can be disabled with `set_option linter.style.haveILetI false`
warning: SafeLearning/CompleteModulesCayleyInverse.lean:23:2: Try this: 
  letI̵

The goal is a proposition, so `let` is preferred over `letI`.
The difference between `let` and `letI` is that `letI` inlines the value.
But this is not relevant for proofs because of proof irrelevance.

Note: This linter can be disabled with `set_option linter.style.haveILetI false`
warning: SafeLearning/CompleteModulesCayleyInverse.lean:32:2: Try this: 
  letI̵

The goal is a proposition, so `let` is preferred over `letI`.
The difference between `let` and `letI` is that `letI` inlines the value.
But this is not relevant for proofs because of proof irrelevance.

Note: This linter can be disabled with `set_option linter.style.haveILetI false`
warning: SafeLearning/CompleteModulesCayleyInverse.lean:40:2: Try this: 
  letI̵

The goal is a proposition, so `let` is preferred over `letI`.
The difference between `let` and `letI` is that `letI` inlines the value.
But this is not relevant for proofs because of proof irrelevance.

Note: This linter can be disabled with `set_option linter.style.haveILetI false`
warning: SafeLearning/CompleteModulesCayleyInverse.lean:41:2: Try this: 
  letI̵

The goal is a proposition, so `let` is preferred over `letI`.
The difference between `let` and `letI` is that `letI` inlines the value.
But this is not relevant for proofs because of proof irrelevance.

Note: This linter can be disabled with `set_option linter.style.haveILetI false`
warning: SafeLearning/CompleteModulesCayleyInverse.lean:69:2: Try this: 
  letI̵

The goal is a proposition, so `let` is preferred over `letI`.
The difference between `let` and `letI` is that `letI` inlines the value.
But this is not relevant for proofs because of proof irrelevance.

Note: This linter can be disabled with `set_option linter.style.haveILetI false`
warning: SafeLearning/CompleteModulesCayleyInverse.lean:71:2: Try this: 
  letI̵

The goal is a proposition, so `let` is preferred over `letI`.
The difference between `let` and `letI` is that `letI` inlines the value.
But this is not relevant for proofs because of proof irrelevance.

Note: This linter can be disabled with `set_option linter.style.haveILetI false`
warning: SafeLearning/CompleteModulesCayleyInverse.lean:90:2: Try this: 
  letI̵

The goal is a proposition, so `let` is preferred over `letI`.
The difference between `let` and `letI` is that `letI` inlines the value.
But this is not relevant for proofs because of proof irrelevance.

Note: This linter can be disabled with `set_option linter.style.haveILetI false`
warning: SafeLearning/CompleteModulesCayleyInverse.lean:91:2: Try this: 
  letI̵

The goal is a proposition, so `let` is preferred over `letI`.
The difference between `let` and `letI` is that `letI` inlines the value.
But this is not relevant for proofs because of proof irrelevance.

Note: This linter can be disabled with `set_option linter.style.haveILetI false`
⚠ [8989/9127] Built SafeLearning.CompleteAppliedSystems (19s)
warning: SafeLearning/CompleteAppliedSystems.lean:48:53: This simp argument is unused:
  Pi.neg_apply

Hint: Omit it from the simp argument list.
  [apply] simp only [heldThermal, Pi.add_apply, Pi.sub_apply, id_eq]

Note: This linter can be disabled with `set_option linter.unusedSimpArgs false`
warning: SafeLearning/CompleteAppliedSystems.lean:48:66: This simp argument is unused:
  id_eq

Hint: Omit it from the simp argument list.
  [apply] simp only [heldThermal, Pi.add_apply, Pi.sub_apply, Pi.neg_apply]

Note: This linter can be disabled with `set_option linter.unusedSimpArgs false`
warning: SafeLearning/CompleteAppliedSystems.lean:45:53: Used `tac1 <;> tac2` where `(tac1; tac2)` would suffice

Note: This linter can be disabled with `set_option linter.unnecessarySeqFocus false`
warning: SafeLearning/CompleteAppliedSystems.lean:140:40: try 'simp' instead of 'simpa'

Note: This linter can be disabled with `set_option linter.unnecessarySimpa false`
warning: SafeLearning/CompleteAppliedSystems.lean:141:10: try 'simp' instead of 'simpa'

Note: This linter can be disabled with `set_option linter.unnecessarySimpa false`
warning: SafeLearning/CompleteAppliedSystems.lean:201:136: Used `tac1 <;> tac2` where `(tac1; tac2)` would suffice

Note: This linter can be disabled with `set_option linter.unnecessarySeqFocus false`
warning: SafeLearning/CompleteAppliedSystems.lean:205:79: Used `tac1 <;> tac2` where `(tac1; tac2)` would suffice

Note: This linter can be disabled with `set_option linter.unnecessarySeqFocus false`
⚠ [8990/9127] Built SafeLearning.CompleteModulesCayleyPlane (15s)
warning: SafeLearning/CompleteModulesCayleyPlane.lean:31:6: This simp argument is unused:
  Matrix.smul_apply

Hint: Omit it from the simp argument list.
  [apply] simp [actualPlaneSkew, Matrix.mul_apply, Fin.sum_univ_two, Matrix.add_apply, Matrix.one_apply]

Note: This linter can be disabled with `set_option linter.unusedSimpArgs false`
⚠ [8991/9127] Built SafeLearning.CompletePredictiveSafetyConsequences (12s)
warning: SafeLearning/CompletePredictiveSafetyConsequences.lean:22:45: Variable name `n` is not explicitly referenced.

Hint: The binding can be removed (if unused) or named `_` (if used implicitly). Alternatively, prefix the name with `_` to silence this warning:
  [apply] _n

Note: This linter can be disabled with `set_option linter.unusedVariables false`
warning: SafeLearning/CompletePredictiveSafetyConsequences.lean:41:30: `dif_pos` has been deprecated: Use `dite_eq_left` instead
⚠ [8992/9127] Built SafeLearning.CompleteModulesBarrierGradient (17s)
warning: SafeLearning/CompleteModulesBarrierGradient.lean:94:0: automatically included section variable(s) unused in theorem `SafeLearning.CompleteModulesBarrierGradient.actual_variation_trace_splits_into_weight_blocks`:
  [DecidableEq I]
  [DecidableEq O]
consider restructuring your `variable` declarations so that the variables are not in scope or explicitly omit them:
  omit [DecidableEq I] [DecidableEq O] in theorem ...

Note: This linter can be disabled with `set_option linter.unusedSectionVars false`
✔ [8993/9127] Built SafeLearning.CompleteAppliedProbability (19s)
⚠ [8994/9127] Built SafeLearning.CompleteModulesSLLGershgorin (13s)
warning: SafeLearning/CompleteModulesSLLGershgorin.lean:24:10: This simp argument is unused:
  Matrix.diagonal_apply

Hint: Omit it from the simp argument list.
  [apply] simp [(hscale row).ne']

Note: This linter can be disabled with `set_option linter.unusedSimpArgs false`
warning: SafeLearning/CompleteModulesSLLGershgorin.lean:25:10: This simp argument is unused:
  Matrix.diagonal_apply

Hint: Omit it from the simp argument list.
  [apply] simp [he]

Note: This linter can be disabled with `set_option linter.unusedSimpArgs false`
warning: SafeLearning/CompleteModulesSLLGershgorin.lean:89:45: `if_neg` has been deprecated: Use `ite_eq_right` instead
warning: SafeLearning/CompleteModulesSLLGershgorin.lean:93:43: `if_pos` has been deprecated: Use `ite_eq_left` instead
warning: SafeLearning/CompleteModulesSLLGershgorin.lean:93:43: This simp argument is unused:
  if_pos rfl

Hint: Omit it from the simp argument list.
  [apply] simp only [SafeLearning.CompleteModulesScaledGram.actualScaledMajorizer, Matrix.sub_apply,
    Matrix.diagonal_apply]

Note: This linter can be disabled with `set_option linter.unusedSimpArgs false`
✔ [8995/9127] Built SafeLearning.PrimersApplied (20s)
✔ [8996/9127] Built SafeLearning.CompleteModulesSLLExamples (13s)
⚠ [8997/9127] Built SafeLearning.CompleteModulesSLL (11s)
warning: SafeLearning/CompleteModulesSLL.lean:26:10: This simp argument is unused:
  Matrix.diagonal_apply

Hint: Omit it from the simp argument list.
  [apply] simp [Matrix.one_apply, (hpositive row).ne']

Note: This linter can be disabled with `set_option linter.unusedSimpArgs false`
warning: SafeLearning/CompleteModulesSLL.lean:26:32: This simp argument is unused:
  Matrix.one_apply

Hint: Omit it from the simp argument list.
  [apply] simp [Matrix.diagonal_apply, (hpositive row).ne']

Note: This linter can be disabled with `set_option linter.unusedSimpArgs false`
warning: SafeLearning/CompleteModulesSLL.lean:27:10: This simp argument is unused:
  Matrix.diagonal_apply

Hint: Omit it from the simp argument list.
  [apply] simp [Matrix.one_apply, he]

Note: This linter can be disabled with `set_option linter.unusedSimpArgs false`
warning: SafeLearning/CompleteModulesSLL.lean:27:32: This simp argument is unused:
  Matrix.one_apply

Hint: Omit it from the simp argument list.
  [apply] simp [Matrix.diagonal_apply, he]

Note: This linter can be disabled with `set_option linter.unusedSimpArgs false`
warning: SafeLearning/CompleteModulesSLL.lean:51:50: This simp argument is unused:
  Finset.mul_sum

Hint: Omit it from the simp argument list.
  [apply] simp only [Pi.sub_apply, Pi.smul_apply, smul_eq_mul, hcoordinate, Finset.sum_sub_distrib,
    Finset.sum_add_distrib, dotProduct, pow_two]

Note: This linter can be disabled with `set_option linter.unusedSimpArgs false`
warning: SafeLearning/CompleteModulesSLL.lean:81:4: Try this: 
  letI̵

The goal is a proposition, so `let` is preferred over `letI`.
The difference between `let` and `letI` is that `letI` inlines the value.
But this is not relevant for proofs because of proof irrelevance.

Note: This linter can be disabled with `set_option linter.style.haveILetI false`
warning: SafeLearning/CompleteModulesSLL.lean:106:47: This simp argument is unused:
  Pi.mul_apply

Hint: Omit it from the simp argument list.
  [apply] simp only [Matrix.mulVec_diagonal, dotProduct, Pi.sub_apply]

Note: This linter can be disabled with `set_option linter.unusedSimpArgs false`
warning: SafeLearning/CompleteModulesSLL.lean:112:40: This simp argument is unused:
  add_zero

Hint: Omit it from the simp argument list.
  [apply] simp only [zero_mul, mul_zero, zero_add, one_mul, add_sub_add_right_eq_sub, Matrix.mulVec_sub,
    Pi.sub_apply] at hq ⊢

Note: This linter can be disabled with `set_option linter.unusedSimpArgs false`
warning: SafeLearning/CompleteModulesSLL.lean:112:49: This simp argument is unused:
  one_mul

Hint: Omit it from the simp argument list.
  [apply] simp only [zero_mul, mul_zero, zero_add, add_zero, add_sub_add_right_eq_sub, Matrix.mulVec_sub,
    Pi.sub_apply] at hq ⊢

Note: This linter can be disabled with `set_option linter.unusedSimpArgs false`
⚠ [8998/9127] Built SafeLearning.CompleteModulesScalarSDP (10s)
warning: SafeLearning/CompleteModulesScalarSDP.lean:88:5: Variable name `hL` is not explicitly referenced.

Hint: The binding can be removed (if unused) or named `_` (if used implicitly). Alternatively, prefix the name with `_` to silence this warning:
  [apply] _hL

Note: This linter can be disabled with `set_option linter.unusedVariables false`
⚠ [8999/9127] Built SafeLearning.CompleteModulesLipSDPNetwork (14s)
warning: SafeLearning/CompleteModulesLipSDPNetwork.lean:46:59: This simp argument is unused:
  Matrix.fromRows_mul_fromCols

Hint: Omit it from the simp argument list.
  [apply] simp only [Matrix.transpose_fromCols, Matrix.fromRows_mul, Matrix.transpose_zero, Matrix.transpose_one,
    Matrix.zero_mul, Matrix.mul_zero, Matrix.mul_one, Matrix.one_mul]

Note: This linter can be disabled with `set_option linter.unusedSimpArgs false`
warning: SafeLearning/CompleteModulesLipSDPNetwork.lean:47:63: This simp argument is unused:
  Matrix.mul_zero

Hint: Omit it from the simp argument list.
  [apply] simp only [Matrix.transpose_fromCols, Matrix.fromRows_mul, Matrix.fromRows_mul_fromCols,
    Matrix.transpose_zero, Matrix.transpose_one, Matrix.zero_mul, Matrix.mul_one, Matrix.one_mul]

Note: This linter can be disabled with `set_option linter.unusedSimpArgs false`
warning: SafeLearning/CompleteModulesLipSDPNetwork.lean:48:4: This simp argument is unused:
  Matrix.mul_one

Hint: Omit it from the simp argument list.
  [apply] simp only [Matrix.transpose_fromCols, Matrix.fromRows_mul, Matrix.fromRows_mul_fromCols,
    Matrix.transpose_zero, Matrix.transpose_one, Matrix.zero_mul, Matrix.mul_zero, Matrix.one_mul]

Note: This linter can be disabled with `set_option linter.unusedSimpArgs false`
warning: SafeLearning/CompleteModulesLipSDPNetwork.lean:66:22: This simp argument is unused:
  Matrix.fromCols_mulVec_sumElim

Hint: Omit it from the simp argument list.
  [apply] simp [liftedState]

Note: This linter can be disabled with `set_option linter.unusedSimpArgs false`
warning: SafeLearning/CompleteModulesLipSDPNetwork.lean:71:40: This simp argument is unused:
  Matrix.fromCols_mulVec_sumElim

Hint: Omit it from the simp argument list.
  [apply] simp [Matrix.mulVec_sub, liftedState]

Note: This linter can be disabled with `set_option linter.unusedSimpArgs false`
warning: SafeLearning/CompleteModulesLipSDPNetwork.lean:75:40: This simp argument is unused:
  Matrix.fromCols_mulVec_sumElim

Hint: Omit it from the simp argument list.
  [apply] simp [Matrix.mulVec_sub, liftedState]

Note: This linter can be disabled with `set_option linter.unusedSimpArgs false`
warning: SafeLearning/CompleteModulesLipSDPNetwork.lean:81:40: This simp argument is unused:
  Matrix.fromCols_mulVec_sumElim

Hint: Omit it from the simp argument list.
  [apply] simp [Matrix.mulVec_sub, liftedState, oneHiddenNetwork]

Note: This linter can be disabled with `set_option linter.unusedSimpArgs false`
✔ [9000/9127] Built SafeLearning.CompleteConformalCounterexample (10s)
⚠ [9001/9127] Built SafeLearning.CompleteLyapunovNonlinearModels (10s)
warning: SafeLearning/CompleteLyapunovNonlinearModels.lean:56:19: try 'simp' instead of 'simpa'

Note: This linter can be disabled with `set_option linter.unnecessarySimpa false`
warning: SafeLearning/CompleteLyapunovNonlinearModels.lean:68:4: Try `simp at hd` instead of `simpa using hd`

Note: This linter can be disabled with `set_option linter.unnecessarySimpa false`
warning: SafeLearning/CompleteLyapunovNonlinearModels.lean:58:55: Variable name `hc` is not explicitly referenced.

Hint: The binding can be removed (if unused) or named `_` (if used implicitly). Alternatively, prefix the name with `_` to silence this warning:
  [apply] _hc

Note: This linter can be disabled with `set_option linter.unusedVariables false`
warning: SafeLearning/CompleteLyapunovNonlinearModels.lean:149:7: Variable name `x` is not explicitly referenced.

Hint: The binding can be removed (if unused) or named `_` (if used implicitly). Alternatively, prefix the name with `_` to silence this warning:
  [apply] _x

Note: This linter can be disabled with `set_option linter.unusedVariables false`
warning: SafeLearning/CompleteLyapunovNonlinearModels.lean:150:7: Variable name `n` is not explicitly referenced.

Hint: The binding can be removed (if unused) or named `_` (if used implicitly). Alternatively, prefix the name with `_` to silence this warning:
  [apply] _n

Note: This linter can be disabled with `set_option linter.unusedVariables false`
✔ [9002/9127] Built SafeLearning.CompleteModulesConformal (11s)
✔ [9003/9127] Built SafeLearning.CompleteFoundationsCholeskyRecursion (10s)
⚠ [9004/9127] Built SafeLearning.CompleteModulesSylvester (11s)
warning: SafeLearning/CompleteModulesSylvester.lean:28:2: Try this: 
  letI̵

The goal is a proposition, so `let` is preferred over `letI`.
The difference between `let` and `letI` is that `letI` inlines the value.
But this is not relevant for proofs because of proof irrelevance.

Note: This linter can be disabled with `set_option linter.style.haveILetI false`
✔ [9005/9127] Built SafeLearning.CompleteFoundationsL2Models (11s)
⚠ [9006/9127] Built SafeLearning.CompleteLyapunovExerciseModels (14s)
warning: SafeLearning/CompleteLyapunovExerciseModels.lean:63:39: `Set.mem_setOf_eq` has been deprecated: Use `Set.mem_ofPred_eq` instead
warning: SafeLearning/CompleteLyapunovExerciseModels.lean:63:39: `Set.mem_setOf_eq` has been deprecated: Use `Set.mem_ofPred_eq` instead
warning: SafeLearning/CompleteLyapunovExerciseModels.lean:116:7: Variable name `n` is not explicitly referenced.

Hint: The binding can be removed (if unused) or named `_` (if used implicitly). Alternatively, prefix the name with `_` to silence this warning:
  [apply] _n

Note: This linter can be disabled with `set_option linter.unusedVariables false`
warning: SafeLearning/CompleteLyapunovExerciseModels.lean:211:46: Used `tac1 <;> tac2` where `(tac1; tac2)` would suffice

Note: This linter can be disabled with `set_option linter.unnecessarySeqFocus false`
⚠ [9007/9127] Built SafeLearning.CompleteFoundationsQuadraticForms (10s)
warning: SafeLearning/CompleteFoundationsQuadraticForms.lean:136:39: This simp argument is unused:
  Pi.star_apply

Hint: Omit it from the simp argument list.
  [apply] simp only [hH, true_and, realQuadratic, star_trivial]

Note: This linter can be disabled with `set_option linter.unusedSimpArgs false`
warning: SafeLearning/CompleteFoundationsQuadraticForms.lean:144:39: This simp argument is unused:
  Pi.star_apply

Hint: Omit it from the simp argument list.
  [apply] simp only [hH, true_and, realQuadratic, star_trivial]

Note: This linter can be disabled with `set_option linter.unusedSimpArgs false`
⚠ [9008/9127] Built SafeLearning.CompleteFoundationsUniversalMatrices (12s)
warning: SafeLearning/CompleteFoundationsUniversalMatrices.lean:41:27: This simp argument is unused:
  Fin.sum_univ_succ

Hint: Omit it from the simp argument list.
  [apply] simp [Matrix.mul_apply, Matrix.vecMulVec]

Note: This linter can be disabled with `set_option linter.unusedSimpArgs false`
warning: SafeLearning/CompleteFoundationsUniversalMatrices.lean:43:65: This simp argument is unused:
  Fin.sum_univ_succ

Hint: Omit it from the simp argument list.
  [apply] simp [Matrix.mul_apply, Matrix.replicateRow, Matrix.replicateCol, Finset.sum_mul] at h

Note: This linter can be disabled with `set_option linter.unusedSimpArgs false`
✔ [9009/9127] Built SafeLearning.CompleteAppliedCorrelation (11s)
⚠ [9010/9127] Built SafeLearning.CompleteFoundationsDefinitenessModels (13s)
warning: SafeLearning/CompleteFoundationsDefinitenessModels.lean:152:61: Used `tac1 <;> tac2` where `(tac1; tac2)` would suffice

Note: This linter can be disabled with `set_option linter.unnecessarySeqFocus false`
warning: SafeLearning/CompleteFoundationsDefinitenessModels.lean:195:76: This simp argument is unused:
  zero_pow

Hint: Omit it from the simp argument list.
  [apply] simp only [point, PiLp.toLp_apply, Matrix.cons_val_zero, Matrix.cons_val_one, mul_zero, add_zero, zero_add,
    abs_le]

Note: This linter can be disabled with `set_option linter.unusedSimpArgs false`
warning: SafeLearning/CompleteFoundationsDefinitenessModels.lean:196:4: This simp argument is unused:
  mul_zero

Hint: Omit it from the simp argument list.
  [apply] simp only [point, PiLp.toLp_apply, Matrix.cons_val_zero, Matrix.cons_val_one, zero_pow, add_zero, zero_add,
    abs_le]

Note: This linter can be disabled with `set_option linter.unusedSimpArgs false`
warning: SafeLearning/CompleteFoundationsDefinitenessModels.lean:196:13: This simp argument is unused:
  add_zero

Hint: Omit it from the simp argument list.
  [apply] simp only [point, PiLp.toLp_apply, Matrix.cons_val_zero, Matrix.cons_val_one, zero_pow, mul_zero, zero_add,
    abs_le]

Note: This linter can be disabled with `set_option linter.unusedSimpArgs false`
warning: SafeLearning/CompleteFoundationsDefinitenessModels.lean:196:22: This simp argument is unused:
  zero_add

Hint: Omit it from the simp argument list.
  [apply] simp only [point, PiLp.toLp_apply, Matrix.cons_val_zero, Matrix.cons_val_one, zero_pow, mul_zero, add_zero,
    abs_le]

Note: This linter can be disabled with `set_option linter.unusedSimpArgs false`
⚠ [9011/9127] Built SafeLearning.CompleteCoreMaterialLimits (12s)
warning: SafeLearning/CompleteCoreMaterialLimits.lean:36:56: `if_neg` has been deprecated: Use `ite_eq_right` instead
warning: SafeLearning/CompleteCoreMaterialLimits.lean:31:60: Used `tac1 <;> tac2` where `(tac1; tac2)` would suffice

Note: This linter can be disabled with `set_option linter.unnecessarySeqFocus false`
⚠ [9012/9127] Built SafeLearning.CompleteFoundationsPseudoinverse (14s)
warning: SafeLearning/CompleteFoundationsPseudoinverse.lean:37:33: This simp argument is unused:
  Fin.sum_univ_succ

Hint: Omit it from the simp argument list.
  [apply] simp [sourceA, Matrix.mul_apply] at h0 h1

Note: This linter can be disabled with `set_option linter.unusedSimpArgs false`
warning: SafeLearning/CompleteFoundationsPseudoinverse.lean:44:14: Used `tac1 <;> tac2` where `(tac1; tac2)` would suffice

Note: This linter can be disabled with `set_option linter.unnecessarySeqFocus false`
warning: SafeLearning/CompleteFoundationsPseudoinverse.lean:44:30: Used `tac1 <;> tac2` where `(tac1; tac2)` would suffice

Note: This linter can be disabled with `set_option linter.unnecessarySeqFocus false`
warning: SafeLearning/CompleteFoundationsPseudoinverse.lean:73:60: Used `tac1 <;> tac2` where `(tac1; tac2)` would suffice

Note: This linter can be disabled with `set_option linter.unnecessarySeqFocus false`
warning: SafeLearning/CompleteFoundationsPseudoinverse.lean:82:33: Used `tac1 <;> tac2` where `(tac1; tac2)` would suffice

Note: This linter can be disabled with `set_option linter.unnecessarySeqFocus false`
warning: SafeLearning/CompleteFoundationsPseudoinverse.lean:152:14: Used `tac1 <;> tac2` where `(tac1; tac2)` would suffice

Note: This linter can be disabled with `set_option linter.unnecessarySeqFocus false`
warning: SafeLearning/CompleteFoundationsPseudoinverse.lean:167:45: This simp argument is unused:
  Fin.sum_univ_succ

Hint: Omit it from the simp argument list.
  [apply] simp [rowMatrix, rowPlus, Matrix.mul_apply]

Note: This linter can be disabled with `set_option linter.unusedSimpArgs false`
warning: SafeLearning/CompleteFoundationsPseudoinverse.lean:175:16: Used `tac1 <;> tac2` where `(tac1; tac2)` would suffice

Note: This linter can be disabled with `set_option linter.unnecessarySeqFocus false`
⚠ [9013/9127] Built SafeLearning.CompleteFoundationsAffineRKHS (13s)
warning: SafeLearning/CompleteFoundationsAffineRKHS.lean:55:2: Try this: 
  letI̵

The goal is a proposition, so `let` is preferred over `letI`.
The difference between `let` and `letI` is that `letI` inlines the value.
But this is not relevant for proofs because of proof irrelevance.

Note: This linter can be disabled with `set_option linter.style.haveILetI false`
warning: SafeLearning/CompleteFoundationsAffineRKHS.lean:68:2: Try this: 
  letI̵

The goal is a proposition, so `let` is preferred over `letI`.
The difference between `let` and `letI` is that `letI` inlines the value.
But this is not relevant for proofs because of proof irrelevance.

Note: This linter can be disabled with `set_option linter.style.haveILetI false`
warning: SafeLearning/CompleteFoundationsAffineRKHS.lean:124:2: Try this: 
  letI̵

The goal is a proposition, so `let` is preferred over `letI`.
The difference between `let` and `letI` is that `letI` inlines the value.
But this is not relevant for proofs because of proof irrelevance.

Note: This linter can be disabled with `set_option linter.style.haveILetI false`
⚠ [9014/9127] Built SafeLearning.CompleteModulesNetworks (18s)
info: SafeLearning/CompleteModulesNetworks.lean:49:29: Try this:
  [apply] ring_nf
  
  The `ring` tactic failed to close the goal. Use `ring_nf` to obtain a normal form.
    
  Note that `ring` works primarily in *commutative* rings. If you have a noncommutative ring, abelian group or module, consider using `noncomm_ring`, `abel` or `module` instead.
info: SafeLearning/CompleteModulesNetworks.lean:52:29: Try this:
  [apply] ring_nf
  
  The `ring` tactic failed to close the goal. Use `ring_nf` to obtain a normal form.
    
  Note that `ring` works primarily in *commutative* rings. If you have a noncommutative ring, abelian group or module, consider using `noncomm_ring`, `abel` or `module` instead.
warning: SafeLearning/CompleteModulesNetworks.lean:49:25: Used `tac1 <;> tac2` where `(tac1; tac2)` would suffice

Note: This linter can be disabled with `set_option linter.unnecessarySeqFocus false`
warning: SafeLearning/CompleteModulesNetworks.lean:52:25: Used `tac1 <;> tac2` where `(tac1; tac2)` would suffice

Note: This linter can be disabled with `set_option linter.unnecessarySeqFocus false`
info: SafeLearning/CompleteModulesNetworks.lean:72:29: Try this:
  [apply] ring_nf
  
  The `ring` tactic failed to close the goal. Use `ring_nf` to obtain a normal form.
    
  Note that `ring` works primarily in *commutative* rings. If you have a noncommutative ring, abelian group or module, consider using `noncomm_ring`, `abel` or `module` instead.
info: SafeLearning/CompleteModulesNetworks.lean:75:29: Try this:
  [apply] ring_nf
  
  The `ring` tactic failed to close the goal. Use `ring_nf` to obtain a normal form.
    
  Note that `ring` works primarily in *commutative* rings. If you have a noncommutative ring, abelian group or module, consider using `noncomm_ring`, `abel` or `module` instead.
warning: SafeLearning/CompleteModulesNetworks.lean:72:25: Used `tac1 <;> tac2` where `(tac1; tac2)` would suffice

Note: This linter can be disabled with `set_option linter.unnecessarySeqFocus false`
warning: SafeLearning/CompleteModulesNetworks.lean:75:25: Used `tac1 <;> tac2` where `(tac1; tac2)` would suffice

Note: This linter can be disabled with `set_option linter.unnecessarySeqFocus false`
warning: SafeLearning/CompleteModulesNetworks.lean:124:20: Used `tac1 <;> tac2` where `(tac1; tac2)` would suffice

Note: This linter can be disabled with `set_option linter.unnecessarySeqFocus false`
warning: SafeLearning/CompleteModulesNetworks.lean:140:29: `if_true` has been deprecated: Use `ite_true` instead
warning: SafeLearning/CompleteModulesNetworks.lean:140:37: `if_false` has been deprecated: Use `ite_false` instead
warning: SafeLearning/CompleteModulesNetworks.lean:140:29: `if_true` has been deprecated: Use `ite_true` instead
warning: SafeLearning/CompleteModulesNetworks.lean:140:37: `if_false` has been deprecated: Use `ite_false` instead
warning: SafeLearning/CompleteModulesNetworks.lean:140:29: `if_true` has been deprecated: Use `ite_true` instead
warning: SafeLearning/CompleteModulesNetworks.lean:140:37: `if_false` has been deprecated: Use `ite_false` instead
warning: SafeLearning/CompleteModulesNetworks.lean:140:29: `if_true` has been deprecated: Use `ite_true` instead
warning: SafeLearning/CompleteModulesNetworks.lean:140:37: `if_false` has been deprecated: Use `ite_false` instead
warning: SafeLearning/CompleteModulesNetworks.lean:127:5: Variable name `ha` is not explicitly referenced.

Hint: The binding can be removed (if unused) or named `_` (if used implicitly). Alternatively, prefix the name with `_` to silence this warning:
  [apply] _ha

Note: This linter can be disabled with `set_option linter.unusedVariables false`
⚠ [9015/9127] Built SafeLearning.CompleteDuality (12s)
warning: SafeLearning/CompleteDuality.lean:208:2: Try this: 
  letI̵

The goal is a proposition, so `let` is preferred over `letI`.
The difference between `let` and `letI` is that `letI` inlines the value.
But this is not relevant for proofs because of proof irrelevance.

Note: This linter can be disabled with `set_option linter.style.haveILetI false`
warning: SafeLearning/CompleteDuality.lean:232:2: Try this: 
  letI̵

The goal is a proposition, so `let` is preferred over `letI`.
The difference between `let` and `letI` is that `letI` inlines the value.
But this is not relevant for proofs because of proof irrelevance.

Note: This linter can be disabled with `set_option linter.style.haveILetI false`
warning: SafeLearning/CompleteDuality.lean:320:8: This simp argument is unused:
  Function.comp_def

Hint: Omit it from the simp argument list.
  [apply] simp [walk_dual_abs_form]

Note: This linter can be disabled with `set_option linter.unusedSimpArgs false`
warning: SafeLearning/CompleteDuality.lean:351:39: this tactic is never executed

Note: This linter can be disabled with `set_option linter.unreachableTactic false`
warning: SafeLearning/CompleteDuality.lean:351:39: Unused tactic linter: `ring` does nothing

Note: This linter can be disabled with `set_option linter.unusedTactic false`
✔ [9016/9127] Built SafeLearning.CompleteProjectionDifferential (10s)
⚠ [9017/9127] Built SafeLearning.CompleteAppliedLookahead (10s)
warning: SafeLearning/CompleteAppliedLookahead.lean:22:2: Try this: 
  letI̵

The goal is a proposition, so `let` is preferred over `letI`.
The difference between `let` and `letI` is that `letI` inlines the value.
But this is not relevant for proofs because of proof irrelevance.

Note: This linter can be disabled with `set_option linter.style.haveILetI false`
⚠ [9018/9127] Built SafeLearning.CompleteFoundationsCalculusModels (16s)
warning: SafeLearning/CompleteFoundationsCalculusModels.lean:151:47: This simp argument is unused:
  real_inner_smul_left

Hint: Omit it from the simp argument list.
  [apply] simp [InnerProductSpace.toDual_apply_apply, ContinuousLinearMap.adjoint_inner_left, innerSL_apply_apply]

Note: This linter can be disabled with `set_option linter.unusedSimpArgs false`
warning: SafeLearning/CompleteFoundationsCalculusModels.lean:196:68: Used `tac1 <;> tac2` where `(tac1; tac2)` would suffice

Note: This linter can be disabled with `set_option linter.unnecessarySeqFocus false`
✔ [9019/9127] Built SafeLearning.CompleteProjectionGeometry (12s)
⚠ [9020/9127] Built SafeLearning.CompleteAppliedPolicyModel (13s)
warning: SafeLearning/CompleteAppliedPolicyModel.lean:68:102: This simp argument is unused:
  ENNReal.toReal_inv

Hint: Omit it from the simp argument list.
  [apply] simp (disch := finiteness) only [ENNReal.toReal_add, ENNReal.toReal_mul, ENNReal.toReal_div]

Note: This linter can be disabled with `set_option linter.unusedSimpArgs false`
⚠ [9021/9127] Built SafeLearning.CompleteAppliedConditionalBounds (10s)
warning: SafeLearning/CompleteAppliedConditionalBounds.lean:13:2: Try this: 
  letI̵

The goal is a proposition, so `let` is preferred over `letI`.
The difference between `let` and `letI` is that `letI` inlines the value.
But this is not relevant for proofs because of proof irrelevance.

Note: This linter can be disabled with `set_option linter.style.haveILetI false`
⚠ [9022/9127] Built SafeLearning.CompleteAppliedAdaptiveSigns (10s)
warning: SafeLearning/CompleteAppliedAdaptiveSigns.lean:44:56: Used `tac1 <;> tac2` where `(tac1; tac2)` would suffice

Note: This linter can be disabled with `set_option linter.unnecessarySeqFocus false`
✔ [9023/9127] Built SafeLearning.CoreAnalysis (14s)
⚠ [9024/9127] Built SafeLearning.CompleteAppliedConditionalLaw (11s)
warning: SafeLearning/CompleteAppliedConditionalLaw.lean:18:2: Try this: 
  letI̵

The goal is a proposition, so `let` is preferred over `letI`.
The difference between `let` and `letI` is that `letI` inlines the value.
But this is not relevant for proofs because of proof irrelevance.

Note: This linter can be disabled with `set_option linter.style.haveILetI false`
⚠ [9025/9127] Built SafeLearning.CompleteModulesTheory (12s)
warning: SafeLearning/CompleteModulesTheory.lean:157:21: Used `tac1 <;> tac2` where `(tac1; tac2)` would suffice

Note: This linter can be disabled with `set_option linter.unnecessarySeqFocus false`
⚠ [9026/9127] Built SafeLearning.PrimersFoundations (41s)
warning: SafeLearning/PrimersFoundations.lean:35:46: This simp argument is unused:
  not_imp

Hint: Omit it from the simp argument list.
  [apply] simp only [not_forall, not_exists, not_and, exists_prop]

Note: This linter can be disabled with `set_option linter.unusedSimpArgs false`
warning: SafeLearning/PrimersFoundations.lean:152:2: Used `tac1 <;> tac2` where `(tac1; tac2)` would suffice

Note: This linter can be disabled with `set_option linter.unnecessarySeqFocus false`
warning: SafeLearning/PrimersFoundations.lean:248:35: Variable name `y` is not explicitly referenced.

Hint: The binding can be removed (if unused) or named `_` (if used implicitly). Alternatively, prefix the name with `_` to silence this warning:
  [apply] _y

Note: This linter can be disabled with `set_option linter.unusedVariables false`
warning: SafeLearning/PrimersFoundations.lean:399:142: This simp argument is unused:
  Pi.sub_apply

Hint: Omit it from the simp argument list.
  [apply] simp [Pi.add_apply, Pi.mul_apply, Pi.pow_apply, id_eq]

Note: This linter can be disabled with `set_option linter.unusedSimpArgs false`
warning: SafeLearning/PrimersFoundations.lean:399:155: This simp argument is unused:
  Pi.mul_apply

Hint: Omit it from the simp argument list.
  [apply] simp [Pi.add_apply, Pi.sub_apply, Pi.pow_apply, id_eq]

Note: This linter can be disabled with `set_option linter.unusedSimpArgs false`
warning: SafeLearning/PrimersFoundations.lean:399:192: this tactic is never executed

Note: This linter can be disabled with `set_option linter.unreachableTactic false`
warning: SafeLearning/PrimersFoundations.lean:399:192: Unused tactic linter: `ring` does nothing

Note: This linter can be disabled with `set_option linter.unusedTactic false`
warning: SafeLearning/PrimersFoundations.lean:404:133: This simp argument is unused:
  Pi.sub_apply

Hint: Omit it from the simp argument list.
  [apply] simp [Pi.add_apply, Pi.mul_apply, Pi.pow_apply, id_eq]

Note: This linter can be disabled with `set_option linter.unusedSimpArgs false`
warning: SafeLearning/PrimersFoundations.lean:404:146: This simp argument is unused:
  Pi.mul_apply

Hint: Omit it from the simp argument list.
  [apply] simp [Pi.add_apply, Pi.sub_apply, Pi.pow_apply, id_eq]

Note: This linter can be disabled with `set_option linter.unusedSimpArgs false`
warning: SafeLearning/PrimersFoundations.lean:409:67: This simp argument is unused:
  Pi.add_apply

Hint: Omit it from the simp argument list.
  [apply] simp [Pi.sub_apply, Pi.mul_apply, Pi.pow_apply, id_eq]

Note: This linter can be disabled with `set_option linter.unusedSimpArgs false`
warning: SafeLearning/PrimersFoundations.lean:409:93: This simp argument is unused:
  Pi.mul_apply

Hint: Omit it from the simp argument list.
  [apply] simp [Pi.add_apply, Pi.sub_apply, Pi.pow_apply, id_eq]

Note: This linter can be disabled with `set_option linter.unusedSimpArgs false`
warning: SafeLearning/PrimersFoundations.lean:409:130: this tactic is never executed

Note: This linter can be disabled with `set_option linter.unreachableTactic false`
warning: SafeLearning/PrimersFoundations.lean:409:130: Unused tactic linter: `ring` does nothing

Note: This linter can be disabled with `set_option linter.unusedTactic false`
warning: SafeLearning/PrimersFoundations.lean:487:52: Variable name `hy` is not explicitly referenced.

Hint: The binding can be removed (if unused) or named `_` (if used implicitly). Alternatively, prefix the name with `_` to silence this warning:
  [apply] _hy

Note: This linter can be disabled with `set_option linter.unusedVariables false`
warning: SafeLearning/PrimersFoundations.lean:602:9: Variable name `y` is not explicitly referenced.

Hint: The binding can be removed (if unused) or named `_` (if used implicitly). Alternatively, prefix the name with `_` to silence this warning:
  [apply] _y

Note: This linter can be disabled with `set_option linter.unusedVariables false`
warning: SafeLearning/PrimersFoundations.lean:719:5: Variable name `hfeasible` is not explicitly referenced.

Hint: The binding can be removed (if unused) or named `_` (if used implicitly). Alternatively, prefix the name with `_` to silence this warning:
  [apply] _hfeasible

Note: This linter can be disabled with `set_option linter.unusedVariables false`
✔ [9027/9127] Built SafeLearning.CompleteModulesDynamics (12s)
⚠ [9028/9127] Built SafeLearning.CompleteModulesFinite (12s)
warning: SafeLearning/CompleteModulesFinite.lean:28:32: This simp argument is unused:
  Bool.true_eq

Hint: Omit it from the simp argument list.
  [apply] simp only [thermalSuccessor, ite_true]

Note: This linter can be disabled with `set_option linter.unusedSimpArgs false`
warning: SafeLearning/CompleteModulesFinite.lean:36:32: `Set.mem_setOf_eq` has been deprecated: Use `Set.mem_ofPred_eq` instead
warning: SafeLearning/CompleteModulesFinite.lean:46:32: `Set.mem_setOf_eq` has been deprecated: Use `Set.mem_ofPred_eq` instead
warning: SafeLearning/CompleteModulesFinite.lean:56:32: `Set.mem_setOf_eq` has been deprecated: Use `Set.mem_ofPred_eq` instead
warning: SafeLearning/CompleteModulesFinite.lean:67:32: `Set.mem_setOf_eq` has been deprecated: Use `Set.mem_ofPred_eq` instead
warning: SafeLearning/CompleteModulesFinite.lean:77:32: `Set.mem_setOf_eq` has been deprecated: Use `Set.mem_ofPred_eq` instead
warning: SafeLearning/CompleteModulesFinite.lean:94:52: Used `tac1 <;> tac2` where `(tac1; tac2)` would suffice

Note: This linter can be disabled with `set_option linter.unnecessarySeqFocus false`
warning: SafeLearning/CompleteModulesFinite.lean:135:60: Used `tac1 <;> tac2` where `(tac1; tac2)` would suffice

Note: This linter can be disabled with `set_option linter.unnecessarySeqFocus false`
warning: SafeLearning/CompleteModulesFinite.lean:138:60: Used `tac1 <;> tac2` where `(tac1; tac2)` would suffice

Note: This linter can be disabled with `set_option linter.unnecessarySeqFocus false`
⚠ [9029/9127] Built SafeLearning.CompleteModulesValues (10s)
warning: SafeLearning/CompleteModulesValues.lean:89:48: `if_false` has been deprecated: Use `ite_false` instead
warning: SafeLearning/CompleteModulesValues.lean:89:57: `if_true` has been deprecated: Use `ite_true` instead
warning: SafeLearning/CompleteModulesValues.lean:82:41: Used `tac1 <;> tac2` where `(tac1; tac2)` would suffice

Note: This linter can be disabled with `set_option linter.unnecessarySeqFocus false`
✔ [9030/9127] Built SafeLearning.CompleteModulesSafeExploration (10s)
✔ [9031/9127] Built SafeLearning.CompleteModulesSLLExampleDetails (8.3s)
✔ [9032/9127] Built SafeLearning.CompleteAppliedTailBounds (10s)
⚠ [9033/9127] Built SafeLearning.CompleteModulesCayleyRange (11s)
warning: SafeLearning/CompleteModulesCayleyRange.lean:39:42: This simp argument is unused:
  Matrix.one_apply

Hint: Omit it from the simp argument list.
  [apply] simp [ha, hb, hc, hd]

Note: This linter can be disabled with `set_option linter.unusedSimpArgs false`
⚠ [9034/9127] Built SafeLearning.CompleteModulesBarrierTraining (11s)
warning: SafeLearning/CompleteModulesBarrierTraining.lean:29:6: This simp argument is unused:
  Matrix.diagonal_mul

Hint: Omit it from the simp argument list.
  [apply] simp [actualTrainingMatrix, barrierMatrix, Matrix.mul_apply, Matrix.diagonal_apply, Matrix.mul_diagonal,
    Matrix.transpose_apply]

Note: This linter can be disabled with `set_option linter.unusedSimpArgs false`
warning: SafeLearning/CompleteModulesBarrierTraining.lean:29:26: This simp argument is unused:
  Matrix.mul_diagonal

Hint: Omit it from the simp argument list.
  [apply] simp [actualTrainingMatrix, barrierMatrix, Matrix.mul_apply, Matrix.diagonal_apply, Matrix.diagonal_mul,
    Matrix.transpose_apply]

Note: This linter can be disabled with `set_option linter.unusedSimpArgs false`
warning: SafeLearning/CompleteModulesBarrierTraining.lean:30:23: This simp argument is unused:
  Matrix.transpose

Hint: Omit it from the simp argument list.
  [apply] simp [scalarWeight, Matrix.mul_apply, Matrix.diagonal_apply, Pi.mul_apply]

Note: This linter can be disabled with `set_option linter.unusedSimpArgs false`
warning: SafeLearning/CompleteModulesBarrierTraining.lean:30:40: This simp argument is unused:
  Matrix.mul_apply

Hint: Omit it from the simp argument list.
  [apply] simp [scalarWeight, Matrix.transpose, Matrix.diagonal_apply, Pi.mul_apply]

Note: This linter can be disabled with `set_option linter.unusedSimpArgs false`
warning: SafeLearning/CompleteModulesBarrierTraining.lean:30:57: This simp argument is unused:
  Matrix.diagonal_apply

Hint: Omit it from the simp argument list.
  [apply] simp [scalarWeight, Matrix.transpose, Matrix.mul_apply, Pi.mul_apply]

Note: This linter can be disabled with `set_option linter.unusedSimpArgs false`
warning: SafeLearning/CompleteModulesBarrierTraining.lean:30:79: This simp argument is unused:
  Pi.mul_apply

Hint: Omit it from the simp argument list.
  [apply] simp [scalarWeight, Matrix.transpose, Matrix.mul_apply, Matrix.diagonal_apply]

Note: This linter can be disabled with `set_option linter.unusedSimpArgs false`
warning: SafeLearning/CompleteModulesBarrierTraining.lean:39:47: This simp argument is unused:
  Fin.sum_univ_one

Hint: Omit it from the simp argument list.
  [apply] simp [actualTrainingMatrix, barrierMatrix, dotProduct, Matrix.mulVec, Matrix.mul_apply, Fintype.sum_sum_type,
    Matrix.diagonal_apply, Matrix.diagonal_mul, Matrix.mul_diagonal, Matrix.transpose_apply]

Note: This linter can be disabled with `set_option linter.unusedSimpArgs false`
warning: SafeLearning/CompleteModulesBarrierTraining.lean:40:4: This simp argument is unused:
  Matrix.diagonal_mul

Hint: Omit it from the simp argument list.
  [apply] simp [actualTrainingMatrix, barrierMatrix, dotProduct, Matrix.mulVec, Matrix.mul_apply, Fintype.sum_sum_type,
    Matrix.diagonal_apply, Fin.sum_univ_one, Matrix.mul_diagonal, Matrix.transpose_apply]

Note: This linter can be disabled with `set_option linter.unusedSimpArgs false`
warning: SafeLearning/CompleteModulesBarrierTraining.lean:40:24: This simp argument is unused:
  Matrix.mul_diagonal

Hint: Omit it from the simp argument list.
  [apply] simp [actualTrainingMatrix, barrierMatrix, dotProduct, Matrix.mulVec, Matrix.mul_apply, Fintype.sum_sum_type,
    Matrix.diagonal_apply, Fin.sum_univ_one, Matrix.diagonal_mul, Matrix.transpose_apply]

Note: This linter can be disabled with `set_option linter.unusedSimpArgs false`
warning: SafeLearning/CompleteModulesBarrierTraining.lean:41:21: This simp argument is unused:
  Matrix.transpose

Hint: Omit it from the simp argument list.
  [apply] simp [scalarWeight, Matrix.mul_apply, Matrix.diagonal_apply, Pi.mul_apply]

Note: This linter can be disabled with `set_option linter.unusedSimpArgs false`
warning: SafeLearning/CompleteModulesBarrierTraining.lean:41:38: This simp argument is unused:
  Matrix.mul_apply

Hint: Omit it from the simp argument list.
  [apply] simp [scalarWeight, Matrix.transpose, Matrix.diagonal_apply, Pi.mul_apply]

Note: This linter can be disabled with `set_option linter.unusedSimpArgs false`
warning: SafeLearning/CompleteModulesBarrierTraining.lean:41:55: This simp argument is unused:
  Matrix.diagonal_apply

Hint: Omit it from the simp argument list.
  [apply] simp [scalarWeight, Matrix.transpose, Matrix.mul_apply, Pi.mul_apply]

Note: This linter can be disabled with `set_option linter.unusedSimpArgs false`
warning: SafeLearning/CompleteModulesBarrierTraining.lean:41:77: This simp argument is unused:
  Pi.mul_apply

Hint: Omit it from the simp argument list.
  [apply] simp [scalarWeight, Matrix.transpose, Matrix.mul_apply, Matrix.diagonal_apply]

Note: This linter can be disabled with `set_option linter.unusedSimpArgs false`
⚠ [9035/9127] Built SafeLearning.CompleteModulesBook (17s)
warning: SafeLearning/CompleteModulesBook.lean:119:29: Used `tac1 <;> tac2` where `(tac1; tac2)` would suffice

Note: This linter can be disabled with `set_option linter.unnecessarySeqFocus false`
✔ [9036/9127] Built SafeLearning.CompleteAppliedSampling (12s)
⚠ [9037/9127] Built SafeLearning.CompleteModulesKernel (17s)
warning: SafeLearning/CompleteModulesKernel.lean:315:8: this tactic is never executed

Note: This linter can be disabled with `set_option linter.unreachableTactic false`
warning: SafeLearning/CompleteModulesKernel.lean:315:8: Unused tactic linter: `ring` does nothing

Note: This linter can be disabled with `set_option linter.unusedTactic false`
⚠ [9038/9127] Built SafeLearning.CompleteModulesSLLConsequences (11s)
warning: SafeLearning/CompleteModulesSLLConsequences.lean:81:0: automatically included section variable(s) unused in theorem `SafeLearning.CompleteModulesSLLConsequences.actual_majorizer_diagonal_is_nonnegative`:
  [DecidableEq N]
consider restructuring your `variable` declarations so that the variables are not in scope or explicitly omit them:
  omit [DecidableEq N] in theorem ...

Note: This linter can be disabled with `set_option linter.unusedSectionVars false`
warning: SafeLearning/CompleteModulesSLLConsequences.lean:89:0: automatically included section variable(s) unused in theorem `SafeLearning.CompleteModulesSLLConsequences.actual_majorizer_diagonal_is_positive_for_nonzero_column`:
  [DecidableEq N]
consider restructuring your `variable` declarations so that the variables are not in scope or explicitly omit them:
  omit [DecidableEq N] in theorem ...

Note: This linter can be disabled with `set_option linter.unusedSectionVars false`
⚠ [9039/9127] Built SafeLearning.CompleteModulesDiagonalQC (10s)
warning: SafeLearning/CompleteModulesDiagonalQC.lean:58:0: automatically included section variable(s) unused in theorem `SafeLearning.CompleteModulesDiagonalQC.diagonal_qc_from_actual_activations`:
  [DecidableEq K]
consider restructuring your `variable` declarations so that the variables are not in scope or explicitly omit them:
  omit [DecidableEq K] in theorem ...

Note: This linter can be disabled with `set_option linter.unusedSectionVars false`
warning: SafeLearning/CompleteModulesDiagonalQC.lean:115:28: This simp argument is unused:
  Matrix.fromCols_mulVec_sumElim

Hint: Omit it from the simp argument list.
  [apply] simp [diagonalQC, scalarQC]

Note: This linter can be disabled with `set_option linter.unusedSimpArgs false`
⚠ [9040/9127] Built SafeLearning.CompleteAppliedElementary (13s)
warning: SafeLearning/CompleteAppliedElementary.lean:12:38: Used `tac1 <;> tac2` where `(tac1; tac2)` would suffice

Note: This linter can be disabled with `set_option linter.unnecessarySeqFocus false`
warning: SafeLearning/CompleteAppliedElementary.lean:85:62: Used `tac1 <;> tac2` where `(tac1; tac2)` would suffice

Note: This linter can be disabled with `set_option linter.unnecessarySeqFocus false`
warning: SafeLearning/CompleteAppliedElementary.lean:158:66: Used `tac1 <;> tac2` where `(tac1; tac2)` would suffice

Note: This linter can be disabled with `set_option linter.unnecessarySeqFocus false`
⚠ [9041/9127] Built SafeLearning.CompleteAppliedExercises (14s)
warning: SafeLearning/CompleteAppliedExercises.lean:69:5: Variable name `h1` is not explicitly referenced.

Hint: The binding can be removed (if unused) or named `_` (if used implicitly). Alternatively, prefix the name with `_` to silence this warning:
  [apply] _h1

Note: This linter can be disabled with `set_option linter.unusedVariables false`
warning: SafeLearning/CompleteAppliedExercises.lean:96:15: This simp argument is unused:
  hn1

Hint: Omit it from the simp argument list.
  [apply] simp [hn, finiteTrajectoryReward]

Note: This linter can be disabled with `set_option linter.unusedSimpArgs false`
warning: SafeLearning/CompleteAppliedExercises.lean:128:43: Variable name `i` is not explicitly referenced.

Hint: The binding can be removed (if unused) or named `_` (if used implicitly). Alternatively, prefix the name with `_` to silence this warning:
  [apply] _i

Note: This linter can be disabled with `set_option linter.unusedVariables false`
⚠ [9042/9127] Built SafeLearning.CompleteModulesBarrierSoundness (12s)
warning: SafeLearning/CompleteModulesBarrierSoundness.lean:23:0: automatically included section variable(s) unused in theorem `SafeLearning.CompleteModulesBarrierSoundness.actual_barrier_reassociates_to_output_schur_block`:
  [Fintype I]
  [Fintype O]
consider restructuring your `variable` declarations so that the variables are not in scope or explicitly omit them:
  omit [Fintype I] [Fintype O] in theorem ...

Note: This linter can be disabled with `set_option linter.unusedSectionVars false`
warning: SafeLearning/CompleteModulesBarrierSoundness.lean:34:21: This simp argument is unused:
  Matrix.conjTranspose_apply

Hint: Omit it from the simp argument list.
  [apply] simp [barrierMatrix, leadingBarrierBlock, outputBarrierCross, Matrix.submatrix_apply, Equiv.sumAssoc]

Note: This linter can be disabled with `set_option linter.unusedSimpArgs false`
warning: SafeLearning/CompleteModulesBarrierSoundness.lean:36:0: automatically included section variable(s) unused in theorem `SafeLearning.CompleteModulesBarrierSoundness.actual_barrier_schur_complement_is_negative_lipsdp_certificate`:
  [Fintype I]
consider restructuring your `variable` declarations so that the variables are not in scope or explicitly omit them:
  omit [Fintype I] in theorem ...

Note: This linter can be disabled with `set_option linter.unusedSectionVars false`
warning: SafeLearning/CompleteModulesBarrierSoundness.lean:43:53: This simp argument is unused:
  Matrix.inv_def

Hint: Omit it from the simp argument list.
  [apply] simp

Note: This linter can be disabled with `set_option linter.unusedSimpArgs false`
warning: SafeLearning/CompleteModulesBarrierSoundness.lean:47:55: This simp argument is unused:
  Matrix.conjTranspose_conjTranspose

Hint: Omit it from the simp argument list.
  [apply] simp only [Matrix.conjTranspose_fromRows_eq_fromCols_conjTranspose, Matrix.fromRows_mul_fromCols,
    Matrix.conjTranspose_zero, Matrix.conjTranspose_neg, Matrix.zero_mul, Matrix.mul_zero, neg_mul_neg, mul_zero,
    zero_mul, zero_smul, zero_sub, zero_add, one_smul]

Note: This linter can be disabled with `set_option linter.unusedSimpArgs false`
warning: SafeLearning/CompleteModulesBarrierSoundness.lean:48:36: This simp argument is unused:
  neg_mul_neg

Hint: Omit it from the simp argument list.
  [apply] simp only [Matrix.conjTranspose_fromRows_eq_fromCols_conjTranspose, Matrix.fromRows_mul_fromCols,
    Matrix.conjTranspose_zero, Matrix.conjTranspose_neg, Matrix.conjTranspose_conjTranspose, Matrix.zero_mul,
    Matrix.mul_zero, mul_zero, zero_mul, zero_smul, zero_sub, zero_add, one_smul]

Note: This linter can be disabled with `set_option linter.unusedSimpArgs false`
warning: SafeLearning/CompleteModulesBarrierSoundness.lean:51:31: Used `tac1 <;> tac2` where `(tac1; tac2)` would suffice

Note: This linter can be disabled with `set_option linter.unnecessarySeqFocus false`
warning: SafeLearning/CompleteModulesBarrierSoundness.lean:58:2: Try this: 
  letI̵

The goal is a proposition, so `let` is preferred over `letI`.
The difference between `let` and `letI` is that `letI` inlines the value.
But this is not relevant for proofs because of proof irrelevance.

Note: This linter can be disabled with `set_option linter.style.haveILetI false`
warning: SafeLearning/CompleteModulesBarrierSoundness.lean:65:0: automatically included section variable(s) unused in theorem `SafeLearning.CompleteModulesBarrierSoundness.actual_positive_barrier_has_positive_diagonal_multiplier`:
  [Fintype I]
  [Fintype O]
consider restructuring your `variable` declarations so that the variables are not in scope or explicitly omit them:
  omit [Fintype I] [Fintype O] in theorem ...

Note: This linter can be disabled with `set_option linter.unusedSectionVars false`
warning: SafeLearning/CompleteModulesBarrierSoundness.lean:72:22: This simp argument is unused:
  Matrix.diagonal_apply

Hint: Omit it from the simp argument list.
  [apply] simp [barrierMatrix] at h

Note: This linter can be disabled with `set_option linter.unusedSimpArgs false`
⚠ [9043/9127] Built SafeLearning.CompleteModulesLipSDPConvex (12s)
warning: SafeLearning/CompleteModulesLipSDPConvex.lean:14:0: automatically included section variable(s) unused in theorem `SafeLearning.CompleteModulesLipSDPConvex.actual_block_certificate_is_affine`:
  [Fintype I]
consider restructuring your `variable` declarations so that the variables are not in scope or explicitly omit them:
  omit [Fintype I] in theorem ...

Note: This linter can be disabled with `set_option linter.unusedSectionVars false`
warning: SafeLearning/CompleteModulesLipSDPConvex.lean:35:74: This simp argument is unused:
  Matrix.sub_apply

Hint: Omit it from the simp argument list.
  [apply] simp [Matrix.fromBlocks, Matrix.smul_apply, Matrix.add_apply]

Note: This linter can be disabled with `set_option linter.unusedSimpArgs false`
warning: SafeLearning/CompleteModulesLipSDPConvex.lean:37:65: This simp argument is unused:
  Matrix.sub_apply

Hint: Omit it from the simp argument list.
  [apply] simp [Matrix.fromBlocks, Matrix.smul_apply, Matrix.add_apply]

Note: This linter can be disabled with `set_option linter.unusedSimpArgs false`
warning: SafeLearning/CompleteModulesLipSDPConvex.lean:78:0: automatically included section variable(s) unused in theorem `SafeLearning.CompleteModulesLipSDPConvex.diagonal_multiplier_cone_is_convex`:
  [Fintype K]
  [DecidableEq K]
consider restructuring your `variable` declarations so that the variables are not in scope or explicitly omit them:
  omit [Fintype K] [DecidableEq K] in theorem ...

Note: This linter can be disabled with `set_option linter.unusedSectionVars false`
✔ [9044/9127] Built SafeLearning.CompleteAppliedProbabilityModel (14s)
⚠ [9045/9127] Built SafeLearning.CompleteFoundationsCongruence (11s)
warning: SafeLearning/CompleteFoundationsCongruence.lean:168:16: Used `tac1 <;> tac2` where `(tac1; tac2)` would suffice

Note: This linter can be disabled with `set_option linter.unnecessarySeqFocus false`
✔ [9046/9127] Built SafeLearning.CompleteLyapunovMetricModels (10s)
⚠ [9047/9127] Built SafeLearning.CompleteModulesLipSDPProduct (15s)
warning: SafeLearning/CompleteModulesLipSDPProduct.lean:15:0: automatically included section variable(s) unused in theorem `SafeLearning.CompleteModulesLipSDPProduct.actual_spectral_matrix_gain`:
  [DecidableEq K]
consider restructuring your `variable` declarations so that the variables are not in scope or explicitly omit them:
  omit [DecidableEq K] in theorem ...

Note: This linter can be disabled with `set_option linter.unusedSectionVars false`
warning: SafeLearning/CompleteModulesLipSDPProduct.lean:19:0: automatically included section variable(s) unused in theorem `SafeLearning.CompleteModulesLipSDPProduct.slope_restricted_hidden_nonexpansive`:
  [DecidableEq K]
consider restructuring your `variable` declarations so that the variables are not in scope or explicitly omit them:
  omit [DecidableEq K] in theorem ...

Note: This linter can be disabled with `set_option linter.unusedSectionVars false`
warning: SafeLearning/CompleteModulesLipSDPProduct.lean:70:0: automatically included section variable(s) unused in theorem `SafeLearning.CompleteModulesLipSDPProduct.layer_certificate_is_product_matrix`:
  [Fintype I]
  [DecidableEq O]
consider restructuring your `variable` declarations so that the variables are not in scope or explicitly omit them:
  omit [Fintype I] [DecidableEq O] in theorem ...

Note: This linter can be disabled with `set_option linter.unusedSectionVars false`
warning: SafeLearning/CompleteModulesLipSDPProduct.lean:82:69: Used `tac1 <;> tac2` where `(tac1; tac2)` would suffice

Note: This linter can be disabled with `set_option linter.unnecessarySeqFocus false`
warning: SafeLearning/CompleteModulesLipSDPProduct.lean:84:0: automatically included section variable(s) unused in theorem `SafeLearning.CompleteModulesLipSDPProduct.product_certificate_is_hermitian`:
  [Fintype I]
  [Fintype K]
  [DecidableEq O]
consider restructuring your `variable` declarations so that the variables are not in scope or explicitly omit them:
  omit [Fintype I] [Fintype K] [DecidableEq O] in theorem ...

Note: This linter can be disabled with `set_option linter.unusedSectionVars false`
warning: SafeLearning/CompleteModulesLipSDPProduct.lean:105:49: This simp argument is unused:
  zero_sub

Hint: Omit it from the simp argument list.
  [apply] simp only [Matrix.fromCols_mulVec_sumElim, Matrix.zero_mulVec, Matrix.one_mulVec, zero_add, add_zero,
    mul_zero, zero_mul, zero_add, zero_add, zero_mul]

Note: This linter can be disabled with `set_option linter.unusedSimpArgs false`
warning: SafeLearning/CompleteModulesLipSDPProduct.lean:107:13: This simp argument is unused:
  mul_add

Hint: Omit it from the simp argument list.
  [apply] simp only [mul_sub, Finset.mul_sum, Finset.sum_add_distrib, Finset.sum_sub_distrib]

Note: This linter can be disabled with `set_option linter.unusedSimpArgs false`
warning: SafeLearning/CompleteModulesLipSDPProduct.lean:107:44: This simp argument is unused:
  Finset.sum_add_distrib

Hint: Omit it from the simp argument list.
  [apply] simp only [mul_add, mul_sub, Finset.mul_sum, Finset.sum_sub_distrib]

Note: This linter can be disabled with `set_option linter.unusedSimpArgs false`
⚠ [9048/9127] Built SafeLearning.CompleteFoundationsCholeskyCost (13s)
warning: SafeLearning/CompleteFoundationsCholeskyCost.lean:64:26: `if_neg` has been deprecated: Use `ite_eq_right` instead
warning: SafeLearning/CompleteFoundationsCholeskyCost.lean:74:8: `if_neg` has been deprecated: Use `ite_eq_right` instead
warning: SafeLearning/CompleteFoundationsCholeskyCost.lean:76:15: `if_pos` has been deprecated: Use `ite_eq_left` instead
warning: SafeLearning/CompleteFoundationsCholeskyCost.lean:76:15: This simp argument is unused:
  if_pos rfl

Hint: Omit it from the simp argument list.
  [apply] simp only

Note: This linter can be disabled with `set_option linter.unusedSimpArgs false`
warning: SafeLearning/CompleteFoundationsCholeskyCost.lean:101:59: `Fin.coe_castLE` has been deprecated: Use `Fin.val_castLE` instead
warning: SafeLearning/CompleteFoundationsCholeskyCost.lean:140:2: Used `tac1 <;> tac2` where `(tac1; tac2)` would suffice

Note: This linter can be disabled with `set_option linter.unnecessarySeqFocus false`
⚠ [9049/9127] Built SafeLearning.CompleteAppliedAzuma (11s)
warning: SafeLearning/CompleteAppliedAzuma.lean:29:2: Try this: 
  letI̵

The goal is a proposition, so `let` is preferred over `letI`.
The difference between `let` and `letI` is that `letI` inlines the value.
But this is not relevant for proofs because of proof irrelevance.

Note: This linter can be disabled with `set_option linter.style.haveILetI false`
warning: SafeLearning/CompleteAppliedAzuma.lean:39:2: Try this: 
  letI̵

The goal is a proposition, so `let` is preferred over `letI`.
The difference between `let` and `letI` is that `letI` inlines the value.
But this is not relevant for proofs because of proof irrelevance.

Note: This linter can be disabled with `set_option linter.style.haveILetI false`
warning: SafeLearning/CompleteAppliedAzuma.lean:85:2: Try this: 
  letI̵

The goal is a proposition, so `let` is preferred over `letI`.
The difference between `let` and `letI` is that `letI` inlines the value.
But this is not relevant for proofs because of proof irrelevance.

Note: This linter can be disabled with `set_option linter.style.haveILetI false`
warning: SafeLearning/CompleteAppliedAzuma.lean:138:12: try 'simp' instead of 'simpa'

Note: This linter can be disabled with `set_option linter.unnecessarySimpa false`
⚠ [9050/9127] Built SafeLearning.CompleteAppliedDynamics (20s)
info: SafeLearning/CompleteAppliedDynamics.lean:148:59: Try this:
  [apply] ring_nf
  
  The `ring` tactic failed to close the goal. Use `ring_nf` to obtain a normal form.
    
  Note that `ring` works primarily in *commutative* rings. If you have a noncommutative ring, abelian group or module, consider using `noncomm_ring`, `abel` or `module` instead.
warning: SafeLearning/CompleteAppliedDynamics.lean:137:32: This simp argument is unused:
  Pi.sub_apply

Hint: Omit it from the simp argument list.
  [apply] simp only [g, Pi.mul_apply, Pi.div_apply, id_eq]

Note: This linter can be disabled with `set_option linter.unusedSimpArgs false`
warning: SafeLearning/CompleteAppliedDynamics.lean:137:45: This simp argument is unused:
  Pi.div_apply

Hint: Omit it from the simp argument list.
  [apply] simp only [g, Pi.mul_apply, Pi.sub_apply, id_eq]

Note: This linter can be disabled with `set_option linter.unusedSimpArgs false`
warning: SafeLearning/CompleteAppliedDynamics.lean:137:65: Used `tac1 <;> tac2` where `(tac1; tac2)` would suffice

Note: This linter can be disabled with `set_option linter.unnecessarySeqFocus false`
warning: SafeLearning/CompleteAppliedDynamics.lean:148:55: Used `tac1 <;> tac2` where `(tac1; tac2)` would suffice

Note: This linter can be disabled with `set_option linter.unnecessarySeqFocus false`
warning: SafeLearning/CompleteAppliedDynamics.lean:236:61: Used `tac1 <;> tac2` where `(tac1; tac2)` would suffice

Note: This linter can be disabled with `set_option linter.unnecessarySeqFocus false`
warning: SafeLearning/CompleteAppliedDynamics.lean:246:61: Used `tac1 <;> tac2` where `(tac1; tac2)` would suffice

Note: This linter can be disabled with `set_option linter.unnecessarySeqFocus false`
info: SafeLearning/CompleteAppliedDynamics.lean:307:65: Try this:
  [apply] ring_nf
  
  The `ring` tactic failed to close the goal. Use `ring_nf` to obtain a normal form.
    
  Note that `ring` works primarily in *commutative* rings. If you have a noncommutative ring, abelian group or module, consider using `noncomm_ring`, `abel` or `module` instead.
warning: SafeLearning/CompleteAppliedDynamics.lean:307:61: Used `tac1 <;> tac2` where `(tac1; tac2)` would suffice

Note: This linter can be disabled with `set_option linter.unnecessarySeqFocus false`
✔ [9051/9127] Built SafeLearning.CompleteFoundationsTaylorModels (14s)
✔ [9052/9127] Built SafeLearning.CompleteFoundationsVectorModels (10s)
✔ [9053/9127] Built SafeLearning.CompleteFoundationsBlockModels (15s)
✔ [9054/9127] Built SafeLearning.CompleteFoundationsRates (11s)
⚠ [9055/9127] Built SafeLearning.CompleteFoundationsSequences (12s)
warning: SafeLearning/CompleteFoundationsSequences.lean:141:6: This simp argument is unused:
  one_mul

Hint: Omit it from the simp argument list.
  [apply] simp only [multiplicativeAlternation, pow_succ, pow_mul, neg_one_sq, one_pow, mul_neg_one]

Note: This linter can be disabled with `set_option linter.unusedSimpArgs false`
⚠ [9056/9127] Built SafeLearning.CompleteFoundationsModelErrors (10s)
warning: SafeLearning/CompleteFoundationsModelErrors.lean:62:2: try 'simp' instead of 'simpa'

Note: This linter can be disabled with `set_option linter.unnecessarySimpa false`
✔ [9057/9127] Built SafeLearning.CompleteBookProjects (15s)
⚠ [9058/9127] Built SafeLearning.CompleteFoundationsGeometry (12s)
warning: SafeLearning/CompleteFoundationsGeometry.lean:48:21: this tactic is never executed

Note: This linter can be disabled with `set_option linter.unreachableTactic false`
warning: SafeLearning/CompleteFoundationsGeometry.lean:48:21: Unused tactic linter: `ring` does nothing

Note: This linter can be disabled with `set_option linter.unusedTactic false`
warning: SafeLearning/CompleteFoundationsGeometry.lean:87:0: automatically included section variable(s) unused in theorem `SafeLearning.CompleteFoundationsGeometry.reverse_triangle_general`:
  [NormedSpace ℝ E]
consider restructuring your `variable` declarations so that the variables are not in scope or explicitly omit them:
  omit [NormedSpace ℝ E] in theorem ...

Note: This linter can be disabled with `set_option linter.unusedSectionVars false`
warning: SafeLearning/CompleteFoundationsGeometry.lean:88:0: automatically included section variable(s) unused in theorem `SafeLearning.CompleteFoundationsGeometry.norm_vanishes_iff`:
  [NormedSpace ℝ E]
consider restructuring your `variable` declarations so that the variables are not in scope or explicitly omit them:
  omit [NormedSpace ℝ E] in theorem ...

Note: This linter can be disabled with `set_option linter.unusedSectionVars false`
warning: SafeLearning/CompleteFoundationsGeometry.lean:90:0: automatically included section variable(s) unused in theorem `SafeLearning.CompleteFoundationsGeometry.norm_triangle`:
  [NormedSpace ℝ E]
consider restructuring your `variable` declarations so that the variables are not in scope or explicitly omit them:
  omit [NormedSpace ℝ E] in theorem ...

Note: This linter can be disabled with `set_option linter.unusedSectionVars false`
⚠ [9059/9127] Built SafeLearning.CompleteFoundationsTeaching (12s)
warning: SafeLearning/CompleteFoundationsTeaching.lean:70:34: `Set.mem_setOf_eq` has been deprecated: Use `Set.mem_ofPred_eq` instead
warning: SafeLearning/CompleteFoundationsTeaching.lean:70:77: This simp argument is unused:
  not_imp

Hint: Omit it from the simp argument list.
  [apply] simp only [mem_compl_iff, mem_setOf_eq, not_exists, not_and, not_forall, not_not, exists_prop]

Note: This linter can be disabled with `set_option linter.unusedSimpArgs false`
⚠ [9060/9127] Built SafeLearning.CompleteCoreBook (20s)
warning: SafeLearning/CompleteCoreBook.lean:186:38: try 'simp' instead of 'simpa'

Note: This linter can be disabled with `set_option linter.unnecessarySimpa false`
warning: SafeLearning/CompleteCoreBook.lean:186:68: try 'simp' instead of 'simpa'

Note: This linter can be disabled with `set_option linter.unnecessarySimpa false`
warning: SafeLearning/CompleteCoreBook.lean:217:28: Used `tac1 <;> tac2` where `(tac1; tac2)` would suffice

Note: This linter can be disabled with `set_option linter.unnecessarySeqFocus false`
warning: SafeLearning/CompleteCoreBook.lean:217:37: Used `tac1 <;> tac2` where `(tac1; tac2)` would suffice

Note: This linter can be disabled with `set_option linter.unnecessarySeqFocus false`
✔ [9061/9127] Built SafeLearning.CompleteFoundationsLimits (13s)
⚠ [9062/9127] Built SafeLearning.CompleteFoundationsOptimization (17s)
warning: SafeLearning/CompleteFoundationsOptimization.lean:20:8: `ext` did not consume the patterns `z`

Note: This linter can be disabled with `set_option linter.unusedRCasesPattern false`
warning: SafeLearning/CompleteFoundationsOptimization.lean:19:76: Used `tac1 <;> tac2` where `(tac1; tac2)` would suffice

Note: This linter can be disabled with `set_option linter.unnecessarySeqFocus false`
warning: SafeLearning/CompleteFoundationsOptimization.lean:20:26: Used `tac1 <;> tac2` where `(tac1; tac2)` would suffice

Note: This linter can be disabled with `set_option linter.unnecessarySeqFocus false`
warning: SafeLearning/CompleteFoundationsOptimization.lean:27:48: `ext` did not consume the patterns `z`

Note: This linter can be disabled with `set_option linter.unusedRCasesPattern false`
warning: SafeLearning/CompleteFoundationsOptimization.lean:27:70: this tactic is never executed

Note: This linter can be disabled with `set_option linter.unreachableTactic false`
warning: SafeLearning/CompleteFoundationsOptimization.lean:27:40: Used `tac1 <;> tac2` where `(tac1; tac2)` would suffice

Note: This linter can be disabled with `set_option linter.unnecessarySeqFocus false`
warning: SafeLearning/CompleteFoundationsOptimization.lean:27:70: Unused tactic linter: `ring` does nothing

Note: This linter can be disabled with `set_option linter.unusedTactic false`
warning: SafeLearning/CompleteFoundationsOptimization.lean:34:57: `ext` did not consume the patterns `z`

Note: This linter can be disabled with `set_option linter.unusedRCasesPattern false`
warning: SafeLearning/CompleteFoundationsOptimization.lean:34:49: Used `tac1 <;> tac2` where `(tac1; tac2)` would suffice

Note: This linter can be disabled with `set_option linter.unnecessarySeqFocus false`
warning: SafeLearning/CompleteFoundationsOptimization.lean:34:75: Used `tac1 <;> tac2` where `(tac1; tac2)` would suffice

Note: This linter can be disabled with `set_option linter.unnecessarySeqFocus false`
warning: SafeLearning/CompleteFoundationsOptimization.lean:42:8: `ext` did not consume the patterns `z`

Note: This linter can be disabled with `set_option linter.unusedRCasesPattern false`
warning: SafeLearning/CompleteFoundationsOptimization.lean:41:86: Used `tac1 <;> tac2` where `(tac1; tac2)` would suffice

Note: This linter can be disabled with `set_option linter.unnecessarySeqFocus false`
warning: SafeLearning/CompleteFoundationsOptimization.lean:42:26: Used `tac1 <;> tac2` where `(tac1; tac2)` would suffice

Note: This linter can be disabled with `set_option linter.unnecessarySeqFocus false`
warning: SafeLearning/CompleteFoundationsOptimization.lean:120:15: `if_pos` has been deprecated: Use `ite_eq_left` instead
warning: SafeLearning/CompleteFoundationsOptimization.lean:127:15: `if_neg` has been deprecated: Use `ite_eq_right` instead
warning: SafeLearning/CompleteFoundationsOptimization.lean:140:15: `if_pos` has been deprecated: Use `ite_eq_left` instead
warning: SafeLearning/CompleteFoundationsOptimization.lean:147:15: `if_neg` has been deprecated: Use `ite_eq_right` instead
⚠ [9063/9127] Built SafeLearning.CompleteModulesBarrierObjective (12s)
warning: SafeLearning/CompleteModulesBarrierObjective.lean:14:2: Try this: 
  letI̵

The goal is a proposition, so `let` is preferred over `letI`.
The difference between `let` and `letI` is that `letI` inlines the value.
But this is not relevant for proofs because of proof irrelevance.

Note: This linter can be disabled with `set_option linter.style.haveILetI false`
warning: SafeLearning/CompleteModulesBarrierObjective.lean:27:12: This simp argument is unused:
  Matrix.fromRows_mul_fromCols

Hint: Omit it from the simp argument list.
  [apply] simp [Matrix.mul_apply, Matrix.diagonal_apply]

Note: This linter can be disabled with `set_option linter.unusedSimpArgs false`
warning: SafeLearning/CompleteModulesBarrierObjective.lean:28:25: This simp argument is unused:
  Matrix.transpose

Hint: Omit it from the simp argument list.
  [apply] simp [scalarWeight]

Note: This linter can be disabled with `set_option linter.unusedSimpArgs false`
warning: SafeLearning/CompleteModulesBarrierObjective.lean:27:81: Used `tac1 <;> tac2` where `(tac1; tac2)` would suffice

Note: This linter can be disabled with `set_option linter.unnecessarySeqFocus false`
warning: SafeLearning/CompleteModulesBarrierObjective.lean:28:43: Used `tac1 <;> tac2` where `(tac1; tac2)` would suffice

Note: This linter can be disabled with `set_option linter.unnecessarySeqFocus false`
⚠ [9064/9127] Built SafeLearning.CompleteFoundationsLogic (16s)
warning: SafeLearning/CompleteFoundationsLogic.lean:15:70: This simp argument is unused:
  not_imp

Hint: Omit it from the simp argument list.
  [apply] simp only [not_forall, not_le, not_exists, not_and, not_lt, exists_prop]

Note: This linter can be disabled with `set_option linter.unusedSimpArgs false`
warning: SafeLearning/CompleteFoundationsLogic.lean:250:5: Variable name `ha` is not explicitly referenced.

Hint: The binding can be removed (if unused) or named `_` (if used implicitly). Alternatively, prefix the name with `_` to silence this warning:
  [apply] _ha

Note: This linter can be disabled with `set_option linter.unusedVariables false`
✔ [9065/9127] Built SafeLearning.CompleteModulesPosterior (12s)
⚠ [9066/9127] Built SafeLearning.CompleteFoundationsAlgorithms (15s)
warning: SafeLearning/CompleteFoundationsAlgorithms.lean:135:41: this tactic is never executed

Note: This linter can be disabled with `set_option linter.unreachableTactic false`
warning: SafeLearning/CompleteFoundationsAlgorithms.lean:137:37: Used `tac1 <;> tac2` where `(tac1; tac2)` would suffice

Note: This linter can be disabled with `set_option linter.unnecessarySeqFocus false`
warning: SafeLearning/CompleteFoundationsAlgorithms.lean:135:41: Unused tactic linter: `ring` does nothing

Note: This linter can be disabled with `set_option linter.unusedTactic false`
⚠ [9067/9127] Built SafeLearning.CompleteFoundationsSolutionSensitivity (23s)
warning: SafeLearning/CompleteFoundationsSolutionSensitivity.lean:94:64: Used `tac1 <;> tac2` where `(tac1; tac2)` would suffice

Note: This linter can be disabled with `set_option linter.unnecessarySeqFocus false`
warning: SafeLearning/CompleteFoundationsSolutionSensitivity.lean:148:69: Used `tac1 <;> tac2` where `(tac1; tac2)` would suffice

Note: This linter can be disabled with `set_option linter.unnecessarySeqFocus false`
✔ [9068/9127] Built SafeLearning.CompleteFoundationsCubicGrids (16s)
✔ [9069/9127] Built SafeLearning.CompleteModulesChords (10s)
✔ [9070/9127] Built SafeLearning.CompleteFoundationsGridExamples (16s)
⚠ [9071/9127] Built SafeLearning.CompleteModulesSLLRegularization (12s)
warning: SafeLearning/CompleteModulesSLLRegularization.lean:30:60: This simp argument is unused:
  Matrix.diagonal_apply

Hint: Omit it from the simp argument list.
  [apply] simp [actualRegularizedDiagonal, actualScaledMajorizer]

Note: This linter can be disabled with `set_option linter.unusedSimpArgs false`
warning: SafeLearning/CompleteModulesSLLRegularization.lean:32:12: This simp argument is unused:
  actualRegularizedDiagonal

Hint: Omit it from the simp argument list.
  [apply] simp [actualScaledMajorizer, Matrix.diagonal_apply, he]

Note: This linter can be disabled with `set_option linter.unusedSimpArgs false`
warning: SafeLearning/CompleteModulesSLLRegularization.lean:32:60: This simp argument is unused:
  Matrix.diagonal_apply

Hint: Omit it from the simp argument list.
  [apply] simp [actualRegularizedDiagonal, actualScaledMajorizer, he]

Note: This linter can be disabled with `set_option linter.unusedSimpArgs false`
⚠ [9072/9127] Built SafeLearning.CompleteModulesGramBridge (13s)
warning: SafeLearning/CompleteModulesGramBridge.lean:17:0: automatically included section variable(s) unused in theorem `SafeLearning.CompleteModulesGramBridge.feature_gram_positive_semidefinite`:
  [DecidableEq I]
consider restructuring your `variable` declarations so that the variables are not in scope or explicitly omit them:
  omit [DecidableEq I] in theorem ...

Note: This linter can be disabled with `set_option linter.unusedSectionVars false`
warning: SafeLearning/CompleteModulesGramBridge.lean:44:2: Try this: 
  letI̵

The goal is a proposition, so `let` is preferred over `letI`.
The difference between `let` and `letI` is that `letI` inlines the value.
But this is not relevant for proofs because of proof irrelevance.

Note: This linter can be disabled with `set_option linter.style.haveILetI false`
warning: SafeLearning/CompleteModulesGramBridge.lean:53:0: automatically included section variable(s) unused in theorem `SafeLearning.CompleteModulesGramBridge.feature_gram_positive_definite_iff_independent`:
  [DecidableEq I]
consider restructuring your `variable` declarations so that the variables are not in scope or explicitly omit them:
  omit [DecidableEq I] in theorem ...

Note: This linter can be disabled with `set_option linter.unusedSectionVars false`
warning: SafeLearning/CompleteModulesGramBridge.lean:67:0: automatically included section variable(s) unused in theorem `SafeLearning.CompleteModulesGramBridge.actual_gram_entry`:
  [Fintype I]
  [DecidableEq I]
consider restructuring your `variable` declarations so that the variables are not in scope or explicitly omit them:
  omit [Fintype I] [DecidableEq I] in theorem ...

Note: This linter can be disabled with `set_option linter.unusedSectionVars false`
warning: SafeLearning/CompleteModulesGramBridge.lean:160:10: `tendsto_finset_sum` has been deprecated: Use `tendsto_finsetSum` instead
⚠ [9073/9127] Built SafeLearning.CompleteModulesKernelCorollaries (14s)
warning: SafeLearning/CompleteModulesKernelCorollaries.lean:69:8: this tactic is never executed

Note: This linter can be disabled with `set_option linter.unreachableTactic false`
warning: SafeLearning/CompleteModulesKernelCorollaries.lean:69:8: Unused tactic linter: `ring` does nothing

Note: This linter can be disabled with `set_option linter.unusedTactic false`
warning: SafeLearning/CompleteModulesKernelCorollaries.lean:110:0: automatically included section variable(s) unused in theorem `SafeLearning.CompleteModulesKernelCorollaries.equal_evaluations_equal_functions`:
  [CompleteSpace H]
consider restructuring your `variable` declarations so that the variables are not in scope or explicitly omit them:
  omit [CompleteSpace H] in theorem ...

Note: This linter can be disabled with `set_option linter.unusedSectionVars false`
✔ [9074/9127] Built SafeLearning.CompleteModulesSectorExamples (12s)
⚠ [9075/9127] Built SafeLearning.CompleteModulesInvalidQC (12s)
warning: SafeLearning/CompleteModulesInvalidQC.lean:92:34: Used `tac1 <;> tac2` where `(tac1; tac2)` would suffice

Note: This linter can be disabled with `set_option linter.unnecessarySeqFocus false`
⚠ [9076/9127] Built SafeLearning.CompleteModulesSandwich (12s)
warning: SafeLearning/CompleteModulesSandwich.lean:30:10: This simp argument is unused:
  actualSandwichMultiplier

Hint: Omit it from the simp argument list.
  [apply] simp [he]

Note: This linter can be disabled with `set_option linter.unusedSimpArgs false`
warning: SafeLearning/CompleteModulesSandwich.lean:32:0: automatically included section variable(s) unused in theorem `SafeLearning.CompleteModulesSandwich.actual_sandwich_output_gram`:
  [DecidableEq O]
consider restructuring your `variable` declarations so that the variables are not in scope or explicitly omit them:
  omit [DecidableEq O] in theorem ...

Note: This linter can be disabled with `set_option linter.unusedSectionVars false`
warning: SafeLearning/CompleteModulesSandwich.lean:43:0: automatically included section variable(s) unused in theorem `SafeLearning.CompleteModulesSandwich.actual_sandwich_multiplier_input_gram`:
  [DecidableEq I]
consider restructuring your `variable` declarations so that the variables are not in scope or explicitly omit them:
  omit [DecidableEq I] in theorem ...

Note: This linter can be disabled with `set_option linter.unusedSectionVars false`
⚠ [9077/9127] Built SafeLearning.CompleteFoundationsMatrixNormModels (19s)
warning: SafeLearning/CompleteFoundationsMatrixNormModels.lean:20:80: Used `tac1 <;> tac2` where `(tac1; tac2)` would suffice

Note: This linter can be disabled with `set_option linter.unnecessarySeqFocus false`
warning: SafeLearning/CompleteFoundationsMatrixNormModels.lean:28:51: This simp argument is unused:
  PiLp.toLp_apply

Hint: Omit it from the simp argument list.
  [apply] simp only [PiLp.norm_eq_of_L1, Fin.sum_univ_two, Matrix.cons_val_zero, Matrix.cons_val_one, Real.norm_eq_abs]

Note: This linter can be disabled with `set_option linter.unusedSimpArgs false`
warning: SafeLearning/CompleteFoundationsMatrixNormModels.lean:61:6: try 'simp' instead of 'simpa'

Note: This linter can be disabled with `set_option linter.unnecessarySimpa false`
warning: SafeLearning/CompleteFoundationsMatrixNormModels.lean:62:6: try 'simp' instead of 'simpa'

Note: This linter can be disabled with `set_option linter.unnecessarySimpa false`
warning: SafeLearning/CompleteFoundationsMatrixNormModels.lean:136:89: This simp argument is unused:
  Pi.pow_apply

Hint: Omit it from the simp argument list.
  [apply] simp only [Matrix.sub_apply, partialSum, Matrix.sum_apply, tailMatrix, Matrix.diagonal_pow]

Note: This linter can be disabled with `set_option linter.unusedSimpArgs false`
warning: SafeLearning/CompleteFoundationsMatrixNormModels.lean:140:21: Used `tac1 <;> tac2` where `(tac1; tac2)` would suffice

Note: This linter can be disabled with `set_option linter.unnecessarySeqFocus false`
warning: SafeLearning/CompleteFoundationsMatrixNormModels.lean:158:8: This simp argument is unused:
  one_div

Hint: Omit it from the simp argument list.
  [apply] simp [inv_pow, div_eq_mul_inv]

Note: This linter can be disabled with `set_option linter.unusedSimpArgs false`
warning: SafeLearning/CompleteFoundationsMatrixNormModels.lean:205:6: This simp argument is unused:
  abs_of_nonneg (by positivity : (0 : ℝ) ≤ 2 * (1 / 2 : ℝ) ^ T)

Hint: Omit it from the simp argument list.
  [apply] simp [EuclideanSpace.norm_eq, Fin.sum_univ_succ, Real.norm_eq_abs]

Note: This linter can be disabled with `set_option linter.unusedSimpArgs false`
⚠ [9078/9127] Built SafeLearning.CompleteModulesGammaLMI (13s)
warning: SafeLearning/CompleteModulesGammaLMI.lean:30:8: This simp argument is unused:
  Matrix.smul_mul

Hint: Omit it from the simp argument list.
  [apply] simp [Matrix.mul_smul, smul_smul, hgain.ne']

Note: This linter can be disabled with `set_option linter.unusedSimpArgs false`
warning: SafeLearning/CompleteModulesGammaLMI.lean:30:24: This simp argument is unused:
  Matrix.mul_smul

Hint: Omit it from the simp argument list.
  [apply] simp [Matrix.smul_mul, smul_smul, hgain.ne']

Note: This linter can be disabled with `set_option linter.unusedSimpArgs false`
warning: SafeLearning/CompleteModulesGammaLMI.lean:32:0: automatically included section variable(s) unused in theorem `SafeLearning.CompleteModulesGammaLMI.actual_gamma_matrix_output_reassociation`:
  [Fintype I]
  [Fintype O]
consider restructuring your `variable` declarations so that the variables are not in scope or explicitly omit them:
  omit [Fintype I] [Fintype O] in theorem ...

Note: This linter can be disabled with `set_option linter.unusedSectionVars false`
warning: SafeLearning/CompleteModulesGammaLMI.lean:42:21: This simp argument is unused:
  Matrix.conjTranspose_apply

Hint: Omit it from the simp argument list.
  [apply] simp [actualGammaCertificate, actualGammaLeading, outputBarrierCross, Matrix.submatrix_apply, Equiv.sumAssoc]

Note: This linter can be disabled with `set_option linter.unusedSimpArgs false`
warning: SafeLearning/CompleteModulesGammaLMI.lean:55:0: automatically included section variable(s) unused in theorem `SafeLearning.CompleteModulesGammaLMI.actual_gamma_output_schur_is_literal_source_block`:
  [Fintype I]
consider restructuring your `variable` declarations so that the variables are not in scope or explicitly omit them:
  omit [Fintype I] in theorem ...

Note: This linter can be disabled with `set_option linter.unusedSectionVars false`
warning: SafeLearning/CompleteModulesGammaLMI.lean:68:55: This simp argument is unused:
  Matrix.conjTranspose_conjTranspose

Hint: Omit it from the simp argument list.
  [apply] simp only [Matrix.mul_smul, Matrix.smul_mul, Matrix.mul_one,
    Matrix.conjTranspose_fromRows_eq_fromCols_conjTranspose, Matrix.fromRows_mul_fromCols, Matrix.conjTranspose_zero,
    Matrix.conjTranspose_neg, Matrix.zero_mul, Matrix.mul_zero, Matrix.neg_mul, Matrix.mul_neg, neg_neg]

Note: This linter can be disabled with `set_option linter.unusedSimpArgs false`
warning: SafeLearning/CompleteModulesGammaLMI.lean:71:42: this tactic is never executed

Note: This linter can be disabled with `set_option linter.unreachableTactic false`
warning: SafeLearning/CompleteModulesGammaLMI.lean:71:42: Unused tactic linter: `ring` does nothing

Note: This linter can be disabled with `set_option linter.unusedTactic false`
warning: SafeLearning/CompleteModulesGammaLMI.lean:73:0: automatically included section variable(s) unused in theorem `SafeLearning.CompleteModulesGammaLMI.actual_gamma_scaled_schur_is_negative_lipsdp`:
  [Fintype I]
  [DecidableEq O]
consider restructuring your `variable` declarations so that the variables are not in scope or explicitly omit them:
  omit [Fintype I] [DecidableEq O] in theorem ...

Note: This linter can be disabled with `set_option linter.unusedSectionVars false`
warning: SafeLearning/CompleteModulesGammaLMI.lean:83:62: Used `tac1 <;> tac2` where `(tac1; tac2)` would suffice

Note: This linter can be disabled with `set_option linter.unnecessarySeqFocus false`
warning: SafeLearning/CompleteModulesGammaLMI.lean:91:2: Try this: 
  letI̵

The goal is a proposition, so `let` is preferred over `letI`.
The difference between `let` and `letI` is that `letI` inlines the value.
But this is not relevant for proofs because of proof irrelevance.

Note: This linter can be disabled with `set_option linter.style.haveILetI false`
✔ [9079/9127] Built SafeLearning.CompleteAppliedConfidence (14s)
⚠ [9080/9127] Built SafeLearning.CompleteAppliedExponentialMartingale (10s)
warning: SafeLearning/CompleteAppliedExponentialMartingale.lean:17:2: Try this: 
  letI̵

The goal is a proposition, so `let` is preferred over `letI`.
The difference between `let` and `letI` is that `letI` inlines the value.
But this is not relevant for proofs because of proof irrelevance.

Note: This linter can be disabled with `set_option linter.style.haveILetI false`
✔ [9081/9127] Built SafeLearning.CompleteFoundationsGramRegularization (11s)
✔ [9082/9127] Built SafeLearning.CompleteAppliedUniformBias (12s)
✔ [9083/9127] Built SafeLearning.CompleteProjectOptima (9.7s)
✔ [9084/9127] Built SafeLearning.CompleteAppliedFiniteClaims (14s)
⚠ [9085/9127] Built SafeLearning.CompleteCoreControl (12s)
warning: SafeLearning/CompleteCoreControl.lean:24:28: Used `tac1 <;> tac2` where `(tac1; tac2)` would suffice

Note: This linter can be disabled with `set_option linter.unnecessarySeqFocus false`
warning: SafeLearning/CompleteCoreControl.lean:192:40: Used `tac1 <;> tac2` where `(tac1; tac2)` would suffice

Note: This linter can be disabled with `set_option linter.unnecessarySeqFocus false`
warning: SafeLearning/CompleteCoreControl.lean:192:56: Used `tac1 <;> tac2` where `(tac1; tac2)` would suffice

Note: This linter can be disabled with `set_option linter.unnecessarySeqFocus false`
⚠ [9086/9127] Built SafeLearning.CompleteCoreReturns (10s)
warning: SafeLearning/CompleteCoreReturns.lean:43:31: this tactic is never executed

Note: This linter can be disabled with `set_option linter.unreachableTactic false`
warning: SafeLearning/CompleteCoreReturns.lean:43:31: Unused tactic linter: `positivity` does nothing

Note: This linter can be disabled with `set_option linter.unusedTactic false`
warning: SafeLearning/CompleteCoreReturns.lean:56:5: Variable name `hg0` is not explicitly referenced.

Hint: The binding can be removed (if unused) or named `_` (if used implicitly). Alternatively, prefix the name with `_` to silence this warning:
  [apply] _hg0

Note: This linter can be disabled with `set_option linter.unusedVariables false`
✔ [9087/9127] Built SafeLearning.CompleteModulesLipSDPWalkthrough (14s)
✔ [9088/9127] Built SafeLearning.CompleteCoreEntryModel (10s)
✔ [9089/9127] Built SafeLearning.CompleteProjectDomains (11s)
⚠ [9090/9127] Built SafeLearning.CompleteFoundationsQuadraticExercises (10s)
warning: SafeLearning/CompleteFoundationsQuadraticExercises.lean:17:69: Used `tac1 <;> tac2` where `(tac1; tac2)` would suffice

Note: This linter can be disabled with `set_option linter.unnecessarySeqFocus false`
warning: SafeLearning/CompleteFoundationsQuadraticExercises.lean:134:21: Used `tac1 <;> tac2` where `(tac1; tac2)` would suffice

Note: This linter can be disabled with `set_option linter.unnecessarySeqFocus false`
⚠ [9091/9127] Built SafeLearning.CompleteModulesBarrierPath (11s)
warning: SafeLearning/CompleteModulesBarrierPath.lean:119:5: Variable name `hpositive` is not explicitly referenced.

Hint: The binding can be removed (if unused) or named `_` (if used implicitly). Alternatively, prefix the name with `_` to silence this warning:
  [apply] _hpositive

Note: This linter can be disabled with `set_option linter.unusedVariables false`
✔ [9092/9127] Built SafeLearning.CompleteModulesInterpolantPower (10s)
⚠ [9093/9127] Built SafeLearning.CompleteCoreProbability (13s)
warning: SafeLearning/CompleteCoreProbability.lean:36:77: Used `tac1 <;> tac2` where `(tac1; tac2)` would suffice

Note: This linter can be disabled with `set_option linter.unnecessarySeqFocus false`
warning: SafeLearning/CompleteCoreProbability.lean:49:83: this tactic is never executed

Note: This linter can be disabled with `set_option linter.unreachableTactic false`
warning: SafeLearning/CompleteCoreProbability.lean:49:83: Unused tactic linter: `norm_num` does nothing

Note: This linter can be disabled with `set_option linter.unusedTactic false`
warning: SafeLearning/CompleteCoreProbability.lean:136:2: Unused tactic linter: `norm_num at hr` does nothing

Note: This linter can be disabled with `set_option linter.unusedTactic false`
⚠ [9094/9127] Built SafeLearning.CompleteFoundationsBook (27s)
warning: SafeLearning/CompleteFoundationsBook.lean:96:5: Variable name `hd₀` is not explicitly referenced.

Hint: The binding can be removed (if unused) or named `_` (if used implicitly). Alternatively, prefix the name with `_` to silence this warning:
  [apply] _hd₀

Note: This linter can be disabled with `set_option linter.unusedVariables false`
warning: SafeLearning/CompleteFoundationsBook.lean:128:21: Used `tac1 <;> tac2` where `(tac1; tac2)` would suffice

Note: This linter can be disabled with `set_option linter.unnecessarySeqFocus false`
warning: SafeLearning/CompleteFoundationsBook.lean:445:27: `push_neg` has been deprecated. Prefer using `push Not` instead.
If you'd rather continue using `push_neg` in your project, you can implement it as follows:
```
open Lean.Parser.Tactic in
macro "push_neg" cfg:optConfig loc:(location)? : tactic =>
  `(tactic| push $cfg:optConfig Not $[$loc]?)
```
warning: SafeLearning/CompleteFoundationsBook.lean:463:60: this tactic is never executed

Note: This linter can be disabled with `set_option linter.unreachableTactic false`
warning: SafeLearning/CompleteFoundationsBook.lean:463:43: Used `tac1 <;> tac2` where `(tac1; tac2)` would suffice

Note: This linter can be disabled with `set_option linter.unnecessarySeqFocus false`
warning: SafeLearning/CompleteFoundationsBook.lean:463:60: Unused tactic linter: `ring` does nothing

Note: This linter can be disabled with `set_option linter.unusedTactic false`
warning: SafeLearning/CompleteFoundationsBook.lean:534:77: Used `tac1 <;> tac2` where `(tac1; tac2)` would suffice

Note: This linter can be disabled with `set_option linter.unnecessarySeqFocus false`
⚠ [9095/9127] Built SafeLearning.CompleteModulesSLLCorollaries (11s)
warning: SafeLearning/CompleteModulesSLLCorollaries.lean:40:15: `if_true` has been deprecated: Use `ite_true` instead
⚠ [9096/9127] Built SafeLearning.CompleteBudgetValue (12s)
warning: SafeLearning/CompleteBudgetValue.lean:108:24: Variable name `hlambda` is not explicitly referenced.

Hint: The binding can be removed (if unused) or named `_` (if used implicitly). Alternatively, prefix the name with `_` to silence this warning:
  [apply] _hlambda

Note: This linter can be disabled with `set_option linter.unusedVariables false`
⚠ [9097/9127] Built SafeLearning.CompleteModulesAOL (11s)
warning: SafeLearning/CompleteModulesAOL.lean:19:0: automatically included section variable(s) unused in theorem `SafeLearning.CompleteModulesAOL.actual_inverse_square_root_diagonal_is_symmetric`:
  [Fintype N]
consider restructuring your `variable` declarations so that the variables are not in scope or explicitly omit them:
  omit [Fintype N] in theorem ...

Note: This linter can be disabled with `set_option linter.unusedSectionVars false`
warning: SafeLearning/CompleteModulesAOL.lean:34:37: `if_true` has been deprecated: Use `ite_true` instead
warning: SafeLearning/CompleteModulesAOL.lean:37:10: This simp argument is unused:
  Matrix.diagonal_apply

Hint: Omit it from the simp argument list.
  [apply] simp [Matrix.one_apply, he]

Note: This linter can be disabled with `set_option linter.unusedSimpArgs false`
warning: SafeLearning/CompleteModulesAOL.lean:37:32: This simp argument is unused:
  Matrix.one_apply

Hint: Omit it from the simp argument list.
  [apply] simp [Matrix.diagonal_apply, he]

Note: This linter can be disabled with `set_option linter.unusedSimpArgs false`
⚠ [9098/9127] Built SafeLearning.CompleteFoundationsExerciseBridges (12s)
warning: SafeLearning/CompleteFoundationsExerciseBridges.lean:120:15: `Set.mem_setOf_eq` has been deprecated: Use `Set.mem_ofPred_eq` instead
⚠ [9099/9127] Built SafeLearning.CompleteModulesSandwichLMI (10s)
warning: SafeLearning/CompleteModulesSandwichLMI.lean:19:2: Try this: 
  letI̵

The goal is a proposition, so `let` is preferred over `letI`.
The difference between `let` and `letI` is that `letI` inlines the value.
But this is not relevant for proofs because of proof irrelevance.

Note: This linter can be disabled with `set_option linter.style.haveILetI false`
warning: SafeLearning/CompleteModulesSandwichLMI.lean:31:2: Try this: 
  letI̵

The goal is a proposition, so `let` is preferred over `letI`.
The difference between `let` and `letI` is that `letI` inlines the value.
But this is not relevant for proofs because of proof irrelevance.

Note: This linter can be disabled with `set_option linter.style.haveILetI false`
warning: SafeLearning/CompleteModulesSandwichLMI.lean:26:0: automatically included section variable(s) unused in theorem `SafeLearning.CompleteModulesSandwichLMI.actual_unit_gamma_lipsdp_iff_source_schur`:
  [DecidableEq O]
consider restructuring your `variable` declarations so that the variables are not in scope or explicitly omit them:
  omit [DecidableEq O] in theorem ...

Note: This linter can be disabled with `set_option linter.unusedSectionVars false`
warning: SafeLearning/CompleteModulesSandwichLMI.lean:46:53: This simp argument is unused:
  Matrix.inv_def

Hint: Omit it from the simp argument list.
  [apply] simp

Note: This linter can be disabled with `set_option linter.unusedSimpArgs false`
warning: SafeLearning/CompleteModulesSandwichLMI.lean:41:59: Used `tac1 <;> tac2` where `(tac1; tac2)` would suffice

Note: This linter can be disabled with `set_option linter.unnecessarySeqFocus false`
⚠ [9100/9127] Built SafeLearning.CompleteModulesSandwichHalf (10s)
warning: SafeLearning/CompleteModulesSandwichHalf.lean:22:0: automatically included section variable(s) unused in theorem `SafeLearning.CompleteModulesSandwichHalf.actual_half_multiplier_is_half_of_full_multiplier`:
  [Fintype K]
consider restructuring your `variable` declarations so that the variables are not in scope or explicitly omit them:
  omit [Fintype K] in theorem ...

Note: This linter can be disabled with `set_option linter.unusedSectionVars false`
warning: SafeLearning/CompleteModulesSandwichHalf.lean:29:10: This simp argument is unused:
  actualHalfMultiplier

Hint: Omit it from the simp argument list.
  [apply] simp [actualSandwichMultiplier, he]

Note: This linter can be disabled with `set_option linter.unusedSimpArgs false`
warning: SafeLearning/CompleteModulesSandwichHalf.lean:29:31: This simp argument is unused:
  actualSandwichMultiplier

Hint: Omit it from the simp argument list.
  [apply] simp [actualHalfMultiplier, he]

Note: This linter can be disabled with `set_option linter.unusedSimpArgs false`
warning: SafeLearning/CompleteModulesSandwichHalf.lean:84:25: This simp argument is unused:
  Matrix.sub_mul

Hint: Omit it from the simp argument list.
  [apply] simp [Matrix.mul_sub, Matrix.mul_smul, Matrix.smul_mul, actualSandwichMultiplier, pow_two]

Note: This linter can be disabled with `set_option linter.unusedSimpArgs false`
warning: SafeLearning/CompleteModulesSandwichHalf.lean:84:40: This simp argument is unused:
  Matrix.mul_smul

Hint: Omit it from the simp argument list.
  [apply] simp [Matrix.mul_sub, Matrix.sub_mul, Matrix.smul_mul, actualSandwichMultiplier, pow_two]

Note: This linter can be disabled with `set_option linter.unusedSimpArgs false`
warning: SafeLearning/CompleteModulesSandwichHalf.lean:84:56: This simp argument is unused:
  Matrix.smul_mul

Hint: Omit it from the simp argument list.
  [apply] simp [Matrix.mul_sub, Matrix.sub_mul, Matrix.mul_smul, actualSandwichMultiplier, pow_two]

Note: This linter can be disabled with `set_option linter.unusedSimpArgs false`
warning: SafeLearning/CompleteModulesSandwichHalf.lean:84:72: This simp argument is unused:
  actualSandwichMultiplier

Hint: Omit it from the simp argument list.
  [apply] simp [Matrix.mul_sub, Matrix.sub_mul, Matrix.mul_smul, Matrix.smul_mul, pow_two]

Note: This linter can be disabled with `set_option linter.unusedSimpArgs false`
warning: SafeLearning/CompleteModulesSandwichHalf.lean:84:97: This simp argument is unused:
  pow_two

Hint: Omit it from the simp argument list.
  [apply] simp [Matrix.mul_sub, Matrix.sub_mul, Matrix.mul_smul, Matrix.smul_mul, actualSandwichMultiplier]

Note: This linter can be disabled with `set_option linter.unusedSimpArgs false`
warning: SafeLearning/CompleteModulesSandwichHalf.lean:86:25: This simp argument is unused:
  Matrix.sub_mul

Hint: Omit it from the simp argument list.
  [apply] simp [Matrix.mul_sub, Matrix.mul_smul, Matrix.smul_mul, actualSandwichMultiplier, he]

Note: This linter can be disabled with `set_option linter.unusedSimpArgs false`
warning: SafeLearning/CompleteModulesSandwichHalf.lean:86:40: This simp argument is unused:
  Matrix.mul_smul

Hint: Omit it from the simp argument list.
  [apply] simp [Matrix.mul_sub, Matrix.sub_mul, Matrix.smul_mul, actualSandwichMultiplier, he]

Note: This linter can be disabled with `set_option linter.unusedSimpArgs false`
warning: SafeLearning/CompleteModulesSandwichHalf.lean:86:56: This simp argument is unused:
  Matrix.smul_mul

Hint: Omit it from the simp argument list.
  [apply] simp [Matrix.mul_sub, Matrix.sub_mul, Matrix.mul_smul, actualSandwichMultiplier, he]

Note: This linter can be disabled with `set_option linter.unusedSimpArgs false`
warning: SafeLearning/CompleteModulesSandwichHalf.lean:86:72: This simp argument is unused:
  actualSandwichMultiplier

Hint: Omit it from the simp argument list.
  [apply] simp [Matrix.mul_sub, Matrix.sub_mul, Matrix.mul_smul, Matrix.smul_mul, he]

Note: This linter can be disabled with `set_option linter.unusedSimpArgs false`
⚠ [9101/9127] Built SafeLearning.CompleteFoundationsLipschitzCalculus (12s)
warning: SafeLearning/CompleteFoundationsLipschitzCalculus.lean:38:48: Variable name `hR` is not explicitly referenced.

Hint: The binding can be removed (if unused) or named `_` (if used implicitly). Alternatively, prefix the name with `_` to silence this warning:
  [apply] _hR

Note: This linter can be disabled with `set_option linter.unusedVariables false`
warning: SafeLearning/CompleteFoundationsLipschitzCalculus.lean:102:28: `if_pos` has been deprecated: Use `ite_eq_left` instead
warning: SafeLearning/CompleteFoundationsLipschitzCalculus.lean:241:69: This simp argument is unused:
  one_mul

Hint: Omit it from the simp argument list.
  [apply] simp only [Real.dist_eq, mul_one, mul_zero, sub_zero, NNReal.coe_one, abs_one] at ht

Note: This linter can be disabled with `set_option linter.unusedSimpArgs false`
warning: SafeLearning/CompleteFoundationsLipschitzCalculus.lean:269:77: Used `tac1 <;> tac2` where `(tac1; tac2)` would suffice

Note: This linter can be disabled with `set_option linter.unnecessarySeqFocus false`
⚠ [9102/9127] Built SafeLearning.CompleteAppliedCoverageTransfer (6.0s)
warning: SafeLearning/CompleteAppliedCoverageTransfer.lean:91:15: `Set.mem_setOf_eq` has been deprecated: Use `Set.mem_ofPred_eq` instead
✔ [9103/9127] Built SafeLearning.CompleteAppliedConfidenceIdentities (7.4s)
⚠ [9104/9127] Built SafeLearning.CompleteAppliedExerciseModels (7.4s)
warning: SafeLearning/CompleteAppliedExerciseModels.lean:63:22: `Set.mem_setOf_eq` has been deprecated: Use `Set.mem_ofPred_eq` instead
⚠ [9105/9127] Built SafeLearning.CompletePolicyMixing (6.4s)
warning: SafeLearning/CompletePolicyMixing.lean:135:54: Variable name `hp` is not explicitly referenced.

Hint: The binding can be removed (if unused) or named `_` (if used implicitly). Alternatively, prefix the name with `_` to silence this warning:
  [apply] _hp

Note: This linter can be disabled with `set_option linter.unusedVariables false`
⚠ [9106/9127] Built SafeLearning.CompleteAppliedBandit (7.1s)
warning: SafeLearning/CompleteAppliedBandit.lean:12:56: This simp argument is unused:
  Matrix.cons_val_one

Hint: Omit it from the simp argument list.
  [apply] simp only [Fin.sum_univ_succ, Matrix.cons_val_zero, Fin.sum_univ_zero, add_zero]

Note: This linter can be disabled with `set_option linter.unusedSimpArgs false`
warning: SafeLearning/CompleteAppliedBandit.lean:20:15: Variable name `theta` is not explicitly referenced.

Hint: The binding can be removed (if unused) or named `_` (if used implicitly). Alternatively, prefix the name with `_` to silence this warning:
  [apply] _theta

Note: This linter can be disabled with `set_option linter.unusedVariables false`
warning: SafeLearning/CompleteAppliedBandit.lean:31:26: This simp argument is unused:
  Matrix.cons_val_one

Hint: Omit it from the simp argument list.
  [apply] simp only [finiteExpectation, policy, PMF.ofFintype_apply, Fin.sum_univ_succ, Matrix.cons_val_zero,
    Fin.sum_univ_zero, add_zero]

Note: This linter can be disabled with `set_option linter.unusedSimpArgs false`
✔ [9107/9127] Built SafeLearning.CompleteAppliedGridConfidence (8.9s)
⚠ [9108/9127] Built SafeLearning.CompleteFoundationsSVDModels (10s)
warning: SafeLearning/CompleteFoundationsSVDModels.lean:121:8: `Set.mem_setOf_eq` has been deprecated: Use `Set.mem_ofPred_eq` instead
warning: SafeLearning/CompleteFoundationsSVDModels.lean:123:15: `Set.mem_setOf_eq` has been deprecated: Use `Set.mem_ofPred_eq` instead
warning: SafeLearning/CompleteFoundationsSVDModels.lean:128:10: `Set.mem_setOf_eq` has been deprecated: Use `Set.mem_ofPred_eq` instead
warning: SafeLearning/CompleteFoundationsSVDModels.lean:123:63: This simp argument is unused:
  PiLp.toLp_apply

Hint: Omit it from the simp argument list.
  [apply] simp only [Set.mem_setOf_eq, actual_coordinate_action, point, Matrix.cons_val_zero, Matrix.cons_val_one]

Note: This linter can be disabled with `set_option linter.unusedSimpArgs false`
warning: SafeLearning/CompleteFoundationsSVDModels.lean:134:27: Used `tac1 <;> tac2` where `(tac1; tac2)` would suffice

Note: This linter can be disabled with `set_option linter.unnecessarySeqFocus false`
warning: SafeLearning/CompleteFoundationsSVDModels.lean:138:35: Used `tac1 <;> tac2` where `(tac1; tac2)` would suffice

Note: This linter can be disabled with `set_option linter.unnecessarySeqFocus false`
warning: SafeLearning/CompleteFoundationsSVDModels.lean:145:44: This simp argument is unused:
  PiLp.toLp_apply

Hint: Omit it from the simp argument list.
  [apply] simp only [actual_coordinate_action, point, Matrix.cons_val_zero, Matrix.cons_val_one]

Note: This linter can be disabled with `set_option linter.unusedSimpArgs false`
⚠ [9109/9127] Built SafeLearning.CompleteBarrierExamples (7.0s)
warning: SafeLearning/CompleteBarrierExamples.lean:34:29: this tactic is never executed

Note: This linter can be disabled with `set_option linter.unreachableTactic false`
warning: SafeLearning/CompleteBarrierExamples.lean:34:29: Unused tactic linter: `ring` does nothing

Note: This linter can be disabled with `set_option linter.unusedTactic false`
warning: SafeLearning/CompleteBarrierExamples.lean:42:13: `Set.mem_setOf_eq` has been deprecated: Use `Set.mem_ofPred_eq` instead
warning: SafeLearning/CompleteBarrierExamples.lean:52:13: `Set.mem_setOf_eq` has been deprecated: Use `Set.mem_ofPred_eq` instead
warning: SafeLearning/CompleteBarrierExamples.lean:59:13: `Set.mem_setOf_eq` has been deprecated: Use `Set.mem_ofPred_eq` instead
warning: SafeLearning/CompleteBarrierExamples.lean:95:29: this tactic is never executed

Note: This linter can be disabled with `set_option linter.unreachableTactic false`
warning: SafeLearning/CompleteBarrierExamples.lean:95:29: Unused tactic linter: `ring` does nothing

Note: This linter can be disabled with `set_option linter.unusedTactic false`
⚠ [9110/9127] Built SafeLearning.CompleteFoundationsStructuredModels (10s)
warning: SafeLearning/CompleteFoundationsStructuredModels.lean:218:4: Unused tactic linter: `change (-(1 : Matrix n n ℝ)) *ᵥ v = -v` does nothing

Note: This linter can be disabled with `set_option linter.unusedTactic false`
⚠ [9111/9127] Built SafeLearning.CompleteFoundationsConditionedQuadratic (12s)
warning: SafeLearning/CompleteFoundationsConditionedQuadratic.lean:126:76: This simp argument is unused:
  Fin.sum_univ_succ

Hint: Omit it from the simp argument list.
  [apply] simp [curvatureMatrix, inverseCurvature, Matrix.mul_apply, Matrix.diagonal, ha, hb]

Note: This linter can be disabled with `set_option linter.unusedSimpArgs false`
warning: SafeLearning/CompleteFoundationsConditionedQuadratic.lean:203:28: This simp argument is unused:
  Matrix.one_apply

Hint: Omit it from the simp argument list.
  [apply] simp [Matrix.diagonal, hij]

Note: This linter can be disabled with `set_option linter.unusedSimpArgs false`
warning: SafeLearning/CompleteFoundationsConditionedQuadratic.lean:246:74: This simp argument is unused:
  Matrix.one_apply

Hint: Omit it from the simp argument list.
  [apply] simp [curvatureMatrix, Matrix.diagonal]

Note: This linter can be disabled with `set_option linter.unusedSimpArgs false`
⚠ [9112/9127] Built SafeLearning.CompleteModulesSandwichConsequences (5.2s)
warning: SafeLearning/CompleteModulesSandwichConsequences.lean:16:0: automatically included section variable(s) unused in theorem `SafeLearning.CompleteModulesSandwichConsequences.actual_negative_definite_matrix_is_not_positive_semidefinite`:
  [Fintype K]
  [DecidableEq K]
consider restructuring your `variable` declarations so that the variables are not in scope or explicitly omit them:
  omit [Fintype K] [DecidableEq K] in theorem ...

Note: This linter can be disabled with `set_option linter.unusedSectionVars false`
warning: SafeLearning/CompleteModulesSandwichConsequences.lean:54:0: automatically included section variable(s) unused in theorem `SafeLearning.CompleteModulesSandwichConsequences.actual_unit_block_quadratic_is_energy_plus_qc`:
  [DecidableEq O]
consider restructuring your `variable` declarations so that the variables are not in scope or explicitly omit them:
  omit [DecidableEq O] in theorem ...

Note: This linter can be disabled with `set_option linter.unusedSectionVars false`
warning: SafeLearning/CompleteModulesSandwichConsequences.lean:67:50: This simp argument is unused:
  zero_mul

Hint: Omit it from the simp argument list.
  [apply] simp only [Matrix.fromCols_mulVec_sumElim, Matrix.zero_mulVec, Matrix.one_mulVec, add_zero, zero_add,
    squared_norm_of_coordinates, one_mul, zero_add, Matrix.mulVec_diagonal, dotProduct, Pi.sub_apply]

Note: This linter can be disabled with `set_option linter.unusedSimpArgs false`
warning: SafeLearning/CompleteModulesSandwichConsequences.lean:76:0: automatically included section variable(s) unused in theorem `SafeLearning.CompleteModulesSandwichConsequences.actual_unit_slope_activation_incremental_qc`:
  [DecidableEq I]
consider restructuring your `variable` declarations so that the variables are not in scope or explicitly omit them:
  omit [DecidableEq I] in theorem ...

Note: This linter can be disabled with `set_option linter.unusedSectionVars false`
⚠ [9113/9127] Built SafeLearning.CompleteFoundationsPowerNormalization (12s)
warning: SafeLearning/CompleteFoundationsPowerNormalization.lean:96:61: Used `tac1 <;> tac2` where `(tac1; tac2)` would suffice

Note: This linter can be disabled with `set_option linter.unnecessarySeqFocus false`
warning: SafeLearning/CompleteFoundationsPowerNormalization.lean:112:53: Used `tac1 <;> tac2` where `(tac1; tac2)` would suffice

Note: This linter can be disabled with `set_option linter.unnecessarySeqFocus false`
warning: SafeLearning/CompleteFoundationsPowerNormalization.lean:148:55: Used `tac1 <;> tac2` where `(tac1; tac2)` would suffice

Note: This linter can be disabled with `set_option linter.unnecessarySeqFocus false`
✔ [9114/9127] Built SafeLearning.CompleteModulesSLLSpectral (9.0s)
⚠ [9115/9127] Built SafeLearning.CompletePolicyImportance (4.3s)
warning: SafeLearning/CompletePolicyImportance.lean:15:6: This simp argument is unused:
  Fin.sum_univ_zero

Hint: Omit it from the simp argument list.
  [apply] simp only [Fin.sum_univ_two, Matrix.cons_val_zero, Matrix.cons_val_one, add_zero]

Note: This linter can be disabled with `set_option linter.unusedSimpArgs false`
warning: SafeLearning/CompletePolicyImportance.lean:15:25: This simp argument is unused:
  add_zero

Hint: Omit it from the simp argument list.
  [apply] simp only [Fin.sum_univ_two, Matrix.cons_val_zero, Matrix.cons_val_one, Fin.sum_univ_zero]

Note: This linter can be disabled with `set_option linter.unusedSimpArgs false`
warning: SafeLearning/CompletePolicyImportance.lean:28:25: This simp argument is unused:
  Fin.sum_univ_zero

Hint: Omit it from the simp argument list.
  [apply] simp only [binaryLaw, PMF.ofFintype_apply, Fin.sum_univ_two, Matrix.cons_val_zero, Matrix.cons_val_one,
    add_zero]

Note: This linter can be disabled with `set_option linter.unusedSimpArgs false`
warning: SafeLearning/CompletePolicyImportance.lean:28:44: This simp argument is unused:
  add_zero

Hint: Omit it from the simp argument list.
  [apply] simp only [binaryLaw, PMF.ofFintype_apply, Fin.sum_univ_two, Matrix.cons_val_zero, Matrix.cons_val_one,
    Fin.sum_univ_zero]

Note: This linter can be disabled with `set_option linter.unusedSimpArgs false`
⚠ [9116/9127] Built SafeLearning.CompleteAppliedTailRisk (4.6s)
warning: SafeLearning/CompleteAppliedTailRisk.lean:31:10: This simp argument is unused:
  PMF.toOuterMeasure_ofFintype_apply

Hint: Omit it from the simp argument list.
  [apply] simp [tsum_fintype, lossLaw, lossValue, Fin.sum_univ_succ, Set.indicator, h0, not_le.mpr h0, h10, h100]

Note: This linter can be disabled with `set_option linter.unusedSimpArgs false`
warning: SafeLearning/CompleteAppliedTailRisk.lean:31:45: This simp argument is unused:
  tsum_fintype

Hint: Omit it from the simp argument list.
  [apply] simp [PMF.toOuterMeasure_ofFintype_apply, lossLaw, lossValue, Fin.sum_univ_succ, Set.indicator, h0,
    not_le.mpr h0, h10, h100]

Note: This linter can be disabled with `set_option linter.unusedSimpArgs false`
warning: SafeLearning/CompleteAppliedTailRisk.lean:35:12: This simp argument is unused:
  PMF.toOuterMeasure_ofFintype_apply

Hint: Omit it from the simp argument list.
  [apply] simp [tsum_fintype, lossLaw, lossValue, Fin.sum_univ_succ, Set.indicator, h0, le_of_not_gt h0, h10,
    not_le.mpr h10, h100]

Note: This linter can be disabled with `set_option linter.unusedSimpArgs false`
warning: SafeLearning/CompleteAppliedTailRisk.lean:35:47: This simp argument is unused:
  tsum_fintype

Hint: Omit it from the simp argument list.
  [apply] simp [PMF.toOuterMeasure_ofFintype_apply, lossLaw, lossValue, Fin.sum_univ_succ, Set.indicator, h0,
    le_of_not_gt h0, h10, not_le.mpr h10, h100]

Note: This linter can be disabled with `set_option linter.unusedSimpArgs false`
warning: SafeLearning/CompleteAppliedTailRisk.lean:55:15: `Set.mem_setOf_eq` has been deprecated: Use `Set.mem_ofPred_eq` instead
warning: SafeLearning/CompleteAppliedTailRisk.lean:59:15: `Set.mem_setOf_eq` has been deprecated: Use `Set.mem_ofPred_eq` instead
warning: SafeLearning/CompleteAppliedTailRisk.lean:63:15: `Set.mem_setOf_eq` has been deprecated: Use `Set.mem_ofPred_eq` instead
warning: SafeLearning/CompleteAppliedTailRisk.lean:56:65: this tactic is never executed

Note: This linter can be disabled with `set_option linter.unreachableTactic false`
warning: SafeLearning/CompleteAppliedTailRisk.lean:60:65: this tactic is never executed

Note: This linter can be disabled with `set_option linter.unreachableTactic false`
warning: SafeLearning/CompleteAppliedTailRisk.lean:64:65: this tactic is never executed

Note: This linter can be disabled with `set_option linter.unreachableTactic false`
warning: SafeLearning/CompleteAppliedTailRisk.lean:56:65: Unused tactic linter: `norm_num at h` does nothing

Note: This linter can be disabled with `set_option linter.unusedTactic false`
warning: SafeLearning/CompleteAppliedTailRisk.lean:60:65: Unused tactic linter: `norm_num at h` does nothing

Note: This linter can be disabled with `set_option linter.unusedTactic false`
warning: SafeLearning/CompleteAppliedTailRisk.lean:64:65: Unused tactic linter: `norm_num at h` does nothing

Note: This linter can be disabled with `set_option linter.unusedTactic false`
⚠ [9117/9127] Built SafeLearning.CompleteAppliedValidation (4.4s)
warning: SafeLearning/CompleteAppliedValidation.lean:47:15: `Set.mem_setOf_eq` has been deprecated: Use `Set.mem_ofPred_eq` instead
warning: SafeLearning/CompleteAppliedValidation.lean:108:25: this tactic is never executed

Note: This linter can be disabled with `set_option linter.unreachableTactic false`
warning: SafeLearning/CompleteAppliedValidation.lean:108:25: Unused tactic linter: `norm_num` does nothing

Note: This linter can be disabled with `set_option linter.unusedTactic false`
warning: SafeLearning/CompleteAppliedValidation.lean:173:29: `Set.mem_setOf_eq` has been deprecated: Use `Set.mem_ofPred_eq` instead
⚠ [9118/9127] Built SafeLearning.CompleteAppliedBaselines (4.0s)
warning: SafeLearning/CompleteAppliedBaselines.lean:167:15: This simp argument is unused:
  Pi.add_apply

Hint: Omit it from the simp argument list.
  [apply] simp only [Pi.sub_apply, Pi.pow_apply, id_eq]

Note: This linter can be disabled with `set_option linter.unusedSimpArgs false`
warning: SafeLearning/CompleteAppliedBaselines.lean:167:43: This simp argument is unused:
  Pi.pow_apply

Hint: Omit it from the simp argument list.
  [apply] simp only [Pi.add_apply, Pi.sub_apply, id_eq]

Note: This linter can be disabled with `set_option linter.unusedSimpArgs false`
warning: SafeLearning/CompleteAppliedBaselines.lean:188:79: Used `tac1 <;> tac2` where `(tac1; tac2)` would suffice

Note: This linter can be disabled with `set_option linter.unnecessarySeqFocus false`
warning: SafeLearning/CompleteAppliedBaselines.lean:202:12: This simp argument is unused:
  sq_eq_zero_iff

Hint: Omit it from the simp argument list.
  [apply] simp [hp, sub_eq_zero]

Note: This linter can be disabled with `set_option linter.unusedSimpArgs false`
warning: SafeLearning/CompleteAppliedBaselines.lean:219:17: this tactic is never executed

Note: This linter can be disabled with `set_option linter.unreachableTactic false`
warning: SafeLearning/CompleteAppliedBaselines.lean:219:17: Unused tactic linter: `ring` does nothing

Note: This linter can be disabled with `set_option linter.unusedTactic false`
⚠ [9119/9127] Built SafeLearning.CompleteAppliedTwoAtomRisk (5.1s)
warning: SafeLearning/CompleteAppliedTwoAtomRisk.lean:13:6: This simp argument is unused:
  Fin.sum_univ_zero

Hint: Omit it from the simp argument list.
  [apply] simp only [Fin.sum_univ_two, Matrix.cons_val_zero, Matrix.cons_val_one, add_zero]

Note: This linter can be disabled with `set_option linter.unusedSimpArgs false`
warning: SafeLearning/CompleteAppliedTwoAtomRisk.lean:13:24: This simp argument is unused:
  add_zero

Hint: Omit it from the simp argument list.
  [apply] simp only [Fin.sum_univ_two, Matrix.cons_val_zero, Matrix.cons_val_one, Fin.sum_univ_zero]

Note: This linter can be disabled with `set_option linter.unusedSimpArgs false`
warning: SafeLearning/CompleteAppliedTwoAtomRisk.lean:25:24: This simp argument is unused:
  Fin.sum_univ_zero

Hint: Omit it from the simp argument list.
  [apply] simp only [costLaw, PMF.ofFintype_apply, Fin.sum_univ_two, Matrix.cons_val_zero, Matrix.cons_val_one,
    add_zero]

Note: This linter can be disabled with `set_option linter.unusedSimpArgs false`
warning: SafeLearning/CompleteAppliedTwoAtomRisk.lean:25:42: This simp argument is unused:
  add_zero

Hint: Omit it from the simp argument list.
  [apply] simp only [costLaw, PMF.ofFintype_apply, Fin.sum_univ_two, Matrix.cons_val_zero, Matrix.cons_val_one,
    Fin.sum_univ_zero]

Note: This linter can be disabled with `set_option linter.unusedSimpArgs false`
warning: SafeLearning/CompleteAppliedTwoAtomRisk.lean:50:49: `Set.mem_setOf_eq` has been deprecated: Use `Set.mem_ofPred_eq` instead
warning: SafeLearning/CompleteAppliedTwoAtomRisk.lean:51:40: `if_pos` has been deprecated: Use `ite_eq_left` instead
warning: SafeLearning/CompleteAppliedTwoAtomRisk.lean:51:47: `if_neg` has been deprecated: Use `ite_eq_right` instead
warning: SafeLearning/CompleteAppliedTwoAtomRisk.lean:42:10: This simp argument is unused:
  PMF.toOuterMeasure_ofFintype_apply

Hint: Omit it from the simp argument list.
  [apply] simp [tsum_fintype, costLaw, costValue, Fin.sum_univ_two, Set.indicator, hz, not_le.mpr hz, hc]

Note: This linter can be disabled with `set_option linter.unusedSimpArgs false`
warning: SafeLearning/CompleteAppliedTwoAtomRisk.lean:42:45: This simp argument is unused:
  tsum_fintype

Hint: Omit it from the simp argument list.
  [apply] simp [PMF.toOuterMeasure_ofFintype_apply, costLaw, costValue, Fin.sum_univ_two, Set.indicator, hz,
    not_le.mpr hz, hc]

Note: This linter can be disabled with `set_option linter.unusedSimpArgs false`
warning: SafeLearning/CompleteAppliedTwoAtomRisk.lean:45:12: This simp argument is unused:
  PMF.toOuterMeasure_ofFintype_apply

Hint: Omit it from the simp argument list.
  [apply] simp [tsum_fintype, costLaw, costValue, Fin.sum_univ_two, Set.indicator, hz, le_of_not_gt hz, hc,
    not_le.mpr hc, ENNReal.toReal_ofReal (sub_nonneg.mpr q.2.2)]

Note: This linter can be disabled with `set_option linter.unusedSimpArgs false`
warning: SafeLearning/CompleteAppliedTwoAtomRisk.lean:45:47: This simp argument is unused:
  tsum_fintype

Hint: Omit it from the simp argument list.
  [apply] simp [PMF.toOuterMeasure_ofFintype_apply, costLaw, costValue, Fin.sum_univ_two, Set.indicator, hz,
    le_of_not_gt hz, hc, not_le.mpr hc, ENNReal.toReal_ofReal (sub_nonneg.mpr q.2.2)]

Note: This linter can be disabled with `set_option linter.unusedSimpArgs false`
warning: SafeLearning/CompleteAppliedTwoAtomRisk.lean:48:73: This simp argument is unused:
  PMF.ofFintype_apply

Hint: Omit it from the simp argument list.
  [apply] simp only [PMF.toOuterMeasure_ofFintype_apply, tsum_fintype, costLaw, costValue, Fin.sum_univ_two,
    Matrix.cons_val_zero, Matrix.cons_val_one, Fin.sum_univ_zero, add_zero, Set.indicator, Set.mem_setOf_eq,
    le_of_not_gt hz, le_of_not_gt hc, if_pos, if_neg, hz, hc]

Note: This linter can be disabled with `set_option linter.unusedSimpArgs false`
warning: SafeLearning/CompleteAppliedTwoAtomRisk.lean:50:8: This simp argument is unused:
  Fin.sum_univ_zero

Hint: Omit it from the simp argument list.
  [apply] simp only [PMF.toOuterMeasure_ofFintype_apply, tsum_fintype, costLaw, PMF.ofFintype_apply, costValue,
    Fin.sum_univ_two, Matrix.cons_val_zero, Matrix.cons_val_one, add_zero, Set.indicator, Set.mem_setOf_eq,
    le_of_not_gt hz, le_of_not_gt hc, if_pos, if_neg, hz, hc]

Note: This linter can be disabled with `set_option linter.unusedSimpArgs false`
warning: SafeLearning/CompleteAppliedTwoAtomRisk.lean:50:26: This simp argument is unused:
  add_zero

Hint: Omit it from the simp argument list.
  [apply] simp only [PMF.toOuterMeasure_ofFintype_apply, tsum_fintype, costLaw, PMF.ofFintype_apply, costValue,
    Fin.sum_univ_two, Matrix.cons_val_zero, Matrix.cons_val_one, Fin.sum_univ_zero, Set.indicator, Set.mem_setOf_eq,
    le_of_not_gt hz, le_of_not_gt hc, if_pos, if_neg, hz, hc]

Note: This linter can be disabled with `set_option linter.unusedSimpArgs false`
warning: SafeLearning/CompleteAppliedTwoAtomRisk.lean:51:47: This simp argument is unused:
  if_neg

Hint: Omit it from the simp argument list.
  [apply] simp only [PMF.toOuterMeasure_ofFintype_apply, tsum_fintype, costLaw, PMF.ofFintype_apply, costValue,
    Fin.sum_univ_two, Matrix.cons_val_zero, Matrix.cons_val_one, Fin.sum_univ_zero, add_zero, Set.indicator,
    Set.mem_setOf_eq, le_of_not_gt hz, le_of_not_gt hc, if_pos, hz, hc]

Note: This linter can be disabled with `set_option linter.unusedSimpArgs false`
warning: SafeLearning/CompleteAppliedTwoAtomRisk.lean:59:15: `Set.mem_setOf_eq` has been deprecated: Use `Set.mem_ofPred_eq` instead
warning: SafeLearning/CompleteAppliedTwoAtomRisk.lean:67:15: `Set.mem_setOf_eq` has been deprecated: Use `Set.mem_ofPred_eq` instead
✔ [9120/9127] Built SafeLearning.CompleteAppliedValidationNumbers (5.0s)
⚠ [9121/9127] Built SafeLearning.CompleteAppliedTailRiskSlopes (3.4s)
warning: SafeLearning/CompleteAppliedTailRiskSlopes.lean:51:28: this tactic is never executed

Note: This linter can be disabled with `set_option linter.unreachableTactic false`
warning: SafeLearning/CompleteAppliedTailRiskSlopes.lean:51:39: this tactic is never executed

Note: This linter can be disabled with `set_option linter.unreachableTactic false`
warning: SafeLearning/CompleteAppliedTailRiskSlopes.lean:51:28: Unused tactic linter: `norm_num` does nothing

Note: This linter can be disabled with `set_option linter.unusedTactic false`
warning: SafeLearning/CompleteAppliedTailRiskSlopes.lean:51:39: Unused tactic linter: `(ext z; simp only [id_eq, Pi.neg_apply]; ring)` does nothing

Note: This linter can be disabled with `set_option linter.unusedTactic false`
warning: SafeLearning/CompleteAppliedTailRiskSlopes.lean:103:28: this tactic is never executed

Note: This linter can be disabled with `set_option linter.unreachableTactic false`
warning: SafeLearning/CompleteAppliedTailRiskSlopes.lean:103:39: this tactic is never executed

Note: This linter can be disabled with `set_option linter.unreachableTactic false`
warning: SafeLearning/CompleteAppliedTailRiskSlopes.lean:103:28: Unused tactic linter: `norm_num` does nothing

Note: This linter can be disabled with `set_option linter.unusedTactic false`
warning: SafeLearning/CompleteAppliedTailRiskSlopes.lean:103:39: Unused tactic linter: `(ext z; simp only [id_eq, Pi.neg_apply]; ring)` does nothing

Note: This linter can be disabled with `set_option linter.unusedTactic false`
⚠ [9122/9127] Built SafeLearning.CompleteAppliedValidationTests (3.1s)
warning: SafeLearning/CompleteAppliedValidationTests.lean:90:16: `Set.iInter_setOf` has been deprecated: Use `Set.iInter_ofPred` instead
warning: SafeLearning/CompleteAppliedValidationTests.lean:95:51: `Set.mem_setOf_eq` has been deprecated: Use `Set.mem_ofPred_eq` instead
warning: SafeLearning/CompleteAppliedValidationTests.lean:103:50: `Set.mem_setOf_eq` has been deprecated: Use `Set.mem_ofPred_eq` instead
✔ [9123/9127] Built SafeLearning.CompleteAppliedBaselineDegenerate (3.4s)
⚠ [9124/9127] Built SafeLearning.CompleteAppliedZeroConfidence (2.0s)
warning: SafeLearning/CompleteAppliedZeroConfidence.lean:83:16: `Set.iInter_setOf` has been deprecated: Use `Set.iInter_ofPred` instead
warning: SafeLearning/CompleteAppliedZeroConfidence.lean:97:17: `Set.mem_setOf_eq` has been deprecated: Use `Set.mem_ofPred_eq` instead
warning: SafeLearning/CompleteAppliedZeroConfidence.lean:107:18: `Set.iInter_setOf` has been deprecated: Use `Set.iInter_ofPred` instead
warning: SafeLearning/CompleteAppliedZeroConfidence.lean:111:17: `Set.mem_setOf_eq` has been deprecated: Use `Set.mem_ofPred_eq` instead
warning: SafeLearning/CompleteAppliedZeroConfidence.lean:161:39: Used `tac1 <;> tac2` where `(tac1; tac2)` would suffice

Note: This linter can be disabled with `set_option linter.unnecessarySeqFocus false`
⚠ [9125/9127] Built SafeLearning.CompleteAppliedTailRiskOptima (3.6s)
warning: SafeLearning/CompleteAppliedTailRiskOptima.lean:40:23: Used `tac1 <;> tac2` where `(tac1; tac2)` would suffice

Note: This linter can be disabled with `set_option linter.unnecessarySeqFocus false`
warning: SafeLearning/CompleteAppliedTailRiskOptima.lean:59:23: Used `tac1 <;> tac2` where `(tac1; tac2)` would suffice

Note: This linter can be disabled with `set_option linter.unnecessarySeqFocus false`
warning: SafeLearning/CompleteAppliedTailRiskOptima.lean:78:23: Used `tac1 <;> tac2` where `(tac1; tac2)` would suffice

Note: This linter can be disabled with `set_option linter.unnecessarySeqFocus false`
✔ [9126/9127] Built SafeLearning (2.6s)
Build completed successfully (9127 jobs).
